id_transacao,id_cartao,id_lojista,valor,data_hora,canal
1,34,49,131.67,2026-01-01 00:00:00,online
2,62,13,74.88,2026-01-01 00:03:00,online
3,483,121,182.55,2026-01-01 01:21:00,online
4,150,200,216.9,2026-01-01 01:24:00,online
5,50,191,10.01,2026-01-01 01:40:00,online
6,357,186,61.38,2026-01-01 01:47:00,presencial
7,89,132,25.57,2026-01-01 01:48:00,online
8,37,150,11.96,2026-01-01 01:56:00,online
9,244,13,18.76,2026-01-01 02:06:00,presencial
10,331,41,32.11,2026-01-01 02:14:00,presencial
11,317,142,32.33,2026-01-01 02:27:00,presencial
12,351,198,22.93,2026-01-01 02:28:00,online
13,15,182,44.04,2026-01-01 02:46:00,online
14,175,127,659.39,2026-01-01 03:07:00,online
15,207,22,6.7,2026-01-01 03:33:00,presencial
16,176,194,156.16,2026-01-01 04:00:00,online
17,336,64,43.81,2026-01-01 04:07:00,presencial
18,138,9,27.61,2026-01-01 04:12:00,online
19,380,154,4.85,2026-01-01 04:16:00,online
20,562,35,103.44,2026-01-01 04:17:00,presencial
21,397,61,9.16,2026-01-01 04:27:00,presencial
22,234,136,111.13,2026-01-01 04:32:00,online
23,261,194,303.52,2026-01-01 04:36:00,online
24,352,182,10.9,2026-01-01 04:43:00,online
25,435,33,161.61,2026-01-01 05:23:00,presencial
26,181,36,45.97,2026-01-01 05:30:00,presencial
27,24,162,4.47,2026-01-01 05:34:00,presencial
28,422,64,11.88,2026-01-01 05:48:00,presencial
29,397,16,54.38,2026-01-01 05:49:00,online
30,61,118,69.5,2026-01-01 05:49:00,presencial
31,376,132,7.86,2026-01-01 06:40:00,online
32,43,200,46.29,2026-01-01 07:02:00,online
33,386,98,110.6,2026-01-01 07:10:00,presencial
34,447,160,134.08,2026-01-01 07:27:00,presencial
35,10,107,28.39,2026-01-01 08:05:00,online
36,437,185,72.41,2026-01-01 08:09:00,presencial
37,73,98,145.43,2026-01-01 08:20:00,presencial
38,160,136,114.17,2026-01-01 09:14:00,online
39,423,193,119.17,2026-01-01 09:39:00,presencial
40,214,176,50.65,2026-01-01 09:45:00,online
41,587,81,40.29,2026-01-01 09:45:00,online
42,575,102,60.3,2026-01-01 09:58:00,presencial
43,593,119,19.3,2026-01-01 10:18:00,presencial
44,63,25,151.91,2026-01-01 10:24:00,presencial
45,106,47,8.3,2026-01-01 10:25:00,online
46,110,142,25.67,2026-01-01 10:25:00,presencial
47,352,15,42.95,2026-01-01 10:32:00,presencial
48,259,121,74.94,2026-01-01 10:42:00,online
49,448,97,92.14,2026-01-01 11:08:00,presencial
50,170,98,229.96,2026-01-01 11:41:00,online
51,120,170,48.69,2026-01-01 11:57:00,online
52,390,55,20.29,2026-01-01 12:19:00,presencial
53,371,159,38.11,2026-01-01 12:24:00,online
54,415,157,31.46,2026-01-01 12:40:00,presencial
55,188,199,79.2,2026-01-01 12:49:00,presencial
56,316,165,13.82,2026-01-01 12:56:00,presencial
57,558,102,36.86,2026-01-01 13:02:00,online
58,367,73,266.38,2026-01-01 13:04:00,online
59,560,157,54.48,2026-01-01 13:13:00,online
60,261,186,14.04,2026-01-01 13:17:00,presencial
61,27,57,30.76,2026-01-01 13:36:00,online
62,457,74,3.83,2026-01-01 13:36:00,presencial
63,277,100,41.9,2026-01-01 13:37:00,online
64,26,22,273.81,2026-01-01 13:45:00,presencial
65,84,63,12.12,2026-01-01 13:51:00,presencial
66,188,34,9.01,2026-01-01 14:01:00,presencial
67,115,155,21.79,2026-01-01 14:30:00,presencial
68,411,99,123.16,2026-01-01 14:43:00,presencial
69,367,121,291.52,2026-01-01 15:02:00,presencial
70,198,16,73.19,2026-01-01 15:05:00,online
71,51,115,10.86,2026-01-01 15:15:00,online
72,48,144,43.62,2026-01-01 15:24:00,online
73,568,138,320.02,2026-01-01 15:37:00,presencial
74,208,160,31.75,2026-01-01 15:41:00,presencial
75,65,23,52.17,2026-01-01 15:57:00,presencial
76,427,110,58.24,2026-01-01 16:02:00,online
77,522,97,8.16,2026-01-01 16:05:00,online
78,74,179,133.99,2026-01-01 16:10:00,presencial
79,567,139,114.34,2026-01-01 16:41:00,presencial
80,435,191,4.99,2026-01-01 16:49:00,presencial
81,152,6,10.34,2026-01-01 17:01:00,online
82,466,90,15.38,2026-01-01 17:02:00,online
83,252,141,101.82,2026-01-01 17:02:00,online
84,382,18,19.57,2026-01-01 17:17:00,online
85,77,131,69.51,2026-01-01 17:18:00,presencial
86,147,47,36.6,2026-01-01 17:38:00,presencial
87,465,15,48.34,2026-01-01 18:09:00,presencial
88,484,132,77.13,2026-01-01 18:15:00,online
89,7,86,60.31,2026-01-01 18:30:00,online
90,129,82,43.78,2026-01-01 18:36:00,presencial
91,365,66,64.06,2026-01-01 18:41:00,presencial
92,544,138,56.75,2026-01-01 18:51:00,presencial
93,405,124,35.49,2026-01-01 19:00:00,presencial
94,424,134,27.82,2026-01-01 19:07:00,presencial
95,234,158,353.71,2026-01-01 19:13:00,online
96,33,122,27.47,2026-01-01 19:13:00,presencial
97,460,15,201.08,2026-01-01 19:13:00,online
98,480,32,21.04,2026-01-01 19:44:00,presencial
99,266,199,108.98,2026-01-01 19:57:00,presencial
100,304,58,318.03,2026-01-01 20:10:00,online
101,142,86,30.84,2026-01-01 20:27:00,presencial
102,272,76,21.45,2026-01-01 20:31:00,online
103,146,199,27.88,2026-01-01 20:59:00,online
104,253,165,43.76,2026-01-01 21:23:00,presencial
105,81,97,63.69,2026-01-01 21:32:00,online
106,364,137,42.78,2026-01-01 21:34:00,presencial
107,149,111,28.16,2026-01-01 22:00:00,presencial
108,435,129,383.75,2026-01-01 22:01:00,online
109,311,191,35.86,2026-01-01 22:23:00,presencial
110,538,135,22.6,2026-01-01 22:31:00,online
111,133,23,111.45,2026-01-01 22:32:00,presencial
112,164,101,113.42,2026-01-01 22:58:00,online
113,146,164,211.4,2026-01-01 22:59:00,presencial
114,379,8,372.65,2026-01-01 23:05:00,presencial
115,65,72,65.42,2026-01-01 23:24:00,online
116,412,41,32.55,2026-01-01 23:38:00,online
117,492,145,5.52,2026-01-01 23:42:00,online
118,405,29,15.93,2026-01-01 23:45:00,presencial
119,81,125,56.23,2026-01-02 00:11:00,online
120,296,13,12.19,2026-01-02 00:21:00,presencial
121,321,185,7.82,2026-01-02 00:26:00,presencial
122,235,64,48.06,2026-01-02 00:41:00,presencial
123,280,82,105.05,2026-01-02 00:45:00,presencial
124,458,158,34.09,2026-01-02 00:58:00,presencial
125,501,76,119.88,2026-01-02 01:07:00,online
126,181,24,88.08,2026-01-02 01:16:00,presencial
127,198,181,158.25,2026-01-02 01:19:00,presencial
128,125,23,488.23,2026-01-02 01:22:00,online
129,242,100,792.69,2026-01-02 01:24:00,presencial
130,328,25,99.97,2026-01-02 01:31:00,presencial
131,429,140,26.95,2026-01-02 02:05:00,presencial
132,161,54,47.85,2026-01-02 02:10:00,presencial
133,130,187,252.29,2026-01-02 02:18:00,online
134,20,41,16.73,2026-01-02 02:19:00,presencial
135,57,134,219.74,2026-01-02 02:32:00,presencial
136,31,3,37.08,2026-01-02 02:37:00,presencial
137,125,23,57.39,2026-01-02 03:19:00,presencial
138,418,56,18.39,2026-01-02 03:22:00,presencial
139,465,177,10.42,2026-01-02 03:29:00,presencial
140,584,200,32.89,2026-01-02 03:38:00,presencial
141,328,123,187.41,2026-01-02 03:44:00,online
142,273,68,20.65,2026-01-02 03:54:00,presencial
143,540,63,263.43,2026-01-02 04:14:00,presencial
144,89,43,23.8,2026-01-02 04:36:00,online
145,379,69,13.8,2026-01-02 05:00:00,presencial
146,491,100,59.09,2026-01-02 05:17:00,presencial
147,302,138,94.35,2026-01-02 05:42:00,online
148,157,46,54.98,2026-01-02 06:13:00,presencial
149,373,8,52.78,2026-01-02 06:36:00,online
150,598,112,260.67,2026-01-02 06:40:00,online
151,142,49,49.62,2026-01-02 06:58:00,presencial
152,338,81,26.64,2026-01-02 07:44:00,presencial
153,31,143,12.86,2026-01-02 07:51:00,presencial
154,140,180,181.45,2026-01-02 08:02:00,presencial
155,461,107,27.99,2026-01-02 08:12:00,presencial
156,298,186,31.16,2026-01-02 08:14:00,online
157,120,54,142.18,2026-01-02 08:19:00,presencial
158,202,143,428.19,2026-01-02 08:25:00,online
159,73,196,58.94,2026-01-02 08:45:00,presencial
160,468,44,38.45,2026-01-02 08:53:00,online
161,566,148,44.42,2026-01-02 09:21:00,presencial
162,64,95,27.08,2026-01-02 09:32:00,presencial
163,143,177,30.22,2026-01-02 09:33:00,presencial
164,515,62,30.4,2026-01-02 09:49:00,presencial
165,528,193,121.73,2026-01-02 09:58:00,online
166,461,160,40.57,2026-01-02 10:07:00,online
167,430,142,199.39,2026-01-02 10:17:00,presencial
168,517,6,39.33,2026-01-02 10:20:00,presencial
169,225,17,29.85,2026-01-02 10:23:00,online
170,537,133,182.3,2026-01-02 10:26:00,presencial
171,532,96,45.77,2026-01-02 10:48:00,online
172,138,65,38.9,2026-01-02 11:53:00,presencial
173,44,169,46.38,2026-01-02 12:12:00,presencial
174,313,97,224.37,2026-01-02 12:20:00,presencial
175,455,92,62.6,2026-01-02 12:33:00,presencial
176,510,65,176.7,2026-01-02 12:38:00,online
177,86,197,34.53,2026-01-02 12:44:00,presencial
178,227,73,148.17,2026-01-02 13:04:00,online
179,461,52,58.06,2026-01-02 13:10:00,presencial
180,37,135,118.02,2026-01-02 13:13:00,online
181,434,7,129.45,2026-01-02 13:30:00,online
182,175,120,15.87,2026-01-02 13:38:00,presencial
183,14,113,48.38,2026-01-02 14:06:00,online
184,146,49,128.11,2026-01-02 14:07:00,presencial
185,446,154,152.65,2026-01-02 14:20:00,presencial
186,523,9,177.47,2026-01-02 14:21:00,presencial
187,49,197,50.16,2026-01-02 14:24:00,presencial
188,279,172,243.28,2026-01-02 14:36:00,presencial
189,121,36,21.69,2026-01-02 14:42:00,presencial
190,411,99,8.63,2026-01-02 15:13:00,online
191,469,40,32.94,2026-01-02 15:24:00,online
192,578,124,166.57,2026-01-02 15:26:00,online
193,213,71,13.53,2026-01-02 15:54:00,online
194,180,98,8.87,2026-01-02 16:06:00,online
195,186,192,6.74,2026-01-02 16:18:00,online
196,457,124,100.44,2026-01-02 16:19:00,presencial
197,268,174,9.09,2026-01-02 16:45:00,online
198,14,126,81.77,2026-01-02 16:47:00,presencial
199,569,95,31.16,2026-01-02 17:18:00,presencial
200,63,4,19.15,2026-01-02 17:34:00,presencial
201,557,18,14.9,2026-01-02 17:44:00,presencial
202,98,107,56.09,2026-01-02 17:49:00,presencial
203,323,101,19.5,2026-01-02 17:49:00,online
204,188,101,44.46,2026-01-02 17:56:00,presencial
205,413,170,69.52,2026-01-02 18:18:00,presencial
206,242,20,87.7,2026-01-02 18:55:00,online
207,221,132,124.93,2026-01-02 19:22:00,online
208,287,150,53.58,2026-01-02 19:30:00,online
209,583,130,14.08,2026-01-02 19:37:00,presencial
210,148,48,74.61,2026-01-02 19:37:00,presencial
211,132,82,92.0,2026-01-02 19:38:00,online
212,40,11,36.61,2026-01-02 19:39:00,presencial
213,444,36,32.57,2026-01-02 19:45:00,presencial
214,407,161,680.41,2026-01-02 19:47:00,presencial
215,366,124,10.78,2026-01-02 19:56:00,online
216,15,174,76.94,2026-01-02 20:01:00,presencial
217,475,139,141.26,2026-01-02 20:15:00,online
218,486,49,30.71,2026-01-02 20:55:00,online
219,568,163,37.14,2026-01-02 21:16:00,online
220,558,138,28.74,2026-01-02 21:23:00,presencial
221,158,39,44.71,2026-01-02 21:43:00,presencial
222,427,1,120.23,2026-01-02 21:52:00,online
223,242,153,35.94,2026-01-02 21:57:00,online
224,358,145,1368.75,2026-01-02 22:17:00,presencial
225,200,18,27.17,2026-01-02 22:27:00,presencial
226,395,93,203.42,2026-01-02 23:14:00,online
227,572,183,81.31,2026-01-02 23:35:00,online
228,392,159,50.37,2026-01-02 23:35:00,presencial
229,553,164,225.39,2026-01-02 23:49:00,presencial
230,560,79,7.69,2026-01-02 23:49:00,presencial
231,72,25,71.36,2026-01-03 00:07:00,presencial
232,579,71,20.33,2026-01-03 00:19:00,presencial
233,491,138,27.67,2026-01-03 00:32:00,online
234,257,169,26.28,2026-01-03 01:16:00,presencial
235,361,129,15.48,2026-01-03 01:19:00,presencial
236,371,8,7.26,2026-01-03 01:22:00,presencial
237,472,119,68.56,2026-01-03 02:39:00,presencial
238,482,38,41.58,2026-01-03 02:47:00,online
239,62,122,32.12,2026-01-03 03:00:00,presencial
240,1,83,103.04,2026-01-03 03:22:00,presencial
241,148,107,73.49,2026-01-03 03:33:00,presencial
242,317,120,33.33,2026-01-03 03:34:00,presencial
243,510,128,1281.79,2026-01-03 04:03:00,online
244,392,2,136.97,2026-01-03 04:03:00,presencial
245,82,194,658.05,2026-01-03 04:04:00,presencial
246,431,116,28.32,2026-01-03 04:12:00,online
247,281,102,58.83,2026-01-03 04:15:00,presencial
248,222,76,11.45,2026-01-03 04:26:00,presencial
249,463,21,31.08,2026-01-03 04:46:00,presencial
250,178,127,23.52,2026-01-03 04:54:00,presencial
251,372,73,1205.99,2026-01-03 04:54:00,online
252,110,182,20.87,2026-01-03 04:56:00,online
253,229,132,34.56,2026-01-03 05:17:00,presencial
254,335,89,9.03,2026-01-03 05:33:00,presencial
255,375,7,80.41,2026-01-03 05:51:00,presencial
256,552,111,16.61,2026-01-03 05:52:00,online
257,175,170,122.78,2026-01-03 05:59:00,presencial
258,538,93,6.25,2026-01-03 06:09:00,presencial
259,490,131,39.1,2026-01-03 06:20:00,online
260,216,24,5.87,2026-01-03 06:25:00,online
261,85,82,26.06,2026-01-03 06:46:00,online
262,155,159,32.59,2026-01-03 07:01:00,online
263,395,85,23.13,2026-01-03 07:29:00,presencial
264,474,178,25.78,2026-01-03 07:33:00,presencial
265,368,82,130.1,2026-01-03 07:42:00,presencial
266,435,163,488.77,2026-01-03 07:50:00,presencial
267,62,129,64.93,2026-01-03 08:07:00,presencial
268,304,190,17.36,2026-01-03 08:55:00,online
269,525,107,47.97,2026-01-03 09:37:00,online
270,234,94,30.27,2026-01-03 09:46:00,presencial
271,540,71,118.91,2026-01-03 09:55:00,online
272,75,131,61.35,2026-01-03 10:15:00,presencial
273,588,197,7.88,2026-01-03 10:41:00,presencial
274,472,34,149.56,2026-01-03 11:05:00,presencial
275,376,188,129.48,2026-01-03 11:29:00,online
276,371,196,231.49,2026-01-03 11:31:00,online
277,562,154,25.33,2026-01-03 11:41:00,online
278,227,117,62.24,2026-01-03 11:41:00,online
279,99,173,12.14,2026-01-03 11:43:00,presencial
280,552,53,42.25,2026-01-03 11:49:00,presencial
281,62,127,69.18,2026-01-03 12:15:00,presencial
282,396,162,22.21,2026-01-03 12:21:00,online
283,160,162,65.14,2026-01-03 12:33:00,presencial
284,558,118,53.77,2026-01-03 12:53:00,presencial
285,585,78,27.25,2026-01-03 12:56:00,online
286,285,190,207.93,2026-01-03 13:01:00,presencial
287,320,135,34.54,2026-01-03 13:01:00,presencial
288,273,154,51.73,2026-01-03 13:13:00,presencial
289,256,125,8.9,2026-01-03 13:24:00,presencial
290,563,176,79.13,2026-01-03 13:41:00,online
291,173,96,26.45,2026-01-03 14:18:00,online
292,576,110,128.12,2026-01-03 14:21:00,presencial
293,391,161,10.57,2026-01-03 14:21:00,online
294,577,104,71.79,2026-01-03 14:29:00,presencial
295,368,49,4.05,2026-01-03 14:37:00,online
296,492,152,88.01,2026-01-03 15:16:00,presencial
297,294,76,36.88,2026-01-03 15:39:00,presencial
298,278,22,69.36,2026-01-03 15:42:00,presencial
299,155,75,23.1,2026-01-03 16:20:00,online
300,127,11,15.73,2026-01-03 16:27:00,presencial
301,23,176,27.72,2026-01-03 16:29:00,presencial
302,231,197,55.21,2026-01-03 16:31:00,presencial
303,593,54,84.29,2026-01-03 16:36:00,online
304,563,184,62.44,2026-01-03 16:41:00,presencial
305,415,143,15.95,2026-01-03 16:46:00,online
306,219,192,337.46,2026-01-03 16:46:00,presencial
307,313,33,64.46,2026-01-03 17:05:00,presencial
308,455,13,22.54,2026-01-03 17:08:00,presencial
309,2,185,71.28,2026-01-03 17:10:00,presencial
310,554,54,59.24,2026-01-03 17:30:00,presencial
311,523,120,36.86,2026-01-03 17:37:00,presencial
312,583,181,32.39,2026-01-03 18:21:00,presencial
313,57,69,132.07,2026-01-03 18:23:00,presencial
314,569,18,299.06,2026-01-03 18:26:00,online
315,369,159,4.76,2026-01-03 18:29:00,presencial
316,334,91,173.05,2026-01-03 18:30:00,presencial
317,108,5,45.69,2026-01-03 18:43:00,online
318,296,69,58.0,2026-01-03 18:55:00,online
319,218,107,197.71,2026-01-03 19:18:00,online
320,593,176,2.41,2026-01-03 20:16:00,presencial
321,204,46,109.54,2026-01-03 20:16:00,online
322,131,104,183.23,2026-01-03 20:30:00,presencial
323,568,37,20.96,2026-01-03 20:42:00,presencial
324,113,59,9.65,2026-01-03 20:45:00,presencial
325,543,53,271.49,2026-01-03 20:53:00,online
326,578,105,6.48,2026-01-03 21:03:00,presencial
327,185,133,70.85,2026-01-03 21:07:00,presencial
328,414,23,137.75,2026-01-03 21:19:00,presencial
329,479,16,69.15,2026-01-03 21:34:00,presencial
330,322,147,83.19,2026-01-03 21:52:00,presencial
331,419,59,33.4,2026-01-03 21:57:00,presencial
332,80,124,74.37,2026-01-03 22:06:00,online
333,310,16,20.51,2026-01-03 22:10:00,presencial
334,308,121,23.65,2026-01-03 22:13:00,presencial
335,340,182,46.48,2026-01-03 22:18:00,presencial
336,567,88,8.22,2026-01-03 22:49:00,presencial
337,495,116,84.33,2026-01-03 23:03:00,presencial
338,362,59,2.92,2026-01-03 23:12:00,presencial
339,243,58,66.63,2026-01-03 23:14:00,presencial
340,243,14,73.89,2026-01-03 23:28:00,presencial
341,13,96,18.65,2026-01-03 23:37:00,presencial
342,331,190,11.5,2026-01-03 23:59:00,online
343,152,24,28.53,2026-01-04 00:01:00,online
344,532,84,90.35,2026-01-04 00:32:00,presencial
345,465,168,65.38,2026-01-04 00:41:00,presencial
346,548,100,13.16,2026-01-04 00:41:00,presencial
347,598,153,50.21,2026-01-04 00:42:00,online
348,241,76,59.63,2026-01-04 00:45:00,presencial
349,258,121,56.91,2026-01-04 01:25:00,presencial
350,365,198,15.1,2026-01-04 01:32:00,presencial
351,259,120,53.05,2026-01-04 02:41:00,online
352,168,160,122.67,2026-01-04 02:42:00,presencial
353,425,139,80.69,2026-01-04 02:45:00,online
354,271,20,70.29,2026-01-04 02:50:00,presencial
355,566,33,272.31,2026-01-04 02:50:00,presencial
356,132,122,53.76,2026-01-04 03:16:00,online
357,267,70,17.71,2026-01-04 03:41:00,online
358,319,97,17.77,2026-01-04 03:54:00,presencial
359,545,97,54.25,2026-01-04 04:14:00,presencial
360,347,159,9.2,2026-01-04 04:26:00,presencial
361,42,199,31.75,2026-01-04 04:30:00,online
362,203,200,74.48,2026-01-04 04:45:00,presencial
363,532,16,162.11,2026-01-04 04:56:00,online
364,164,149,8.18,2026-01-04 05:04:00,online
365,205,146,49.85,2026-01-04 05:09:00,presencial
366,91,173,41.47,2026-01-04 05:10:00,online
367,432,86,46.58,2026-01-04 05:13:00,presencial
368,84,101,52.23,2026-01-04 05:19:00,presencial
369,221,91,43.17,2026-01-04 05:47:00,presencial
370,427,75,206.73,2026-01-04 06:19:00,online
371,538,50,175.63,2026-01-04 06:27:00,online
372,133,129,472.3,2026-01-04 06:31:00,presencial
373,200,4,44.18,2026-01-04 06:45:00,presencial
374,71,150,28.45,2026-01-04 06:45:00,presencial
375,263,169,15.42,2026-01-04 06:59:00,presencial
376,600,46,25.24,2026-01-04 07:17:00,online
377,183,43,98.1,2026-01-04 07:18:00,presencial
378,156,101,116.21,2026-01-04 07:33:00,online
379,240,170,93.98,2026-01-04 07:39:00,presencial
380,538,23,21.52,2026-01-04 07:46:00,presencial
381,329,87,21.65,2026-01-04 08:14:00,presencial
382,366,44,384.56,2026-01-04 08:26:00,online
383,469,171,17.9,2026-01-04 08:37:00,online
384,430,177,212.34,2026-01-04 08:46:00,presencial
385,360,17,69.76,2026-01-04 09:00:00,presencial
386,337,29,19.97,2026-01-04 09:18:00,presencial
387,320,32,12.15,2026-01-04 09:26:00,online
388,109,163,20.95,2026-01-04 09:27:00,online
389,249,181,70.77,2026-01-04 09:29:00,online
390,509,75,16.43,2026-01-04 10:45:00,presencial
391,24,32,247.11,2026-01-04 10:48:00,presencial
392,497,133,35.56,2026-01-04 10:50:00,presencial
393,340,179,96.59,2026-01-04 11:00:00,presencial
394,210,183,88.38,2026-01-04 11:40:00,presencial
395,69,90,266.16,2026-01-04 11:50:00,presencial
396,459,157,27.61,2026-01-04 11:54:00,presencial
397,1,192,50.23,2026-01-04 12:27:00,presencial
398,326,166,9.57,2026-01-04 12:28:00,presencial
399,98,95,50.07,2026-01-04 12:46:00,online
400,546,53,156.65,2026-01-04 12:56:00,online
401,110,75,56.91,2026-01-04 13:04:00,presencial
402,482,73,569.03,2026-01-04 13:11:00,online
403,345,198,79.18,2026-01-04 13:23:00,online
404,25,147,24.67,2026-01-04 13:59:00,presencial
405,433,172,73.8,2026-01-04 14:18:00,online
406,528,156,8.94,2026-01-04 15:01:00,presencial
407,133,96,18.56,2026-01-04 15:11:00,presencial
408,582,159,11.72,2026-01-04 15:31:00,presencial
409,480,128,45.5,2026-01-04 15:31:00,presencial
410,446,149,41.82,2026-01-04 15:38:00,presencial
411,202,61,168.28,2026-01-04 15:59:00,online
412,72,47,40.09,2026-01-04 16:16:00,online
413,258,37,14.84,2026-01-04 16:18:00,presencial
414,485,58,248.45,2026-01-04 16:40:00,presencial
415,352,196,1.75,2026-01-04 16:43:00,online
416,389,189,46.63,2026-01-04 16:44:00,online
417,469,30,56.79,2026-01-04 16:56:00,presencial
418,204,111,44.2,2026-01-04 16:58:00,online
419,23,189,77.49,2026-01-04 17:06:00,presencial
420,531,151,50.49,2026-01-04 17:08:00,presencial
421,369,123,77.45,2026-01-04 17:22:00,presencial
422,340,120,23.05,2026-01-04 17:23:00,online
423,344,66,8.98,2026-01-04 17:44:00,presencial
424,512,185,42.48,2026-01-04 17:47:00,online
425,462,17,14.45,2026-01-04 18:12:00,online
426,403,174,20.06,2026-01-04 18:14:00,presencial
427,470,175,160.39,2026-01-04 18:15:00,presencial
428,174,53,248.09,2026-01-04 18:18:00,presencial
429,428,103,157.11,2026-01-04 18:35:00,presencial
430,586,177,128.14,2026-01-04 18:37:00,presencial
431,141,95,47.75,2026-01-04 18:50:00,online
432,343,61,136.59,2026-01-04 18:54:00,online
433,409,15,66.1,2026-01-04 19:09:00,presencial
434,311,89,380.79,2026-01-04 19:23:00,online
435,582,56,16.28,2026-01-04 19:24:00,online
436,243,171,93.68,2026-01-04 19:39:00,online
437,131,173,11.13,2026-01-04 20:21:00,presencial
438,82,65,94.27,2026-01-04 20:43:00,presencial
439,510,43,6.75,2026-01-04 20:52:00,online
440,412,59,11.76,2026-01-04 21:01:00,presencial
441,347,81,10.9,2026-01-04 21:32:00,presencial
442,259,134,58.99,2026-01-04 21:39:00,online
443,246,31,66.02,2026-01-04 21:50:00,online
444,561,200,662.17,2026-01-04 21:56:00,presencial
445,409,141,40.43,2026-01-04 22:09:00,online
446,580,27,104.56,2026-01-04 22:11:00,presencial
447,481,63,53.35,2026-01-04 22:12:00,online
448,461,141,95.37,2026-01-04 22:18:00,presencial
449,333,101,52.35,2026-01-04 22:30:00,presencial
450,146,106,149.84,2026-01-04 22:53:00,online
451,393,9,14.04,2026-01-04 22:56:00,presencial
452,430,83,3.03,2026-01-04 23:01:00,online
453,314,123,70.75,2026-01-04 23:16:00,presencial
454,13,150,6.14,2026-01-04 23:20:00,presencial
455,577,90,189.22,2026-01-05 00:02:00,presencial
456,496,111,24.46,2026-01-05 00:03:00,online
457,212,45,14.27,2026-01-05 00:12:00,online
458,297,160,871.81,2026-01-05 00:16:00,presencial
459,75,140,43.8,2026-01-05 00:34:00,presencial
460,563,149,35.48,2026-01-05 00:47:00,presencial
461,139,134,101.78,2026-01-05 01:16:00,presencial
462,227,198,109.62,2026-01-05 01:32:00,presencial
463,258,176,156.5,2026-01-05 01:38:00,online
464,158,163,10.32,2026-01-05 01:41:00,presencial
465,381,68,80.62,2026-01-05 01:50:00,presencial
466,598,14,32.38,2026-01-05 01:51:00,online
467,514,1,16.23,2026-01-05 01:53:00,online
468,319,156,47.13,2026-01-05 02:14:00,online
469,79,180,6.1,2026-01-05 02:18:00,presencial
470,518,130,123.37,2026-01-05 02:29:00,presencial
471,155,145,32.47,2026-01-05 03:19:00,presencial
472,547,18,26.44,2026-01-05 03:39:00,presencial
473,238,114,38.42,2026-01-05 03:57:00,online
474,312,122,37.18,2026-01-05 04:03:00,online
475,263,32,156.77,2026-01-05 04:09:00,presencial
476,274,151,13.39,2026-01-05 04:19:00,online
477,99,68,29.36,2026-01-05 04:20:00,online
478,332,40,35.23,2026-01-05 04:28:00,presencial
479,242,140,13.85,2026-01-05 04:29:00,presencial
480,509,87,53.26,2026-01-05 04:34:00,online
481,287,108,20.16,2026-01-05 04:37:00,presencial
482,579,109,9.54,2026-01-05 04:48:00,presencial
483,178,125,79.75,2026-01-05 05:02:00,presencial
484,197,83,245.18,2026-01-05 05:10:00,online
485,23,163,47.15,2026-01-05 05:13:00,online
486,444,176,39.9,2026-01-05 05:38:00,presencial
487,45,97,38.98,2026-01-05 05:48:00,presencial
488,172,34,25.34,2026-01-05 05:59:00,online
489,547,56,161.92,2026-01-05 06:08:00,online
490,367,155,49.57,2026-01-05 06:14:00,online
491,336,52,4.07,2026-01-05 06:19:00,online
492,483,156,167.14,2026-01-05 06:19:00,online
493,463,133,127.64,2026-01-05 06:21:00,presencial
494,532,90,86.64,2026-01-05 06:22:00,presencial
495,400,26,2.16,2026-01-05 06:37:00,presencial
496,270,108,44.56,2026-01-05 06:40:00,presencial
497,79,139,119.43,2026-01-05 06:46:00,presencial
498,222,31,67.86,2026-01-05 06:50:00,presencial
499,424,165,56.02,2026-01-05 07:15:00,presencial
500,153,40,119.71,2026-01-05 07:33:00,online
501,403,83,52.1,2026-01-05 07:36:00,presencial
502,81,107,168.0,2026-01-05 07:53:00,online
503,37,148,53.41,2026-01-05 07:59:00,presencial
504,219,45,48.93,2026-01-05 08:40:00,presencial
505,138,68,119.3,2026-01-05 08:48:00,presencial
506,524,162,28.83,2026-01-05 08:50:00,presencial
507,227,66,13.37,2026-01-05 08:51:00,presencial
508,252,124,44.89,2026-01-05 09:13:00,presencial
509,243,80,85.58,2026-01-05 09:17:00,online
510,191,12,123.7,2026-01-05 09:20:00,presencial
511,551,103,124.46,2026-01-05 09:37:00,online
512,444,72,41.45,2026-01-05 09:46:00,presencial
513,96,53,37.02,2026-01-05 09:47:00,presencial
514,130,172,23.31,2026-01-05 10:06:00,online
515,49,155,58.84,2026-01-05 10:35:00,presencial
516,154,56,7.35,2026-01-05 10:43:00,presencial
517,394,105,45.83,2026-01-05 10:59:00,presencial
518,562,144,1027.26,2026-01-05 11:00:00,presencial
519,289,11,8.55,2026-01-05 11:02:00,presencial
520,49,19,53.12,2026-01-05 11:02:00,online
521,29,108,67.74,2026-01-05 11:41:00,presencial
522,249,187,78.03,2026-01-05 11:46:00,online
523,159,186,15.44,2026-01-05 12:10:00,online
524,347,90,78.82,2026-01-05 12:10:00,presencial
525,71,141,24.83,2026-01-05 12:35:00,online
526,139,99,9.3,2026-01-05 12:39:00,online
527,334,181,127.38,2026-01-05 12:53:00,presencial
528,169,114,92.86,2026-01-05 13:05:00,presencial
529,219,179,15.44,2026-01-05 13:10:00,online
530,134,73,24.58,2026-01-05 13:35:00,online
531,31,187,23.62,2026-01-05 13:47:00,online
532,208,146,7.33,2026-01-05 14:10:00,presencial
533,198,154,103.41,2026-01-05 14:14:00,presencial
534,540,3,107.76,2026-01-05 14:17:00,online
535,536,162,31.0,2026-01-05 14:21:00,presencial
536,259,33,43.34,2026-01-05 14:25:00,online
537,173,188,50.71,2026-01-05 14:28:00,presencial
538,251,38,58.49,2026-01-05 14:34:00,presencial
539,365,166,10.15,2026-01-05 14:57:00,online
540,232,128,76.5,2026-01-05 15:02:00,online
541,454,79,12.27,2026-01-05 15:20:00,online
542,579,179,94.59,2026-01-05 15:31:00,online
543,243,78,13.85,2026-01-05 15:43:00,presencial
544,71,13,10.7,2026-01-05 16:00:00,online
545,73,16,43.34,2026-01-05 16:13:00,presencial
546,524,171,42.29,2026-01-05 16:23:00,presencial
547,250,77,50.11,2026-01-05 16:32:00,online
548,197,164,16.74,2026-01-05 16:41:00,online
549,372,5,55.87,2026-01-05 16:52:00,presencial
550,574,16,61.97,2026-01-05 16:52:00,online
551,255,198,161.14,2026-01-05 17:11:00,presencial
552,190,29,54.79,2026-01-05 17:13:00,online
553,518,138,23.12,2026-01-05 17:17:00,online
554,50,71,10.16,2026-01-05 17:49:00,online
555,507,101,8.3,2026-01-05 18:01:00,online
556,313,23,63.77,2026-01-05 18:03:00,online
557,13,54,106.97,2026-01-05 18:23:00,presencial
558,137,152,16.79,2026-01-05 18:37:00,online
559,408,108,59.19,2026-01-05 18:46:00,online
560,452,101,36.91,2026-01-05 18:47:00,presencial
561,118,189,98.5,2026-01-05 18:48:00,online
562,395,83,115.89,2026-01-05 19:13:00,presencial
563,594,161,3.7,2026-01-05 19:33:00,presencial
564,412,145,139.12,2026-01-05 19:48:00,online
565,422,93,58.99,2026-01-05 19:49:00,presencial
566,117,59,24.92,2026-01-05 20:01:00,online
567,383,71,25.69,2026-01-05 20:02:00,online
568,426,175,46.29,2026-01-05 20:04:00,online
569,67,62,25.68,2026-01-05 20:09:00,online
570,187,131,15.95,2026-01-05 20:21:00,online
571,530,25,20.52,2026-01-05 20:34:00,presencial
572,600,70,14.24,2026-01-05 20:45:00,presencial
573,104,187,196.61,2026-01-05 20:53:00,online
574,440,108,47.54,2026-01-05 20:57:00,online
575,301,165,532.79,2026-01-05 21:10:00,online
576,355,52,67.23,2026-01-05 21:14:00,presencial
577,307,153,85.44,2026-01-05 21:17:00,presencial
578,521,197,13.9,2026-01-05 21:25:00,presencial
579,268,186,35.16,2026-01-05 21:51:00,presencial
580,354,88,48.42,2026-01-05 21:59:00,online
581,402,137,22.18,2026-01-05 22:12:00,presencial
582,332,180,26.81,2026-01-05 23:00:00,presencial
583,528,163,70.96,2026-01-05 23:26:00,presencial
584,143,196,72.51,2026-01-05 23:30:00,presencial
585,569,7,10.27,2026-01-06 00:01:00,presencial
586,407,108,61.08,2026-01-06 00:10:00,online
587,577,159,82.13,2026-01-06 00:51:00,online
588,225,146,23.35,2026-01-06 00:54:00,presencial
589,288,31,20.88,2026-01-06 01:02:00,presencial
590,26,115,72.65,2026-01-06 01:11:00,presencial
591,555,34,2.64,2026-01-06 01:15:00,presencial
592,490,19,44.8,2026-01-06 01:39:00,online
593,178,23,269.85,2026-01-06 01:54:00,presencial
594,32,191,2.57,2026-01-06 02:13:00,presencial
595,419,55,110.52,2026-01-06 02:26:00,online
596,404,92,81.36,2026-01-06 03:01:00,online
597,317,52,9.19,2026-01-06 03:23:00,presencial
598,95,179,79.24,2026-01-06 04:01:00,presencial
599,552,178,134.5,2026-01-06 04:20:00,presencial
600,260,132,12.25,2026-01-06 04:33:00,presencial
601,435,166,20.53,2026-01-06 05:06:00,online
602,516,22,46.0,2026-01-06 05:20:00,presencial
603,329,200,131.03,2026-01-06 05:35:00,presencial
604,57,84,24.65,2026-01-06 05:43:00,presencial
605,533,81,42.68,2026-01-06 06:07:00,presencial
606,401,40,21.51,2026-01-06 06:23:00,presencial
607,537,176,45.93,2026-01-06 06:24:00,online
608,368,34,141.37,2026-01-06 06:40:00,presencial
609,545,172,50.22,2026-01-06 07:01:00,presencial
610,521,144,30.17,2026-01-06 07:02:00,presencial
611,130,155,43.12,2026-01-06 07:09:00,presencial
612,104,7,18.53,2026-01-06 08:00:00,online
613,97,148,14.97,2026-01-06 08:05:00,presencial
614,480,194,167.97,2026-01-06 08:11:00,presencial
615,145,79,270.83,2026-01-06 08:22:00,online
616,271,90,6.23,2026-01-06 08:28:00,online
617,473,23,84.8,2026-01-06 08:29:00,online
618,258,98,114.99,2026-01-06 08:47:00,presencial
619,38,135,11.79,2026-01-06 08:52:00,online
620,218,60,26.6,2026-01-06 09:19:00,presencial
621,57,149,23.69,2026-01-06 09:24:00,online
622,232,18,361.78,2026-01-06 09:32:00,online
623,443,135,275.25,2026-01-06 09:33:00,online
624,312,118,16.23,2026-01-06 09:49:00,online
625,405,46,8.98,2026-01-06 09:50:00,online
626,65,69,104.61,2026-01-06 10:03:00,presencial
627,451,48,81.32,2026-01-06 10:11:00,presencial
628,256,125,175.63,2026-01-06 10:15:00,online
629,173,128,13.94,2026-01-06 10:17:00,online
630,392,112,99.08,2026-01-06 10:21:00,online
631,81,39,19.99,2026-01-06 10:23:00,presencial
632,299,44,88.72,2026-01-06 10:30:00,presencial
633,254,163,42.91,2026-01-06 10:32:00,presencial
634,100,93,361.65,2026-01-06 10:34:00,presencial
635,572,88,73.12,2026-01-06 11:22:00,presencial
636,218,62,31.65,2026-01-06 11:37:00,presencial
637,25,187,52.03,2026-01-06 11:40:00,presencial
638,266,48,40.02,2026-01-06 11:46:00,presencial
639,580,154,12.56,2026-01-06 12:03:00,presencial
640,402,154,371.44,2026-01-06 12:14:00,online
641,383,49,259.46,2026-01-06 12:25:00,presencial
642,541,3,36.82,2026-01-06 12:28:00,presencial
643,51,50,96.53,2026-01-06 13:01:00,presencial
644,331,54,426.91,2026-01-06 13:08:00,presencial
645,193,149,174.27,2026-01-06 13:23:00,online
646,406,107,31.88,2026-01-06 13:27:00,online
647,512,87,40.58,2026-01-06 13:34:00,online
648,47,96,6.76,2026-01-06 13:35:00,presencial
649,95,191,104.82,2026-01-06 13:53:00,presencial
650,573,189,175.41,2026-01-06 14:08:00,online
651,296,6,176.74,2026-01-06 14:13:00,presencial
652,190,169,96.65,2026-01-06 14:17:00,presencial
653,92,73,65.86,2026-01-06 14:18:00,presencial
654,213,151,14.92,2026-01-06 14:35:00,online
655,3,197,63.54,2026-01-06 14:44:00,presencial
656,134,103,22.31,2026-01-06 14:57:00,online
657,110,125,79.65,2026-01-06 15:07:00,presencial
658,51,86,19.29,2026-01-06 15:23:00,presencial
659,582,15,79.1,2026-01-06 15:36:00,presencial
660,475,8,191.6,2026-01-06 15:58:00,presencial
661,565,73,67.69,2026-01-06 16:25:00,presencial
662,145,165,64.16,2026-01-06 16:31:00,presencial
663,174,69,122.04,2026-01-06 16:43:00,presencial
664,170,87,313.36,2026-01-06 16:45:00,presencial
665,336,107,39.73,2026-01-06 17:01:00,presencial
666,110,65,79.29,2026-01-06 17:09:00,online
667,142,98,235.65,2026-01-06 17:15:00,presencial
668,585,122,93.34,2026-01-06 17:18:00,online
669,212,171,4.94,2026-01-06 17:47:00,online
670,469,151,20.34,2026-01-06 17:56:00,online
671,138,164,102.12,2026-01-06 18:25:00,online
672,558,105,28.78,2026-01-06 18:53:00,presencial
673,417,140,217.98,2026-01-06 18:53:00,online
674,518,30,345.06,2026-01-06 19:15:00,online
675,310,30,23.35,2026-01-06 19:37:00,online
676,544,185,14.36,2026-01-06 19:39:00,online
677,218,121,30.05,2026-01-06 20:07:00,presencial
678,288,23,28.2,2026-01-06 20:26:00,online
679,37,82,242.18,2026-01-06 20:29:00,online
680,103,194,14.31,2026-01-06 20:47:00,online
681,463,5,101.16,2026-01-06 21:04:00,online
682,197,89,205.74,2026-01-06 21:30:00,online
683,62,168,110.07,2026-01-06 21:44:00,online
684,176,190,72.25,2026-01-06 21:59:00,presencial
685,212,74,37.4,2026-01-06 21:59:00,online
686,431,183,341.68,2026-01-06 22:17:00,presencial
687,55,144,34.13,2026-01-06 22:48:00,online
688,16,82,126.86,2026-01-06 23:26:00,presencial
689,435,156,37.54,2026-01-06 23:46:00,presencial
690,86,161,5.9,2026-01-06 23:59:00,presencial
691,252,56,33.23,2026-01-07 00:11:00,online
692,410,18,37.64,2026-01-07 00:17:00,presencial
693,309,157,38.18,2026-01-07 00:24:00,online
694,75,17,21.62,2026-01-07 00:38:00,presencial
695,434,156,88.97,2026-01-07 01:00:00,online
696,29,72,100.56,2026-01-07 01:11:00,presencial
697,140,141,31.93,2026-01-07 01:37:00,presencial
698,66,122,31.64,2026-01-07 02:19:00,presencial
699,308,8,14.07,2026-01-07 02:21:00,presencial
700,415,2,59.13,2026-01-07 02:30:00,online
701,390,126,203.51,2026-01-07 02:37:00,presencial
702,84,104,203.67,2026-01-07 03:01:00,online
703,207,9,23.13,2026-01-07 03:11:00,online
704,88,196,399.54,2026-01-07 03:12:00,presencial
705,206,48,30.01,2026-01-07 03:34:00,online
706,139,172,14.62,2026-01-07 03:39:00,online
707,445,24,9.99,2026-01-07 04:06:00,presencial
708,451,47,13.68,2026-01-07 04:10:00,presencial
709,492,106,64.53,2026-01-07 04:11:00,presencial
710,121,106,33.68,2026-01-07 04:25:00,presencial
711,9,121,22.3,2026-01-07 04:39:00,presencial
712,22,35,17.6,2026-01-07 04:49:00,presencial
713,507,53,13.53,2026-01-07 04:52:00,presencial
714,544,53,16.8,2026-01-07 04:53:00,presencial
715,128,89,136.58,2026-01-07 04:54:00,presencial
716,526,185,324.95,2026-01-07 05:05:00,online
717,318,93,347.82,2026-01-07 05:10:00,presencial
718,111,200,95.18,2026-01-07 05:10:00,presencial
719,188,51,26.01,2026-01-07 05:20:00,presencial
720,160,49,21.44,2026-01-07 05:57:00,presencial
721,459,21,102.69,2026-01-07 06:10:00,presencial
722,114,43,34.09,2026-01-07 06:17:00,online
723,110,63,70.32,2026-01-07 06:30:00,presencial
724,432,77,373.71,2026-01-07 06:50:00,online
725,182,143,56.74,2026-01-07 07:32:00,presencial
726,151,90,547.65,2026-01-07 07:35:00,presencial
727,485,138,12.94,2026-01-07 07:42:00,presencial
728,559,18,73.12,2026-01-07 07:52:00,online
729,334,190,63.12,2026-01-07 07:56:00,online
730,497,30,15.14,2026-01-07 07:56:00,online
731,505,7,107.97,2026-01-07 07:57:00,presencial
732,354,85,240.78,2026-01-07 07:58:00,online
733,498,131,504.18,2026-01-07 08:24:00,online
734,6,48,70.28,2026-01-07 08:25:00,presencial
735,22,33,5.53,2026-01-07 08:25:00,online
736,531,169,75.54,2026-01-07 08:35:00,presencial
737,85,165,101.1,2026-01-07 08:36:00,online
738,437,151,34.51,2026-01-07 08:49:00,online
739,253,45,56.64,2026-01-07 08:52:00,presencial
740,473,108,26.26,2026-01-07 09:06:00,presencial
741,400,138,38.59,2026-01-07 09:09:00,online
742,44,87,136.9,2026-01-07 09:10:00,presencial
743,203,36,206.01,2026-01-07 09:29:00,online
744,426,167,11.05,2026-01-07 09:30:00,presencial
745,553,188,25.47,2026-01-07 09:42:00,presencial
746,483,34,7.79,2026-01-07 10:35:00,presencial
747,536,141,337.7,2026-01-07 10:36:00,online
748,574,178,116.5,2026-01-07 10:48:00,online
749,537,109,4.95,2026-01-07 10:55:00,online
750,349,10,41.64,2026-01-07 11:04:00,online
751,202,139,32.73,2026-01-07 11:09:00,online
752,305,185,19.46,2026-01-07 11:23:00,presencial
753,478,53,139.76,2026-01-07 11:37:00,presencial
754,256,28,136.28,2026-01-07 11:46:00,presencial
755,499,51,60.12,2026-01-07 11:47:00,presencial
756,421,163,22.07,2026-01-07 12:07:00,presencial
757,126,112,22.27,2026-01-07 12:08:00,online
758,553,4,46.91,2026-01-07 12:20:00,presencial
759,508,118,27.04,2026-01-07 12:24:00,presencial
760,360,164,44.42,2026-01-07 12:28:00,online
761,117,38,82.59,2026-01-07 12:29:00,online
762,137,117,8.27,2026-01-07 12:48:00,presencial
763,504,46,19.41,2026-01-07 12:50:00,online
764,11,4,43.07,2026-01-07 13:07:00,online
765,291,81,250.1,2026-01-07 13:22:00,presencial
766,372,155,113.28,2026-01-07 13:23:00,online
767,140,134,44.53,2026-01-07 13:35:00,presencial
768,519,21,69.58,2026-01-07 13:44:00,presencial
769,314,38,39.98,2026-01-07 13:51:00,online
770,40,108,146.2,2026-01-07 13:52:00,online
771,193,65,72.03,2026-01-07 14:02:00,online
772,239,67,182.49,2026-01-07 14:15:00,presencial
773,134,88,10.07,2026-01-07 14:21:00,presencial
774,565,152,18.42,2026-01-07 14:35:00,presencial
775,217,116,60.46,2026-01-07 14:58:00,presencial
776,302,171,76.93,2026-01-07 15:11:00,presencial
777,322,21,626.64,2026-01-07 15:12:00,online
778,133,93,6.12,2026-01-07 15:23:00,presencial
779,341,111,43.1,2026-01-07 15:33:00,online
780,213,152,41.03,2026-01-07 16:12:00,online
781,7,104,58.07,2026-01-07 16:21:00,online
782,245,184,300.84,2026-01-07 16:26:00,online
783,351,168,117.2,2026-01-07 16:26:00,online
784,71,138,7.66,2026-01-07 16:31:00,presencial
785,468,80,241.56,2026-01-07 16:32:00,online
786,397,65,234.26,2026-01-07 16:36:00,online
787,186,107,59.7,2026-01-07 16:37:00,presencial
788,356,93,7.54,2026-01-07 16:43:00,presencial
789,183,6,37.83,2026-01-07 16:55:00,presencial
790,389,46,74.86,2026-01-07 17:01:00,presencial
791,93,168,133.78,2026-01-07 17:03:00,online
792,367,92,6.38,2026-01-07 17:10:00,online
793,34,190,19.18,2026-01-07 17:17:00,presencial
794,11,50,149.58,2026-01-07 17:18:00,presencial
795,153,194,233.21,2026-01-07 18:04:00,presencial
796,105,162,71.78,2026-01-07 18:14:00,online
797,295,72,158.12,2026-01-07 18:15:00,presencial
798,100,122,73.76,2026-01-07 18:40:00,online
799,147,198,128.95,2026-01-07 18:49:00,online
800,59,127,52.44,2026-01-07 18:59:00,presencial
801,533,187,75.79,2026-01-07 19:01:00,presencial
802,442,23,11.66,2026-01-07 19:04:00,online
803,131,33,98.92,2026-01-07 19:34:00,presencial
804,73,1,11.27,2026-01-07 20:04:00,presencial
805,511,66,98.8,2026-01-07 20:14:00,presencial
806,401,158,27.58,2026-01-07 20:21:00,presencial
807,532,193,67.15,2026-01-07 20:39:00,presencial
808,108,109,15.67,2026-01-07 20:46:00,presencial
809,216,85,25.69,2026-01-07 20:57:00,presencial
810,71,187,67.01,2026-01-07 20:58:00,presencial
811,255,118,102.49,2026-01-07 21:03:00,online
812,98,108,148.88,2026-01-07 21:08:00,presencial
813,3,17,12.62,2026-01-07 21:23:00,presencial
814,306,43,8.57,2026-01-07 21:34:00,online
815,588,140,15.29,2026-01-07 21:34:00,presencial
816,388,140,13.84,2026-01-07 21:46:00,online
817,455,100,250.51,2026-01-07 21:47:00,online
818,488,141,195.24,2026-01-07 21:57:00,presencial
819,584,139,14.94,2026-01-07 22:11:00,presencial
820,78,14,293.34,2026-01-07 22:18:00,online
821,151,167,182.83,2026-01-07 22:30:00,presencial
822,370,139,7.44,2026-01-07 22:33:00,presencial
823,493,44,14.39,2026-01-07 22:40:00,presencial
824,465,43,7.21,2026-01-07 22:45:00,online
825,437,192,40.64,2026-01-07 22:56:00,presencial
826,188,51,45.57,2026-01-07 23:16:00,online
827,219,7,45.47,2026-01-07 23:24:00,presencial
828,48,7,4.81,2026-01-07 23:31:00,presencial
829,189,46,9.3,2026-01-07 23:40:00,presencial
830,94,126,59.51,2026-01-07 23:53:00,presencial
831,563,92,88.63,2026-01-08 00:03:00,presencial
832,55,147,4.85,2026-01-08 00:05:00,online
833,219,47,10.92,2026-01-08 00:08:00,online
834,533,47,137.64,2026-01-08 00:18:00,presencial
835,574,81,11.63,2026-01-08 00:23:00,presencial
836,227,159,43.98,2026-01-08 00:39:00,online
837,280,101,10.47,2026-01-08 00:56:00,presencial
838,315,153,111.57,2026-01-08 01:00:00,online
839,494,19,4.86,2026-01-08 01:02:00,presencial
840,462,82,31.98,2026-01-08 01:12:00,online
841,315,88,125.76,2026-01-08 01:19:00,presencial
842,223,14,87.45,2026-01-08 01:35:00,presencial
843,224,63,26.83,2026-01-08 01:49:00,presencial
844,390,57,20.73,2026-01-08 01:51:00,presencial
845,502,92,34.6,2026-01-08 02:44:00,presencial
846,47,34,10.82,2026-01-08 02:44:00,presencial
847,462,54,40.04,2026-01-08 02:50:00,presencial
848,289,192,40.81,2026-01-08 02:54:00,presencial
849,88,29,28.23,2026-01-08 03:11:00,presencial
850,58,164,134.34,2026-01-08 03:51:00,online
851,203,109,13.77,2026-01-08 04:18:00,online
852,149,16,6.86,2026-01-08 04:32:00,presencial
853,63,81,25.08,2026-01-08 04:34:00,presencial
854,177,103,51.23,2026-01-08 04:56:00,presencial
855,501,56,39.75,2026-01-08 05:07:00,online
856,431,54,37.85,2026-01-08 05:12:00,online
857,126,143,12.95,2026-01-08 05:35:00,online
858,405,7,15.17,2026-01-08 05:53:00,online
859,272,186,26.12,2026-01-08 06:02:00,online
860,449,65,23.95,2026-01-08 06:31:00,presencial
861,149,77,149.59,2026-01-08 06:39:00,presencial
862,38,26,59.76,2026-01-08 06:57:00,online
863,188,177,24.88,2026-01-08 07:04:00,presencial
864,597,45,149.08,2026-01-08 07:20:00,presencial
865,334,161,73.03,2026-01-08 07:25:00,online
866,33,66,10.04,2026-01-08 07:26:00,online
867,586,7,1.26,2026-01-08 07:35:00,presencial
868,496,82,10.39,2026-01-08 07:48:00,presencial
869,327,105,86.01,2026-01-08 07:58:00,presencial
870,445,94,119.18,2026-01-08 08:02:00,presencial
871,111,198,7.2,2026-01-08 08:07:00,presencial
872,356,105,92.25,2026-01-08 08:08:00,online
873,548,156,88.48,2026-01-08 08:24:00,presencial
874,264,75,207.38,2026-01-08 08:33:00,online
875,24,29,127.16,2026-01-08 08:39:00,presencial
876,455,100,197.76,2026-01-08 09:07:00,presencial
877,439,112,76.49,2026-01-08 09:46:00,presencial
878,444,84,73.73,2026-01-08 10:12:00,online
879,390,154,30.85,2026-01-08 10:36:00,online
880,83,193,110.2,2026-01-08 10:40:00,presencial
881,69,17,10.32,2026-01-08 10:58:00,presencial
882,476,14,38.38,2026-01-08 11:53:00,presencial
883,514,55,80.95,2026-01-08 12:12:00,presencial
884,48,118,210.41,2026-01-08 12:50:00,presencial
885,349,9,26.42,2026-01-08 13:15:00,presencial
886,301,39,129.44,2026-01-08 13:34:00,online
887,211,82,35.99,2026-01-08 13:43:00,online
888,388,76,132.39,2026-01-08 14:02:00,online
889,549,170,18.51,2026-01-08 14:33:00,online
890,494,110,99.34,2026-01-08 14:52:00,online
891,92,175,40.25,2026-01-08 14:54:00,presencial
892,278,152,12.14,2026-01-08 14:56:00,presencial
893,562,83,37.76,2026-01-08 15:25:00,presencial
894,143,196,191.31,2026-01-08 15:45:00,presencial
895,513,169,14.57,2026-01-08 15:49:00,presencial
896,295,99,8.73,2026-01-08 16:34:00,presencial
897,313,171,69.31,2026-01-08 16:45:00,online
898,151,52,7.06,2026-01-08 17:01:00,presencial
899,552,42,249.56,2026-01-08 17:34:00,presencial
900,318,159,242.74,2026-01-08 17:39:00,presencial
901,345,158,140.07,2026-01-08 17:46:00,presencial
902,278,45,44.15,2026-01-08 17:48:00,presencial
903,54,151,278.98,2026-01-08 17:52:00,presencial
904,469,102,196.37,2026-01-08 18:22:00,online
905,198,112,24.88,2026-01-08 18:27:00,online
906,145,170,217.61,2026-01-08 18:28:00,online
907,470,33,16.4,2026-01-08 18:31:00,presencial
908,120,81,35.99,2026-01-08 18:31:00,online
909,410,58,6.22,2026-01-08 19:11:00,online
910,285,112,52.48,2026-01-08 19:14:00,online
911,480,32,32.33,2026-01-08 19:32:00,presencial
912,31,24,27.18,2026-01-08 19:34:00,online
913,465,140,37.25,2026-01-08 19:42:00,presencial
914,138,12,23.63,2026-01-08 19:48:00,presencial
915,523,84,46.8,2026-01-08 19:55:00,presencial
916,213,198,183.45,2026-01-08 20:01:00,presencial
917,5,200,13.9,2026-01-08 20:51:00,online
918,293,36,115.44,2026-01-08 21:14:00,online
919,33,186,56.64,2026-01-08 21:28:00,online
920,162,68,67.46,2026-01-08 21:46:00,presencial
921,431,40,43.22,2026-01-08 21:47:00,presencial
922,337,101,20.3,2026-01-08 21:48:00,presencial
923,426,98,72.92,2026-01-08 21:57:00,online
924,528,75,79.1,2026-01-08 21:58:00,presencial
925,281,86,18.53,2026-01-08 21:59:00,online
926,327,20,10.25,2026-01-08 22:26:00,presencial
927,35,53,49.1,2026-01-08 22:42:00,presencial
928,173,40,102.53,2026-01-08 22:50:00,presencial
929,435,187,135.04,2026-01-08 22:54:00,presencial
930,38,99,167.95,2026-01-08 22:59:00,online
931,216,110,67.26,2026-01-08 23:06:00,presencial
932,82,88,33.46,2026-01-08 23:14:00,presencial
933,515,177,44.6,2026-01-08 23:19:00,presencial
934,337,160,11.39,2026-01-08 23:47:00,online
935,387,138,21.1,2026-01-08 23:50:00,presencial
936,411,63,42.16,2026-01-09 00:03:00,presencial
937,135,62,33.34,2026-01-09 00:19:00,online
938,30,189,49.46,2026-01-09 00:41:00,presencial
939,239,187,9.85,2026-01-09 00:43:00,online
940,112,57,12.6,2026-01-09 01:24:00,online
941,194,68,104.92,2026-01-09 01:43:00,presencial
942,192,67,17.87,2026-01-09 01:48:00,presencial
943,470,157,21.25,2026-01-09 01:52:00,presencial
944,192,190,49.63,2026-01-09 02:01:00,online
945,91,178,16.05,2026-01-09 02:08:00,presencial
946,576,169,150.95,2026-01-09 02:11:00,online
947,30,70,11.22,2026-01-09 02:14:00,online
948,123,64,44.78,2026-01-09 02:23:00,presencial
949,209,178,19.62,2026-01-09 02:25:00,presencial
950,38,80,53.08,2026-01-09 02:50:00,presencial
951,540,44,25.86,2026-01-09 02:53:00,presencial
952,212,169,43.55,2026-01-09 03:08:00,online
953,470,96,171.3,2026-01-09 03:19:00,online
954,81,18,20.99,2026-01-09 03:37:00,online
955,313,180,20.79,2026-01-09 04:11:00,presencial
956,76,59,31.58,2026-01-09 04:15:00,presencial
957,139,62,226.2,2026-01-09 04:32:00,presencial
958,245,107,40.5,2026-01-09 04:44:00,online
959,518,55,173.75,2026-01-09 04:54:00,online
960,184,166,36.8,2026-01-09 04:54:00,presencial
961,453,139,165.44,2026-01-09 04:55:00,online
962,56,113,69.97,2026-01-09 05:08:00,presencial
963,151,41,82.27,2026-01-09 05:15:00,online
964,363,98,9.21,2026-01-09 05:30:00,online
965,281,55,7.83,2026-01-09 05:34:00,online
966,302,193,145.07,2026-01-09 06:02:00,online
967,407,159,143.1,2026-01-09 06:06:00,online
968,47,24,641.37,2026-01-09 06:26:00,presencial
969,418,106,8.72,2026-01-09 06:33:00,online
970,518,157,76.28,2026-01-09 06:34:00,online
971,460,105,14.49,2026-01-09 06:59:00,presencial
972,171,26,19.79,2026-01-09 07:00:00,online
973,211,28,25.73,2026-01-09 07:42:00,online
974,577,147,68.07,2026-01-09 07:59:00,presencial
975,474,105,21.53,2026-01-09 08:05:00,presencial
976,559,109,46.39,2026-01-09 08:06:00,presencial
977,549,54,111.64,2026-01-09 08:10:00,presencial
978,261,53,154.59,2026-01-09 08:23:00,presencial
979,78,82,95.76,2026-01-09 08:27:00,online
980,138,109,73.48,2026-01-09 08:31:00,presencial
981,177,94,38.25,2026-01-09 08:33:00,presencial
982,501,176,23.91,2026-01-09 08:50:00,presencial
983,166,38,80.88,2026-01-09 09:08:00,online
984,217,95,14.07,2026-01-09 09:16:00,online
985,511,48,50.96,2026-01-09 09:18:00,presencial
986,99,2,13.69,2026-01-09 09:25:00,presencial
987,399,83,42.72,2026-01-09 09:30:00,online
988,331,12,14.03,2026-01-09 09:45:00,presencial
989,591,75,28.77,2026-01-09 10:01:00,online
990,294,127,21.25,2026-01-09 10:11:00,presencial
991,313,76,18.61,2026-01-09 10:25:00,presencial
992,511,136,40.61,2026-01-09 10:55:00,online
993,596,59,3.11,2026-01-09 11:19:00,presencial
994,438,81,6.16,2026-01-09 11:34:00,online
995,419,176,108.21,2026-01-09 11:47:00,online
996,526,49,52.57,2026-01-09 12:07:00,presencial
997,588,101,20.17,2026-01-09 12:07:00,presencial
998,441,144,130.49,2026-01-09 12:20:00,online
999,176,73,22.13,2026-01-09 12:26:00,online
1000,386,61,23.63,2026-01-09 12:36:00,presencial
1001,142,140,18.88,2026-01-09 12:37:00,presencial
1002,301,15,364.05,2026-01-09 12:38:00,presencial
1003,267,54,57.89,2026-01-09 12:41:00,presencial
1004,593,82,55.44,2026-01-09 13:05:00,online
1005,333,44,74.67,2026-01-09 13:07:00,online
1006,576,108,5.82,2026-01-09 13:24:00,online
1007,485,124,23.26,2026-01-09 13:57:00,online
1008,510,194,73.74,2026-01-09 14:24:00,online
1009,102,121,44.5,2026-01-09 14:42:00,presencial
1010,466,119,505.71,2026-01-09 14:50:00,presencial
1011,151,146,24.81,2026-01-09 14:58:00,presencial
1012,347,42,126.15,2026-01-09 15:45:00,presencial
1013,292,95,108.48,2026-01-09 15:49:00,online
1014,156,167,52.31,2026-01-09 16:04:00,online
1015,591,36,63.87,2026-01-09 16:05:00,presencial
1016,526,59,32.49,2026-01-09 16:33:00,presencial
1017,345,44,5.1,2026-01-09 16:56:00,presencial
1018,7,192,65.63,2026-01-09 17:23:00,presencial
1019,110,71,71.61,2026-01-09 17:29:00,online
1020,137,66,85.13,2026-01-09 17:51:00,online
1021,584,164,47.91,2026-01-09 18:09:00,presencial
1022,243,182,129.99,2026-01-09 18:14:00,online
1023,29,1,17.24,2026-01-09 18:28:00,online
1024,352,176,224.8,2026-01-09 19:04:00,presencial
1025,571,142,15.08,2026-01-09 19:08:00,presencial
1026,337,173,39.7,2026-01-09 19:23:00,presencial
1027,267,18,94.53,2026-01-09 19:37:00,online
1028,106,8,25.37,2026-01-09 19:53:00,online
1029,528,68,101.89,2026-01-09 19:59:00,online
1030,63,170,30.66,2026-01-09 20:11:00,online
1031,561,100,50.9,2026-01-09 20:20:00,presencial
1032,134,145,36.63,2026-01-09 20:23:00,presencial
1033,83,50,23.7,2026-01-09 20:24:00,presencial
1034,210,67,531.75,2026-01-09 20:43:00,online
1035,3,176,17.75,2026-01-09 20:55:00,presencial
1036,9,99,3.62,2026-01-09 21:38:00,online
1037,112,156,18.47,2026-01-09 21:39:00,presencial
1038,416,128,51.65,2026-01-09 21:59:00,presencial
1039,489,36,29.53,2026-01-09 22:01:00,online
1040,149,189,137.06,2026-01-09 22:20:00,online
1041,387,190,131.68,2026-01-09 22:42:00,online
1042,211,157,31.49,2026-01-09 22:52:00,presencial
1043,260,94,7.03,2026-01-09 22:52:00,presencial
1044,201,86,10.9,2026-01-09 23:15:00,presencial
1045,535,60,43.15,2026-01-09 23:19:00,presencial
1046,308,130,8.0,2026-01-09 23:32:00,presencial
1047,304,63,29.83,2026-01-10 00:06:00,presencial
1048,516,38,213.46,2026-01-10 00:17:00,online
1049,395,13,65.18,2026-01-10 00:27:00,presencial
1050,90,85,47.0,2026-01-10 00:42:00,presencial
1051,114,164,14.23,2026-01-10 01:10:00,online
1052,205,159,54.59,2026-01-10 01:29:00,presencial
1053,59,170,33.64,2026-01-10 01:38:00,presencial
1054,416,122,58.12,2026-01-10 01:43:00,presencial
1055,298,174,99.47,2026-01-10 01:44:00,presencial
1056,27,157,120.05,2026-01-10 02:14:00,online
1057,241,162,51.51,2026-01-10 02:17:00,presencial
1058,498,102,78.5,2026-01-10 02:18:00,presencial
1059,545,18,25.45,2026-01-10 02:22:00,presencial
1060,578,77,155.37,2026-01-10 02:24:00,presencial
1061,554,170,16.85,2026-01-10 02:34:00,presencial
1062,365,149,35.58,2026-01-10 02:52:00,presencial
1063,557,3,174.21,2026-01-10 03:14:00,presencial
1064,574,19,26.32,2026-01-10 03:36:00,online
1065,382,132,10.23,2026-01-10 03:43:00,presencial
1066,248,196,28.45,2026-01-10 03:48:00,presencial
1067,580,147,206.63,2026-01-10 03:54:00,presencial
1068,250,190,3.68,2026-01-10 04:04:00,presencial
1069,100,14,50.03,2026-01-10 04:07:00,presencial
1070,64,177,22.26,2026-01-10 04:08:00,presencial
1071,341,26,37.17,2026-01-10 04:38:00,presencial
1072,22,177,30.47,2026-01-10 05:55:00,presencial
1073,72,195,128.58,2026-01-10 05:57:00,presencial
1074,147,103,47.43,2026-01-10 06:07:00,presencial
1075,318,107,135.86,2026-01-10 06:16:00,presencial
1076,287,100,183.56,2026-01-10 06:37:00,presencial
1077,307,111,46.2,2026-01-10 06:49:00,online
1078,305,165,30.1,2026-01-10 06:56:00,online
1079,597,57,67.69,2026-01-10 07:09:00,online
1080,131,57,83.7,2026-01-10 07:13:00,presencial
1081,285,194,12.57,2026-01-10 07:16:00,presencial
1082,368,170,57.96,2026-01-10 07:26:00,online
1083,165,109,33.82,2026-01-10 07:32:00,presencial
1084,109,41,28.15,2026-01-10 07:33:00,online
1085,28,192,20.9,2026-01-10 07:35:00,online
1086,196,176,22.46,2026-01-10 07:47:00,presencial
1087,153,66,177.9,2026-01-10 08:15:00,presencial
1088,118,109,29.95,2026-01-10 08:26:00,presencial
1089,163,84,157.3,2026-01-10 08:27:00,presencial
1090,418,169,51.63,2026-01-10 08:53:00,online
1091,497,138,12.86,2026-01-10 09:01:00,presencial
1092,310,99,55.14,2026-01-10 09:28:00,presencial
1093,40,194,12.1,2026-01-10 09:34:00,presencial
1094,442,122,87.17,2026-01-10 09:39:00,online
1095,92,97,35.57,2026-01-10 09:51:00,presencial
1096,35,186,114.51,2026-01-10 09:56:00,presencial
1097,342,90,216.35,2026-01-10 10:10:00,online
1098,256,84,6.63,2026-01-10 10:31:00,online
1099,188,78,26.92,2026-01-10 10:35:00,online
1100,581,45,11.82,2026-01-10 10:36:00,online
1101,55,56,480.14,2026-01-10 10:50:00,online
1102,33,19,27.54,2026-01-10 11:07:00,online
1103,353,146,10.52,2026-01-10 11:21:00,online
1104,252,118,525.51,2026-01-10 11:58:00,presencial
1105,481,187,20.11,2026-01-10 12:07:00,online
1106,25,123,7.51,2026-01-10 13:05:00,online
1107,252,17,12.5,2026-01-10 13:34:00,presencial
1108,88,125,52.33,2026-01-10 13:38:00,online
1109,25,36,47.01,2026-01-10 13:39:00,online
1110,278,8,17.82,2026-01-10 14:13:00,presencial
1111,441,133,26.22,2026-01-10 14:21:00,presencial
1112,95,6,47.39,2026-01-10 14:24:00,presencial
1113,506,82,191.77,2026-01-10 14:28:00,online
1114,312,180,64.5,2026-01-10 14:41:00,online
1115,289,52,24.06,2026-01-10 16:03:00,presencial
1116,554,140,34.77,2026-01-10 16:18:00,online
1117,198,76,104.24,2026-01-10 16:25:00,online
1118,121,23,283.74,2026-01-10 16:31:00,online
1119,472,40,13.26,2026-01-10 16:34:00,presencial
1120,65,15,152.25,2026-01-10 16:36:00,presencial
1121,524,31,31.69,2026-01-10 16:39:00,presencial
1122,496,33,7.49,2026-01-10 17:30:00,presencial
1123,587,177,6.02,2026-01-10 17:41:00,presencial
1124,277,162,193.95,2026-01-10 18:01:00,presencial
1125,374,71,221.12,2026-01-10 18:01:00,online
1126,530,145,23.9,2026-01-10 18:07:00,online
1127,79,41,35.4,2026-01-10 18:32:00,presencial
1128,184,128,6.29,2026-01-10 18:37:00,online
1129,284,41,103.36,2026-01-10 18:55:00,presencial
1130,377,129,43.33,2026-01-10 19:10:00,presencial
1131,408,72,8.11,2026-01-10 19:12:00,presencial
1132,554,172,55.99,2026-01-10 19:29:00,presencial
1133,294,168,9.7,2026-01-10 19:37:00,online
1134,104,67,82.54,2026-01-10 19:49:00,presencial
1135,114,9,13.58,2026-01-10 20:01:00,presencial
1136,481,65,64.77,2026-01-10 20:15:00,presencial
1137,277,57,21.79,2026-01-10 20:17:00,online
1138,379,86,3.31,2026-01-10 20:28:00,presencial
1139,338,115,133.72,2026-01-10 20:37:00,online
1140,488,198,142.03,2026-01-10 21:05:00,presencial
1141,132,13,25.18,2026-01-10 21:16:00,presencial
1142,103,111,60.45,2026-01-10 21:19:00,presencial
1143,441,35,72.38,2026-01-10 22:07:00,online
1144,261,110,75.0,2026-01-10 22:25:00,online
1145,490,128,298.32,2026-01-10 22:28:00,presencial
1146,78,162,70.7,2026-01-10 22:30:00,presencial
1147,164,112,30.16,2026-01-10 22:34:00,presencial
1148,577,36,71.57,2026-01-10 22:41:00,online
1149,507,183,27.86,2026-01-10 22:46:00,online
1150,38,82,13.84,2026-01-10 23:17:00,presencial
1151,491,96,171.01,2026-01-10 23:28:00,presencial
1152,40,129,80.45,2026-01-10 23:38:00,presencial
1153,73,53,5.77,2026-01-10 23:40:00,online
1154,539,198,21.07,2026-01-10 23:41:00,presencial
1155,76,9,102.86,2026-01-10 23:46:00,presencial
1156,181,31,8.0,2026-01-11 00:08:00,online
1157,82,199,19.53,2026-01-11 00:38:00,presencial
1158,359,91,835.19,2026-01-11 01:32:00,online
1159,35,179,31.06,2026-01-11 01:33:00,presencial
1160,173,182,147.08,2026-01-11 01:39:00,online
1161,196,199,232.88,2026-01-11 02:26:00,presencial
1162,390,146,16.46,2026-01-11 02:32:00,presencial
1163,298,137,59.92,2026-01-11 02:34:00,online
1164,116,123,430.39,2026-01-11 02:36:00,online
1165,279,137,74.1,2026-01-11 03:08:00,presencial
1166,276,52,603.09,2026-01-11 03:10:00,online
1167,213,164,22.19,2026-01-11 03:19:00,presencial
1168,321,38,322.73,2026-01-11 03:20:00,presencial
1169,196,96,45.53,2026-01-11 04:14:00,presencial
1170,201,75,31.18,2026-01-11 04:43:00,presencial
1171,471,153,90.38,2026-01-11 05:00:00,presencial
1172,152,52,39.54,2026-01-11 05:07:00,online
1173,198,42,40.73,2026-01-11 05:17:00,online
1174,85,162,76.23,2026-01-11 05:27:00,presencial
1175,419,98,6.12,2026-01-11 05:42:00,online
1176,424,145,18.57,2026-01-11 05:51:00,presencial
1177,407,176,98.98,2026-01-11 06:00:00,presencial
1178,101,168,133.04,2026-01-11 06:26:00,presencial
1179,271,80,66.22,2026-01-11 06:29:00,presencial
1180,176,35,60.55,2026-01-11 06:39:00,online
1181,459,193,69.59,2026-01-11 06:41:00,presencial
1182,203,62,128.2,2026-01-11 06:54:00,online
1183,250,154,9.31,2026-01-11 07:29:00,presencial
1184,273,154,25.52,2026-01-11 07:32:00,presencial
1185,457,89,41.19,2026-01-11 07:41:00,presencial
1186,422,33,55.44,2026-01-11 07:47:00,online
1187,492,95,4.39,2026-01-11 07:57:00,presencial
1188,257,30,11.21,2026-01-11 08:19:00,presencial
1189,492,71,43.89,2026-01-11 08:35:00,presencial
1190,523,77,136.25,2026-01-11 08:36:00,online
1191,315,104,28.19,2026-01-11 08:38:00,presencial
1192,408,38,21.46,2026-01-11 08:50:00,online
1193,546,170,79.96,2026-01-11 08:56:00,presencial
1194,504,16,31.16,2026-01-11 08:59:00,presencial
1195,166,198,117.8,2026-01-11 08:59:00,online
1196,430,63,35.04,2026-01-11 09:13:00,presencial
1197,268,98,13.11,2026-01-11 09:32:00,presencial
1198,90,176,213.29,2026-01-11 09:56:00,online
1199,224,131,174.34,2026-01-11 10:18:00,presencial
1200,587,12,15.63,2026-01-11 10:19:00,presencial
1201,575,121,69.08,2026-01-11 10:21:00,presencial
1202,472,114,31.21,2026-01-11 10:40:00,online
1203,595,187,88.32,2026-01-11 10:43:00,presencial
1204,344,113,17.06,2026-01-11 10:58:00,online
1205,455,199,116.63,2026-01-11 11:09:00,online
1206,100,107,166.41,2026-01-11 11:16:00,online
1207,180,39,15.77,2026-01-11 11:43:00,presencial
1208,104,102,48.16,2026-01-11 12:21:00,online
1209,563,184,170.3,2026-01-11 12:31:00,online
1210,369,4,14.86,2026-01-11 12:31:00,presencial
1211,560,80,21.42,2026-01-11 12:53:00,online
1212,250,10,92.57,2026-01-11 13:26:00,presencial
1213,243,169,37.46,2026-01-11 13:38:00,presencial
1214,406,103,7.9,2026-01-11 13:39:00,online
1215,341,144,31.43,2026-01-11 13:58:00,presencial
1216,224,194,305.24,2026-01-11 14:01:00,presencial
1217,191,167,432.32,2026-01-11 14:13:00,presencial
1218,308,82,22.18,2026-01-11 14:30:00,presencial
1219,46,187,16.37,2026-01-11 14:46:00,online
1220,113,95,27.01,2026-01-11 15:02:00,online
1221,27,196,324.44,2026-01-11 15:26:00,online
1222,94,197,112.88,2026-01-11 15:29:00,online
1223,120,45,223.74,2026-01-11 15:34:00,presencial
1224,46,156,134.1,2026-01-11 15:45:00,presencial
1225,34,140,10.47,2026-01-11 16:18:00,online
1226,492,155,15.74,2026-01-11 16:26:00,online
1227,110,34,20.78,2026-01-11 16:37:00,online
1228,334,101,25.17,2026-01-11 16:47:00,online
1229,60,31,21.2,2026-01-11 16:48:00,presencial
1230,569,180,24.09,2026-01-11 16:58:00,online
1231,144,175,90.43,2026-01-11 17:07:00,presencial
1232,450,117,51.9,2026-01-11 17:17:00,presencial
1233,385,26,171.02,2026-01-11 17:48:00,online
1234,462,132,58.97,2026-01-11 18:07:00,online
1235,378,88,21.24,2026-01-11 18:20:00,presencial
1236,306,158,55.0,2026-01-11 18:22:00,online
1237,464,20,8.48,2026-01-11 18:26:00,online
1238,490,82,3.51,2026-01-11 18:26:00,presencial
1239,228,73,90.7,2026-01-11 18:36:00,presencial
1240,566,191,137.02,2026-01-11 18:45:00,presencial
1241,593,60,48.39,2026-01-11 18:55:00,presencial
1242,434,198,29.07,2026-01-11 19:05:00,presencial
1243,558,185,10.22,2026-01-11 19:09:00,presencial
1244,64,118,161.36,2026-01-11 20:11:00,presencial
1245,325,35,76.84,2026-01-11 20:37:00,presencial
1246,391,45,61.58,2026-01-11 21:02:00,presencial
1247,557,4,44.46,2026-01-11 21:12:00,online
1248,73,155,26.67,2026-01-11 21:29:00,presencial
1249,484,146,13.14,2026-01-11 21:46:00,presencial
1250,47,65,59.03,2026-01-11 21:47:00,presencial
1251,215,147,24.72,2026-01-11 21:51:00,online
1252,416,116,28.04,2026-01-11 21:55:00,presencial
1253,175,164,295.78,2026-01-11 21:58:00,online
1254,501,18,42.4,2026-01-11 22:03:00,presencial
1255,559,40,3.01,2026-01-11 22:15:00,presencial
1256,96,162,24.8,2026-01-11 22:47:00,presencial
1257,155,74,14.86,2026-01-11 22:51:00,online
1258,45,192,38.35,2026-01-11 22:55:00,online
1259,427,177,9.33,2026-01-11 23:20:00,presencial
1260,532,19,72.02,2026-01-12 00:04:00,online
1261,361,81,32.28,2026-01-12 00:04:00,presencial
1262,80,147,26.49,2026-01-12 00:09:00,presencial
1263,105,28,52.7,2026-01-12 00:25:00,online
1264,22,173,41.09,2026-01-12 00:31:00,presencial
1265,294,20,38.54,2026-01-12 00:42:00,online
1266,433,22,34.93,2026-01-12 00:50:00,presencial
1267,91,109,43.71,2026-01-12 00:54:00,presencial
1268,509,50,65.2,2026-01-12 01:34:00,presencial
1269,152,128,56.81,2026-01-12 01:47:00,online
1270,309,79,154.4,2026-01-12 02:05:00,online
1271,401,55,24.5,2026-01-12 02:12:00,online
1272,324,168,58.09,2026-01-12 02:30:00,online
1273,287,32,658.99,2026-01-12 03:01:00,online
1274,203,99,42.73,2026-01-12 03:06:00,presencial
1275,259,34,44.59,2026-01-12 03:20:00,online
1276,144,28,11.14,2026-01-12 03:37:00,presencial
1277,177,42,20.4,2026-01-12 04:06:00,presencial
1278,454,52,39.77,2026-01-12 04:09:00,online
1279,530,83,80.38,2026-01-12 04:26:00,presencial
1280,510,94,91.29,2026-01-12 05:08:00,presencial
1281,199,28,64.0,2026-01-12 05:15:00,online
1282,193,8,108.26,2026-01-12 05:22:00,online
1283,35,19,14.89,2026-01-12 05:57:00,presencial
1284,165,127,76.54,2026-01-12 06:13:00,presencial
1285,352,195,45.36,2026-01-12 06:18:00,presencial
1286,161,6,51.28,2026-01-12 06:43:00,presencial
1287,441,7,30.01,2026-01-12 06:53:00,presencial
1288,31,157,15.67,2026-01-12 07:06:00,online
1289,248,145,11.74,2026-01-12 07:08:00,presencial
1290,169,147,63.61,2026-01-12 07:41:00,presencial
1291,297,35,77.3,2026-01-12 07:44:00,presencial
1292,16,174,38.76,2026-01-12 07:49:00,online
1293,252,125,43.98,2026-01-12 07:51:00,online
1294,474,32,20.24,2026-01-12 08:39:00,online
1295,515,24,77.74,2026-01-12 09:08:00,online
1296,154,121,47.78,2026-01-12 09:11:00,presencial
1297,258,156,29.9,2026-01-12 09:11:00,presencial
1298,415,157,115.9,2026-01-12 09:19:00,presencial
1299,279,118,90.88,2026-01-12 09:23:00,presencial
1300,326,104,8.25,2026-01-12 09:34:00,presencial
1301,205,140,47.18,2026-01-12 09:44:00,online
1302,503,27,15.58,2026-01-12 09:55:00,presencial
1303,379,73,52.12,2026-01-12 09:59:00,presencial
1304,577,20,1.4,2026-01-12 10:27:00,presencial
1305,468,168,55.53,2026-01-12 10:27:00,presencial
1306,221,122,97.83,2026-01-12 10:49:00,presencial
1307,197,156,39.57,2026-01-12 11:01:00,online
1308,54,100,12.41,2026-01-12 11:20:00,presencial
1309,374,186,384.52,2026-01-12 11:24:00,online
1310,450,186,159.42,2026-01-12 11:31:00,online
1311,213,124,24.92,2026-01-12 11:50:00,presencial
1312,13,167,33.54,2026-01-12 12:04:00,presencial
1313,496,132,5.06,2026-01-12 12:21:00,presencial
1314,134,145,75.24,2026-01-12 12:25:00,online
1315,350,50,9.91,2026-01-12 12:29:00,online
1316,32,197,93.04,2026-01-12 12:40:00,presencial
1317,38,37,138.18,2026-01-12 13:02:00,presencial
1318,539,139,41.38,2026-01-12 13:18:00,online
1319,404,122,13.86,2026-01-12 13:22:00,presencial
1320,4,19,176.61,2026-01-12 13:26:00,presencial
1321,61,155,44.81,2026-01-12 13:34:00,online
1322,296,16,49.53,2026-01-12 13:59:00,online
1323,409,102,16.04,2026-01-12 14:00:00,online
1324,255,164,55.28,2026-01-12 14:08:00,online
1325,524,26,35.76,2026-01-12 14:12:00,online
1326,392,73,10.37,2026-01-12 14:27:00,presencial
1327,369,102,195.19,2026-01-12 14:59:00,presencial
1328,174,185,309.52,2026-01-12 15:12:00,presencial
1329,410,77,137.01,2026-01-12 15:37:00,online
1330,525,24,116.25,2026-01-12 15:39:00,online
1331,30,27,311.57,2026-01-12 15:44:00,online
1332,441,40,14.12,2026-01-12 15:58:00,presencial
1333,528,174,13.94,2026-01-12 16:14:00,presencial
1334,260,155,28.34,2026-01-12 16:19:00,presencial
1335,460,84,62.03,2026-01-12 16:34:00,online
1336,215,170,32.4,2026-01-12 16:57:00,online
1337,116,184,14.56,2026-01-12 17:08:00,online
1338,490,174,44.98,2026-01-12 17:13:00,presencial
1339,187,1,40.29,2026-01-12 17:29:00,presencial
1340,455,20,112.78,2026-01-12 17:35:00,presencial
1341,190,146,46.95,2026-01-12 17:43:00,presencial
1342,240,77,5.5,2026-01-12 17:46:00,presencial
1343,412,32,68.31,2026-01-12 17:59:00,online
1344,205,130,254.67,2026-01-12 18:23:00,online
1345,485,72,46.15,2026-01-12 19:04:00,online
1346,24,184,132.38,2026-01-12 19:46:00,presencial
1347,8,116,25.65,2026-01-12 19:46:00,presencial
1348,50,48,83.29,2026-01-12 19:58:00,presencial
1349,154,187,19.71,2026-01-12 20:24:00,presencial
1350,33,121,34.08,2026-01-12 20:29:00,presencial
1351,229,60,34.38,2026-01-12 20:45:00,presencial
1352,15,29,75.52,2026-01-12 20:46:00,online
1353,454,112,18.06,2026-01-12 20:54:00,online
1354,92,150,8.92,2026-01-12 21:11:00,online
1355,584,168,74.97,2026-01-12 21:12:00,presencial
1356,515,26,71.94,2026-01-12 21:19:00,presencial
1357,417,87,50.59,2026-01-12 21:23:00,presencial
1358,479,200,124.73,2026-01-12 21:27:00,online
1359,465,133,35.77,2026-01-12 22:03:00,presencial
1360,508,19,60.92,2026-01-12 22:28:00,presencial
1361,334,184,30.42,2026-01-12 22:38:00,presencial
1362,375,138,33.63,2026-01-12 22:38:00,presencial
1363,282,93,64.99,2026-01-12 22:50:00,presencial
1364,375,156,540.92,2026-01-12 23:13:00,presencial
1365,229,130,101.14,2026-01-12 23:24:00,presencial
1366,75,52,81.73,2026-01-12 23:39:00,online
1367,559,160,104.67,2026-01-12 23:46:00,presencial
1368,420,51,3.38,2026-01-12 23:50:00,presencial
1369,423,46,63.5,2026-01-12 23:52:00,online
1370,169,120,121.7,2026-01-13 00:04:00,online
1371,463,4,49.05,2026-01-13 00:10:00,presencial
1372,312,127,42.63,2026-01-13 00:35:00,online
1373,46,111,15.9,2026-01-13 00:41:00,presencial
1374,573,145,27.75,2026-01-13 01:20:00,online
1375,596,32,17.87,2026-01-13 01:23:00,online
1376,523,117,134.22,2026-01-13 01:36:00,presencial
1377,285,89,233.19,2026-01-13 02:06:00,presencial
1378,140,35,375.62,2026-01-13 02:08:00,presencial
1379,7,91,17.55,2026-01-13 02:21:00,online
1380,442,185,21.43,2026-01-13 02:22:00,online
1381,535,165,19.6,2026-01-13 02:42:00,presencial
1382,63,34,14.58,2026-01-13 02:45:00,presencial
1383,411,170,14.84,2026-01-13 03:03:00,online
1384,17,114,25.35,2026-01-13 03:16:00,presencial
1385,466,10,116.97,2026-01-13 03:29:00,presencial
1386,17,185,20.3,2026-01-13 03:40:00,presencial
1387,586,106,142.36,2026-01-13 03:43:00,presencial
1388,103,183,201.18,2026-01-13 03:49:00,presencial
1389,241,20,61.17,2026-01-13 04:07:00,online
1390,417,34,172.78,2026-01-13 04:12:00,presencial
1391,508,181,10.0,2026-01-13 04:20:00,presencial
1392,218,48,24.19,2026-01-13 04:23:00,online
1393,589,110,55.06,2026-01-13 04:40:00,presencial
1394,10,121,57.14,2026-01-13 05:06:00,online
1395,283,190,215.33,2026-01-13 05:20:00,online
1396,593,68,14.9,2026-01-13 05:26:00,presencial
1397,165,151,24.76,2026-01-13 05:46:00,online
1398,321,147,40.71,2026-01-13 06:01:00,online
1399,267,141,25.27,2026-01-13 06:02:00,presencial
1400,237,105,14.2,2026-01-13 06:42:00,online
1401,461,15,26.46,2026-01-13 06:43:00,presencial
1402,312,54,34.12,2026-01-13 06:43:00,online
1403,429,113,219.71,2026-01-13 06:53:00,online
1404,312,83,14.55,2026-01-13 07:15:00,online
1405,599,37,109.59,2026-01-13 07:16:00,presencial
1406,283,139,181.15,2026-01-13 07:37:00,online
1407,478,93,25.44,2026-01-13 07:37:00,presencial
1408,368,158,59.49,2026-01-13 07:57:00,online
1409,481,110,84.23,2026-01-13 08:10:00,presencial
1410,532,74,70.25,2026-01-13 08:26:00,presencial
1411,136,22,48.93,2026-01-13 08:41:00,online
1412,182,21,21.18,2026-01-13 08:44:00,presencial
1413,181,102,92.64,2026-01-13 08:56:00,online
1414,293,71,29.61,2026-01-13 09:12:00,presencial
1415,296,144,46.13,2026-01-13 09:20:00,presencial
1416,3,127,54.24,2026-01-13 09:39:00,online
1417,538,57,114.62,2026-01-13 09:48:00,online
1418,516,152,372.69,2026-01-13 09:52:00,presencial
1419,361,114,19.85,2026-01-13 10:40:00,online
1420,184,176,47.36,2026-01-13 10:41:00,presencial
1421,496,191,8.73,2026-01-13 10:43:00,online
1422,163,193,228.05,2026-01-13 11:03:00,online
1423,184,26,46.91,2026-01-13 11:19:00,presencial
1424,599,106,32.15,2026-01-13 11:24:00,presencial
1425,555,6,47.34,2026-01-13 11:48:00,presencial
1426,351,177,50.05,2026-01-13 11:50:00,online
1427,102,141,19.98,2026-01-13 11:52:00,presencial
1428,74,53,165.14,2026-01-13 11:52:00,presencial
1429,579,122,90.85,2026-01-13 12:07:00,presencial
1430,160,112,105.91,2026-01-13 12:16:00,online
1431,409,109,21.16,2026-01-13 12:43:00,online
1432,212,108,19.93,2026-01-13 12:45:00,presencial
1433,298,197,39.45,2026-01-13 12:50:00,presencial
1434,592,154,107.77,2026-01-13 12:52:00,presencial
1435,356,81,77.62,2026-01-13 13:12:00,online
1436,259,155,19.0,2026-01-13 13:33:00,online
1437,250,29,93.18,2026-01-13 13:35:00,online
1438,139,58,15.34,2026-01-13 13:35:00,presencial
1439,334,24,21.59,2026-01-13 13:42:00,presencial
1440,342,178,53.17,2026-01-13 13:48:00,presencial
1441,58,5,12.32,2026-01-13 13:52:00,online
1442,243,179,15.49,2026-01-13 14:06:00,online
1443,387,167,246.49,2026-01-13 14:14:00,presencial
1444,33,190,200.92,2026-01-13 14:24:00,presencial
1445,586,154,554.84,2026-01-13 14:37:00,presencial
1446,517,92,73.38,2026-01-13 14:53:00,presencial
1447,383,163,90.85,2026-01-13 15:05:00,online
1448,10,198,37.7,2026-01-13 15:24:00,presencial
1449,311,179,30.4,2026-01-13 15:37:00,online
1450,540,157,116.64,2026-01-13 15:44:00,online
1451,14,154,199.97,2026-01-13 15:47:00,presencial
1452,476,131,106.2,2026-01-13 15:49:00,presencial
1453,504,179,17.75,2026-01-13 16:27:00,presencial
1454,46,87,68.77,2026-01-13 16:30:00,online
1455,139,101,19.16,2026-01-13 16:31:00,presencial
1456,435,169,31.28,2026-01-13 16:32:00,online
1457,547,53,270.39,2026-01-13 16:38:00,online
1458,463,153,11.95,2026-01-13 16:49:00,online
1459,316,23,485.69,2026-01-13 16:58:00,online
1460,362,118,81.82,2026-01-13 16:59:00,presencial
1461,315,7,26.77,2026-01-13 17:12:00,online
1462,347,200,48.18,2026-01-13 17:14:00,presencial
1463,463,169,21.04,2026-01-13 17:15:00,presencial
1464,30,50,24.49,2026-01-13 17:28:00,presencial
1465,126,31,48.45,2026-01-13 17:34:00,presencial
1466,36,129,31.13,2026-01-13 17:51:00,presencial
1467,478,181,16.02,2026-01-13 17:59:00,presencial
1468,437,65,35.04,2026-01-13 18:28:00,presencial
1469,32,193,10.53,2026-01-13 18:43:00,online
1470,64,92,11.03,2026-01-13 18:52:00,presencial
1471,159,89,10.91,2026-01-13 18:52:00,presencial
1472,146,68,281.03,2026-01-13 19:05:00,presencial
1473,312,55,69.84,2026-01-13 19:16:00,presencial
1474,300,67,86.09,2026-01-13 19:26:00,online
1475,215,35,45.26,2026-01-13 19:46:00,presencial
1476,99,76,78.02,2026-01-13 19:51:00,presencial
1477,390,58,162.95,2026-01-13 19:53:00,presencial
1478,474,12,70.01,2026-01-13 20:02:00,presencial
1479,385,73,271.61,2026-01-13 20:20:00,online
1480,485,8,42.91,2026-01-13 20:35:00,presencial
1481,549,37,86.38,2026-01-13 21:00:00,online
1482,506,145,96.97,2026-01-13 21:09:00,presencial
1483,391,6,16.03,2026-01-13 21:15:00,online
1484,30,63,46.85,2026-01-13 21:21:00,presencial
1485,201,137,5.9,2026-01-13 21:58:00,presencial
1486,257,5,38.75,2026-01-13 22:04:00,presencial
1487,428,148,32.88,2026-01-13 22:09:00,presencial
1488,509,17,30.79,2026-01-13 22:16:00,presencial
1489,385,12,28.55,2026-01-13 22:17:00,online
1490,218,40,78.51,2026-01-13 22:19:00,online
1491,473,173,16.87,2026-01-13 22:23:00,presencial
1492,418,10,345.84,2026-01-13 22:26:00,presencial
1493,479,20,83.45,2026-01-13 22:37:00,presencial
1494,354,190,18.48,2026-01-13 22:50:00,online
1495,389,123,91.1,2026-01-13 23:01:00,presencial
1496,209,114,133.53,2026-01-13 23:09:00,presencial
1497,240,9,67.09,2026-01-13 23:44:00,online
1498,166,79,14.78,2026-01-14 00:39:00,presencial
1499,155,116,523.75,2026-01-14 00:58:00,online
1500,392,107,90.33,2026-01-14 01:00:00,presencial
1501,231,105,11.33,2026-01-14 01:06:00,online
1502,81,23,56.26,2026-01-14 01:27:00,presencial
1503,22,198,35.08,2026-01-14 01:35:00,online
1504,517,141,45.02,2026-01-14 02:35:00,presencial
1505,262,49,12.02,2026-01-14 02:43:00,presencial
1506,346,194,47.45,2026-01-14 03:11:00,online
1507,543,61,17.91,2026-01-14 03:32:00,presencial
1508,67,27,30.43,2026-01-14 03:39:00,presencial
1509,563,179,68.46,2026-01-14 03:50:00,presencial
1510,423,31,26.46,2026-01-14 04:08:00,presencial
1511,385,13,32.48,2026-01-14 04:20:00,online
1512,259,126,110.2,2026-01-14 04:24:00,online
1513,424,53,16.82,2026-01-14 04:24:00,presencial
1514,123,31,21.91,2026-01-14 04:25:00,presencial
1515,182,21,11.25,2026-01-14 04:25:00,presencial
1516,577,26,18.08,2026-01-14 04:26:00,online
1517,166,193,51.52,2026-01-14 05:17:00,presencial
1518,432,135,90.32,2026-01-14 05:24:00,presencial
1519,559,169,18.42,2026-01-14 05:30:00,presencial
1520,356,124,87.43,2026-01-14 05:40:00,online
1521,179,109,50.19,2026-01-14 05:45:00,online
1522,510,44,9.77,2026-01-14 05:52:00,online
1523,496,194,54.16,2026-01-14 05:58:00,online
1524,327,165,166.3,2026-01-14 06:00:00,online
1525,69,106,5.58,2026-01-14 06:21:00,online
1526,265,22,405.75,2026-01-14 06:26:00,presencial
1527,259,153,22.84,2026-01-14 06:51:00,presencial
1528,114,67,7.29,2026-01-14 07:05:00,presencial
1529,242,42,52.05,2026-01-14 07:18:00,online
1530,93,148,111.52,2026-01-14 07:22:00,presencial
1531,416,168,32.84,2026-01-14 07:45:00,presencial
1532,260,123,62.98,2026-01-14 07:48:00,online
1533,439,15,460.22,2026-01-14 07:51:00,presencial
1534,274,121,56.05,2026-01-14 07:55:00,online
1535,429,184,1188.84,2026-01-14 07:59:00,online
1536,440,138,179.66,2026-01-14 08:37:00,online
1537,97,54,47.31,2026-01-14 08:43:00,online
1538,266,130,61.6,2026-01-14 08:57:00,presencial
1539,450,50,31.46,2026-01-14 09:02:00,presencial
1540,356,175,58.82,2026-01-14 09:12:00,presencial
1541,133,170,82.91,2026-01-14 10:09:00,presencial
1542,500,114,28.66,2026-01-14 10:24:00,online
1543,120,28,9.8,2026-01-14 10:40:00,presencial
1544,597,81,191.22,2026-01-14 10:42:00,online
1545,425,25,130.43,2026-01-14 10:59:00,online
1546,194,154,9.4,2026-01-14 11:03:00,online
1547,117,137,53.95,2026-01-14 11:27:00,online
1548,542,52,138.35,2026-01-14 11:39:00,presencial
1549,315,172,123.48,2026-01-14 11:48:00,presencial
1550,484,152,20.83,2026-01-14 11:54:00,presencial
1551,500,188,131.67,2026-01-14 11:59:00,online
1552,41,56,45.45,2026-01-14 12:04:00,online
1553,411,35,68.55,2026-01-14 12:15:00,online
1554,201,97,16.26,2026-01-14 12:20:00,presencial
1555,545,54,0.41,2026-01-14 12:23:00,online
1556,132,148,19.01,2026-01-14 12:36:00,online
1557,21,86,80.66,2026-01-14 12:51:00,presencial
1558,399,126,35.66,2026-01-14 13:13:00,presencial
1559,332,35,91.4,2026-01-14 13:18:00,online
1560,334,18,150.92,2026-01-14 13:25:00,presencial
1561,158,188,31.08,2026-01-14 13:31:00,online
1562,297,90,27.89,2026-01-14 13:50:00,presencial
1563,579,28,4.03,2026-01-14 14:09:00,presencial
1564,459,163,8.15,2026-01-14 14:12:00,presencial
1565,591,27,10.24,2026-01-14 14:50:00,presencial
1566,200,200,82.46,2026-01-14 14:57:00,online
1567,523,78,31.42,2026-01-14 15:00:00,presencial
1568,230,94,24.84,2026-01-14 15:34:00,presencial
1569,562,52,21.9,2026-01-14 15:38:00,online
1570,520,18,18.97,2026-01-14 15:52:00,presencial
1571,99,82,123.45,2026-01-14 15:56:00,presencial
1572,584,74,49.54,2026-01-14 16:05:00,online
1573,365,90,133.01,2026-01-14 16:32:00,online
1574,466,98,4.0,2026-01-14 16:42:00,online
1575,348,127,80.32,2026-01-14 17:52:00,presencial
1576,131,15,26.25,2026-01-14 18:26:00,presencial
1577,591,73,32.8,2026-01-14 18:42:00,online
1578,68,173,197.97,2026-01-14 19:04:00,online
1579,486,191,29.11,2026-01-14 19:20:00,online
1580,126,108,76.79,2026-01-14 19:31:00,presencial
1581,472,74,14.59,2026-01-14 19:31:00,online
1582,254,84,46.51,2026-01-14 19:33:00,online
1583,142,157,7.77,2026-01-14 20:03:00,online
1584,143,80,41.97,2026-01-14 20:05:00,presencial
1585,192,189,68.3,2026-01-14 20:14:00,presencial
1586,541,6,150.96,2026-01-14 20:30:00,presencial
1587,462,122,18.18,2026-01-14 20:35:00,online
1588,403,104,24.98,2026-01-14 20:38:00,online
1589,378,91,22.01,2026-01-14 21:09:00,presencial
1590,251,96,33.8,2026-01-14 21:17:00,presencial
1591,541,32,15.48,2026-01-14 21:24:00,online
1592,165,70,4.17,2026-01-14 21:47:00,presencial
1593,566,71,14.2,2026-01-14 22:06:00,online
1594,229,132,42.36,2026-01-14 22:26:00,presencial
1595,205,120,37.98,2026-01-14 22:31:00,online
1596,286,83,82.05,2026-01-14 22:35:00,presencial
1597,450,104,112.89,2026-01-14 22:37:00,online
1598,429,115,27.26,2026-01-14 23:01:00,presencial
1599,461,10,7.81,2026-01-14 23:31:00,presencial
1600,54,178,69.65,2026-01-14 23:51:00,presencial
1601,97,179,44.22,2026-01-14 23:58:00,presencial
1602,510,73,33.64,2026-01-15 00:04:00,presencial
1603,589,153,171.14,2026-01-15 00:15:00,online
1604,77,80,73.38,2026-01-15 00:49:00,presencial
1605,543,14,51.17,2026-01-15 01:22:00,online
1606,158,174,53.53,2026-01-15 01:38:00,presencial
1607,588,54,113.83,2026-01-15 01:43:00,presencial
1608,597,72,20.94,2026-01-15 01:55:00,presencial
1609,383,116,16.98,2026-01-15 02:04:00,online
1610,115,88,34.55,2026-01-15 02:30:00,presencial
1611,473,54,12.23,2026-01-15 03:03:00,presencial
1612,61,161,42.52,2026-01-15 03:18:00,presencial
1613,201,72,49.73,2026-01-15 03:20:00,presencial
1614,384,119,41.44,2026-01-15 03:46:00,presencial
1615,41,134,30.04,2026-01-15 03:47:00,presencial
1616,236,187,275.42,2026-01-15 04:10:00,online
1617,479,96,125.8,2026-01-15 04:17:00,presencial
1618,56,95,40.17,2026-01-15 04:18:00,presencial
1619,221,183,49.52,2026-01-15 04:29:00,online
1620,3,96,203.16,2026-01-15 04:50:00,presencial
1621,395,60,23.5,2026-01-15 04:54:00,presencial
1622,48,9,15.45,2026-01-15 05:01:00,online
1623,169,65,57.37,2026-01-15 05:34:00,presencial
1624,314,40,70.48,2026-01-15 05:34:00,online
1625,129,61,76.51,2026-01-15 05:36:00,online
1626,139,108,111.11,2026-01-15 05:42:00,online
1627,501,105,19.97,2026-01-15 05:51:00,presencial
1628,467,38,9.49,2026-01-15 05:59:00,online
1629,49,93,23.5,2026-01-15 06:13:00,presencial
1630,515,91,84.78,2026-01-15 06:17:00,online
1631,281,9,16.21,2026-01-15 06:38:00,presencial
1632,87,57,5.33,2026-01-15 07:24:00,presencial
1633,545,145,52.39,2026-01-15 07:27:00,presencial
1634,203,5,23.96,2026-01-15 07:34:00,presencial
1635,196,61,6.69,2026-01-15 07:35:00,presencial
1636,88,96,48.52,2026-01-15 07:55:00,online
1637,532,34,29.23,2026-01-15 07:59:00,online
1638,173,130,282.47,2026-01-15 08:17:00,online
1639,356,144,49.29,2026-01-15 08:27:00,online
1640,144,68,85.17,2026-01-15 08:35:00,presencial
1641,538,47,43.86,2026-01-15 09:13:00,presencial
1642,473,156,23.17,2026-01-15 09:20:00,online
1643,302,44,26.14,2026-01-15 09:41:00,online
1644,208,30,146.8,2026-01-15 09:53:00,online
1645,394,7,101.75,2026-01-15 10:02:00,presencial
1646,298,19,8.69,2026-01-15 10:14:00,presencial
1647,565,175,11.32,2026-01-15 10:47:00,online
1648,405,187,12.03,2026-01-15 10:48:00,presencial
1649,17,110,143.47,2026-01-15 11:13:00,presencial
1650,494,185,6.66,2026-01-15 11:17:00,presencial
1651,116,142,106.18,2026-01-15 11:57:00,presencial
1652,181,82,69.28,2026-01-15 12:07:00,online
1653,262,143,52.54,2026-01-15 12:32:00,presencial
1654,126,84,26.57,2026-01-15 12:46:00,online
1655,566,193,165.25,2026-01-15 12:56:00,online
1656,588,171,50.64,2026-01-15 12:59:00,presencial
1657,94,169,9.13,2026-01-15 13:07:00,online
1658,193,107,11.79,2026-01-15 13:08:00,presencial
1659,223,104,7.32,2026-01-15 13:15:00,presencial
1660,403,24,167.4,2026-01-15 13:48:00,presencial
1661,359,131,214.15,2026-01-15 14:35:00,online
1662,407,23,147.66,2026-01-15 14:44:00,presencial
1663,19,109,38.19,2026-01-15 14:49:00,presencial
1664,309,27,9.31,2026-01-15 15:03:00,online
1665,127,96,14.02,2026-01-15 15:10:00,online
1666,138,157,15.06,2026-01-15 15:27:00,online
1667,465,62,42.51,2026-01-15 15:49:00,presencial
1668,85,121,205.65,2026-01-15 15:56:00,online
1669,19,52,204.77,2026-01-15 16:00:00,online
1670,293,60,26.12,2026-01-15 16:24:00,presencial
1671,442,37,3.82,2026-01-15 16:33:00,presencial
1672,307,33,12.38,2026-01-15 16:34:00,presencial
1673,97,75,165.25,2026-01-15 16:38:00,online
1674,465,25,57.67,2026-01-15 17:03:00,online
1675,230,179,30.23,2026-01-15 17:25:00,presencial
1676,426,149,28.0,2026-01-15 17:53:00,presencial
1677,122,45,19.57,2026-01-15 18:15:00,online
1678,548,178,11.89,2026-01-15 18:19:00,online
1679,171,74,436.71,2026-01-15 18:34:00,online
1680,583,107,295.99,2026-01-15 18:44:00,presencial
1681,227,140,18.1,2026-01-15 19:35:00,online
1682,437,155,6.49,2026-01-15 20:01:00,presencial
1683,302,2,53.83,2026-01-15 20:01:00,presencial
1684,46,57,38.01,2026-01-15 20:05:00,online
1685,59,68,89.21,2026-01-15 20:12:00,presencial
1686,244,118,114.44,2026-01-15 20:25:00,presencial
1687,116,175,12.34,2026-01-15 20:50:00,presencial
1688,366,88,182.77,2026-01-15 21:01:00,online
1689,83,93,30.31,2026-01-15 21:53:00,presencial
1690,355,18,87.24,2026-01-15 22:00:00,presencial
1691,123,106,33.53,2026-01-15 22:08:00,presencial
1692,109,98,123.31,2026-01-15 22:17:00,online
1693,221,128,3.33,2026-01-15 22:27:00,online
1694,350,170,100.7,2026-01-15 22:54:00,online
1695,240,114,17.9,2026-01-15 22:55:00,online
1696,210,11,48.46,2026-01-15 22:55:00,online
1697,205,164,175.77,2026-01-15 23:17:00,presencial
1698,204,96,18.48,2026-01-15 23:25:00,presencial
1699,243,98,15.55,2026-01-15 23:41:00,online
1700,501,175,29.69,2026-01-15 23:42:00,presencial
1701,347,118,27.7,2026-01-15 23:48:00,presencial
1702,254,159,14.08,2026-01-16 00:08:00,presencial
1703,450,177,50.24,2026-01-16 00:41:00,online
1704,317,99,53.2,2026-01-16 00:43:00,presencial
1705,570,197,74.39,2026-01-16 00:43:00,presencial
1706,338,35,18.15,2026-01-16 00:59:00,online
1707,130,175,15.83,2026-01-16 00:59:00,online
1708,338,170,39.23,2026-01-16 01:10:00,presencial
1709,465,20,34.14,2026-01-16 01:45:00,online
1710,128,31,34.87,2026-01-16 02:02:00,presencial
1711,122,8,20.53,2026-01-16 02:17:00,presencial
1712,360,56,64.27,2026-01-16 02:22:00,online
1713,531,199,15.85,2026-01-16 02:33:00,online
1714,201,25,39.08,2026-01-16 03:39:00,online
1715,305,7,31.91,2026-01-16 04:04:00,presencial
1716,394,92,43.09,2026-01-16 04:22:00,presencial
1717,399,71,164.65,2026-01-16 04:25:00,presencial
1718,88,126,10.53,2026-01-16 04:57:00,presencial
1719,238,122,3.22,2026-01-16 05:47:00,presencial
1720,597,166,23.25,2026-01-16 06:09:00,presencial
1721,534,83,12.6,2026-01-16 06:13:00,presencial
1722,464,93,1.63,2026-01-16 06:29:00,presencial
1723,15,5,305.21,2026-01-16 06:34:00,presencial
1724,251,195,82.74,2026-01-16 06:35:00,presencial
1725,31,43,93.12,2026-01-16 06:50:00,presencial
1726,181,120,32.65,2026-01-16 06:50:00,presencial
1727,519,177,71.02,2026-01-16 06:59:00,presencial
1728,233,121,28.08,2026-01-16 07:05:00,presencial
1729,102,126,109.48,2026-01-16 07:17:00,presencial
1730,433,36,55.04,2026-01-16 07:18:00,presencial
1731,456,142,42.94,2026-01-16 07:25:00,online
1732,394,39,46.66,2026-01-16 07:27:00,presencial
1733,486,139,224.08,2026-01-16 07:56:00,online
1734,422,116,53.73,2026-01-16 07:56:00,online
1735,381,98,14.4,2026-01-16 08:09:00,presencial
1736,534,145,64.7,2026-01-16 08:23:00,presencial
1737,195,144,76.55,2026-01-16 08:28:00,presencial
1738,274,41,38.12,2026-01-16 09:36:00,presencial
1739,338,76,42.21,2026-01-16 10:01:00,presencial
1740,402,97,13.83,2026-01-16 10:39:00,presencial
1741,286,31,49.74,2026-01-16 10:50:00,presencial
1742,265,72,11.75,2026-01-16 10:57:00,presencial
1743,100,9,33.92,2026-01-16 11:01:00,presencial
1744,383,88,21.41,2026-01-16 11:07:00,online
1745,75,42,131.79,2026-01-16 11:16:00,presencial
1746,285,45,245.9,2026-01-16 11:26:00,presencial
1747,246,164,12.7,2026-01-16 11:30:00,online
1748,466,29,44.47,2026-01-16 12:20:00,online
1749,286,25,31.77,2026-01-16 12:31:00,presencial
1750,4,65,74.51,2026-01-16 12:40:00,presencial
1751,304,5,49.69,2026-01-16 12:44:00,presencial
1752,130,174,29.19,2026-01-16 13:04:00,online
1753,229,198,49.56,2026-01-16 13:08:00,online
1754,178,162,35.3,2026-01-16 13:09:00,presencial
1755,100,160,256.74,2026-01-16 13:24:00,online
1756,568,21,18.67,2026-01-16 13:27:00,presencial
1757,153,111,59.34,2026-01-16 13:36:00,presencial
1758,305,18,78.3,2026-01-16 14:16:00,presencial
1759,497,61,72.41,2026-01-16 14:35:00,online
1760,219,99,32.21,2026-01-16 14:44:00,online
1761,563,137,201.36,2026-01-16 14:46:00,presencial
1762,243,56,4.49,2026-01-16 14:48:00,online
1763,569,52,13.42,2026-01-16 14:58:00,online
1764,272,165,92.75,2026-01-16 15:00:00,presencial
1765,9,45,16.98,2026-01-16 15:04:00,online
1766,521,98,15.92,2026-01-16 15:10:00,online
1767,519,58,26.74,2026-01-16 15:10:00,presencial
1768,578,171,18.84,2026-01-16 15:15:00,presencial
1769,75,107,90.09,2026-01-16 15:44:00,online
1770,507,22,120.89,2026-01-16 16:02:00,online
1771,205,30,49.26,2026-01-16 16:23:00,presencial
1772,505,195,142.61,2026-01-16 16:33:00,presencial
1773,579,189,9.73,2026-01-16 16:48:00,online
1774,120,154,48.59,2026-01-16 17:04:00,presencial
1775,223,16,196.91,2026-01-16 17:18:00,online
1776,162,147,130.91,2026-01-16 17:43:00,presencial
1777,183,133,217.01,2026-01-16 17:48:00,presencial
1778,358,189,23.36,2026-01-16 17:49:00,online
1779,248,98,122.6,2026-01-16 17:55:00,presencial
1780,394,95,27.95,2026-01-16 18:31:00,presencial
1781,405,127,86.03,2026-01-16 18:35:00,presencial
1782,122,30,189.04,2026-01-16 18:50:00,online
1783,27,150,18.66,2026-01-16 19:01:00,presencial
1784,448,100,5.8,2026-01-16 19:07:00,online
1785,109,38,341.15,2026-01-16 19:22:00,online
1786,120,164,76.47,2026-01-16 19:26:00,presencial
1787,361,53,39.73,2026-01-16 20:00:00,presencial
1788,158,172,37.4,2026-01-16 20:53:00,presencial
1789,114,55,4.46,2026-01-16 21:19:00,presencial
1790,185,98,56.24,2026-01-16 21:45:00,presencial
1791,314,88,24.94,2026-01-16 21:50:00,presencial
1792,508,147,47.36,2026-01-16 21:53:00,presencial
1793,594,38,46.22,2026-01-16 22:03:00,online
1794,440,50,1.09,2026-01-16 22:38:00,online
1795,540,39,76.63,2026-01-16 22:48:00,online
1796,319,47,55.03,2026-01-16 23:00:00,presencial
1797,245,91,63.79,2026-01-16 23:11:00,presencial
1798,492,118,36.53,2026-01-16 23:19:00,online
1799,182,173,47.17,2026-01-16 23:29:00,online
1800,488,85,54.06,2026-01-16 23:39:00,presencial
1801,599,82,60.44,2026-01-16 23:40:00,presencial
1802,234,33,75.43,2026-01-16 23:54:00,online
1803,381,20,61.01,2026-01-16 23:56:00,presencial
1804,469,153,341.96,2026-01-17 00:02:00,presencial
1805,471,127,20.11,2026-01-17 00:10:00,presencial
1806,124,107,29.59,2026-01-17 00:30:00,presencial
1807,578,89,287.8,2026-01-17 00:39:00,presencial
1808,302,105,37.71,2026-01-17 00:58:00,presencial
1809,26,170,124.56,2026-01-17 01:01:00,presencial
1810,71,38,51.89,2026-01-17 01:19:00,online
1811,437,100,34.79,2026-01-17 01:53:00,online
1812,257,49,132.27,2026-01-17 01:53:00,presencial
1813,65,21,79.06,2026-01-17 01:56:00,presencial
1814,313,139,8.27,2026-01-17 02:06:00,presencial
1815,360,141,54.1,2026-01-17 02:16:00,online
1816,48,171,14.96,2026-01-17 02:43:00,presencial
1817,211,5,180.96,2026-01-17 03:04:00,online
1818,278,36,307.65,2026-01-17 03:38:00,online
1819,469,115,351.2,2026-01-17 03:44:00,online
1820,392,163,66.24,2026-01-17 04:06:00,presencial
1821,53,189,26.9,2026-01-17 04:48:00,online
1822,369,158,63.68,2026-01-17 05:02:00,presencial
1823,542,181,15.9,2026-01-17 05:18:00,online
1824,33,163,589.96,2026-01-17 05:23:00,online
1825,592,64,166.3,2026-01-17 05:32:00,online
1826,58,117,62.49,2026-01-17 05:39:00,online
1827,374,128,133.85,2026-01-17 05:45:00,online
1828,211,71,26.03,2026-01-17 06:10:00,presencial
1829,439,178,13.21,2026-01-17 06:11:00,presencial
1830,506,155,3.92,2026-01-17 06:13:00,presencial
1831,512,104,48.98,2026-01-17 06:17:00,presencial
1832,522,96,35.55,2026-01-17 06:21:00,presencial
1833,490,159,79.14,2026-01-17 06:26:00,presencial
1834,186,45,45.35,2026-01-17 06:33:00,presencial
1835,280,44,75.28,2026-01-17 06:46:00,presencial
1836,432,81,109.09,2026-01-17 07:07:00,presencial
1837,102,26,8.97,2026-01-17 07:09:00,online
1838,347,92,116.26,2026-01-17 07:14:00,presencial
1839,319,87,28.58,2026-01-17 07:16:00,online
1840,591,102,78.99,2026-01-17 07:18:00,presencial
1841,30,93,137.61,2026-01-17 07:39:00,presencial
1842,57,180,138.66,2026-01-17 07:48:00,online
1843,19,55,51.53,2026-01-17 07:49:00,online
1844,329,83,54.4,2026-01-17 08:31:00,presencial
1845,331,148,119.24,2026-01-17 08:50:00,presencial
1846,356,57,8.57,2026-01-17 09:20:00,online
1847,146,132,15.69,2026-01-17 09:33:00,online
1848,185,193,32.88,2026-01-17 09:41:00,online
1849,251,76,10.32,2026-01-17 09:51:00,presencial
1850,29,49,33.15,2026-01-17 11:09:00,presencial
1851,452,39,31.22,2026-01-17 11:11:00,presencial
1852,32,3,49.2,2026-01-17 11:19:00,presencial
1853,401,57,41.99,2026-01-17 11:32:00,presencial
1854,273,170,144.93,2026-01-17 11:38:00,presencial
1855,600,51,83.96,2026-01-17 12:14:00,online
1856,416,191,41.34,2026-01-17 12:47:00,presencial
1857,286,191,30.98,2026-01-17 12:51:00,presencial
1858,421,137,42.42,2026-01-17 12:53:00,presencial
1859,71,197,43.26,2026-01-17 13:15:00,online
1860,109,82,713.82,2026-01-17 14:16:00,online
1861,300,192,9.0,2026-01-17 14:33:00,presencial
1862,515,109,16.14,2026-01-17 14:44:00,online
1863,493,17,13.73,2026-01-17 15:08:00,online
1864,227,167,60.11,2026-01-17 15:30:00,online
1865,171,191,57.55,2026-01-17 15:35:00,presencial
1866,579,178,23.8,2026-01-17 15:41:00,online
1867,340,84,119.79,2026-01-17 15:46:00,presencial
1868,71,21,67.13,2026-01-17 15:47:00,presencial
1869,135,118,125.45,2026-01-17 15:51:00,presencial
1870,502,174,167.97,2026-01-17 16:09:00,presencial
1871,539,169,4.29,2026-01-17 16:17:00,online
1872,546,124,95.03,2026-01-17 16:33:00,presencial
1873,5,158,10.81,2026-01-17 16:40:00,presencial
1874,494,7,58.81,2026-01-17 16:42:00,presencial
1875,68,125,41.26,2026-01-17 16:48:00,online
1876,486,22,43.24,2026-01-17 16:49:00,presencial
1877,529,150,11.88,2026-01-17 17:10:00,online
1878,217,10,138.87,2026-01-17 17:39:00,online
1879,117,119,10.81,2026-01-17 18:05:00,online
1880,429,190,102.06,2026-01-17 18:13:00,presencial
1881,42,23,9.25,2026-01-17 18:19:00,presencial
1882,348,86,43.83,2026-01-17 18:42:00,presencial
1883,199,9,325.33,2026-01-17 18:44:00,presencial
1884,255,144,600.52,2026-01-17 18:55:00,presencial
1885,496,186,7.53,2026-01-17 18:59:00,online
1886,596,1,20.59,2026-01-17 19:15:00,online
1887,242,110,25.16,2026-01-17 19:31:00,presencial
1888,175,159,534.09,2026-01-17 19:56:00,online
1889,501,6,41.46,2026-01-17 20:03:00,online
1890,248,97,145.78,2026-01-17 20:04:00,presencial
1891,120,26,62.16,2026-01-17 20:12:00,online
1892,542,185,11.95,2026-01-17 20:16:00,presencial
1893,596,102,5.78,2026-01-17 20:20:00,presencial
1894,174,105,22.77,2026-01-17 20:32:00,online
1895,95,200,571.67,2026-01-17 20:54:00,presencial
1896,92,158,59.35,2026-01-17 21:14:00,online
1897,360,63,142.57,2026-01-17 21:39:00,online
1898,186,126,9.39,2026-01-17 21:48:00,presencial
1899,374,60,31.26,2026-01-17 22:10:00,presencial
1900,456,105,105.29,2026-01-17 22:20:00,presencial
1901,4,163,13.46,2026-01-17 22:23:00,presencial
1902,516,190,41.66,2026-01-17 22:30:00,presencial
1903,18,191,16.98,2026-01-17 22:39:00,online
1904,69,100,110.95,2026-01-17 23:04:00,online
1905,435,180,69.29,2026-01-17 23:18:00,presencial
1906,374,179,94.8,2026-01-17 23:33:00,presencial
1907,588,110,116.53,2026-01-18 00:28:00,presencial
1908,341,8,34.8,2026-01-18 00:50:00,presencial
1909,251,24,134.77,2026-01-18 01:01:00,presencial
1910,402,132,23.36,2026-01-18 01:02:00,presencial
1911,458,167,88.97,2026-01-18 01:38:00,presencial
1912,403,183,5.11,2026-01-18 01:48:00,online
1913,223,49,19.67,2026-01-18 01:53:00,presencial
1914,576,180,571.0,2026-01-18 01:55:00,presencial
1915,181,166,87.54,2026-01-18 02:26:00,online
1916,208,98,87.57,2026-01-18 02:31:00,online
1917,167,75,18.06,2026-01-18 02:37:00,presencial
1918,180,95,13.41,2026-01-18 02:38:00,online
1919,128,136,33.42,2026-01-18 02:45:00,online
1920,349,163,41.52,2026-01-18 03:04:00,online
1921,438,35,367.2,2026-01-18 03:12:00,online
1922,258,68,137.12,2026-01-18 03:14:00,online
1923,554,25,50.39,2026-01-18 03:15:00,online
1924,285,188,48.05,2026-01-18 03:24:00,presencial
1925,281,82,102.92,2026-01-18 03:43:00,presencial
1926,42,51,10.48,2026-01-18 03:51:00,online
1927,543,41,5.4,2026-01-18 03:55:00,presencial
1928,89,15,101.26,2026-01-18 03:58:00,presencial
1929,99,95,48.39,2026-01-18 04:27:00,presencial
1930,562,155,10.56,2026-01-18 04:29:00,presencial
1931,312,65,4.46,2026-01-18 04:33:00,online
1932,41,81,119.49,2026-01-18 04:34:00,presencial
1933,266,128,25.19,2026-01-18 05:11:00,presencial
1934,355,72,69.43,2026-01-18 05:27:00,online
1935,7,148,33.44,2026-01-18 05:28:00,presencial
1936,453,65,43.05,2026-01-18 05:28:00,online
1937,402,90,23.3,2026-01-18 05:41:00,presencial
1938,8,197,41.09,2026-01-18 05:53:00,presencial
1939,372,168,84.33,2026-01-18 06:07:00,presencial
1940,134,115,33.01,2026-01-18 06:11:00,online
1941,441,79,31.0,2026-01-18 06:16:00,online
1942,227,199,87.21,2026-01-18 06:33:00,presencial
1943,122,93,93.84,2026-01-18 06:44:00,online
1944,305,69,12.79,2026-01-18 07:03:00,presencial
1945,266,120,43.3,2026-01-18 07:07:00,presencial
1946,205,83,25.12,2026-01-18 07:32:00,presencial
1947,528,178,45.38,2026-01-18 08:25:00,online
1948,390,43,216.45,2026-01-18 08:40:00,presencial
1949,293,11,66.34,2026-01-18 08:58:00,presencial
1950,136,87,483.32,2026-01-18 09:02:00,online
1951,342,190,56.91,2026-01-18 09:05:00,presencial
1952,16,13,37.22,2026-01-18 09:25:00,online
1953,531,162,43.74,2026-01-18 09:58:00,presencial
1954,1,1,52.29,2026-01-18 10:00:00,presencial
1955,420,112,63.76,2026-01-18 10:11:00,presencial
1956,208,91,15.01,2026-01-18 10:13:00,online
1957,432,32,34.59,2026-01-18 10:38:00,presencial
1958,217,150,20.15,2026-01-18 10:40:00,presencial
1959,16,36,138.74,2026-01-18 10:45:00,presencial
1960,570,88,5.38,2026-01-18 10:56:00,online
1961,460,112,53.12,2026-01-18 11:04:00,presencial
1962,27,104,8.41,2026-01-18 11:10:00,online
1963,20,7,71.91,2026-01-18 11:25:00,presencial
1964,319,90,28.82,2026-01-18 11:41:00,online
1965,574,131,6.06,2026-01-18 11:57:00,presencial
1966,347,106,126.02,2026-01-18 12:26:00,presencial
1967,7,147,2.81,2026-01-18 12:53:00,online
1968,420,156,43.18,2026-01-18 13:08:00,presencial
1969,257,36,95.61,2026-01-18 13:23:00,online
1970,384,161,203.24,2026-01-18 14:04:00,online
1971,211,179,7.61,2026-01-18 14:26:00,presencial
1972,5,168,25.34,2026-01-18 14:38:00,online
1973,12,171,147.23,2026-01-18 14:51:00,presencial
1974,380,43,158.6,2026-01-18 14:55:00,presencial
1975,382,131,182.88,2026-01-18 14:57:00,presencial
1976,194,92,748.25,2026-01-18 15:42:00,online
1977,50,197,25.54,2026-01-18 16:27:00,presencial
1978,464,167,67.33,2026-01-18 16:35:00,presencial
1979,91,33,30.56,2026-01-18 16:35:00,online
1980,114,189,5.09,2026-01-18 16:43:00,presencial
1981,272,140,40.49,2026-01-18 16:49:00,presencial
1982,430,109,4.98,2026-01-18 17:07:00,presencial
1983,598,90,25.21,2026-01-18 17:13:00,presencial
1984,376,99,8.89,2026-01-18 18:02:00,presencial
1985,577,155,72.44,2026-01-18 18:07:00,presencial
1986,392,153,18.98,2026-01-18 18:36:00,online
1987,509,111,6.27,2026-01-18 18:39:00,online
1988,106,199,115.84,2026-01-18 18:51:00,online
1989,34,47,23.01,2026-01-18 18:56:00,online
1990,402,86,27.79,2026-01-18 19:21:00,online
1991,586,120,15.25,2026-01-18 19:28:00,presencial
1992,443,34,158.22,2026-01-18 19:31:00,presencial
1993,206,100,60.19,2026-01-18 19:38:00,presencial
1994,294,167,22.77,2026-01-18 19:41:00,presencial
1995,68,136,5.44,2026-01-18 19:50:00,online
1996,205,143,707.47,2026-01-18 19:52:00,presencial
1997,410,33,394.38,2026-01-18 19:56:00,online
1998,100,30,218.64,2026-01-18 20:06:00,presencial
1999,289,89,20.63,2026-01-18 20:21:00,presencial
2000,174,65,25.76,2026-01-18 21:08:00,online
2001,295,3,69.46,2026-01-18 21:28:00,presencial
2002,459,111,16.72,2026-01-18 21:52:00,online
2003,531,151,15.05,2026-01-18 22:52:00,online
2004,246,147,222.39,2026-01-18 23:15:00,presencial
2005,497,21,42.07,2026-01-18 23:16:00,presencial
2006,422,157,13.04,2026-01-18 23:24:00,online
2007,554,77,127.48,2026-01-18 23:42:00,online
2008,445,32,23.78,2026-01-18 23:47:00,presencial
2009,331,95,5.07,2026-01-18 23:48:00,online
2010,405,44,12.83,2026-01-19 00:15:00,presencial
2011,191,135,25.33,2026-01-19 00:18:00,presencial
2012,405,149,56.94,2026-01-19 00:19:00,presencial
2013,426,146,54.0,2026-01-19 00:27:00,presencial
2014,367,24,172.53,2026-01-19 00:32:00,presencial
2015,62,70,34.44,2026-01-19 00:32:00,online
2016,312,100,26.78,2026-01-19 01:14:00,online
2017,427,197,175.84,2026-01-19 01:25:00,online
2018,119,110,131.18,2026-01-19 01:42:00,presencial
2019,473,131,35.35,2026-01-19 01:49:00,online
2020,506,68,61.64,2026-01-19 01:50:00,online
2021,324,60,26.5,2026-01-19 01:58:00,presencial
2022,579,160,12.45,2026-01-19 02:15:00,presencial
2023,515,167,501.18,2026-01-19 02:58:00,presencial
2024,280,12,24.63,2026-01-19 03:02:00,presencial
2025,531,108,61.84,2026-01-19 03:17:00,online
2026,560,156,8.44,2026-01-19 03:30:00,presencial
2027,65,32,100.49,2026-01-19 03:57:00,presencial
2028,599,130,11.86,2026-01-19 03:58:00,online
2029,3,95,283.09,2026-01-19 04:06:00,online
2030,292,102,322.84,2026-01-19 04:28:00,presencial
2031,563,119,83.28,2026-01-19 04:39:00,online
2032,435,175,50.72,2026-01-19 04:46:00,presencial
2033,161,18,36.37,2026-01-19 04:56:00,presencial
2034,387,41,42.42,2026-01-19 05:08:00,presencial
2035,129,70,70.12,2026-01-19 05:09:00,online
2036,143,161,49.34,2026-01-19 05:10:00,presencial
2037,547,119,131.61,2026-01-19 05:56:00,presencial
2038,29,38,16.28,2026-01-19 06:11:00,online
2039,578,5,240.06,2026-01-19 06:27:00,online
2040,273,199,28.08,2026-01-19 06:58:00,presencial
2041,39,28,19.68,2026-01-19 07:20:00,presencial
2042,473,7,66.61,2026-01-19 07:32:00,presencial
2043,29,82,71.46,2026-01-19 07:38:00,presencial
2044,196,111,6.62,2026-01-19 07:42:00,presencial
2045,145,52,26.33,2026-01-19 07:54:00,online
2046,471,34,4.1,2026-01-19 07:56:00,presencial
2047,239,18,21.26,2026-01-19 08:20:00,presencial
2048,393,82,22.29,2026-01-19 08:49:00,online
2049,44,191,62.0,2026-01-19 08:55:00,presencial
2050,418,30,18.79,2026-01-19 09:17:00,presencial
2051,427,115,24.38,2026-01-19 09:41:00,presencial
2052,172,39,187.59,2026-01-19 09:44:00,presencial
2053,529,135,432.95,2026-01-19 09:59:00,online
2054,283,13,16.23,2026-01-19 10:12:00,presencial
2055,401,41,137.16,2026-01-19 10:14:00,presencial
2056,110,2,68.48,2026-01-19 10:18:00,presencial
2057,560,130,6.6,2026-01-19 10:24:00,online
2058,148,144,18.72,2026-01-19 10:51:00,presencial
2059,376,35,1.6,2026-01-19 11:00:00,online
2060,54,91,63.81,2026-01-19 11:12:00,online
2061,27,59,13.67,2026-01-19 11:16:00,presencial
2062,77,10,51.8,2026-01-19 11:25:00,presencial
2063,566,8,756.0,2026-01-19 11:38:00,presencial
2064,127,188,257.87,2026-01-19 12:05:00,online
2065,528,130,19.23,2026-01-19 12:12:00,presencial
2066,349,134,14.74,2026-01-19 12:32:00,presencial
2067,54,60,185.36,2026-01-19 12:32:00,presencial
2068,265,53,14.8,2026-01-19 12:38:00,presencial
2069,288,159,132.98,2026-01-19 12:39:00,presencial
2070,161,88,906.37,2026-01-19 12:41:00,presencial
2071,363,21,93.97,2026-01-19 13:11:00,online
2072,517,98,164.42,2026-01-19 13:20:00,presencial
2073,531,105,144.72,2026-01-19 13:23:00,online
2074,316,114,24.22,2026-01-19 13:33:00,presencial
2075,537,108,61.51,2026-01-19 13:40:00,presencial
2076,554,172,15.61,2026-01-19 14:11:00,online
2077,53,49,184.73,2026-01-19 14:11:00,online
2078,381,118,13.55,2026-01-19 14:21:00,online
2079,464,178,96.65,2026-01-19 14:38:00,presencial
2080,10,196,155.23,2026-01-19 14:44:00,online
2081,363,193,26.03,2026-01-19 15:06:00,online
2082,549,146,20.22,2026-01-19 15:09:00,online
2083,161,22,37.09,2026-01-19 16:28:00,online
2084,515,198,16.75,2026-01-19 16:29:00,presencial
2085,561,7,53.09,2026-01-19 16:38:00,online
2086,382,111,16.3,2026-01-19 16:56:00,presencial
2087,378,90,17.65,2026-01-19 17:01:00,presencial
2088,321,136,81.58,2026-01-19 17:06:00,online
2089,246,157,88.17,2026-01-19 17:24:00,presencial
2090,272,148,32.37,2026-01-19 17:51:00,presencial
2091,314,46,7.31,2026-01-19 17:53:00,presencial
2092,290,151,162.06,2026-01-19 17:56:00,presencial
2093,496,152,27.3,2026-01-19 18:21:00,online
2094,462,5,432.05,2026-01-19 18:27:00,online
2095,209,128,38.64,2026-01-19 18:38:00,online
2096,308,26,51.9,2026-01-19 19:24:00,online
2097,130,113,27.8,2026-01-19 19:39:00,presencial
2098,106,46,58.43,2026-01-19 19:51:00,online
2099,222,72,2047.19,2026-01-19 19:52:00,presencial
2100,35,55,30.45,2026-01-19 19:56:00,online
2101,513,173,181.99,2026-01-19 19:56:00,online
2102,76,182,49.39,2026-01-19 20:05:00,online
2103,196,160,162.58,2026-01-19 20:40:00,online
2104,151,145,5.34,2026-01-19 20:43:00,presencial
2105,125,73,379.7,2026-01-19 20:45:00,online
2106,221,29,65.05,2026-01-19 20:49:00,presencial
2107,432,114,33.3,2026-01-19 20:49:00,presencial
2108,536,86,120.74,2026-01-19 21:42:00,presencial
2109,114,57,52.37,2026-01-19 21:56:00,presencial
2110,144,49,12.65,2026-01-19 22:16:00,online
2111,282,33,3.11,2026-01-19 22:25:00,presencial
2112,192,166,333.17,2026-01-19 22:27:00,presencial
2113,480,65,34.98,2026-01-19 22:34:00,presencial
2114,134,184,22.78,2026-01-19 22:39:00,presencial
2115,242,134,24.81,2026-01-19 22:42:00,presencial
2116,328,33,223.84,2026-01-19 22:49:00,online
2117,229,13,26.07,2026-01-19 23:18:00,online
2118,371,84,90.81,2026-01-19 23:29:00,presencial
2119,480,17,30.94,2026-01-19 23:48:00,presencial
2120,320,191,11.24,2026-01-20 00:00:00,presencial
2121,275,182,120.47,2026-01-20 00:02:00,online
2122,572,132,150.4,2026-01-20 00:12:00,presencial
2123,590,59,21.17,2026-01-20 00:17:00,presencial
2124,598,174,42.88,2026-01-20 00:20:00,presencial
2125,10,130,49.74,2026-01-20 00:30:00,presencial
2126,503,72,72.94,2026-01-20 00:39:00,presencial
2127,540,176,390.89,2026-01-20 00:50:00,online
2128,484,42,31.3,2026-01-20 00:54:00,presencial
2129,450,114,31.09,2026-01-20 00:59:00,online
2130,220,139,36.86,2026-01-20 01:07:00,presencial
2131,436,182,15.86,2026-01-20 01:08:00,presencial
2132,348,28,6.72,2026-01-20 01:12:00,presencial
2133,499,58,51.79,2026-01-20 01:40:00,presencial
2134,211,168,79.84,2026-01-20 01:41:00,presencial
2135,446,100,44.82,2026-01-20 01:47:00,presencial
2136,471,151,41.72,2026-01-20 01:55:00,online
2137,501,155,16.63,2026-01-20 02:05:00,online
2138,104,61,59.01,2026-01-20 02:51:00,online
2139,519,67,53.88,2026-01-20 03:01:00,presencial
2140,131,100,75.37,2026-01-20 03:19:00,presencial
2141,563,6,63.82,2026-01-20 03:33:00,presencial
2142,24,160,68.94,2026-01-20 03:35:00,presencial
2143,135,24,190.69,2026-01-20 03:58:00,presencial
2144,366,187,83.88,2026-01-20 04:02:00,presencial
2145,327,156,75.84,2026-01-20 04:11:00,online
2146,414,71,6.57,2026-01-20 04:22:00,presencial
2147,243,15,142.43,2026-01-20 04:44:00,presencial
2148,3,158,32.21,2026-01-20 04:48:00,online
2149,371,90,48.77,2026-01-20 04:54:00,online
2150,307,39,11.02,2026-01-20 05:00:00,presencial
2151,306,86,445.35,2026-01-20 05:13:00,presencial
2152,227,181,2.94,2026-01-20 05:17:00,presencial
2153,535,138,229.73,2026-01-20 06:07:00,presencial
2154,476,138,71.36,2026-01-20 06:32:00,presencial
2155,109,103,5.5,2026-01-20 06:40:00,presencial
2156,24,31,419.91,2026-01-20 07:09:00,presencial
2157,109,190,78.66,2026-01-20 07:17:00,online
2158,30,148,3.34,2026-01-20 07:28:00,presencial
2159,426,104,28.09,2026-01-20 07:35:00,online
2160,373,145,80.48,2026-01-20 07:36:00,presencial
2161,278,73,294.29,2026-01-20 07:41:00,presencial
2162,355,149,28.5,2026-01-20 07:48:00,presencial
2163,486,194,2.43,2026-01-20 07:49:00,presencial
2164,499,69,222.5,2026-01-20 07:53:00,online
2165,261,2,77.33,2026-01-20 07:58:00,presencial
2166,356,148,3.84,2026-01-20 08:35:00,presencial
2167,347,171,65.17,2026-01-20 08:40:00,online
2168,570,166,73.22,2026-01-20 09:01:00,presencial
2169,457,196,31.27,2026-01-20 09:09:00,online
2170,189,70,17.99,2026-01-20 09:13:00,online
2171,533,184,22.86,2026-01-20 09:28:00,presencial
2172,239,42,31.25,2026-01-20 09:34:00,presencial
2173,455,118,66.04,2026-01-20 09:45:00,presencial
2174,587,178,106.4,2026-01-20 10:14:00,online
2175,486,184,4.21,2026-01-20 10:14:00,online
2176,65,125,59.24,2026-01-20 10:23:00,online
2177,124,110,76.46,2026-01-20 10:31:00,online
2178,478,93,53.84,2026-01-20 10:41:00,presencial
2179,75,174,28.64,2026-01-20 10:58:00,online
2180,7,176,213.11,2026-01-20 11:06:00,online
2181,155,48,196.14,2026-01-20 11:16:00,presencial
2182,292,28,29.88,2026-01-20 11:25:00,online
2183,78,163,40.8,2026-01-20 11:33:00,online
2184,93,163,104.48,2026-01-20 11:38:00,online
2185,204,20,183.26,2026-01-20 11:53:00,online
2186,360,99,18.23,2026-01-20 11:57:00,online
2187,327,102,14.14,2026-01-20 12:05:00,online
2188,479,9,60.44,2026-01-20 12:44:00,presencial
2189,589,133,12.99,2026-01-20 13:05:00,presencial
2190,20,195,5.26,2026-01-20 13:06:00,online
2191,413,43,18.13,2026-01-20 13:23:00,online
2192,99,156,70.73,2026-01-20 13:26:00,online
2193,217,17,246.9,2026-01-20 13:39:00,presencial
2194,206,43,20.5,2026-01-20 13:57:00,presencial
2195,421,114,38.99,2026-01-20 14:03:00,presencial
2196,154,185,53.04,2026-01-20 14:20:00,presencial
2197,537,178,21.9,2026-01-20 14:55:00,online
2198,230,188,20.09,2026-01-20 15:06:00,presencial
2199,490,198,64.62,2026-01-20 15:07:00,presencial
2200,572,161,11.98,2026-01-20 15:11:00,online
2201,307,73,19.22,2026-01-20 15:16:00,online
2202,61,26,35.77,2026-01-20 15:23:00,presencial
2203,421,165,63.73,2026-01-20 15:35:00,presencial
2204,254,38,8.44,2026-01-20 15:43:00,online
2205,204,105,38.71,2026-01-20 16:01:00,presencial
2206,275,151,10.81,2026-01-20 16:02:00,online
2207,180,7,21.06,2026-01-20 16:03:00,online
2208,169,183,106.43,2026-01-20 16:24:00,online
2209,594,61,41.21,2026-01-20 16:51:00,presencial
2210,168,44,280.33,2026-01-20 16:59:00,online
2211,276,75,41.29,2026-01-20 17:08:00,presencial
2212,429,93,129.65,2026-01-20 17:18:00,online
2213,133,91,107.15,2026-01-20 17:19:00,presencial
2214,371,31,44.06,2026-01-20 17:32:00,presencial
2215,538,38,10.51,2026-01-20 17:33:00,online
2216,488,96,39.82,2026-01-20 17:33:00,presencial
2217,18,46,24.88,2026-01-20 17:34:00,presencial
2218,244,129,23.84,2026-01-20 17:37:00,presencial
2219,1,180,53.06,2026-01-20 17:42:00,online
2220,365,4,9.07,2026-01-20 17:55:00,presencial
2221,196,8,17.09,2026-01-20 18:01:00,presencial
2222,537,129,14.68,2026-01-20 18:23:00,presencial
2223,106,6,33.8,2026-01-20 18:46:00,presencial
2224,511,128,19.2,2026-01-20 19:38:00,presencial
2225,206,99,20.64,2026-01-20 19:53:00,presencial
2226,553,92,51.88,2026-01-20 19:56:00,presencial
2227,120,122,27.38,2026-01-20 20:10:00,online
2228,162,180,44.94,2026-01-20 20:13:00,presencial
2229,211,26,13.1,2026-01-20 20:17:00,online
2230,592,27,17.97,2026-01-20 20:56:00,presencial
2231,441,140,421.96,2026-01-20 20:59:00,presencial
2232,490,11,20.76,2026-01-20 21:06:00,presencial
2233,332,86,4.41,2026-01-20 21:28:00,online
2234,477,100,65.13,2026-01-20 22:11:00,presencial
2235,377,79,20.52,2026-01-20 22:12:00,presencial
2236,401,107,58.45,2026-01-20 22:18:00,presencial
2237,503,23,40.51,2026-01-20 22:19:00,presencial
2238,590,54,81.85,2026-01-20 22:23:00,presencial
2239,346,2,40.06,2026-01-20 22:26:00,presencial
2240,265,193,34.84,2026-01-20 22:40:00,online
2241,392,167,158.02,2026-01-20 22:44:00,presencial
2242,445,51,3.9,2026-01-20 22:46:00,presencial
2243,592,8,10.4,2026-01-20 23:05:00,online
2244,420,55,18.04,2026-01-20 23:07:00,online
2245,573,192,6.94,2026-01-20 23:13:00,online
2246,440,163,26.38,2026-01-20 23:29:00,presencial
2247,572,132,23.67,2026-01-21 00:06:00,presencial
2248,451,185,130.6,2026-01-21 00:11:00,presencial
2249,531,36,40.56,2026-01-21 01:05:00,online
2250,115,108,35.36,2026-01-21 01:07:00,online
2251,596,159,29.43,2026-01-21 01:10:00,presencial
2252,210,4,14.05,2026-01-21 01:11:00,presencial
2253,479,88,119.09,2026-01-21 01:27:00,presencial
2254,236,72,169.2,2026-01-21 01:39:00,online
2255,275,36,11.78,2026-01-21 01:46:00,presencial
2256,449,45,265.62,2026-01-21 01:50:00,online
2257,325,194,21.37,2026-01-21 02:10:00,online
2258,430,103,19.54,2026-01-21 02:48:00,presencial
2259,48,17,75.19,2026-01-21 02:50:00,online
2260,501,137,82.95,2026-01-21 03:10:00,presencial
2261,246,119,41.33,2026-01-21 03:10:00,online
2262,474,79,30.54,2026-01-21 03:53:00,presencial
2263,172,80,162.32,2026-01-21 04:03:00,presencial
2264,358,108,22.52,2026-01-21 04:15:00,presencial
2265,353,186,41.44,2026-01-21 04:16:00,presencial
2266,84,152,288.06,2026-01-21 04:22:00,online
2267,285,81,10.27,2026-01-21 04:34:00,online
2268,382,50,26.99,2026-01-21 04:37:00,online
2269,502,22,138.05,2026-01-21 04:39:00,presencial
2270,533,40,79.9,2026-01-21 05:04:00,presencial
2271,231,28,119.51,2026-01-21 05:19:00,presencial
2272,386,162,10.43,2026-01-21 05:26:00,presencial
2273,105,116,63.64,2026-01-21 05:45:00,presencial
2274,538,8,32.66,2026-01-21 06:37:00,presencial
2275,521,186,544.39,2026-01-21 06:44:00,presencial
2276,600,31,108.89,2026-01-21 06:53:00,online
2277,292,130,43.62,2026-01-21 06:55:00,presencial
2278,216,3,61.22,2026-01-21 06:56:00,online
2279,455,118,47.45,2026-01-21 07:07:00,presencial
2280,434,112,96.44,2026-01-21 07:28:00,presencial
2281,128,182,17.43,2026-01-21 07:38:00,online
2282,324,121,200.69,2026-01-21 08:23:00,online
2283,387,98,10.41,2026-01-21 08:26:00,online
2284,273,107,56.01,2026-01-21 08:31:00,presencial
2285,223,127,18.05,2026-01-21 09:05:00,presencial
2286,144,83,46.86,2026-01-21 09:23:00,online
2287,247,143,132.53,2026-01-21 09:30:00,presencial
2288,148,106,6.8,2026-01-21 09:51:00,online
2289,181,194,37.1,2026-01-21 09:51:00,presencial
2290,111,39,9.17,2026-01-21 10:01:00,online
2291,226,146,32.87,2026-01-21 10:15:00,presencial
2292,379,166,9.15,2026-01-21 10:21:00,presencial
2293,227,144,53.41,2026-01-21 10:24:00,online
2294,86,197,27.97,2026-01-21 10:45:00,presencial
2295,481,87,101.68,2026-01-21 11:06:00,presencial
2296,259,109,172.68,2026-01-21 11:16:00,presencial
2297,351,31,45.23,2026-01-21 12:04:00,presencial
2298,314,75,119.46,2026-01-21 12:21:00,presencial
2299,304,32,204.53,2026-01-21 12:22:00,online
2300,263,159,16.21,2026-01-21 12:33:00,presencial
2301,454,157,216.69,2026-01-21 12:39:00,presencial
2302,513,39,42.92,2026-01-21 12:49:00,presencial
2303,543,161,15.24,2026-01-21 12:56:00,presencial
2304,266,65,62.07,2026-01-21 13:16:00,presencial
2305,205,146,41.29,2026-01-21 13:18:00,online
2306,50,188,9.51,2026-01-21 13:22:00,online
2307,266,166,13.31,2026-01-21 13:23:00,presencial
2308,596,38,270.71,2026-01-21 13:36:00,presencial
2309,157,37,60.73,2026-01-21 13:53:00,online
2310,507,23,228.14,2026-01-21 14:11:00,online
2311,454,169,28.27,2026-01-21 14:17:00,online
2312,397,110,18.51,2026-01-21 14:21:00,presencial
2313,340,32,7.02,2026-01-21 14:24:00,online
2314,454,118,129.64,2026-01-21 14:26:00,online
2315,60,106,70.22,2026-01-21 15:09:00,presencial
2316,77,120,28.55,2026-01-21 15:32:00,online
2317,118,127,18.69,2026-01-21 15:57:00,presencial
2318,460,33,154.4,2026-01-21 16:05:00,presencial
2319,260,78,36.78,2026-01-21 16:55:00,online
2320,125,145,37.22,2026-01-21 16:59:00,presencial
2321,27,182,23.08,2026-01-21 16:59:00,online
2322,294,49,28.55,2026-01-21 17:13:00,online
2323,240,115,81.87,2026-01-21 17:18:00,online
2324,107,190,9.41,2026-01-21 17:22:00,presencial
2325,14,121,48.85,2026-01-21 17:36:00,online
2326,453,46,127.89,2026-01-21 17:58:00,online
2327,468,117,40.72,2026-01-21 18:02:00,presencial
2328,148,4,142.54,2026-01-21 18:12:00,online
2329,297,98,195.32,2026-01-21 18:17:00,presencial
2330,152,114,120.78,2026-01-21 18:33:00,online
2331,246,12,24.75,2026-01-21 18:53:00,online
2332,66,41,42.99,2026-01-21 19:03:00,online
2333,568,198,65.39,2026-01-21 19:06:00,presencial
2334,433,126,26.66,2026-01-21 19:18:00,online
2335,541,92,25.7,2026-01-21 19:50:00,presencial
2336,178,46,24.06,2026-01-21 19:55:00,online
2337,524,25,733.57,2026-01-21 20:40:00,online
2338,311,86,33.18,2026-01-21 20:40:00,online
2339,119,110,144.83,2026-01-21 20:57:00,online
2340,200,36,17.18,2026-01-21 21:27:00,online
2341,487,161,290.6,2026-01-21 21:32:00,presencial
2342,465,86,29.48,2026-01-21 21:47:00,online
2343,433,12,47.38,2026-01-21 22:20:00,presencial
2344,136,28,5.95,2026-01-21 22:31:00,online
2345,389,173,152.67,2026-01-21 23:11:00,online
2346,565,68,193.74,2026-01-21 23:16:00,online
2347,30,75,12.11,2026-01-21 23:30:00,presencial
2348,193,40,162.76,2026-01-21 23:43:00,presencial
2349,49,162,10.27,2026-01-21 23:54:00,presencial
2350,63,164,89.59,2026-01-22 00:09:00,online
2351,599,49,32.56,2026-01-22 00:13:00,presencial
2352,145,146,194.39,2026-01-22 00:32:00,presencial
2353,108,91,58.8,2026-01-22 00:51:00,presencial
2354,45,34,124.54,2026-01-22 01:12:00,online
2355,589,160,174.43,2026-01-22 01:21:00,presencial
2356,282,17,32.46,2026-01-22 01:27:00,presencial
2357,475,175,43.3,2026-01-22 01:33:00,online
2358,151,6,13.17,2026-01-22 01:39:00,online
2359,385,65,32.14,2026-01-22 01:44:00,presencial
2360,532,46,372.33,2026-01-22 02:12:00,online
2361,403,48,102.65,2026-01-22 02:14:00,presencial
2362,311,97,14.17,2026-01-22 02:37:00,presencial
2363,127,151,268.97,2026-01-22 02:40:00,presencial
2364,141,80,68.57,2026-01-22 03:00:00,online
2365,359,104,111.44,2026-01-22 03:05:00,online
2366,271,195,76.68,2026-01-22 03:14:00,online
2367,28,100,70.93,2026-01-22 03:30:00,online
2368,118,159,4.97,2026-01-22 03:37:00,presencial
2369,260,77,151.06,2026-01-22 04:10:00,presencial
2370,108,16,3.74,2026-01-22 05:02:00,online
2371,333,52,136.67,2026-01-22 05:05:00,presencial
2372,181,32,49.88,2026-01-22 05:13:00,online
2373,175,182,112.06,2026-01-22 06:07:00,online
2374,65,6,53.21,2026-01-22 06:18:00,presencial
2375,302,165,140.91,2026-01-22 06:19:00,presencial
2376,114,28,45.5,2026-01-22 06:25:00,presencial
2377,379,31,60.89,2026-01-22 06:40:00,presencial
2378,563,106,69.77,2026-01-22 06:46:00,presencial
2379,548,17,353.01,2026-01-22 07:01:00,presencial
2380,401,16,86.51,2026-01-22 07:29:00,presencial
2381,485,156,10.5,2026-01-22 07:51:00,presencial
2382,553,12,24.04,2026-01-22 08:04:00,online
2383,410,120,86.3,2026-01-22 08:07:00,online
2384,155,24,178.7,2026-01-22 08:10:00,presencial
2385,301,18,20.2,2026-01-22 08:14:00,online
2386,515,134,525.25,2026-01-22 08:30:00,online
2387,401,79,54.23,2026-01-22 08:41:00,online
2388,218,4,71.0,2026-01-22 09:07:00,online
2389,102,137,11.25,2026-01-22 09:17:00,online
2390,87,194,152.48,2026-01-22 09:20:00,presencial
2391,227,113,27.38,2026-01-22 09:27:00,online
2392,483,77,19.68,2026-01-22 09:41:00,online
2393,332,169,31.53,2026-01-22 09:48:00,presencial
2394,36,68,204.6,2026-01-22 09:52:00,online
2395,552,123,74.61,2026-01-22 09:59:00,presencial
2396,243,95,16.81,2026-01-22 10:11:00,online
2397,235,146,24.94,2026-01-22 10:20:00,online
2398,492,104,210.72,2026-01-22 10:24:00,online
2399,227,97,34.47,2026-01-22 10:42:00,presencial
2400,371,85,82.8,2026-01-22 10:45:00,presencial
2401,553,60,108.38,2026-01-22 10:48:00,online
2402,311,98,1.04,2026-01-22 10:54:00,presencial
2403,369,13,179.62,2026-01-22 11:07:00,online
2404,213,68,17.5,2026-01-22 11:38:00,presencial
2405,535,16,30.06,2026-01-22 11:48:00,online
2406,46,65,243.05,2026-01-22 11:57:00,presencial
2407,166,71,219.56,2026-01-22 11:57:00,online
2408,595,6,76.87,2026-01-22 12:01:00,online
2409,291,60,99.61,2026-01-22 12:15:00,presencial
2410,105,135,131.07,2026-01-22 12:48:00,presencial
2411,249,194,215.53,2026-01-22 12:59:00,online
2412,154,124,247.93,2026-01-22 13:19:00,presencial
2413,316,143,50.32,2026-01-22 13:23:00,presencial
2414,142,134,19.86,2026-01-22 13:52:00,presencial
2415,240,189,33.76,2026-01-22 14:12:00,presencial
2416,545,189,51.41,2026-01-22 14:25:00,online
2417,50,23,42.17,2026-01-22 14:48:00,presencial
2418,459,95,14.68,2026-01-22 14:52:00,presencial
2419,47,182,72.27,2026-01-22 15:38:00,presencial
2420,275,177,7.97,2026-01-22 15:45:00,presencial
2421,401,107,49.1,2026-01-22 16:10:00,online
2422,574,89,52.69,2026-01-22 16:14:00,online
2423,151,12,50.74,2026-01-22 16:17:00,presencial
2424,32,96,114.02,2026-01-22 16:28:00,online
2425,451,102,98.54,2026-01-22 16:53:00,presencial
2426,537,127,515.4,2026-01-22 16:59:00,online
2427,340,105,25.29,2026-01-22 17:01:00,presencial
2428,37,44,60.78,2026-01-22 17:13:00,presencial
2429,301,194,56.64,2026-01-22 17:50:00,presencial
2430,235,44,53.79,2026-01-22 18:00:00,presencial
2431,271,77,11.12,2026-01-22 19:12:00,presencial
2432,33,102,12.16,2026-01-22 19:15:00,presencial
2433,191,59,45.02,2026-01-22 19:15:00,presencial
2434,600,14,7.9,2026-01-22 20:07:00,online
2435,28,123,30.95,2026-01-22 20:14:00,online
2436,549,48,21.93,2026-01-22 21:05:00,presencial
2437,311,176,32.21,2026-01-22 21:42:00,presencial
2438,351,159,155.33,2026-01-22 21:53:00,online
2439,561,86,13.65,2026-01-22 22:01:00,online
2440,131,93,116.37,2026-01-22 22:19:00,presencial
2441,591,190,23.85,2026-01-22 22:53:00,presencial
2442,167,6,27.35,2026-01-22 22:54:00,presencial
2443,210,76,74.6,2026-01-22 23:02:00,presencial
2444,270,13,33.06,2026-01-22 23:06:00,online
2445,361,28,16.75,2026-01-22 23:14:00,online
2446,194,184,29.75,2026-01-22 23:24:00,online
2447,476,21,6.33,2026-01-23 00:17:00,presencial
2448,13,192,67.99,2026-01-23 00:23:00,online
2449,400,157,1.47,2026-01-23 00:44:00,presencial
2450,394,129,118.73,2026-01-23 00:48:00,online
2451,321,149,87.95,2026-01-23 01:49:00,presencial
2452,369,37,260.23,2026-01-23 01:56:00,online
2453,449,24,492.89,2026-01-23 02:04:00,presencial
2454,543,74,125.13,2026-01-23 02:58:00,presencial
2455,132,153,22.42,2026-01-23 03:07:00,presencial
2456,287,62,487.79,2026-01-23 03:14:00,presencial
2457,338,36,12.02,2026-01-23 03:25:00,presencial
2458,207,158,5.51,2026-01-23 03:49:00,presencial
2459,585,127,342.99,2026-01-23 03:56:00,presencial
2460,307,108,86.64,2026-01-23 04:03:00,online
2461,356,83,5.68,2026-01-23 05:26:00,presencial
2462,117,156,10.07,2026-01-23 05:32:00,online
2463,250,147,81.97,2026-01-23 05:43:00,presencial
2464,376,73,17.17,2026-01-23 06:10:00,online
2465,258,26,20.11,2026-01-23 06:22:00,online
2466,463,174,388.8,2026-01-23 06:23:00,online
2467,83,28,474.86,2026-01-23 06:40:00,presencial
2468,93,86,52.53,2026-01-23 06:45:00,presencial
2469,204,180,37.88,2026-01-23 06:53:00,presencial
2470,192,84,120.63,2026-01-23 07:00:00,online
2471,490,167,24.1,2026-01-23 07:03:00,presencial
2472,521,98,3.84,2026-01-23 07:11:00,online
2473,284,150,2.14,2026-01-23 07:12:00,presencial
2474,304,119,41.22,2026-01-23 07:14:00,presencial
2475,177,57,117.93,2026-01-23 07:17:00,presencial
2476,320,179,45.49,2026-01-23 07:21:00,presencial
2477,424,94,108.96,2026-01-23 07:24:00,presencial
2478,434,92,121.61,2026-01-23 07:38:00,presencial
2479,582,132,205.34,2026-01-23 07:45:00,presencial
2480,347,187,54.87,2026-01-23 07:45:00,presencial
2481,205,175,60.55,2026-01-23 08:02:00,online
2482,42,79,42.93,2026-01-23 08:05:00,presencial
2483,413,47,33.64,2026-01-23 08:06:00,presencial
2484,483,65,7.93,2026-01-23 08:08:00,presencial
2485,332,53,162.26,2026-01-23 08:13:00,online
2486,554,60,29.31,2026-01-23 08:15:00,presencial
2487,191,87,27.52,2026-01-23 08:19:00,online
2488,32,5,24.64,2026-01-23 08:26:00,presencial
2489,380,107,10.23,2026-01-23 09:12:00,presencial
2490,73,170,40.69,2026-01-23 09:17:00,presencial
2491,51,87,78.89,2026-01-23 09:27:00,presencial
2492,422,16,20.58,2026-01-23 09:35:00,presencial
2493,261,78,139.96,2026-01-23 09:35:00,presencial
2494,363,67,29.81,2026-01-23 09:37:00,online
2495,449,119,8.28,2026-01-23 09:48:00,online
2496,230,51,202.57,2026-01-23 09:56:00,online
2497,367,61,55.61,2026-01-23 10:18:00,online
2498,324,149,115.54,2026-01-23 10:18:00,presencial
2499,349,36,118.57,2026-01-23 11:26:00,online
2500,423,187,15.79,2026-01-23 11:27:00,presencial
2501,229,60,25.18,2026-01-23 11:52:00,presencial
2502,303,164,139.45,2026-01-23 12:16:00,online
2503,355,17,336.55,2026-01-23 12:19:00,presencial
2504,85,64,47.92,2026-01-23 12:46:00,presencial
2505,127,76,22.42,2026-01-23 13:24:00,presencial
2506,54,92,284.45,2026-01-23 13:31:00,online
2507,119,19,22.44,2026-01-23 13:39:00,presencial
2508,264,50,64.19,2026-01-23 14:12:00,presencial
2509,563,176,27.92,2026-01-23 14:27:00,presencial
2510,554,185,60.1,2026-01-23 14:38:00,online
2511,458,89,15.8,2026-01-23 14:42:00,presencial
2512,335,24,29.6,2026-01-23 14:49:00,online
2513,122,56,22.42,2026-01-23 14:52:00,presencial
2514,215,191,92.62,2026-01-23 15:07:00,online
2515,460,184,53.49,2026-01-23 15:14:00,presencial
2516,546,163,117.71,2026-01-23 15:23:00,presencial
2517,578,173,18.02,2026-01-23 15:29:00,online
2518,234,143,35.54,2026-01-23 15:43:00,presencial
2519,292,125,88.9,2026-01-23 15:43:00,presencial
2520,306,155,114.96,2026-01-23 15:53:00,online
2521,34,130,9.11,2026-01-23 15:58:00,online
2522,70,68,63.41,2026-01-23 16:26:00,online
2523,28,129,18.27,2026-01-23 16:28:00,presencial
2524,443,60,121.54,2026-01-23 17:03:00,presencial
2525,135,126,346.04,2026-01-23 17:19:00,online
2526,421,77,2.53,2026-01-23 17:21:00,online
2527,226,98,21.72,2026-01-23 18:05:00,presencial
2528,477,37,59.75,2026-01-23 18:38:00,presencial
2529,70,192,44.51,2026-01-23 18:45:00,presencial
2530,196,150,125.66,2026-01-23 19:04:00,online
2531,123,22,48.76,2026-01-23 19:06:00,presencial
2532,262,96,24.96,2026-01-23 19:10:00,presencial
2533,338,91,14.55,2026-01-23 19:20:00,presencial
2534,102,178,12.09,2026-01-23 19:49:00,online
2535,401,152,19.75,2026-01-23 20:01:00,presencial
2536,579,176,24.01,2026-01-23 20:03:00,presencial
2537,26,94,68.18,2026-01-23 20:15:00,online
2538,52,32,37.62,2026-01-23 20:21:00,online
2539,572,145,21.85,2026-01-23 20:26:00,presencial
2540,390,44,14.73,2026-01-23 20:31:00,presencial
2541,552,128,20.64,2026-01-23 21:05:00,presencial
2542,424,83,24.04,2026-01-23 21:36:00,presencial
2543,431,70,19.63,2026-01-23 21:45:00,presencial
2544,95,24,93.73,2026-01-23 21:49:00,presencial
2545,308,161,201.31,2026-01-23 21:58:00,presencial
2546,220,138,12.26,2026-01-23 22:04:00,online
2547,501,69,153.11,2026-01-23 22:17:00,presencial
2548,26,148,95.83,2026-01-23 22:18:00,online
2549,11,198,54.48,2026-01-23 22:26:00,presencial
2550,334,145,239.69,2026-01-23 22:28:00,presencial
2551,583,190,37.07,2026-01-23 22:30:00,online
2552,597,95,69.55,2026-01-23 22:40:00,online
2553,357,76,51.22,2026-01-23 22:46:00,presencial
2554,258,169,47.19,2026-01-23 22:47:00,online
2555,164,133,74.06,2026-01-23 23:12:00,online
2556,595,122,47.04,2026-01-23 23:25:00,presencial
2557,110,129,74.64,2026-01-23 23:35:00,online
2558,76,199,21.4,2026-01-23 23:38:00,presencial
2559,306,138,22.14,2026-01-24 00:00:00,presencial
2560,236,164,21.29,2026-01-24 00:08:00,presencial
2561,298,8,29.93,2026-01-24 00:09:00,presencial
2562,542,145,136.27,2026-01-24 00:27:00,presencial
2563,162,64,26.89,2026-01-24 00:36:00,presencial
2564,527,25,91.63,2026-01-24 00:42:00,presencial
2565,128,56,59.86,2026-01-24 00:49:00,presencial
2566,195,167,27.51,2026-01-24 01:11:00,online
2567,3,164,188.69,2026-01-24 01:39:00,online
2568,408,62,100.46,2026-01-24 01:44:00,online
2569,516,39,44.79,2026-01-24 01:44:00,online
2570,532,84,40.88,2026-01-24 01:47:00,online
2571,101,67,49.56,2026-01-24 02:08:00,presencial
2572,461,93,8.31,2026-01-24 02:13:00,presencial
2573,85,157,18.04,2026-01-24 02:13:00,presencial
2574,378,67,74.35,2026-01-24 02:14:00,presencial
2575,422,35,7.84,2026-01-24 02:28:00,presencial
2576,92,22,19.64,2026-01-24 02:34:00,online
2577,67,138,29.03,2026-01-24 02:35:00,presencial
2578,44,40,1090.09,2026-01-24 02:40:00,presencial
2579,426,44,93.79,2026-01-24 03:06:00,online
2580,369,161,149.47,2026-01-24 03:16:00,online
2581,72,19,18.44,2026-01-24 03:28:00,online
2582,301,131,66.57,2026-01-24 03:30:00,online
2583,478,3,6.45,2026-01-24 03:40:00,presencial
2584,143,189,31.07,2026-01-24 03:44:00,online
2585,364,143,77.94,2026-01-24 04:16:00,presencial
2586,176,165,9.4,2026-01-24 04:33:00,online
2587,157,134,68.89,2026-01-24 04:40:00,presencial
2588,236,81,75.47,2026-01-24 04:42:00,presencial
2589,212,200,23.04,2026-01-24 04:45:00,online
2590,298,158,17.84,2026-01-24 04:50:00,online
2591,124,18,20.35,2026-01-24 05:24:00,presencial
2592,235,116,30.52,2026-01-24 05:29:00,presencial
2593,374,109,31.55,2026-01-24 05:52:00,presencial
2594,233,58,78.3,2026-01-24 05:59:00,presencial
2595,394,92,24.83,2026-01-24 06:07:00,online
2596,70,196,260.43,2026-01-24 06:10:00,presencial
2597,83,18,258.36,2026-01-24 06:21:00,online
2598,520,186,57.96,2026-01-24 06:25:00,presencial
2599,278,141,30.6,2026-01-24 06:36:00,online
2600,366,23,24.86,2026-01-24 06:50:00,online
2601,444,62,63.33,2026-01-24 06:51:00,online
2602,88,168,76.78,2026-01-24 07:15:00,presencial
2603,584,141,35.83,2026-01-24 07:24:00,online
2604,255,16,29.01,2026-01-24 07:29:00,online
2605,534,30,65.89,2026-01-24 07:31:00,presencial
2606,251,186,48.23,2026-01-24 07:34:00,online
2607,244,32,23.82,2026-01-24 07:46:00,online
2608,361,125,50.62,2026-01-24 07:50:00,online
2609,115,200,22.97,2026-01-24 07:54:00,online
2610,366,34,19.55,2026-01-24 08:25:00,online
2611,590,9,44.46,2026-01-24 08:30:00,presencial
2612,388,164,23.76,2026-01-24 08:33:00,presencial
2613,43,190,19.96,2026-01-24 08:39:00,presencial
2614,419,104,141.22,2026-01-24 08:49:00,online
2615,21,47,29.04,2026-01-24 08:56:00,presencial
2616,63,12,339.58,2026-01-24 09:00:00,presencial
2617,171,183,89.06,2026-01-24 09:16:00,presencial
2618,183,160,18.12,2026-01-24 09:18:00,online
2619,3,180,160.09,2026-01-24 09:22:00,online
2620,11,158,20.32,2026-01-24 09:39:00,presencial
2621,474,87,391.77,2026-01-24 09:42:00,presencial
2622,273,97,57.33,2026-01-24 09:48:00,online
2623,120,77,81.19,2026-01-24 09:56:00,presencial
2624,258,147,46.25,2026-01-24 09:57:00,online
2625,416,21,59.89,2026-01-24 10:05:00,online
2626,441,9,34.74,2026-01-24 10:12:00,online
2627,173,193,16.15,2026-01-24 11:07:00,presencial
2628,101,64,64.95,2026-01-24 11:27:00,online
2629,576,7,138.0,2026-01-24 11:37:00,online
2630,379,135,12.06,2026-01-24 12:07:00,presencial
2631,590,80,243.35,2026-01-24 12:23:00,online
2632,185,47,86.6,2026-01-24 12:29:00,online
2633,67,87,27.64,2026-01-24 12:46:00,presencial
2634,230,91,27.11,2026-01-24 12:50:00,presencial
2635,197,123,347.44,2026-01-24 13:04:00,presencial
2636,432,187,125.54,2026-01-24 13:15:00,presencial
2637,430,177,156.66,2026-01-24 13:26:00,presencial
2638,43,166,33.91,2026-01-24 13:31:00,presencial
2639,353,99,82.36,2026-01-24 13:34:00,presencial
2640,206,112,65.65,2026-01-24 13:58:00,online
2641,369,27,36.89,2026-01-24 14:23:00,online
2642,235,116,50.41,2026-01-24 14:35:00,online
2643,323,135,151.57,2026-01-24 14:44:00,online
2644,430,178,259.71,2026-01-24 14:48:00,presencial
2645,177,10,33.9,2026-01-24 15:01:00,presencial
2646,120,173,10.54,2026-01-24 15:11:00,online
2647,424,104,272.59,2026-01-24 15:46:00,online
2648,569,18,276.38,2026-01-24 16:08:00,presencial
2649,267,200,69.44,2026-01-24 16:50:00,online
2650,599,94,321.15,2026-01-24 17:09:00,online
2651,111,83,64.1,2026-01-24 17:10:00,online
2652,492,39,16.45,2026-01-24 17:25:00,online
2653,593,15,10.56,2026-01-24 17:41:00,online
2654,180,17,10.45,2026-01-24 18:00:00,online
2655,89,54,44.93,2026-01-24 18:12:00,presencial
2656,399,59,26.77,2026-01-24 18:21:00,online
2657,522,93,23.65,2026-01-24 18:21:00,online
2658,50,123,39.74,2026-01-24 18:22:00,presencial
2659,385,199,114.87,2026-01-24 18:42:00,online
2660,523,159,24.49,2026-01-24 18:51:00,presencial
2661,20,98,20.35,2026-01-24 19:25:00,online
2662,310,183,26.33,2026-01-24 19:29:00,online
2663,47,112,123.1,2026-01-24 19:30:00,presencial
2664,106,85,41.39,2026-01-24 19:54:00,online
2665,292,44,60.82,2026-01-24 20:04:00,presencial
2666,197,85,246.74,2026-01-24 20:06:00,online
2667,52,9,1020.04,2026-01-24 20:11:00,online
2668,481,31,90.42,2026-01-24 20:34:00,presencial
2669,122,189,81.08,2026-01-24 20:36:00,online
2670,523,39,12.15,2026-01-24 20:48:00,presencial
2671,107,114,67.05,2026-01-24 20:55:00,presencial
2672,312,21,47.86,2026-01-24 20:56:00,online
2673,437,121,119.28,2026-01-24 21:06:00,presencial
2674,289,196,29.05,2026-01-24 21:15:00,presencial
2675,251,92,55.75,2026-01-24 21:22:00,online
2676,451,26,86.99,2026-01-24 21:32:00,presencial
2677,8,5,360.83,2026-01-24 21:36:00,presencial
2678,496,152,249.67,2026-01-24 22:14:00,online
2679,414,21,179.95,2026-01-24 22:18:00,presencial
2680,459,64,99.47,2026-01-24 23:00:00,presencial
2681,253,169,27.81,2026-01-24 23:09:00,presencial
2682,231,108,99.4,2026-01-24 23:17:00,presencial
2683,344,175,19.12,2026-01-24 23:31:00,online
2684,386,175,35.63,2026-01-24 23:37:00,presencial
2685,556,133,316.15,2026-01-24 23:41:00,online
2686,515,188,80.78,2026-01-24 23:46:00,presencial
2687,33,8,57.38,2026-01-25 00:04:00,presencial
2688,92,49,66.11,2026-01-25 00:23:00,online
2689,568,56,40.32,2026-01-25 00:35:00,presencial
2690,233,183,4.17,2026-01-25 00:42:00,presencial
2691,349,125,11.12,2026-01-25 01:04:00,presencial
2692,34,51,88.14,2026-01-25 01:26:00,online
2693,63,42,16.24,2026-01-25 01:29:00,presencial
2694,246,161,39.71,2026-01-25 01:46:00,presencial
2695,431,172,11.59,2026-01-25 01:57:00,online
2696,464,4,20.28,2026-01-25 02:03:00,presencial
2697,537,74,44.49,2026-01-25 02:13:00,online
2698,119,108,123.5,2026-01-25 02:24:00,online
2699,122,48,153.97,2026-01-25 02:26:00,online
2700,326,146,19.92,2026-01-25 02:30:00,presencial
2701,329,152,62.64,2026-01-25 02:46:00,online
2702,22,168,9.32,2026-01-25 03:10:00,presencial
2703,269,158,47.56,2026-01-25 03:16:00,presencial
2704,539,169,127.57,2026-01-25 03:33:00,presencial
2705,99,74,41.52,2026-01-25 03:36:00,presencial
2706,493,60,190.04,2026-01-25 03:46:00,presencial
2707,269,64,112.24,2026-01-25 04:00:00,online
2708,315,171,58.29,2026-01-25 04:11:00,presencial
2709,385,130,33.96,2026-01-25 04:17:00,presencial
2710,424,65,24.83,2026-01-25 04:22:00,presencial
2711,383,145,8.99,2026-01-25 04:34:00,presencial
2712,63,47,10.75,2026-01-25 05:13:00,online
2713,178,54,133.54,2026-01-25 05:52:00,presencial
2714,508,1,236.29,2026-01-25 05:57:00,online
2715,25,194,13.61,2026-01-25 06:39:00,online
2716,430,48,48.18,2026-01-25 06:57:00,presencial
2717,313,151,7.91,2026-01-25 07:05:00,online
2718,72,24,15.26,2026-01-25 07:21:00,online
2719,74,8,59.49,2026-01-25 07:25:00,online
2720,589,135,25.27,2026-01-25 07:32:00,presencial
2721,19,20,5.43,2026-01-25 07:59:00,presencial
2722,14,29,296.12,2026-01-25 08:06:00,online
2723,11,67,42.35,2026-01-25 08:09:00,presencial
2724,378,118,13.27,2026-01-25 08:25:00,presencial
2725,556,4,51.46,2026-01-25 08:29:00,presencial
2726,104,26,40.9,2026-01-25 08:36:00,presencial
2727,478,68,71.09,2026-01-25 08:47:00,presencial
2728,432,141,30.76,2026-01-25 08:54:00,presencial
2729,138,20,63.16,2026-01-25 08:59:00,online
2730,43,58,126.22,2026-01-25 09:53:00,presencial
2731,293,39,10.49,2026-01-25 09:54:00,presencial
2732,49,62,20.85,2026-01-25 09:58:00,online
2733,69,52,112.53,2026-01-25 10:01:00,online
2734,280,129,24.37,2026-01-25 10:30:00,presencial
2735,490,14,40.86,2026-01-25 10:31:00,presencial
2736,597,188,26.64,2026-01-25 10:35:00,online
2737,377,49,28.54,2026-01-25 11:01:00,online
2738,166,199,25.99,2026-01-25 11:23:00,online
2739,197,146,11.19,2026-01-25 11:38:00,presencial
2740,368,72,74.08,2026-01-25 11:49:00,online
2741,104,61,143.82,2026-01-25 12:19:00,presencial
2742,312,190,36.81,2026-01-25 12:26:00,online
2743,462,200,127.03,2026-01-25 12:39:00,presencial
2744,506,123,26.04,2026-01-25 13:07:00,presencial
2745,36,10,24.41,2026-01-25 13:30:00,online
2746,174,182,70.23,2026-01-25 13:33:00,online
2747,153,96,71.53,2026-01-25 13:33:00,online
2748,333,6,39.49,2026-01-25 13:45:00,presencial
2749,112,161,94.09,2026-01-25 14:07:00,online
2750,571,7,10.85,2026-01-25 14:09:00,presencial
2751,551,75,32.0,2026-01-25 14:20:00,presencial
2752,200,15,129.19,2026-01-25 14:23:00,online
2753,245,88,128.81,2026-01-25 14:34:00,presencial
2754,264,161,112.13,2026-01-25 15:01:00,online
2755,26,26,137.39,2026-01-25 15:06:00,presencial
2756,534,28,29.67,2026-01-25 15:08:00,presencial
2757,468,192,6.85,2026-01-25 15:24:00,presencial
2758,200,36,33.63,2026-01-25 15:27:00,presencial
2759,329,23,89.98,2026-01-25 15:46:00,presencial
2760,229,118,107.7,2026-01-25 15:46:00,presencial
2761,137,56,25.06,2026-01-25 16:24:00,online
2762,183,192,15.41,2026-01-25 16:27:00,presencial
2763,65,33,17.2,2026-01-25 16:27:00,presencial
2764,486,114,24.58,2026-01-25 16:41:00,presencial
2765,393,185,5.55,2026-01-25 16:45:00,presencial
2766,559,147,25.03,2026-01-25 16:58:00,presencial
2767,4,6,47.12,2026-01-25 17:06:00,online
2768,379,38,40.14,2026-01-25 17:33:00,presencial
2769,337,26,31.08,2026-01-25 17:35:00,online
2770,375,183,20.94,2026-01-25 17:56:00,online
2771,594,41,23.81,2026-01-25 18:03:00,online
2772,235,12,24.27,2026-01-25 18:14:00,presencial
2773,85,77,97.13,2026-01-25 18:14:00,presencial
2774,8,57,44.66,2026-01-25 18:22:00,presencial
2775,296,33,1456.11,2026-01-25 18:34:00,presencial
2776,105,91,31.01,2026-01-25 19:09:00,online
2777,85,181,72.36,2026-01-25 19:16:00,presencial
2778,89,46,31.78,2026-01-25 19:24:00,presencial
2779,167,197,30.95,2026-01-25 19:43:00,online
2780,70,133,249.29,2026-01-25 20:07:00,presencial
2781,292,77,133.93,2026-01-25 20:08:00,presencial
2782,393,136,6.49,2026-01-25 20:25:00,presencial
2783,174,70,14.52,2026-01-25 20:36:00,presencial
2784,82,43,38.48,2026-01-25 20:38:00,online
2785,344,47,25.31,2026-01-25 21:09:00,presencial
2786,52,2,8.51,2026-01-25 21:23:00,online
2787,443,130,50.77,2026-01-25 21:33:00,presencial
2788,230,15,5.66,2026-01-25 21:34:00,presencial
2789,246,40,51.39,2026-01-25 21:45:00,presencial
2790,150,1,99.78,2026-01-25 21:50:00,online
2791,170,14,116.75,2026-01-25 21:54:00,presencial
2792,88,182,38.14,2026-01-25 22:40:00,presencial
2793,335,5,235.54,2026-01-25 22:59:00,presencial
2794,88,125,64.38,2026-01-25 23:13:00,presencial
2795,409,66,113.34,2026-01-25 23:13:00,online
2796,154,28,19.89,2026-01-25 23:18:00,online
2797,340,60,238.36,2026-01-25 23:50:00,presencial
2798,323,19,44.56,2026-01-25 23:53:00,presencial
2799,381,63,253.27,2026-01-25 23:59:00,presencial
2800,455,164,199.13,2026-01-26 00:03:00,online
2801,337,125,59.35,2026-01-26 00:10:00,presencial
2802,512,163,69.84,2026-01-26 00:24:00,online
2803,156,140,36.67,2026-01-26 00:30:00,presencial
2804,451,186,18.15,2026-01-26 00:41:00,presencial
2805,206,22,86.03,2026-01-26 01:36:00,online
2806,377,32,81.32,2026-01-26 01:49:00,presencial
2807,296,83,7.53,2026-01-26 02:11:00,presencial
2808,545,105,40.81,2026-01-26 02:33:00,online
2809,163,157,116.14,2026-01-26 02:38:00,online
2810,312,25,224.15,2026-01-26 02:40:00,online
2811,99,23,99.27,2026-01-26 02:40:00,online
2812,381,160,8.42,2026-01-26 03:05:00,presencial
2813,23,110,14.01,2026-01-26 03:10:00,presencial
2814,247,83,30.55,2026-01-26 03:28:00,presencial
2815,6,45,208.24,2026-01-26 03:52:00,presencial
2816,197,140,22.92,2026-01-26 03:57:00,online
2817,291,161,143.23,2026-01-26 04:48:00,presencial
2818,200,7,22.52,2026-01-26 04:55:00,online
2819,232,11,80.31,2026-01-26 05:02:00,presencial
2820,89,156,15.89,2026-01-26 05:29:00,presencial
2821,429,177,36.12,2026-01-26 05:33:00,presencial
2822,478,46,12.87,2026-01-26 05:34:00,presencial
2823,273,142,218.64,2026-01-26 05:44:00,presencial
2824,34,169,20.81,2026-01-26 05:53:00,presencial
2825,38,23,8.15,2026-01-26 05:54:00,online
2826,405,38,7.47,2026-01-26 06:02:00,presencial
2827,558,27,40.69,2026-01-26 06:14:00,presencial
2828,519,159,27.01,2026-01-26 06:21:00,presencial
2829,244,155,91.25,2026-01-26 06:34:00,presencial
2830,299,27,34.51,2026-01-26 06:40:00,online
2831,98,35,161.19,2026-01-26 06:44:00,online
2832,43,133,29.25,2026-01-26 06:57:00,presencial
2833,460,180,138.26,2026-01-26 07:50:00,presencial
2834,258,156,15.68,2026-01-26 08:34:00,presencial
2835,299,34,8.55,2026-01-26 08:38:00,online
2836,206,78,18.07,2026-01-26 08:58:00,presencial
2837,188,14,12.91,2026-01-26 09:00:00,online
2838,592,49,11.42,2026-01-26 09:03:00,presencial
2839,490,113,70.46,2026-01-26 09:14:00,online
2840,415,69,33.42,2026-01-26 09:36:00,presencial
2841,234,122,52.25,2026-01-26 09:42:00,presencial
2842,433,60,79.86,2026-01-26 09:49:00,presencial
2843,204,113,7.0,2026-01-26 10:00:00,online
2844,310,127,83.67,2026-01-26 10:13:00,online
2845,88,39,11.87,2026-01-26 10:14:00,presencial
2846,426,9,23.7,2026-01-26 10:22:00,presencial
2847,37,68,5.58,2026-01-26 10:34:00,online
2848,434,9,91.84,2026-01-26 10:38:00,presencial
2849,363,32,6.97,2026-01-26 10:49:00,online
2850,40,58,11.94,2026-01-26 10:58:00,online
2851,304,68,12.93,2026-01-26 11:13:00,presencial
2852,134,56,38.8,2026-01-26 11:16:00,online
2853,286,11,37.52,2026-01-26 11:52:00,online
2854,8,36,109.19,2026-01-26 12:28:00,online
2855,434,177,39.84,2026-01-26 13:03:00,presencial
2856,306,144,129.33,2026-01-26 13:04:00,online
2857,218,89,67.85,2026-01-26 13:09:00,presencial
2858,526,5,15.8,2026-01-26 13:47:00,presencial
2859,387,72,21.46,2026-01-26 13:47:00,presencial
2860,366,185,235.48,2026-01-26 13:53:00,presencial
2861,89,162,172.46,2026-01-26 14:14:00,presencial
2862,301,152,110.66,2026-01-26 14:20:00,online
2863,421,50,127.87,2026-01-26 14:31:00,presencial
2864,556,81,74.56,2026-01-26 14:38:00,presencial
2865,363,6,64.63,2026-01-26 14:39:00,online
2866,104,172,47.21,2026-01-26 14:58:00,presencial
2867,407,23,289.67,2026-01-26 15:06:00,online
2868,45,124,26.81,2026-01-26 15:25:00,online
2869,188,57,58.23,2026-01-26 15:45:00,presencial
2870,551,115,6.83,2026-01-26 15:49:00,presencial
2871,482,166,9.26,2026-01-26 15:54:00,presencial
2872,542,63,329.2,2026-01-26 16:28:00,online
2873,212,4,88.1,2026-01-26 16:28:00,presencial
2874,410,133,35.38,2026-01-26 16:47:00,presencial
2875,421,107,48.72,2026-01-26 16:50:00,online
2876,148,28,10.03,2026-01-26 17:11:00,online
2877,566,10,27.91,2026-01-26 17:16:00,online
2878,582,105,8.99,2026-01-26 17:30:00,presencial
2879,67,123,32.3,2026-01-26 17:47:00,online
2880,460,24,94.48,2026-01-26 18:08:00,online
2881,269,120,73.6,2026-01-26 18:09:00,presencial
2882,405,90,256.73,2026-01-26 18:28:00,online
2883,333,28,61.82,2026-01-26 18:31:00,presencial
2884,134,124,2.93,2026-01-26 18:32:00,presencial
2885,58,130,382.12,2026-01-26 18:34:00,presencial
2886,308,32,17.73,2026-01-26 18:36:00,presencial
2887,503,135,53.43,2026-01-26 18:47:00,presencial
2888,494,45,50.0,2026-01-26 18:52:00,presencial
2889,165,120,58.26,2026-01-26 18:58:00,presencial
2890,517,163,47.13,2026-01-26 19:00:00,online
2891,214,188,48.05,2026-01-26 19:03:00,presencial
2892,337,52,10.45,2026-01-26 19:06:00,online
2893,195,68,769.45,2026-01-26 19:14:00,presencial
2894,314,20,91.52,2026-01-26 19:16:00,presencial
2895,318,194,47.33,2026-01-26 19:25:00,presencial
2896,419,67,339.02,2026-01-26 19:33:00,online
2897,284,161,13.75,2026-01-26 19:35:00,online
2898,317,188,116.19,2026-01-26 20:02:00,presencial
2899,391,96,24.27,2026-01-26 20:18:00,presencial
2900,251,139,69.59,2026-01-26 20:22:00,presencial
2901,315,95,71.3,2026-01-26 20:30:00,presencial
2902,52,116,3.42,2026-01-26 20:42:00,presencial
2903,522,50,9.26,2026-01-26 20:51:00,online
2904,76,169,255.98,2026-01-26 20:59:00,presencial
2905,524,25,33.87,2026-01-26 21:03:00,online
2906,457,133,404.13,2026-01-26 21:04:00,presencial
2907,569,184,188.88,2026-01-26 21:37:00,presencial
2908,15,163,35.08,2026-01-26 21:41:00,online
2909,131,152,31.84,2026-01-26 21:58:00,presencial
2910,32,132,274.04,2026-01-26 22:17:00,online
2911,251,190,451.84,2026-01-26 22:25:00,presencial
2912,543,173,32.61,2026-01-26 22:39:00,presencial
2913,460,55,242.74,2026-01-26 22:41:00,online
2914,423,125,138.8,2026-01-26 22:45:00,presencial
2915,510,86,167.8,2026-01-26 22:59:00,presencial
2916,3,53,49.96,2026-01-26 23:19:00,presencial
2917,473,164,21.33,2026-01-26 23:47:00,presencial
2918,188,9,14.02,2026-01-27 00:01:00,presencial
2919,415,26,10.65,2026-01-27 00:36:00,online
2920,458,22,365.76,2026-01-27 00:40:00,presencial
2921,412,41,45.24,2026-01-27 01:52:00,presencial
2922,251,103,12.69,2026-01-27 02:01:00,online
2923,367,189,134.65,2026-01-27 02:05:00,online
2924,282,195,26.4,2026-01-27 02:19:00,online
2925,377,181,21.84,2026-01-27 02:25:00,online
2926,276,152,434.77,2026-01-27 03:34:00,presencial
2927,237,92,10.34,2026-01-27 03:51:00,presencial
2928,122,156,57.89,2026-01-27 03:54:00,online
2929,233,54,23.34,2026-01-27 03:58:00,presencial
2930,433,133,19.58,2026-01-27 04:55:00,presencial
2931,523,2,8.93,2026-01-27 04:58:00,online
2932,62,181,47.73,2026-01-27 05:30:00,presencial
2933,110,195,17.09,2026-01-27 05:48:00,presencial
2934,305,148,85.67,2026-01-27 05:53:00,presencial
2935,422,35,42.45,2026-01-27 05:56:00,presencial
2936,102,52,31.69,2026-01-27 05:59:00,presencial
2937,195,148,17.19,2026-01-27 06:15:00,online
2938,28,100,215.68,2026-01-27 06:22:00,presencial
2939,32,110,100.41,2026-01-27 06:26:00,presencial
2940,86,81,21.13,2026-01-27 06:51:00,presencial
2941,438,168,10.02,2026-01-27 06:53:00,presencial
2942,522,34,5.6,2026-01-27 07:05:00,presencial
2943,300,89,156.19,2026-01-27 07:09:00,presencial
2944,106,45,121.52,2026-01-27 07:12:00,online
2945,553,139,141.35,2026-01-27 07:15:00,presencial
2946,168,58,39.16,2026-01-27 07:18:00,presencial
2947,93,60,108.49,2026-01-27 08:24:00,online
2948,83,35,138.37,2026-01-27 08:36:00,presencial
2949,212,173,41.4,2026-01-27 08:43:00,presencial
2950,442,44,30.15,2026-01-27 08:47:00,presencial
2951,239,174,15.27,2026-01-27 08:54:00,presencial
2952,268,184,71.43,2026-01-27 09:02:00,presencial
2953,205,193,82.69,2026-01-27 09:04:00,presencial
2954,567,69,28.58,2026-01-27 09:14:00,presencial
2955,411,131,32.54,2026-01-27 09:15:00,presencial
2956,399,166,35.2,2026-01-27 09:24:00,presencial
2957,263,16,106.74,2026-01-27 09:41:00,online
2958,319,13,9.86,2026-01-27 09:45:00,presencial
2959,531,42,13.25,2026-01-27 09:48:00,presencial
2960,394,197,13.54,2026-01-27 09:49:00,online
2961,489,18,37.96,2026-01-27 09:55:00,online
2962,25,153,63.23,2026-01-27 10:27:00,presencial
2963,516,168,13.79,2026-01-27 11:28:00,presencial
2964,571,182,121.5,2026-01-27 11:41:00,online
2965,401,106,223.39,2026-01-27 11:44:00,online
2966,574,106,70.47,2026-01-27 12:28:00,presencial
2967,341,149,153.71,2026-01-27 12:29:00,presencial
2968,166,127,16.34,2026-01-27 12:32:00,online
2969,364,158,16.77,2026-01-27 12:36:00,presencial
2970,377,73,78.73,2026-01-27 12:52:00,presencial
2971,87,187,42.85,2026-01-27 13:25:00,presencial
2972,122,87,16.73,2026-01-27 13:53:00,presencial
2973,175,50,214.34,2026-01-27 14:08:00,presencial
2974,329,151,62.1,2026-01-27 14:11:00,online
2975,89,125,96.78,2026-01-27 14:14:00,presencial
2976,463,10,21.29,2026-01-27 14:15:00,presencial
2977,66,34,283.69,2026-01-27 14:17:00,online
2978,564,8,37.66,2026-01-27 14:50:00,presencial
2979,406,116,137.13,2026-01-27 15:00:00,presencial
2980,204,175,23.54,2026-01-27 15:06:00,presencial
2981,224,65,53.81,2026-01-27 15:07:00,presencial
2982,417,23,82.57,2026-01-27 15:30:00,presencial
2983,54,171,401.4,2026-01-27 16:31:00,online
2984,430,145,27.56,2026-01-27 16:55:00,online
2985,332,110,55.86,2026-01-27 17:06:00,presencial
2986,133,40,85.72,2026-01-27 17:13:00,presencial
2987,539,135,9.43,2026-01-27 17:16:00,presencial
2988,378,74,4.09,2026-01-27 17:55:00,presencial
2989,99,50,14.95,2026-01-27 18:02:00,online
2990,394,59,129.53,2026-01-27 18:03:00,presencial
2991,247,13,295.32,2026-01-27 18:15:00,presencial
2992,459,99,16.2,2026-01-27 18:18:00,presencial
2993,296,151,11.72,2026-01-27 18:26:00,presencial
2994,600,166,241.83,2026-01-27 19:35:00,presencial
2995,557,145,24.0,2026-01-27 19:52:00,presencial
2996,25,176,29.7,2026-01-27 20:28:00,presencial
2997,247,193,222.53,2026-01-27 20:39:00,online
2998,122,45,185.71,2026-01-27 20:42:00,presencial
2999,271,87,124.89,2026-01-27 20:51:00,presencial
3000,88,68,6.8,2026-01-27 21:17:00,online
3001,322,137,11.2,2026-01-27 21:18:00,online
3002,93,168,153.32,2026-01-27 21:51:00,presencial
3003,374,178,63.41,2026-01-27 21:53:00,presencial
3004,273,18,19.0,2026-01-27 21:54:00,presencial
3005,596,103,30.6,2026-01-27 21:57:00,online
3006,528,24,151.73,2026-01-27 22:39:00,presencial
3007,361,66,239.94,2026-01-27 22:47:00,online
3008,270,96,44.41,2026-01-27 22:48:00,presencial
3009,430,124,21.0,2026-01-27 22:51:00,presencial
3010,402,159,33.01,2026-01-27 22:57:00,presencial
3011,84,199,195.85,2026-01-27 23:04:00,online
3012,226,68,191.69,2026-01-27 23:16:00,online
3013,596,112,55.35,2026-01-27 23:27:00,presencial
3014,192,14,24.97,2026-01-27 23:35:00,presencial
3015,8,23,147.09,2026-01-27 23:44:00,presencial
3016,501,194,266.46,2026-01-27 23:45:00,presencial
3017,560,188,9.04,2026-01-27 23:48:00,presencial
3018,394,188,34.62,2026-01-27 23:52:00,presencial
3019,381,53,159.42,2026-01-28 00:06:00,online
3020,211,131,48.47,2026-01-28 00:10:00,online
3021,216,46,26.12,2026-01-28 00:33:00,presencial
3022,549,137,54.8,2026-01-28 01:06:00,online
3023,515,97,67.21,2026-01-28 01:26:00,presencial
3024,300,187,12.94,2026-01-28 01:35:00,online
3025,188,75,49.4,2026-01-28 01:51:00,presencial
3026,113,129,66.96,2026-01-28 02:30:00,presencial
3027,7,132,26.05,2026-01-28 02:35:00,presencial
3028,290,158,18.96,2026-01-28 02:35:00,presencial
3029,333,11,24.74,2026-01-28 02:49:00,online
3030,405,93,15.36,2026-01-28 02:53:00,presencial
3031,484,91,113.94,2026-01-28 03:12:00,online
3032,221,46,15.15,2026-01-28 03:25:00,online
3033,101,161,55.03,2026-01-28 03:47:00,presencial
3034,507,167,29.62,2026-01-28 03:58:00,presencial
3035,458,17,20.56,2026-01-28 04:17:00,online
3036,320,137,202.04,2026-01-28 04:27:00,presencial
3037,24,173,38.71,2026-01-28 04:28:00,presencial
3038,281,58,21.41,2026-01-28 04:28:00,presencial
3039,372,127,19.27,2026-01-28 04:43:00,presencial
3040,516,125,64.91,2026-01-28 05:03:00,presencial
3041,305,4,110.97,2026-01-28 05:38:00,presencial
3042,278,164,180.88,2026-01-28 05:38:00,presencial
3043,228,151,37.17,2026-01-28 05:45:00,online
3044,249,55,34.8,2026-01-28 06:18:00,online
3045,10,63,51.63,2026-01-28 06:46:00,online
3046,63,154,53.72,2026-01-28 07:03:00,presencial
3047,454,161,19.12,2026-01-28 07:11:00,online
3048,218,15,223.33,2026-01-28 07:16:00,online
3049,511,72,45.81,2026-01-28 07:33:00,presencial
3050,239,125,80.5,2026-01-28 07:47:00,presencial
3051,599,26,71.3,2026-01-28 08:03:00,presencial
3052,109,200,69.71,2026-01-28 08:44:00,presencial
3053,113,42,14.81,2026-01-28 08:47:00,online
3054,353,174,44.39,2026-01-28 09:00:00,presencial
3055,482,13,549.4,2026-01-28 09:40:00,presencial
3056,87,176,256.18,2026-01-28 09:56:00,online
3057,302,9,53.13,2026-01-28 09:59:00,online
3058,135,137,29.86,2026-01-28 10:03:00,presencial
3059,443,73,3.9,2026-01-28 10:20:00,presencial
3060,337,93,25.87,2026-01-28 10:21:00,online
3061,393,22,41.01,2026-01-28 10:39:00,presencial
3062,162,136,31.53,2026-01-28 10:59:00,presencial
3063,174,125,34.04,2026-01-28 11:05:00,online
3064,384,65,88.65,2026-01-28 11:37:00,online
3065,212,95,14.87,2026-01-28 11:38:00,presencial
3066,415,111,60.34,2026-01-28 11:47:00,online
3067,93,138,39.6,2026-01-28 12:01:00,presencial
3068,181,108,16.94,2026-01-28 12:09:00,presencial
3069,62,12,281.89,2026-01-28 12:13:00,online
3070,53,109,101.76,2026-01-28 12:25:00,presencial
3071,158,70,18.82,2026-01-28 12:25:00,presencial
3072,294,83,78.96,2026-01-28 12:31:00,presencial
3073,87,75,9.69,2026-01-28 12:32:00,presencial
3074,56,71,21.55,2026-01-28 12:36:00,presencial
3075,527,48,192.54,2026-01-28 12:43:00,online
3076,310,67,65.8,2026-01-28 12:44:00,online
3077,430,143,60.24,2026-01-28 12:47:00,online
3078,436,45,132.38,2026-01-28 13:06:00,online
3079,61,152,87.57,2026-01-28 13:23:00,online
3080,373,88,33.36,2026-01-28 13:29:00,presencial
3081,517,123,125.22,2026-01-28 13:33:00,presencial
3082,269,24,6.97,2026-01-28 13:38:00,online
3083,518,42,21.45,2026-01-28 13:42:00,online
3084,568,181,40.18,2026-01-28 13:48:00,online
3085,328,167,81.65,2026-01-28 13:52:00,online
3086,62,14,31.27,2026-01-28 14:25:00,online
3087,371,181,6.28,2026-01-28 15:05:00,presencial
3088,529,168,5.38,2026-01-28 15:12:00,presencial
3089,348,28,41.48,2026-01-28 15:13:00,presencial
3090,481,49,26.43,2026-01-28 15:14:00,online
3091,322,36,16.43,2026-01-28 15:15:00,presencial
3092,252,171,13.67,2026-01-28 15:27:00,presencial
3093,568,171,51.79,2026-01-28 15:27:00,presencial
3094,92,145,187.26,2026-01-28 15:33:00,presencial
3095,269,51,51.79,2026-01-28 15:53:00,presencial
3096,94,185,190.03,2026-01-28 16:01:00,online
3097,393,170,29.62,2026-01-28 16:02:00,online
3098,554,175,72.81,2026-01-28 16:08:00,presencial
3099,599,72,197.8,2026-01-28 17:07:00,presencial
3100,141,141,37.57,2026-01-28 17:35:00,presencial
3101,437,136,46.0,2026-01-28 17:42:00,presencial
3102,525,31,29.61,2026-01-28 18:05:00,online
3103,501,117,85.78,2026-01-28 18:06:00,online
3104,302,110,120.6,2026-01-28 18:19:00,presencial
3105,105,117,65.79,2026-01-28 18:30:00,presencial
3106,278,68,34.73,2026-01-28 18:32:00,online
3107,466,134,8.59,2026-01-28 18:33:00,presencial
3108,372,178,42.38,2026-01-28 18:35:00,online
3109,233,121,36.19,2026-01-28 19:05:00,presencial
3110,130,175,57.95,2026-01-28 19:06:00,presencial
3111,392,155,50.83,2026-01-28 19:12:00,presencial
3112,258,63,252.06,2026-01-28 19:30:00,presencial
3113,284,148,20.78,2026-01-28 19:30:00,presencial
3114,564,135,7.9,2026-01-28 19:39:00,presencial
3115,6,189,12.72,2026-01-28 20:01:00,presencial
3116,143,68,22.26,2026-01-28 20:14:00,presencial
3117,552,33,146.97,2026-01-28 20:24:00,presencial
3118,553,136,10.73,2026-01-28 20:39:00,presencial
3119,182,127,12.43,2026-01-28 21:00:00,presencial
3120,597,123,70.48,2026-01-28 21:27:00,presencial
3121,127,148,113.78,2026-01-28 21:32:00,online
3122,32,103,8.13,2026-01-28 21:35:00,presencial
3123,185,7,6.36,2026-01-28 21:42:00,online
3124,319,176,18.82,2026-01-28 21:45:00,presencial
3125,4,56,92.12,2026-01-28 21:57:00,online
3126,104,50,52.33,2026-01-28 21:59:00,presencial
3127,475,163,19.59,2026-01-28 22:07:00,online
3128,374,160,100.82,2026-01-28 22:19:00,presencial
3129,364,102,51.25,2026-01-28 22:23:00,online
3130,594,138,39.71,2026-01-28 22:47:00,online
3131,138,17,7.57,2026-01-28 23:18:00,presencial
3132,539,57,19.15,2026-01-28 23:19:00,presencial
3133,214,49,384.76,2026-01-28 23:26:00,presencial
3134,555,85,30.88,2026-01-28 23:48:00,presencial
3135,470,72,15.6,2026-01-28 23:57:00,presencial
3136,129,14,29.36,2026-01-29 00:01:00,presencial
3137,126,138,50.96,2026-01-29 00:10:00,presencial
3138,326,120,118.12,2026-01-29 00:31:00,presencial
3139,302,76,88.52,2026-01-29 00:41:00,presencial
3140,141,178,21.24,2026-01-29 00:44:00,presencial
3141,157,73,181.04,2026-01-29 00:49:00,presencial
3142,540,24,109.53,2026-01-29 00:52:00,presencial
3143,453,170,27.39,2026-01-29 01:29:00,presencial
3144,115,27,38.82,2026-01-29 01:57:00,online
3145,436,15,86.55,2026-01-29 02:38:00,online
3146,93,95,145.79,2026-01-29 02:53:00,online
3147,268,116,8.41,2026-01-29 02:56:00,presencial
3148,8,57,48.3,2026-01-29 02:57:00,presencial
3149,390,168,43.2,2026-01-29 02:58:00,presencial
3150,110,56,23.86,2026-01-29 03:02:00,presencial
3151,142,193,23.73,2026-01-29 03:06:00,online
3152,114,128,142.57,2026-01-29 03:10:00,presencial
3153,111,37,80.49,2026-01-29 03:38:00,online
3154,47,83,453.64,2026-01-29 03:42:00,online
3155,333,16,23.88,2026-01-29 03:46:00,presencial
3156,521,169,51.98,2026-01-29 04:29:00,presencial
3157,181,130,62.84,2026-01-29 04:37:00,presencial
3158,468,86,119.78,2026-01-29 04:58:00,online
3159,327,136,199.19,2026-01-29 05:08:00,presencial
3160,153,124,49.55,2026-01-29 05:10:00,presencial
3161,38,120,13.41,2026-01-29 05:15:00,online
3162,470,80,20.45,2026-01-29 05:26:00,online
3163,14,71,52.3,2026-01-29 05:33:00,online
3164,254,52,153.71,2026-01-29 06:05:00,presencial
3165,21,158,9.11,2026-01-29 06:17:00,online
3166,466,95,12.34,2026-01-29 06:21:00,online
3167,594,94,102.81,2026-01-29 06:32:00,presencial
3168,194,145,10.77,2026-01-29 06:33:00,presencial
3169,189,107,12.97,2026-01-29 06:40:00,presencial
3170,339,191,156.05,2026-01-29 06:49:00,presencial
3171,302,49,35.04,2026-01-29 06:59:00,online
3172,229,9,32.21,2026-01-29 07:21:00,online
3173,220,85,201.37,2026-01-29 07:43:00,online
3174,113,107,13.88,2026-01-29 08:10:00,presencial
3175,151,165,11.13,2026-01-29 08:19:00,online
3176,352,128,268.31,2026-01-29 08:28:00,presencial
3177,441,188,57.78,2026-01-29 08:30:00,presencial
3178,451,18,94.41,2026-01-29 08:50:00,online
3179,310,108,31.75,2026-01-29 08:52:00,online
3180,452,166,39.76,2026-01-29 08:56:00,online
3181,356,101,20.61,2026-01-29 09:01:00,presencial
3182,214,56,63.43,2026-01-29 09:28:00,online
3183,213,154,111.55,2026-01-29 09:30:00,presencial
3184,312,175,55.46,2026-01-29 10:06:00,online
3185,185,52,143.6,2026-01-29 10:46:00,presencial
3186,459,111,92.63,2026-01-29 10:59:00,presencial
3187,112,161,14.11,2026-01-29 11:00:00,online
3188,33,31,38.12,2026-01-29 11:05:00,presencial
3189,295,3,27.3,2026-01-29 11:17:00,online
3190,44,148,102.39,2026-01-29 11:17:00,presencial
3191,115,151,74.27,2026-01-29 11:22:00,online
3192,226,32,51.42,2026-01-29 11:38:00,online
3193,3,120,136.31,2026-01-29 11:48:00,presencial
3194,135,145,5.74,2026-01-29 11:51:00,presencial
3195,327,193,23.02,2026-01-29 12:20:00,online
3196,225,162,25.28,2026-01-29 12:47:00,presencial
3197,538,44,58.96,2026-01-29 12:50:00,presencial
3198,57,116,82.11,2026-01-29 12:51:00,presencial
3199,432,147,44.64,2026-01-29 12:56:00,presencial
3200,356,55,10.52,2026-01-29 13:17:00,presencial
3201,387,33,69.93,2026-01-29 13:31:00,presencial
3202,404,88,51.46,2026-01-29 13:47:00,presencial
3203,32,144,8.89,2026-01-29 14:03:00,online
3204,476,106,32.3,2026-01-29 14:24:00,presencial
3205,199,121,67.45,2026-01-29 14:45:00,presencial
3206,391,134,275.48,2026-01-29 14:46:00,online
3207,177,192,13.49,2026-01-29 14:59:00,online
3208,238,127,106.61,2026-01-29 15:11:00,presencial
3209,421,27,13.68,2026-01-29 15:23:00,presencial
3210,561,81,11.05,2026-01-29 15:24:00,presencial
3211,527,34,11.79,2026-01-29 16:47:00,online
3212,436,152,86.97,2026-01-29 16:52:00,online
3213,324,200,51.57,2026-01-29 17:00:00,presencial
3214,317,155,31.62,2026-01-29 17:08:00,presencial
3215,580,50,73.97,2026-01-29 17:17:00,online
3216,125,140,46.75,2026-01-29 17:48:00,online
3217,573,5,50.48,2026-01-29 17:52:00,presencial
3218,390,55,32.01,2026-01-29 18:04:00,online
3219,370,61,14.44,2026-01-29 18:36:00,online
3220,356,94,287.27,2026-01-29 18:39:00,presencial
3221,488,65,208.61,2026-01-29 18:39:00,presencial
3222,410,87,257.03,2026-01-29 18:47:00,presencial
3223,57,2,24.7,2026-01-29 18:53:00,online
3224,469,164,21.11,2026-01-29 19:15:00,presencial
3225,438,80,28.34,2026-01-29 19:19:00,online
3226,550,162,145.7,2026-01-29 19:23:00,online
3227,562,12,44.69,2026-01-29 19:32:00,online
3228,570,174,24.59,2026-01-29 19:35:00,presencial
3229,26,126,66.7,2026-01-29 19:43:00,presencial
3230,379,47,19.88,2026-01-29 19:58:00,presencial
3231,561,151,10.07,2026-01-29 20:22:00,presencial
3232,580,150,51.53,2026-01-29 20:23:00,online
3233,330,146,25.34,2026-01-29 20:32:00,presencial
3234,547,175,44.03,2026-01-29 20:36:00,presencial
3235,529,191,2.33,2026-01-29 20:39:00,online
3236,2,34,16.76,2026-01-29 20:52:00,presencial
3237,531,57,42.54,2026-01-29 20:54:00,online
3238,383,8,8.43,2026-01-29 20:57:00,online
3239,345,14,8.75,2026-01-29 21:07:00,presencial
3240,108,22,46.65,2026-01-29 21:12:00,online
3241,552,139,96.71,2026-01-29 21:17:00,presencial
3242,178,122,16.76,2026-01-29 21:44:00,presencial
3243,251,7,33.5,2026-01-29 21:49:00,presencial
3244,179,85,34.37,2026-01-29 21:53:00,presencial
3245,582,23,8.02,2026-01-29 22:08:00,online
3246,290,40,164.4,2026-01-29 22:14:00,online
3247,69,12,36.55,2026-01-29 22:20:00,online
3248,7,106,36.99,2026-01-29 22:31:00,presencial
3249,589,17,67.38,2026-01-29 22:34:00,presencial
3250,142,158,8.04,2026-01-29 22:36:00,presencial
3251,463,187,122.97,2026-01-29 22:46:00,presencial
3252,18,172,141.98,2026-01-29 23:11:00,online
3253,539,165,52.17,2026-01-29 23:17:00,presencial
3254,391,151,74.32,2026-01-29 23:28:00,presencial
3255,135,183,31.23,2026-01-29 23:43:00,online
3256,534,178,115.54,2026-01-29 23:53:00,online
3257,179,44,18.08,2026-01-30 00:21:00,online
3258,599,121,43.14,2026-01-30 00:33:00,online
3259,360,62,46.06,2026-01-30 00:37:00,presencial
3260,270,168,42.84,2026-01-30 00:47:00,online
3261,36,3,144.9,2026-01-30 01:40:00,online
3262,157,84,496.22,2026-01-30 01:46:00,online
3263,35,76,39.61,2026-01-30 01:53:00,online
3264,512,171,74.99,2026-01-30 02:01:00,presencial
3265,61,59,18.49,2026-01-30 02:30:00,presencial
3266,68,180,139.09,2026-01-30 02:37:00,online
3267,75,100,25.3,2026-01-30 02:46:00,presencial
3268,585,138,1421.75,2026-01-30 02:54:00,online
3269,583,107,7.11,2026-01-30 03:06:00,presencial
3270,429,87,474.47,2026-01-30 03:16:00,presencial
3271,45,61,133.0,2026-01-30 03:32:00,online
3272,303,57,13.01,2026-01-30 03:33:00,presencial
3273,570,129,573.29,2026-01-30 03:35:00,presencial
3274,58,66,16.1,2026-01-30 03:58:00,online
3275,477,173,31.63,2026-01-30 04:14:00,presencial
3276,11,27,10.74,2026-01-30 04:20:00,online
3277,483,44,38.05,2026-01-30 04:37:00,online
3278,327,10,42.18,2026-01-30 04:38:00,presencial
3279,533,173,111.39,2026-01-30 05:04:00,online
3280,249,83,653.37,2026-01-30 05:15:00,presencial
3281,472,8,25.43,2026-01-30 05:22:00,online
3282,506,9,2.16,2026-01-30 05:23:00,presencial
3283,195,184,91.23,2026-01-30 05:26:00,presencial
3284,386,177,24.4,2026-01-30 05:36:00,online
3285,277,56,330.4,2026-01-30 05:57:00,presencial
3286,260,130,43.03,2026-01-30 05:57:00,online
3287,480,51,19.39,2026-01-30 06:06:00,presencial
3288,136,169,14.67,2026-01-30 06:08:00,online
3289,72,144,88.69,2026-01-30 07:00:00,online
3290,289,89,33.02,2026-01-30 07:04:00,online
3291,493,186,224.64,2026-01-30 07:14:00,presencial
3292,98,45,35.46,2026-01-30 07:20:00,online
3293,205,200,211.89,2026-01-30 07:30:00,presencial
3294,401,59,9.79,2026-01-30 07:32:00,online
3295,287,178,6.6,2026-01-30 07:36:00,online
3296,364,171,111.29,2026-01-30 07:58:00,online
3297,317,113,26.82,2026-01-30 08:05:00,presencial
3298,487,25,33.45,2026-01-30 08:22:00,online
3299,526,151,14.68,2026-01-30 08:44:00,online
3300,270,140,13.54,2026-01-30 08:55:00,online
3301,259,174,89.95,2026-01-30 09:03:00,online
3302,168,46,43.78,2026-01-30 09:26:00,presencial
3303,267,48,13.93,2026-01-30 09:34:00,presencial
3304,502,71,106.65,2026-01-30 09:44:00,presencial
3305,301,74,162.78,2026-01-30 09:51:00,online
3306,415,1,39.66,2026-01-30 09:57:00,presencial
3307,252,31,134.76,2026-01-30 10:00:00,online
3308,425,96,14.85,2026-01-30 10:23:00,presencial
3309,428,194,84.35,2026-01-30 10:39:00,online
3310,317,26,53.41,2026-01-30 11:03:00,presencial
3311,561,49,18.71,2026-01-30 11:11:00,presencial
3312,526,172,427.68,2026-01-30 11:22:00,presencial
3313,96,8,57.75,2026-01-30 11:48:00,online
3314,137,20,23.34,2026-01-30 12:08:00,presencial
3315,573,178,45.68,2026-01-30 12:31:00,online
3316,242,51,17.17,2026-01-30 12:34:00,presencial
3317,187,62,12.52,2026-01-30 13:34:00,online
3318,478,3,27.27,2026-01-30 14:06:00,presencial
3319,362,82,29.37,2026-01-30 14:11:00,presencial
3320,80,199,18.46,2026-01-30 14:57:00,online
3321,56,198,177.01,2026-01-30 15:31:00,online
3322,485,129,19.25,2026-01-30 15:36:00,presencial
3323,459,136,16.03,2026-01-30 15:58:00,presencial
3324,212,129,12.13,2026-01-30 16:16:00,online
3325,518,139,10.91,2026-01-30 16:26:00,online
3326,76,104,138.41,2026-01-30 16:36:00,presencial
3327,522,42,59.38,2026-01-30 16:58:00,online
3328,48,174,95.52,2026-01-30 17:08:00,presencial
3329,382,176,137.04,2026-01-30 17:19:00,presencial
3330,506,29,30.98,2026-01-30 17:24:00,presencial
3331,372,19,225.76,2026-01-30 18:07:00,online
3332,468,159,22.43,2026-01-30 18:08:00,presencial
3333,207,10,13.39,2026-01-30 18:17:00,online
3334,173,162,67.42,2026-01-30 18:32:00,presencial
3335,160,197,52.41,2026-01-30 18:34:00,presencial
3336,70,8,52.31,2026-01-30 18:44:00,presencial
3337,167,160,136.57,2026-01-30 18:45:00,presencial
3338,149,27,50.24,2026-01-30 18:47:00,presencial
3339,455,59,63.08,2026-01-30 19:05:00,online
3340,128,110,199.45,2026-01-30 19:09:00,presencial
3341,100,137,59.94,2026-01-30 19:27:00,online
3342,440,19,76.99,2026-01-30 19:32:00,online
3343,323,22,9.4,2026-01-30 19:54:00,presencial
3344,130,57,2673.29,2026-01-30 20:03:00,online
3345,424,137,7.77,2026-01-30 20:32:00,presencial
3346,130,81,24.7,2026-01-30 20:43:00,presencial
3347,472,56,23.89,2026-01-30 20:56:00,online
3348,20,32,454.33,2026-01-30 21:00:00,online
3349,355,194,23.09,2026-01-30 21:05:00,presencial
3350,359,141,72.68,2026-01-30 21:10:00,presencial
3351,224,198,24.07,2026-01-30 21:12:00,online
3352,414,100,14.24,2026-01-30 21:23:00,presencial
3353,228,164,83.71,2026-01-30 21:28:00,online
3354,393,128,20.27,2026-01-30 21:33:00,presencial
3355,135,106,56.17,2026-01-30 21:34:00,online
3356,342,95,89.06,2026-01-30 21:51:00,presencial
3357,454,101,364.1,2026-01-30 23:30:00,online
3358,580,83,11.15,2026-01-30 23:52:00,online
3359,217,128,37.78,2026-01-30 23:59:00,online
3360,284,99,39.54,2026-01-31 00:33:00,presencial
3361,286,195,44.75,2026-01-31 00:36:00,presencial
3362,517,180,754.22,2026-01-31 00:52:00,presencial
3363,578,93,36.94,2026-01-31 01:36:00,online
3364,388,80,2.79,2026-01-31 01:42:00,presencial
3365,494,152,35.94,2026-01-31 02:41:00,presencial
3366,51,129,39.24,2026-01-31 02:55:00,presencial
3367,456,47,34.29,2026-01-31 02:59:00,online
3368,487,167,20.28,2026-01-31 03:01:00,online
3369,429,137,10.45,2026-01-31 03:06:00,presencial
3370,351,125,480.79,2026-01-31 03:07:00,online
3371,540,157,63.44,2026-01-31 03:12:00,presencial
3372,393,46,36.18,2026-01-31 03:28:00,online
3373,508,160,464.23,2026-01-31 04:21:00,online
3374,109,25,17.19,2026-01-31 04:25:00,presencial
3375,400,159,86.72,2026-01-31 04:27:00,presencial
3376,263,119,11.31,2026-01-31 04:33:00,presencial
3377,521,117,102.09,2026-01-31 04:34:00,online
3378,529,146,12.83,2026-01-31 05:08:00,online
3379,507,63,75.0,2026-01-31 05:29:00,presencial
3380,130,154,383.2,2026-01-31 05:29:00,presencial
3381,296,6,49.54,2026-01-31 05:32:00,presencial
3382,1,139,4.01,2026-01-31 05:33:00,presencial
3383,588,159,46.5,2026-01-31 05:43:00,online
3384,155,1,75.83,2026-01-31 05:45:00,online
3385,375,139,120.43,2026-01-31 06:02:00,presencial
3386,293,155,226.09,2026-01-31 06:23:00,presencial
3387,543,105,239.13,2026-01-31 06:57:00,presencial
3388,493,121,38.7,2026-01-31 07:25:00,presencial
3389,467,12,21.64,2026-01-31 07:26:00,online
3390,386,198,13.06,2026-01-31 07:41:00,online
3391,72,194,24.68,2026-01-31 07:53:00,online
3392,552,153,75.5,2026-01-31 08:25:00,presencial
3393,38,4,10.14,2026-01-31 08:32:00,online
3394,274,87,16.13,2026-01-31 09:06:00,online
3395,228,164,82.97,2026-01-31 09:09:00,online
3396,235,136,21.95,2026-01-31 09:13:00,online
3397,587,181,67.15,2026-01-31 09:20:00,online
3398,139,124,18.25,2026-01-31 09:31:00,presencial
3399,348,143,61.35,2026-01-31 10:14:00,presencial
3400,131,68,19.12,2026-01-31 10:39:00,presencial
3401,547,163,5.52,2026-01-31 10:55:00,online
3402,442,107,127.94,2026-01-31 11:18:00,presencial
3403,249,161,20.79,2026-01-31 11:22:00,presencial
3404,49,41,34.0,2026-01-31 11:49:00,presencial
3405,92,54,20.9,2026-01-31 11:51:00,online
3406,146,18,81.36,2026-01-31 11:59:00,presencial
3407,244,136,64.49,2026-01-31 12:02:00,presencial
3408,532,147,81.15,2026-01-31 12:04:00,presencial
3409,72,57,24.42,2026-01-31 12:08:00,presencial
3410,347,77,42.32,2026-01-31 12:36:00,online
3411,209,114,70.72,2026-01-31 12:43:00,online
3412,28,152,244.62,2026-01-31 13:01:00,online
3413,372,61,62.63,2026-01-31 13:05:00,presencial
3414,423,98,14.83,2026-01-31 13:07:00,online
3415,576,38,60.02,2026-01-31 13:09:00,presencial
3416,305,162,37.28,2026-01-31 13:32:00,online
3417,196,175,4.96,2026-01-31 13:40:00,presencial
3418,513,148,5.87,2026-01-31 13:54:00,presencial
3419,149,164,41.55,2026-01-31 13:55:00,presencial
3420,410,153,45.59,2026-01-31 13:56:00,presencial
3421,567,168,32.32,2026-01-31 14:03:00,online
3422,3,86,118.23,2026-01-31 14:08:00,online
3423,556,42,15.98,2026-01-31 14:18:00,online
3424,124,193,9.73,2026-01-31 14:56:00,online
3425,289,1,18.02,2026-01-31 15:05:00,presencial
3426,155,82,22.86,2026-01-31 15:23:00,presencial
3427,87,146,41.93,2026-01-31 15:46:00,online
3428,422,159,18.59,2026-01-31 15:51:00,presencial
3429,290,138,4.24,2026-01-31 15:52:00,presencial
3430,306,98,2.65,2026-01-31 15:58:00,presencial
3431,291,185,51.19,2026-01-31 16:05:00,online
3432,449,48,12.91,2026-01-31 16:06:00,online
3433,580,29,4.92,2026-01-31 16:10:00,presencial
3434,308,126,88.89,2026-01-31 16:29:00,online
3435,94,65,244.62,2026-01-31 16:39:00,online
3436,197,94,40.29,2026-01-31 16:43:00,online
3437,298,92,60.06,2026-01-31 16:47:00,presencial
3438,63,53,60.62,2026-01-31 17:11:00,online
3439,138,200,3.51,2026-01-31 17:19:00,presencial
3440,122,77,118.81,2026-01-31 17:47:00,presencial
3441,584,135,174.84,2026-01-31 18:44:00,online
3442,241,32,337.13,2026-01-31 18:53:00,online
3443,528,199,27.62,2026-01-31 19:31:00,presencial
3444,331,198,12.82,2026-01-31 19:36:00,presencial
3445,304,14,199.22,2026-01-31 20:54:00,presencial
3446,564,129,77.39,2026-01-31 21:18:00,presencial
3447,416,119,116.99,2026-01-31 21:28:00,online
3448,144,35,21.94,2026-01-31 21:49:00,presencial
3449,169,154,60.26,2026-01-31 21:50:00,presencial
3450,400,153,14.03,2026-01-31 21:58:00,online
3451,2,169,44.44,2026-01-31 22:09:00,online
3452,92,121,30.49,2026-01-31 22:28:00,online
3453,45,142,588.7,2026-01-31 22:33:00,presencial
3454,429,145,81.74,2026-01-31 22:34:00,online
3455,265,154,4.19,2026-01-31 22:52:00,presencial
3456,7,117,44.62,2026-01-31 23:01:00,presencial
3457,445,149,67.02,2026-01-31 23:18:00,presencial
3458,394,13,26.54,2026-01-31 23:32:00,online
3459,432,124,13.29,2026-01-31 23:41:00,presencial
3460,98,41,92.44,2026-01-31 23:43:00,online
3461,525,82,15.53,2026-01-31 23:45:00,online
3462,109,154,84.18,2026-01-31 23:46:00,online
3463,343,23,14.15,2026-01-31 23:46:00,presencial
3464,336,151,24.85,2026-02-01 00:16:00,presencial
3465,132,52,127.97,2026-02-01 00:36:00,presencial
3466,226,151,76.56,2026-02-01 00:37:00,presencial
3467,32,154,46.27,2026-02-01 00:44:00,presencial
3468,283,4,43.25,2026-02-01 01:00:00,online
3469,407,47,49.38,2026-02-01 01:15:00,online
3470,186,162,18.71,2026-02-01 01:39:00,online
3471,323,69,8.43,2026-02-01 02:30:00,presencial
3472,573,88,83.6,2026-02-01 02:51:00,presencial
3473,141,4,240.59,2026-02-01 03:02:00,presencial
3474,175,139,86.89,2026-02-01 03:07:00,online
3475,72,19,59.12,2026-02-01 03:18:00,presencial
3476,326,55,11.83,2026-02-01 03:25:00,presencial
3477,123,96,117.32,2026-02-01 03:27:00,presencial
3478,513,154,75.91,2026-02-01 03:32:00,online
3479,175,100,103.15,2026-02-01 03:55:00,presencial
3480,399,197,139.39,2026-02-01 04:03:00,online
3481,114,105,255.85,2026-02-01 04:06:00,online
3482,194,51,13.12,2026-02-01 04:09:00,online
3483,103,39,10.83,2026-02-01 04:12:00,presencial
3484,332,157,52.61,2026-02-01 04:30:00,online
3485,17,92,16.2,2026-02-01 04:37:00,presencial
3486,50,121,13.39,2026-02-01 04:41:00,presencial
3487,301,75,171.08,2026-02-01 04:46:00,presencial
3488,328,55,14.73,2026-02-01 05:13:00,online
3489,198,120,44.16,2026-02-01 05:16:00,presencial
3490,259,59,7.43,2026-02-01 05:16:00,presencial
3491,250,200,47.91,2026-02-01 05:46:00,online
3492,455,147,164.2,2026-02-01 06:10:00,presencial
3493,268,164,169.76,2026-02-01 06:37:00,presencial
3494,509,57,141.1,2026-02-01 06:42:00,online
3495,131,6,41.01,2026-02-01 06:55:00,online
3496,120,10,151.81,2026-02-01 07:07:00,presencial
3497,243,172,71.74,2026-02-01 07:26:00,presencial
3498,49,175,27.58,2026-02-01 07:37:00,presencial
3499,403,136,68.02,2026-02-01 08:28:00,presencial
3500,235,118,118.42,2026-02-01 08:32:00,presencial
3501,220,42,10.38,2026-02-01 08:36:00,presencial
3502,321,152,13.92,2026-02-01 08:41:00,online
3503,50,104,38.17,2026-02-01 08:45:00,presencial
3504,227,121,11.66,2026-02-01 09:22:00,presencial
3505,584,5,11.48,2026-02-01 09:22:00,presencial
3506,378,104,28.14,2026-02-01 09:24:00,presencial
3507,345,139,133.11,2026-02-01 09:28:00,presencial
3508,304,154,130.38,2026-02-01 09:40:00,online
3509,282,30,63.64,2026-02-01 09:45:00,online
3510,562,7,54.51,2026-02-01 09:48:00,presencial
3511,559,172,444.18,2026-02-01 09:54:00,presencial
3512,246,63,24.7,2026-02-01 10:00:00,online
3513,555,95,58.28,2026-02-01 10:03:00,presencial
3514,50,126,23.39,2026-02-01 10:13:00,presencial
3515,192,99,10.85,2026-02-01 10:30:00,online
3516,182,189,164.58,2026-02-01 10:36:00,presencial
3517,419,169,31.95,2026-02-01 10:38:00,presencial
3518,364,79,96.0,2026-02-01 10:38:00,presencial
3519,284,39,34.1,2026-02-01 11:10:00,presencial
3520,154,196,176.14,2026-02-01 11:13:00,presencial
3521,305,142,14.93,2026-02-01 11:30:00,presencial
3522,162,152,160.82,2026-02-01 11:36:00,online
3523,299,93,119.54,2026-02-01 11:38:00,presencial
3524,204,97,6.21,2026-02-01 11:54:00,presencial
3525,534,37,25.32,2026-02-01 12:01:00,presencial
3526,448,86,137.4,2026-02-01 12:02:00,presencial
3527,106,109,270.71,2026-02-01 12:04:00,presencial
3528,565,26,98.2,2026-02-01 12:05:00,online
3529,396,128,28.9,2026-02-01 12:10:00,presencial
3530,211,124,15.41,2026-02-01 12:21:00,online
3531,319,169,83.37,2026-02-01 12:46:00,online
3532,118,11,27.98,2026-02-01 12:48:00,presencial
3533,29,46,29.31,2026-02-01 13:13:00,presencial
3534,253,86,34.93,2026-02-01 13:24:00,presencial
3535,470,176,117.91,2026-02-01 13:29:00,online
3536,212,48,326.06,2026-02-01 13:46:00,online
3537,231,195,138.32,2026-02-01 13:59:00,presencial
3538,595,192,45.17,2026-02-01 14:48:00,online
3539,593,19,16.62,2026-02-01 15:03:00,online
3540,279,73,93.16,2026-02-01 15:40:00,presencial
3541,27,52,279.22,2026-02-01 15:51:00,online
3542,408,98,134.81,2026-02-01 15:59:00,presencial
3543,429,185,56.18,2026-02-01 16:11:00,presencial
3544,549,76,26.1,2026-02-01 16:17:00,online
3545,569,133,65.35,2026-02-01 16:19:00,online
3546,378,28,159.18,2026-02-01 16:30:00,presencial
3547,65,115,57.72,2026-02-01 16:44:00,presencial
3548,150,71,39.89,2026-02-01 16:55:00,presencial
3549,431,184,20.99,2026-02-01 16:55:00,presencial
3550,365,156,771.53,2026-02-01 17:16:00,presencial
3551,262,44,16.78,2026-02-01 17:18:00,presencial
3552,242,125,15.15,2026-02-01 17:23:00,presencial
3553,426,69,53.54,2026-02-01 17:34:00,presencial
3554,254,88,35.8,2026-02-01 17:51:00,presencial
3555,93,93,137.78,2026-02-01 17:51:00,online
3556,588,165,143.0,2026-02-01 18:03:00,online
3557,210,59,11.75,2026-02-01 18:10:00,presencial
3558,168,1,19.47,2026-02-01 18:17:00,online
3559,42,39,17.07,2026-02-01 18:18:00,presencial
3560,282,166,105.95,2026-02-01 18:18:00,presencial
3561,592,60,71.61,2026-02-01 18:56:00,online
3562,96,12,29.71,2026-02-01 19:10:00,presencial
3563,147,81,56.72,2026-02-01 19:12:00,presencial
3564,108,175,12.95,2026-02-01 19:59:00,online
3565,57,175,19.75,2026-02-01 19:59:00,presencial
3566,363,190,10.7,2026-02-01 20:19:00,online
3567,179,137,52.46,2026-02-01 20:36:00,online
3568,451,164,52.24,2026-02-01 20:38:00,presencial
3569,241,155,15.14,2026-02-01 20:39:00,online
3570,382,4,71.05,2026-02-01 21:13:00,online
3571,54,84,143.0,2026-02-01 21:23:00,online
3572,198,106,14.39,2026-02-01 21:39:00,presencial
3573,249,93,31.22,2026-02-01 21:47:00,presencial
3574,36,166,78.65,2026-02-01 21:48:00,presencial
3575,252,197,44.39,2026-02-01 22:00:00,presencial
3576,283,110,9.88,2026-02-01 22:03:00,presencial
3577,243,20,27.53,2026-02-01 22:04:00,presencial
3578,303,72,26.54,2026-02-01 22:29:00,presencial
3579,479,40,37.06,2026-02-01 23:00:00,presencial
3580,463,95,38.84,2026-02-01 23:16:00,presencial
3581,9,47,250.29,2026-02-01 23:32:00,presencial
3582,385,17,35.54,2026-02-02 00:02:00,presencial
3583,543,35,6.75,2026-02-02 00:09:00,presencial
3584,523,100,49.41,2026-02-02 00:14:00,presencial
3585,195,29,305.68,2026-02-02 00:14:00,presencial
3586,470,6,37.19,2026-02-02 00:34:00,presencial
3587,481,57,27.61,2026-02-02 00:54:00,presencial
3588,220,129,31.96,2026-02-02 01:01:00,presencial
3589,522,127,84.99,2026-02-02 01:07:00,online
3590,380,79,31.81,2026-02-02 01:10:00,online
3591,451,133,8.44,2026-02-02 01:18:00,presencial
3592,449,39,21.35,2026-02-02 01:24:00,online
3593,469,145,41.63,2026-02-02 01:32:00,online
3594,575,4,80.57,2026-02-02 01:38:00,online
3595,515,28,23.55,2026-02-02 01:45:00,presencial
3596,254,185,32.27,2026-02-02 01:51:00,presencial
3597,338,94,46.97,2026-02-02 02:01:00,online
3598,389,112,19.01,2026-02-02 02:05:00,presencial
3599,514,80,40.41,2026-02-02 02:18:00,online
3600,236,130,74.73,2026-02-02 02:25:00,presencial
3601,188,150,12.12,2026-02-02 02:28:00,presencial
3602,443,156,62.62,2026-02-02 02:52:00,online
3603,573,50,13.47,2026-02-02 03:07:00,presencial
3604,548,126,13.77,2026-02-02 03:34:00,online
3605,89,157,21.56,2026-02-02 03:40:00,presencial
3606,552,83,200.73,2026-02-02 04:20:00,presencial
3607,474,77,6.78,2026-02-02 04:21:00,online
3608,95,126,26.83,2026-02-02 04:36:00,presencial
3609,4,115,43.42,2026-02-02 04:43:00,presencial
3610,123,51,161.4,2026-02-02 04:57:00,presencial
3611,558,192,380.98,2026-02-02 05:11:00,presencial
3612,453,113,28.1,2026-02-02 05:29:00,presencial
3613,346,113,80.91,2026-02-02 05:48:00,presencial
3614,379,42,40.29,2026-02-02 06:05:00,presencial
3615,248,136,40.0,2026-02-02 06:07:00,presencial
3616,544,184,60.38,2026-02-02 06:52:00,online
3617,94,146,7.81,2026-02-02 06:54:00,presencial
3618,189,102,42.41,2026-02-02 06:58:00,presencial
3619,121,128,73.39,2026-02-02 07:24:00,presencial
3620,509,47,17.36,2026-02-02 07:27:00,presencial
3621,325,13,73.93,2026-02-02 07:44:00,presencial
3622,411,128,6.68,2026-02-02 07:48:00,online
3623,552,37,49.55,2026-02-02 07:54:00,presencial
3624,118,19,195.66,2026-02-02 07:56:00,online
3625,579,155,35.15,2026-02-02 08:06:00,presencial
3626,76,87,15.24,2026-02-02 08:11:00,presencial
3627,453,171,9.32,2026-02-02 08:13:00,presencial
3628,422,174,68.69,2026-02-02 08:14:00,online
3629,496,25,124.07,2026-02-02 08:30:00,presencial
3630,96,154,42.03,2026-02-02 08:36:00,presencial
3631,576,67,26.84,2026-02-02 08:50:00,presencial
3632,477,141,5.34,2026-02-02 09:05:00,presencial
3633,67,9,51.24,2026-02-02 09:06:00,presencial
3634,335,95,20.94,2026-02-02 09:10:00,online
3635,491,126,22.31,2026-02-02 09:46:00,presencial
3636,287,90,264.56,2026-02-02 09:51:00,online
3637,229,111,6.16,2026-02-02 09:55:00,presencial
3638,166,3,7.14,2026-02-02 10:06:00,presencial
3639,310,2,57.65,2026-02-02 10:16:00,online
3640,591,121,29.26,2026-02-02 10:26:00,presencial
3641,365,84,25.26,2026-02-02 10:36:00,presencial
3642,434,116,60.34,2026-02-02 10:51:00,presencial
3643,468,72,59.23,2026-02-02 10:56:00,presencial
3644,467,2,15.32,2026-02-02 11:04:00,online
3645,241,141,23.32,2026-02-02 11:07:00,presencial
3646,462,28,47.21,2026-02-02 11:28:00,presencial
3647,197,157,53.72,2026-02-02 11:51:00,presencial
3648,351,3,76.06,2026-02-02 11:53:00,online
3649,182,186,23.54,2026-02-02 12:08:00,online
3650,564,51,65.48,2026-02-02 12:21:00,presencial
3651,439,179,127.15,2026-02-02 12:39:00,online
3652,351,1,47.07,2026-02-02 12:50:00,presencial
3653,271,91,39.92,2026-02-02 12:53:00,presencial
3654,313,84,34.5,2026-02-02 13:19:00,online
3655,468,33,22.67,2026-02-02 13:25:00,presencial
3656,165,96,15.93,2026-02-02 13:25:00,online
3657,498,44,32.2,2026-02-02 13:42:00,presencial
3658,170,88,73.4,2026-02-02 13:57:00,online
3659,85,75,16.81,2026-02-02 14:04:00,presencial
3660,443,40,41.14,2026-02-02 14:13:00,presencial
3661,426,158,36.21,2026-02-02 14:13:00,presencial
3662,201,105,315.95,2026-02-02 14:26:00,online
3663,390,168,98.99,2026-02-02 14:46:00,online
3664,438,163,97.24,2026-02-02 14:48:00,online
3665,473,53,122.98,2026-02-02 15:10:00,presencial
3666,572,59,24.53,2026-02-02 15:18:00,presencial
3667,513,191,203.25,2026-02-02 15:18:00,online
3668,264,63,53.25,2026-02-02 15:29:00,presencial
3669,139,19,42.56,2026-02-02 15:52:00,presencial
3670,59,109,11.75,2026-02-02 15:54:00,presencial
3671,345,194,28.74,2026-02-02 15:56:00,online
3672,400,47,6.41,2026-02-02 16:10:00,presencial
3673,415,128,34.02,2026-02-02 16:52:00,presencial
3674,6,68,23.71,2026-02-02 17:04:00,online
3675,421,77,28.84,2026-02-02 17:26:00,presencial
3676,473,91,9.73,2026-02-02 17:27:00,presencial
3677,434,29,96.93,2026-02-02 17:59:00,presencial
3678,316,78,85.78,2026-02-02 18:43:00,online
3679,10,55,286.79,2026-02-02 19:04:00,online
3680,294,164,278.0,2026-02-02 19:28:00,presencial
3681,387,46,53.08,2026-02-02 19:43:00,online
3682,342,170,137.79,2026-02-02 19:45:00,presencial
3683,345,4,59.59,2026-02-02 20:24:00,online
3684,310,81,27.94,2026-02-02 20:58:00,online
3685,332,54,32.92,2026-02-02 21:20:00,presencial
3686,195,90,90.27,2026-02-02 21:23:00,presencial
3687,363,155,4010.68,2026-02-02 21:29:00,presencial
3688,169,192,161.35,2026-02-02 21:44:00,online
3689,295,146,58.62,2026-02-02 22:08:00,presencial
3690,250,101,76.11,2026-02-02 22:23:00,presencial
3691,429,103,75.37,2026-02-02 22:30:00,online
3692,537,199,40.47,2026-02-02 23:09:00,presencial
3693,380,199,102.73,2026-02-02 23:20:00,presencial
3694,82,153,37.67,2026-02-02 23:23:00,presencial
3695,401,33,14.69,2026-02-02 23:31:00,online
3696,195,53,75.93,2026-02-02 23:49:00,online
3697,30,55,87.96,2026-02-02 23:56:00,online
3698,116,46,38.08,2026-02-03 00:21:00,presencial
3699,600,194,62.86,2026-02-03 00:40:00,presencial
3700,257,32,128.63,2026-02-03 00:56:00,presencial
3701,122,171,42.22,2026-02-03 01:05:00,online
3702,81,162,27.34,2026-02-03 01:18:00,presencial
3703,391,106,20.49,2026-02-03 01:58:00,presencial
3704,457,62,33.81,2026-02-03 02:03:00,presencial
3705,212,54,241.87,2026-02-03 02:03:00,online
3706,63,136,35.94,2026-02-03 02:35:00,presencial
3707,213,135,66.38,2026-02-03 02:53:00,presencial
3708,400,109,31.28,2026-02-03 03:04:00,presencial
3709,69,114,28.47,2026-02-03 03:20:00,online
3710,161,166,16.99,2026-02-03 03:28:00,presencial
3711,2,151,49.91,2026-02-03 03:29:00,online
3712,284,151,25.31,2026-02-03 03:46:00,presencial
3713,103,57,181.46,2026-02-03 03:53:00,online
3714,120,13,39.72,2026-02-03 04:02:00,online
3715,68,92,42.56,2026-02-03 04:07:00,presencial
3716,439,68,36.66,2026-02-03 04:13:00,presencial
3717,294,67,67.23,2026-02-03 04:15:00,online
3718,569,105,230.44,2026-02-03 04:18:00,online
3719,238,186,14.24,2026-02-03 04:48:00,presencial
3720,134,161,60.68,2026-02-03 04:55:00,presencial
3721,123,136,7.96,2026-02-03 05:09:00,online
3722,572,143,171.66,2026-02-03 05:24:00,online
3723,354,83,39.69,2026-02-03 06:03:00,presencial
3724,196,110,8.63,2026-02-03 06:33:00,presencial
3725,393,87,10.99,2026-02-03 06:33:00,online
3726,335,162,109.43,2026-02-03 06:42:00,presencial
3727,69,199,7.16,2026-02-03 07:07:00,presencial
3728,421,87,60.71,2026-02-03 07:40:00,online
3729,72,145,27.9,2026-02-03 07:47:00,online
3730,120,12,36.08,2026-02-03 07:52:00,presencial
3731,428,81,21.3,2026-02-03 08:04:00,online
3732,267,175,15.67,2026-02-03 08:12:00,presencial
3733,134,138,26.15,2026-02-03 08:16:00,presencial
3734,41,106,83.86,2026-02-03 08:26:00,presencial
3735,357,43,32.4,2026-02-03 08:49:00,online
3736,419,162,71.05,2026-02-03 09:20:00,presencial
3737,122,195,34.24,2026-02-03 09:27:00,presencial
3738,250,79,87.56,2026-02-03 09:27:00,presencial
3739,207,162,70.56,2026-02-03 09:40:00,presencial
3740,535,118,24.66,2026-02-03 09:47:00,presencial
3741,475,80,15.66,2026-02-03 10:02:00,presencial
3742,165,67,127.9,2026-02-03 10:14:00,online
3743,309,101,18.27,2026-02-03 10:20:00,presencial
3744,555,82,77.55,2026-02-03 10:21:00,online
3745,208,124,46.26,2026-02-03 10:30:00,online
3746,85,30,26.86,2026-02-03 11:24:00,presencial
3747,179,96,71.69,2026-02-03 11:32:00,presencial
3748,365,149,201.27,2026-02-03 12:06:00,presencial
3749,596,170,88.95,2026-02-03 12:07:00,presencial
3750,185,57,51.53,2026-02-03 12:13:00,presencial
3751,36,121,266.04,2026-02-03 12:34:00,presencial
3752,110,61,7.09,2026-02-03 12:55:00,online
3753,248,158,13.15,2026-02-03 13:29:00,online
3754,57,71,26.82,2026-02-03 13:35:00,online
3755,21,135,212.99,2026-02-03 13:36:00,online
3756,394,87,126.11,2026-02-03 13:37:00,presencial
3757,495,54,6.77,2026-02-03 13:59:00,presencial
3758,140,116,27.66,2026-02-03 14:11:00,online
3759,314,125,10.42,2026-02-03 14:22:00,online
3760,344,137,42.76,2026-02-03 14:30:00,online
3761,401,159,120.54,2026-02-03 14:39:00,presencial
3762,588,136,130.74,2026-02-03 14:44:00,online
3763,532,171,60.03,2026-02-03 14:46:00,online
3764,190,85,28.01,2026-02-03 14:48:00,presencial
3765,586,102,40.25,2026-02-03 14:55:00,presencial
3766,21,97,94.78,2026-02-03 16:02:00,online
3767,578,116,591.13,2026-02-03 16:12:00,online
3768,86,29,12.14,2026-02-03 16:32:00,presencial
3769,69,171,256.66,2026-02-03 16:45:00,presencial
3770,72,105,58.47,2026-02-03 16:50:00,online
3771,74,111,110.2,2026-02-03 16:52:00,presencial
3772,278,176,54.8,2026-02-03 17:00:00,presencial
3773,385,93,209.48,2026-02-03 17:09:00,presencial
3774,447,93,64.24,2026-02-03 17:20:00,presencial
3775,10,114,21.9,2026-02-03 17:33:00,presencial
3776,178,188,73.34,2026-02-03 17:34:00,presencial
3777,80,51,154.39,2026-02-03 17:51:00,presencial
3778,88,32,44.71,2026-02-03 18:08:00,online
3779,448,22,4.57,2026-02-03 18:11:00,online
3780,385,148,39.39,2026-02-03 18:23:00,online
3781,126,3,49.79,2026-02-03 18:28:00,presencial
3782,181,142,42.55,2026-02-03 18:31:00,online
3783,555,177,25.92,2026-02-03 18:38:00,online
3784,346,137,191.58,2026-02-03 18:46:00,presencial
3785,144,35,3.29,2026-02-03 18:55:00,online
3786,561,133,49.57,2026-02-03 19:04:00,presencial
3787,120,89,50.34,2026-02-03 19:05:00,presencial
3788,175,5,447.8,2026-02-03 19:20:00,presencial
3789,416,40,44.0,2026-02-03 19:29:00,presencial
3790,308,149,72.98,2026-02-03 19:32:00,online
3791,42,113,51.29,2026-02-03 19:33:00,presencial
3792,485,100,49.59,2026-02-03 19:39:00,online
3793,137,156,310.83,2026-02-03 19:41:00,online
3794,416,105,13.16,2026-02-03 19:44:00,presencial
3795,201,194,21.46,2026-02-03 20:33:00,online
3796,451,11,102.47,2026-02-03 20:36:00,presencial
3797,539,58,59.29,2026-02-03 20:43:00,presencial
3798,464,38,32.74,2026-02-03 20:45:00,presencial
3799,553,83,41.36,2026-02-03 21:08:00,online
3800,324,183,122.16,2026-02-03 22:06:00,online
3801,40,82,76.22,2026-02-03 22:12:00,online
3802,322,64,20.4,2026-02-03 22:27:00,presencial
3803,277,17,58.06,2026-02-03 22:34:00,online
3804,432,79,42.32,2026-02-03 22:50:00,online
3805,150,46,75.0,2026-02-03 23:09:00,online
3806,419,38,31.4,2026-02-03 23:14:00,online
3807,265,27,11.83,2026-02-03 23:14:00,presencial
3808,403,127,93.65,2026-02-03 23:19:00,online
3809,252,142,81.73,2026-02-03 23:20:00,online
3810,230,149,212.05,2026-02-03 23:31:00,presencial
3811,129,11,10.51,2026-02-03 23:40:00,online
3812,498,185,41.37,2026-02-03 23:46:00,presencial
3813,42,102,34.69,2026-02-04 00:14:00,online
3814,142,113,28.91,2026-02-04 00:18:00,presencial
3815,257,176,8.21,2026-02-04 00:20:00,online
3816,94,56,13.83,2026-02-04 00:28:00,presencial
3817,551,101,60.19,2026-02-04 00:37:00,online
3818,208,15,25.8,2026-02-04 00:42:00,presencial
3819,146,99,18.01,2026-02-04 00:52:00,presencial
3820,153,54,215.6,2026-02-04 01:31:00,presencial
3821,116,37,608.56,2026-02-04 01:43:00,presencial
3822,398,124,42.01,2026-02-04 01:48:00,online
3823,289,27,8.56,2026-02-04 01:53:00,presencial
3824,139,195,69.13,2026-02-04 01:58:00,presencial
3825,524,47,4.51,2026-02-04 02:03:00,online
3826,394,16,10.12,2026-02-04 02:10:00,presencial
3827,242,90,70.46,2026-02-04 02:22:00,presencial
3828,308,78,9.76,2026-02-04 02:36:00,presencial
3829,394,132,32.28,2026-02-04 02:37:00,online
3830,92,134,8.74,2026-02-04 03:16:00,presencial
3831,486,119,47.55,2026-02-04 03:26:00,presencial
3832,156,115,153.79,2026-02-04 03:40:00,presencial
3833,18,156,22.78,2026-02-04 03:47:00,online
3834,314,131,43.76,2026-02-04 03:47:00,presencial
3835,526,28,18.22,2026-02-04 03:54:00,online
3836,440,93,19.68,2026-02-04 04:58:00,presencial
3837,186,138,17.91,2026-02-04 04:59:00,online
3838,239,54,106.11,2026-02-04 05:01:00,presencial
3839,358,173,9.44,2026-02-04 05:03:00,online
3840,140,97,31.03,2026-02-04 05:06:00,presencial
3841,493,65,70.16,2026-02-04 05:11:00,presencial
3842,178,77,121.61,2026-02-04 05:12:00,presencial
3843,131,124,72.58,2026-02-04 05:31:00,presencial
3844,58,142,41.27,2026-02-04 06:36:00,presencial
3845,416,52,23.91,2026-02-04 06:56:00,presencial
3846,16,35,123.7,2026-02-04 07:02:00,presencial
3847,484,19,17.22,2026-02-04 07:08:00,presencial
3848,584,100,17.51,2026-02-04 07:34:00,presencial
3849,67,186,197.9,2026-02-04 07:56:00,presencial
3850,58,192,66.44,2026-02-04 08:05:00,presencial
3851,561,112,69.07,2026-02-04 08:37:00,online
3852,75,107,86.35,2026-02-04 10:14:00,presencial
3853,245,101,40.27,2026-02-04 10:47:00,online
3854,523,48,9.19,2026-02-04 10:58:00,presencial
3855,84,84,58.93,2026-02-04 11:26:00,presencial
3856,399,188,43.81,2026-02-04 11:39:00,online
3857,230,124,17.37,2026-02-04 12:00:00,online
3858,262,49,13.49,2026-02-04 12:27:00,online
3859,559,18,42.47,2026-02-04 12:50:00,presencial
3860,390,151,10.04,2026-02-04 12:57:00,online
3861,192,181,38.18,2026-02-04 12:58:00,online
3862,561,22,33.43,2026-02-04 13:05:00,presencial
3863,349,76,39.21,2026-02-04 13:06:00,presencial
3864,60,171,69.61,2026-02-04 13:06:00,online
3865,236,51,88.6,2026-02-04 13:30:00,presencial
3866,147,37,20.44,2026-02-04 13:37:00,presencial
3867,386,79,116.37,2026-02-04 13:38:00,presencial
3868,517,79,35.12,2026-02-04 13:41:00,presencial
3869,24,97,307.55,2026-02-04 13:41:00,presencial
3870,469,194,23.48,2026-02-04 13:56:00,presencial
3871,550,195,7.6,2026-02-04 14:24:00,presencial
3872,597,116,111.83,2026-02-04 14:27:00,presencial
3873,397,16,71.39,2026-02-04 14:33:00,presencial
3874,189,53,167.64,2026-02-04 14:40:00,online
3875,88,37,62.84,2026-02-04 14:42:00,online
3876,567,1,586.4,2026-02-04 14:44:00,presencial
3877,248,77,36.31,2026-02-04 14:47:00,presencial
3878,207,2,141.31,2026-02-04 15:22:00,online
3879,441,115,25.08,2026-02-04 15:34:00,presencial
3880,430,55,76.78,2026-02-04 15:49:00,online
3881,486,145,94.24,2026-02-04 15:59:00,online
3882,530,106,111.7,2026-02-04 16:12:00,presencial
3883,527,191,105.0,2026-02-04 16:14:00,presencial
3884,103,97,1.27,2026-02-04 16:31:00,presencial
3885,102,32,41.45,2026-02-04 16:32:00,presencial
3886,124,185,23.75,2026-02-04 16:36:00,online
3887,377,62,29.5,2026-02-04 16:38:00,presencial
3888,349,153,32.73,2026-02-04 17:02:00,online
3889,515,157,131.0,2026-02-04 17:30:00,online
3890,507,185,55.86,2026-02-04 17:38:00,online
3891,489,129,25.58,2026-02-04 17:47:00,presencial
3892,48,103,8.89,2026-02-04 17:52:00,presencial
3893,418,77,241.38,2026-02-04 17:54:00,presencial
3894,511,90,21.93,2026-02-04 18:07:00,online
3895,590,157,38.71,2026-02-04 18:08:00,presencial
3896,206,114,470.01,2026-02-04 18:22:00,online
3897,467,10,22.6,2026-02-04 18:39:00,presencial
3898,244,75,33.01,2026-02-04 18:52:00,online
3899,97,183,57.71,2026-02-04 18:57:00,presencial
3900,204,43,7.64,2026-02-04 19:25:00,online
3901,151,95,6.73,2026-02-04 19:29:00,online
3902,547,168,26.32,2026-02-04 20:29:00,presencial
3903,106,59,27.34,2026-02-04 20:31:00,online
3904,79,137,51.81,2026-02-04 21:00:00,presencial
3905,348,158,15.24,2026-02-04 21:05:00,presencial
3906,345,66,72.05,2026-02-04 21:11:00,online
3907,337,180,4.17,2026-02-04 22:04:00,online
3908,89,90,41.38,2026-02-04 22:25:00,presencial
3909,300,60,66.43,2026-02-04 22:31:00,presencial
3910,558,46,64.15,2026-02-04 23:13:00,online
3911,54,54,37.37,2026-02-04 23:53:00,presencial
3912,479,113,21.62,2026-02-04 23:55:00,presencial
3913,76,46,36.2,2026-02-05 00:01:00,presencial
3914,141,72,173.7,2026-02-05 00:28:00,presencial
3915,539,143,23.12,2026-02-05 00:38:00,presencial
3916,179,176,131.09,2026-02-05 00:42:00,presencial
3917,314,136,156.17,2026-02-05 00:47:00,presencial
3918,229,106,6.62,2026-02-05 01:01:00,presencial
3919,369,140,38.82,2026-02-05 01:12:00,presencial
3920,244,83,15.25,2026-02-05 01:31:00,online
3921,267,55,8.57,2026-02-05 01:41:00,online
3922,491,150,106.83,2026-02-05 01:42:00,presencial
3923,333,28,75.24,2026-02-05 01:53:00,presencial
3924,339,182,59.73,2026-02-05 01:56:00,online
3925,484,86,13.54,2026-02-05 02:03:00,presencial
3926,257,164,56.35,2026-02-05 02:05:00,presencial
3927,495,20,10.57,2026-02-05 02:12:00,online
3928,432,99,48.67,2026-02-05 02:31:00,presencial
3929,531,85,21.59,2026-02-05 02:32:00,presencial
3930,275,72,142.01,2026-02-05 02:44:00,online
3931,336,103,29.98,2026-02-05 02:55:00,presencial
3932,77,133,57.65,2026-02-05 02:56:00,presencial
3933,67,189,57.78,2026-02-05 03:01:00,online
3934,65,164,41.13,2026-02-05 03:01:00,presencial
3935,380,47,50.19,2026-02-05 03:12:00,presencial
3936,196,196,62.44,2026-02-05 03:23:00,presencial
3937,174,100,16.68,2026-02-05 03:26:00,online
3938,362,92,69.63,2026-02-05 03:27:00,presencial
3939,240,3,115.61,2026-02-05 03:27:00,online
3940,81,134,69.21,2026-02-05 03:32:00,presencial
3941,335,178,30.28,2026-02-05 03:35:00,online
3942,331,59,54.15,2026-02-05 03:38:00,online
3943,84,174,29.96,2026-02-05 04:01:00,presencial
3944,162,18,39.23,2026-02-05 04:12:00,online
3945,143,194,12.1,2026-02-05 04:19:00,presencial
3946,418,51,203.99,2026-02-05 04:30:00,presencial
3947,150,97,375.79,2026-02-05 04:31:00,presencial
3948,17,3,20.61,2026-02-05 04:32:00,online
3949,161,180,106.14,2026-02-05 05:12:00,presencial
3950,282,102,222.22,2026-02-05 05:41:00,online
3951,462,195,15.59,2026-02-05 05:43:00,online
3952,32,75,4.16,2026-02-05 06:25:00,presencial
3953,529,12,237.1,2026-02-05 07:14:00,presencial
3954,199,136,44.2,2026-02-05 07:16:00,presencial
3955,206,33,25.24,2026-02-05 07:33:00,presencial
3956,10,124,47.09,2026-02-05 08:24:00,presencial
3957,166,7,29.79,2026-02-05 08:40:00,presencial
3958,282,34,1159.11,2026-02-05 08:46:00,presencial
3959,376,128,24.93,2026-02-05 09:26:00,online
3960,461,135,64.08,2026-02-05 09:37:00,presencial
3961,314,31,185.21,2026-02-05 09:53:00,online
3962,61,38,184.23,2026-02-05 09:55:00,online
3963,235,172,149.24,2026-02-05 09:57:00,online
3964,442,2,27.99,2026-02-05 09:59:00,online
3965,384,47,37.81,2026-02-05 10:02:00,presencial
3966,351,195,4.09,2026-02-05 10:05:00,presencial
3967,306,110,41.18,2026-02-05 10:10:00,presencial
3968,303,6,46.34,2026-02-05 10:28:00,online
3969,596,179,101.08,2026-02-05 10:33:00,online
3970,360,69,322.16,2026-02-05 10:38:00,presencial
3971,359,144,97.75,2026-02-05 10:44:00,online
3972,202,128,145.14,2026-02-05 10:50:00,presencial
3973,295,74,43.85,2026-02-05 10:51:00,online
3974,427,75,183.59,2026-02-05 10:53:00,presencial
3975,515,111,45.25,2026-02-05 10:56:00,presencial
3976,468,77,156.75,2026-02-05 10:57:00,presencial
3977,398,35,108.3,2026-02-05 11:28:00,online
3978,467,145,68.85,2026-02-05 11:33:00,online
3979,20,135,8.21,2026-02-05 11:44:00,presencial
3980,162,121,148.81,2026-02-05 12:45:00,presencial
3981,146,149,67.76,2026-02-05 13:07:00,presencial
3982,393,104,96.82,2026-02-05 13:46:00,presencial
3983,453,186,63.11,2026-02-05 13:55:00,online
3984,89,178,76.29,2026-02-05 14:21:00,presencial
3985,116,197,186.93,2026-02-05 14:25:00,presencial
3986,298,22,26.54,2026-02-05 14:30:00,presencial
3987,581,21,74.77,2026-02-05 14:30:00,online
3988,2,94,19.01,2026-02-05 14:32:00,presencial
3989,528,139,84.3,2026-02-05 14:33:00,presencial
3990,117,48,58.93,2026-02-05 14:44:00,presencial
3991,162,24,22.33,2026-02-05 14:47:00,online
3992,380,8,49.55,2026-02-05 15:05:00,online
3993,438,111,23.91,2026-02-05 15:16:00,presencial
3994,525,196,29.49,2026-02-05 15:51:00,presencial
3995,4,93,66.04,2026-02-05 15:52:00,online
3996,30,147,60.05,2026-02-05 15:56:00,presencial
3997,287,11,5.41,2026-02-05 15:58:00,presencial
3998,336,44,67.19,2026-02-05 16:05:00,presencial
3999,157,137,32.02,2026-02-05 16:08:00,presencial
4000,383,81,28.34,2026-02-05 16:12:00,presencial
4001,160,6,12.94,2026-02-05 16:22:00,presencial
4002,560,46,42.52,2026-02-05 16:38:00,presencial
4003,107,159,25.15,2026-02-05 16:49:00,presencial
4004,394,137,181.43,2026-02-05 17:00:00,presencial
4005,319,162,6.52,2026-02-05 17:07:00,online
4006,62,71,15.48,2026-02-05 17:10:00,presencial
4007,363,186,14.37,2026-02-05 17:15:00,online
4008,89,184,59.41,2026-02-05 17:31:00,online
4009,324,74,162.46,2026-02-05 17:38:00,presencial
4010,382,42,77.74,2026-02-05 17:52:00,online
4011,44,193,13.41,2026-02-05 18:35:00,presencial
4012,130,70,27.88,2026-02-05 19:18:00,presencial
4013,178,100,18.36,2026-02-05 19:18:00,online
4014,557,187,78.14,2026-02-05 19:29:00,presencial
4015,133,54,27.26,2026-02-05 19:53:00,presencial
4016,553,177,9.45,2026-02-05 20:00:00,online
4017,321,33,85.04,2026-02-05 20:24:00,online
4018,570,59,179.39,2026-02-05 21:00:00,presencial
4019,499,78,36.73,2026-02-05 21:09:00,online
4020,176,97,51.03,2026-02-05 21:28:00,online
4021,336,49,8.53,2026-02-05 21:30:00,presencial
4022,431,177,4.64,2026-02-05 21:56:00,presencial
4023,48,133,5.85,2026-02-05 22:01:00,online
4024,398,135,42.56,2026-02-05 22:19:00,presencial
4025,276,147,31.86,2026-02-05 22:19:00,online
4026,22,128,81.52,2026-02-05 22:20:00,presencial
4027,521,129,35.97,2026-02-05 22:36:00,online
4028,160,133,132.49,2026-02-05 22:48:00,presencial
4029,525,145,116.69,2026-02-05 22:58:00,presencial
4030,125,185,31.35,2026-02-05 23:00:00,online
4031,325,40,14.82,2026-02-05 23:06:00,presencial
4032,223,104,5.43,2026-02-05 23:08:00,online
4033,536,37,216.36,2026-02-05 23:11:00,presencial
4034,572,37,15.85,2026-02-05 23:13:00,presencial
4035,463,190,8.62,2026-02-05 23:33:00,online
4036,508,95,51.56,2026-02-05 23:37:00,presencial
4037,462,141,8.7,2026-02-06 00:41:00,presencial
4038,177,146,51.51,2026-02-06 00:43:00,presencial
4039,553,7,30.88,2026-02-06 00:43:00,presencial
4040,319,99,123.48,2026-02-06 00:47:00,online
4041,207,37,112.21,2026-02-06 00:53:00,presencial
4042,116,63,150.45,2026-02-06 01:00:00,presencial
4043,426,38,56.09,2026-02-06 01:10:00,presencial
4044,167,134,17.39,2026-02-06 01:12:00,presencial
4045,392,27,14.29,2026-02-06 01:19:00,online
4046,40,91,24.93,2026-02-06 01:21:00,presencial
4047,381,62,400.9,2026-02-06 01:30:00,presencial
4048,386,193,33.98,2026-02-06 02:05:00,presencial
4049,315,158,53.36,2026-02-06 02:08:00,presencial
4050,395,71,237.57,2026-02-06 02:10:00,online
4051,597,59,59.15,2026-02-06 02:24:00,online
4052,504,144,19.62,2026-02-06 02:25:00,presencial
4053,264,127,99.8,2026-02-06 02:52:00,presencial
4054,523,112,27.9,2026-02-06 03:21:00,presencial
4055,573,15,61.44,2026-02-06 03:32:00,presencial
4056,97,16,78.52,2026-02-06 04:08:00,presencial
4057,216,128,25.95,2026-02-06 04:11:00,online
4058,446,94,54.87,2026-02-06 04:23:00,online
4059,309,166,259.84,2026-02-06 04:29:00,presencial
4060,81,6,22.44,2026-02-06 05:06:00,presencial
4061,284,38,190.3,2026-02-06 05:12:00,online
4062,225,158,23.35,2026-02-06 05:23:00,presencial
4063,444,196,324.5,2026-02-06 05:23:00,presencial
4064,310,147,17.44,2026-02-06 05:40:00,presencial
4065,84,3,28.98,2026-02-06 05:49:00,online
4066,30,11,234.88,2026-02-06 06:11:00,presencial
4067,173,176,246.52,2026-02-06 06:17:00,online
4068,95,100,109.98,2026-02-06 06:20:00,online
4069,526,100,13.6,2026-02-06 06:33:00,presencial
4070,163,193,48.94,2026-02-06 06:37:00,online
4071,381,50,44.76,2026-02-06 06:42:00,presencial
4072,77,57,17.44,2026-02-06 06:43:00,online
4073,266,138,96.21,2026-02-06 06:46:00,presencial
4074,561,181,19.02,2026-02-06 06:52:00,presencial
4075,387,74,10.81,2026-02-06 07:05:00,online
4076,173,31,7.52,2026-02-06 07:17:00,online
4077,449,12,293.98,2026-02-06 07:23:00,presencial
4078,301,2,25.49,2026-02-06 07:45:00,presencial
4079,142,75,26.09,2026-02-06 07:51:00,presencial
4080,598,107,14.39,2026-02-06 08:03:00,online
4081,563,98,201.28,2026-02-06 08:10:00,online
4082,340,48,9.79,2026-02-06 08:14:00,presencial
4083,20,136,11.89,2026-02-06 08:14:00,presencial
4084,247,176,31.37,2026-02-06 08:35:00,online
4085,309,47,43.65,2026-02-06 09:01:00,online
4086,558,135,92.25,2026-02-06 09:04:00,online
4087,440,109,21.26,2026-02-06 09:08:00,online
4088,134,138,244.39,2026-02-06 09:19:00,presencial
4089,307,3,21.42,2026-02-06 09:58:00,presencial
4090,108,135,14.74,2026-02-06 10:23:00,presencial
4091,285,150,13.27,2026-02-06 10:26:00,presencial
4092,322,136,19.08,2026-02-06 10:27:00,online
4093,306,169,12.36,2026-02-06 10:33:00,online
4094,257,150,102.1,2026-02-06 10:44:00,online
4095,263,197,14.87,2026-02-06 10:53:00,presencial
4096,479,134,38.62,2026-02-06 11:34:00,online
4097,304,90,14.4,2026-02-06 11:38:00,online
4098,26,167,12.28,2026-02-06 11:40:00,presencial
4099,445,139,150.99,2026-02-06 11:41:00,presencial
4100,371,112,260.62,2026-02-06 11:45:00,online
4101,418,116,180.53,2026-02-06 12:03:00,presencial
4102,427,71,8.86,2026-02-06 12:06:00,online
4103,104,123,10.32,2026-02-06 12:11:00,presencial
4104,584,94,393.95,2026-02-06 12:23:00,presencial
4105,595,27,33.79,2026-02-06 12:29:00,online
4106,88,89,9.85,2026-02-06 12:36:00,presencial
4107,132,190,147.0,2026-02-06 12:49:00,presencial
4108,148,67,48.14,2026-02-06 13:18:00,presencial
4109,580,136,83.63,2026-02-06 13:31:00,presencial
4110,560,84,3.81,2026-02-06 13:36:00,presencial
4111,160,58,31.22,2026-02-06 14:09:00,online
4112,379,77,126.94,2026-02-06 14:16:00,presencial
4113,147,192,22.1,2026-02-06 14:52:00,presencial
4114,23,23,173.9,2026-02-06 14:58:00,presencial
4115,139,134,10.5,2026-02-06 15:05:00,online
4116,47,167,39.49,2026-02-06 15:14:00,presencial
4117,509,38,272.98,2026-02-06 15:39:00,online
4118,472,152,12.6,2026-02-06 15:56:00,online
4119,111,128,60.26,2026-02-06 16:16:00,presencial
4120,341,68,85.08,2026-02-06 16:20:00,presencial
4121,124,36,49.43,2026-02-06 16:23:00,online
4122,340,190,33.95,2026-02-06 16:40:00,presencial
4123,538,40,17.05,2026-02-06 17:05:00,online
4124,528,190,55.49,2026-02-06 17:20:00,online
4125,500,130,39.93,2026-02-06 18:05:00,online
4126,145,172,9.21,2026-02-06 18:32:00,presencial
4127,115,60,149.88,2026-02-06 18:44:00,presencial
4128,97,6,16.43,2026-02-06 18:49:00,presencial
4129,77,132,9.47,2026-02-06 18:51:00,presencial
4130,369,75,23.21,2026-02-06 18:59:00,online
4131,396,111,16.74,2026-02-06 19:06:00,presencial
4132,530,92,33.65,2026-02-06 19:08:00,online
4133,55,65,11.4,2026-02-06 19:18:00,online
4134,160,144,73.17,2026-02-06 19:19:00,presencial
4135,437,101,204.21,2026-02-06 19:26:00,online
4136,409,127,50.22,2026-02-06 19:28:00,online
4137,257,135,9.13,2026-02-06 19:44:00,presencial
4138,92,136,16.37,2026-02-06 19:46:00,presencial
4139,291,67,57.02,2026-02-06 19:53:00,presencial
4140,104,154,5.14,2026-02-06 20:12:00,online
4141,322,44,11.52,2026-02-06 20:19:00,online
4142,541,190,7.3,2026-02-06 20:23:00,online
4143,118,162,50.75,2026-02-06 20:23:00,presencial
4144,71,111,482.22,2026-02-06 21:15:00,presencial
4145,443,37,11.17,2026-02-06 21:44:00,online
4146,15,181,109.72,2026-02-06 21:45:00,online
4147,591,111,24.04,2026-02-06 21:49:00,presencial
4148,465,163,10.46,2026-02-06 21:58:00,online
4149,243,6,249.77,2026-02-06 22:40:00,presencial
4150,218,68,480.98,2026-02-06 22:42:00,online
4151,233,60,70.32,2026-02-06 22:43:00,presencial
4152,238,163,66.6,2026-02-06 22:48:00,presencial
4153,504,93,47.87,2026-02-06 22:49:00,presencial
4154,480,24,37.98,2026-02-06 23:17:00,presencial
4155,123,124,64.98,2026-02-06 23:46:00,online
4156,108,32,94.04,2026-02-07 00:00:00,online
4157,325,90,278.57,2026-02-07 00:28:00,online
4158,391,199,25.15,2026-02-07 01:01:00,presencial
4159,437,87,51.43,2026-02-07 01:07:00,online
4160,189,86,40.56,2026-02-07 01:08:00,online
4161,290,9,137.89,2026-02-07 01:19:00,online
4162,63,93,626.46,2026-02-07 01:20:00,online
4163,274,192,143.23,2026-02-07 01:29:00,presencial
4164,413,191,107.56,2026-02-07 01:39:00,online
4165,183,193,121.35,2026-02-07 01:40:00,presencial
4166,192,73,180.22,2026-02-07 01:45:00,online
4167,278,14,636.44,2026-02-07 01:45:00,presencial
4168,520,48,7.0,2026-02-07 02:18:00,presencial
4169,363,43,86.45,2026-02-07 02:18:00,presencial
4170,552,16,2.61,2026-02-07 02:19:00,online
4171,38,142,127.29,2026-02-07 02:28:00,presencial
4172,510,105,81.95,2026-02-07 02:35:00,presencial
4173,27,145,24.5,2026-02-07 02:47:00,online
4174,194,40,2.37,2026-02-07 03:05:00,presencial
4175,256,140,44.0,2026-02-07 03:45:00,online
4176,142,13,57.12,2026-02-07 04:10:00,online
4177,594,145,41.7,2026-02-07 04:38:00,online
4178,536,163,22.57,2026-02-07 04:45:00,presencial
4179,343,51,16.67,2026-02-07 04:57:00,online
4180,272,66,42.23,2026-02-07 05:24:00,online
4181,458,88,18.5,2026-02-07 05:26:00,presencial
4182,425,116,108.88,2026-02-07 05:29:00,online
4183,289,106,40.99,2026-02-07 05:36:00,presencial
4184,497,21,6.71,2026-02-07 05:44:00,presencial
4185,116,76,54.29,2026-02-07 05:55:00,online
4186,167,102,70.5,2026-02-07 05:59:00,online
4187,11,123,265.02,2026-02-07 06:10:00,presencial
4188,72,127,124.08,2026-02-07 06:21:00,online
4189,120,134,16.63,2026-02-07 06:55:00,online
4190,375,90,214.52,2026-02-07 07:43:00,presencial
4191,514,101,9.73,2026-02-07 07:44:00,presencial
4192,355,68,46.11,2026-02-07 07:45:00,presencial
4193,268,55,102.46,2026-02-07 07:51:00,online
4194,163,63,222.42,2026-02-07 08:18:00,presencial
4195,61,88,357.02,2026-02-07 08:20:00,presencial
4196,351,22,181.67,2026-02-07 08:59:00,online
4197,85,44,38.46,2026-02-07 09:11:00,online
4198,475,24,84.58,2026-02-07 09:20:00,presencial
4199,246,82,57.22,2026-02-07 09:23:00,online
4200,211,100,20.48,2026-02-07 09:57:00,presencial
4201,16,33,39.36,2026-02-07 10:03:00,presencial
4202,146,28,322.98,2026-02-07 10:26:00,presencial
4203,9,106,90.99,2026-02-07 10:26:00,online
4204,436,45,430.65,2026-02-07 10:33:00,presencial
4205,294,174,13.59,2026-02-07 11:17:00,online
4206,472,33,29.38,2026-02-07 11:46:00,presencial
4207,340,97,70.58,2026-02-07 12:11:00,presencial
4208,573,161,101.15,2026-02-07 12:18:00,online
4209,471,21,39.31,2026-02-07 12:36:00,online
4210,89,90,107.83,2026-02-07 13:20:00,presencial
4211,70,95,106.94,2026-02-07 13:24:00,presencial
4212,534,111,9.71,2026-02-07 13:33:00,presencial
4213,162,178,102.39,2026-02-07 13:42:00,presencial
4214,460,117,145.56,2026-02-07 13:49:00,online
4215,378,76,61.92,2026-02-07 14:05:00,presencial
4216,422,80,5.91,2026-02-07 14:10:00,presencial
4217,161,125,32.97,2026-02-07 14:42:00,online
4218,188,60,72.37,2026-02-07 14:48:00,online
4219,333,137,17.25,2026-02-07 16:04:00,presencial
4220,14,77,122.75,2026-02-07 16:10:00,presencial
4221,187,13,99.74,2026-02-07 16:14:00,online
4222,305,107,51.83,2026-02-07 16:14:00,online
4223,123,51,45.57,2026-02-07 16:18:00,online
4224,172,72,55.27,2026-02-07 16:43:00,presencial
4225,591,65,44.5,2026-02-07 16:44:00,presencial
4226,174,28,10.87,2026-02-07 17:19:00,online
4227,542,58,27.85,2026-02-07 17:24:00,online
4228,557,183,48.41,2026-02-07 17:27:00,online
4229,405,65,212.82,2026-02-07 18:09:00,online
4230,92,147,95.7,2026-02-07 18:21:00,online
4231,124,82,225.78,2026-02-07 18:27:00,presencial
4232,561,14,9.53,2026-02-07 18:36:00,presencial
4233,1,168,30.21,2026-02-07 18:46:00,presencial
4234,303,182,437.57,2026-02-07 18:51:00,online
4235,358,48,19.74,2026-02-07 18:52:00,presencial
4236,503,35,19.31,2026-02-07 18:52:00,online
4237,538,187,33.15,2026-02-07 18:54:00,presencial
4238,171,20,411.55,2026-02-07 19:03:00,presencial
4239,302,178,21.36,2026-02-07 19:06:00,presencial
4240,381,35,82.54,2026-02-07 19:07:00,online
4241,580,174,68.8,2026-02-07 19:10:00,presencial
4242,334,187,5.36,2026-02-07 19:13:00,online
4243,74,49,43.94,2026-02-07 19:13:00,presencial
4244,555,45,24.33,2026-02-07 19:29:00,presencial
4245,308,22,94.23,2026-02-07 19:30:00,presencial
4246,108,158,302.77,2026-02-07 19:34:00,presencial
4247,115,70,30.6,2026-02-07 19:54:00,online
4248,123,129,30.6,2026-02-07 20:01:00,presencial
4249,433,123,713.09,2026-02-07 20:40:00,presencial
4250,570,104,20.44,2026-02-07 20:41:00,presencial
4251,265,49,10.2,2026-02-07 20:41:00,online
4252,59,74,203.43,2026-02-07 20:43:00,presencial
4253,534,101,42.28,2026-02-07 21:19:00,online
4254,381,19,61.05,2026-02-07 21:24:00,online
4255,343,81,520.43,2026-02-07 21:48:00,online
4256,37,143,9.55,2026-02-07 21:51:00,online
4257,583,85,36.05,2026-02-07 21:57:00,online
4258,47,79,11.47,2026-02-07 22:13:00,presencial
4259,367,169,64.63,2026-02-07 22:39:00,online
4260,359,107,24.33,2026-02-07 22:53:00,online
4261,309,148,12.3,2026-02-07 22:55:00,presencial
4262,331,11,100.03,2026-02-07 23:08:00,online
4263,239,186,45.21,2026-02-07 23:14:00,online
4264,344,156,11.28,2026-02-07 23:17:00,presencial
4265,219,166,12.07,2026-02-07 23:48:00,presencial
4266,285,139,56.18,2026-02-08 00:09:00,presencial
4267,407,108,7.11,2026-02-08 00:17:00,presencial
4268,446,106,57.41,2026-02-08 00:21:00,online
4269,93,125,195.1,2026-02-08 00:28:00,presencial
4270,596,100,93.11,2026-02-08 00:28:00,presencial
4271,59,146,22.52,2026-02-08 00:37:00,online
4272,166,68,60.45,2026-02-08 00:59:00,presencial
4273,209,154,11.28,2026-02-08 01:11:00,presencial
4274,195,69,51.93,2026-02-08 01:33:00,presencial
4275,212,96,31.2,2026-02-08 01:41:00,online
4276,194,14,14.25,2026-02-08 01:45:00,presencial
4277,262,181,88.77,2026-02-08 01:52:00,online
4278,458,138,5.08,2026-02-08 02:07:00,presencial
4279,497,50,12.13,2026-02-08 02:09:00,presencial
4280,209,9,13.84,2026-02-08 02:43:00,presencial
4281,156,171,25.65,2026-02-08 02:46:00,presencial
4282,407,1,186.66,2026-02-08 02:51:00,online
4283,36,97,102.48,2026-02-08 03:05:00,online
4284,268,7,50.19,2026-02-08 03:07:00,presencial
4285,133,139,47.65,2026-02-08 03:12:00,presencial
4286,365,41,44.13,2026-02-08 03:38:00,presencial
4287,47,86,202.15,2026-02-08 03:39:00,online
4288,498,115,6.07,2026-02-08 03:45:00,online
4289,162,75,104.45,2026-02-08 03:46:00,presencial
4290,309,137,25.56,2026-02-08 04:25:00,online
4291,344,102,77.73,2026-02-08 04:28:00,online
4292,286,85,78.14,2026-02-08 04:33:00,presencial
4293,269,65,100.14,2026-02-08 04:38:00,presencial
4294,161,82,255.19,2026-02-08 04:44:00,online
4295,464,65,9.89,2026-02-08 05:02:00,presencial
4296,310,116,135.1,2026-02-08 05:58:00,presencial
4297,130,153,41.67,2026-02-08 06:17:00,online
4298,158,120,26.93,2026-02-08 06:23:00,presencial
4299,264,7,418.69,2026-02-08 06:45:00,presencial
4300,507,169,96.75,2026-02-08 06:47:00,online
4301,577,158,28.25,2026-02-08 06:53:00,presencial
4302,234,164,128.13,2026-02-08 07:09:00,online
4303,238,10,42.49,2026-02-08 07:15:00,presencial
4304,78,165,27.77,2026-02-08 07:21:00,online
4305,328,94,22.95,2026-02-08 07:39:00,online
4306,144,169,62.49,2026-02-08 07:52:00,presencial
4307,492,157,22.75,2026-02-08 08:29:00,online
4308,321,176,53.04,2026-02-08 08:41:00,online
4309,134,25,118.6,2026-02-08 08:43:00,online
4310,550,112,50.48,2026-02-08 08:43:00,presencial
4311,490,146,393.13,2026-02-08 09:12:00,online
4312,181,120,45.36,2026-02-08 09:23:00,online
4313,73,163,197.15,2026-02-08 09:31:00,online
4314,159,146,130.83,2026-02-08 10:05:00,online
4315,227,8,239.33,2026-02-08 11:41:00,presencial
4316,244,40,391.24,2026-02-08 11:44:00,online
4317,494,127,6.44,2026-02-08 11:50:00,presencial
4318,581,73,59.84,2026-02-08 12:08:00,presencial
4319,449,72,39.53,2026-02-08 12:10:00,online
4320,508,183,50.53,2026-02-08 12:17:00,presencial
4321,76,18,28.87,2026-02-08 12:52:00,online
4322,90,105,24.59,2026-02-08 13:17:00,online
4323,545,63,13.34,2026-02-08 13:35:00,online
4324,369,11,49.76,2026-02-08 13:53:00,online
4325,142,75,124.89,2026-02-08 13:56:00,online
4326,476,82,25.97,2026-02-08 13:58:00,presencial
4327,105,91,31.14,2026-02-08 14:02:00,online
4328,461,33,20.74,2026-02-08 14:09:00,presencial
4329,530,146,14.97,2026-02-08 14:24:00,presencial
4330,294,72,34.48,2026-02-08 14:25:00,presencial
4331,394,115,65.21,2026-02-08 14:48:00,online
4332,440,109,178.23,2026-02-08 14:57:00,presencial
4333,529,113,12.05,2026-02-08 15:10:00,online
4334,351,102,43.23,2026-02-08 15:18:00,online
4335,177,61,163.36,2026-02-08 15:24:00,online
4336,121,99,12.22,2026-02-08 15:35:00,presencial
4337,214,107,180.14,2026-02-08 15:40:00,online
4338,34,4,27.58,2026-02-08 16:01:00,online
4339,420,145,97.76,2026-02-08 16:01:00,presencial
4340,222,90,35.17,2026-02-08 16:11:00,presencial
4341,427,59,74.04,2026-02-08 16:47:00,online
4342,38,6,262.42,2026-02-08 16:53:00,presencial
4343,194,61,39.11,2026-02-08 16:55:00,presencial
4344,238,81,133.77,2026-02-08 17:07:00,online
4345,53,168,60.47,2026-02-08 17:22:00,presencial
4346,498,130,18.83,2026-02-08 17:25:00,online
4347,359,84,38.09,2026-02-08 17:34:00,presencial
4348,507,26,35.56,2026-02-08 17:51:00,presencial
4349,482,55,9.46,2026-02-08 18:20:00,online
4350,21,184,74.06,2026-02-08 18:36:00,presencial
4351,520,26,92.18,2026-02-08 18:36:00,presencial
4352,42,127,109.25,2026-02-08 18:41:00,presencial
4353,523,104,215.46,2026-02-08 18:51:00,online
4354,402,44,127.65,2026-02-08 18:55:00,presencial
4355,492,175,23.03,2026-02-08 18:56:00,presencial
4356,300,79,29.1,2026-02-08 19:04:00,presencial
4357,97,133,112.46,2026-02-08 19:07:00,online
4358,90,20,68.63,2026-02-08 19:15:00,presencial
4359,72,194,43.83,2026-02-08 20:00:00,presencial
4360,484,5,17.08,2026-02-08 20:47:00,presencial
4361,321,63,24.93,2026-02-08 21:01:00,online
4362,130,184,84.87,2026-02-08 21:02:00,presencial
4363,75,128,5.23,2026-02-08 21:16:00,online
4364,47,136,3.41,2026-02-08 21:30:00,online
4365,155,63,95.84,2026-02-08 21:36:00,online
4366,450,156,24.86,2026-02-08 21:54:00,online
4367,536,187,74.84,2026-02-08 22:08:00,online
4368,365,125,253.24,2026-02-08 22:10:00,presencial
4369,598,44,14.67,2026-02-08 22:17:00,online
4370,237,182,7.12,2026-02-08 22:35:00,online
4371,200,1,32.98,2026-02-08 22:48:00,presencial
4372,416,180,21.05,2026-02-08 22:48:00,presencial
4373,81,2,43.47,2026-02-08 22:50:00,presencial
4374,547,12,80.79,2026-02-08 23:48:00,online
4375,469,9,64.03,2026-02-08 23:51:00,presencial
4376,21,38,47.03,2026-02-08 23:54:00,presencial
4377,113,146,143.16,2026-02-09 00:11:00,presencial
4378,377,80,93.48,2026-02-09 00:12:00,presencial
4379,444,16,36.62,2026-02-09 00:18:00,presencial
4380,131,69,89.91,2026-02-09 00:33:00,presencial
4381,449,200,8.16,2026-02-09 00:37:00,presencial
4382,285,106,144.04,2026-02-09 00:49:00,presencial
4383,406,146,45.81,2026-02-09 01:04:00,online
4384,255,54,11.93,2026-02-09 01:17:00,online
4385,273,105,28.27,2026-02-09 01:31:00,online
4386,234,160,139.95,2026-02-09 01:38:00,online
4387,95,135,19.21,2026-02-09 02:26:00,presencial
4388,115,2,70.22,2026-02-09 02:48:00,presencial
4389,101,122,117.53,2026-02-09 02:52:00,presencial
4390,482,159,45.92,2026-02-09 02:55:00,presencial
4391,254,28,17.27,2026-02-09 03:17:00,online
4392,228,79,41.67,2026-02-09 03:24:00,presencial
4393,514,129,9.48,2026-02-09 04:14:00,presencial
4394,533,2,26.11,2026-02-09 04:53:00,presencial
4395,141,143,13.22,2026-02-09 05:02:00,presencial
4396,213,170,42.45,2026-02-09 05:03:00,online
4397,248,106,11.06,2026-02-09 05:08:00,online
4398,504,90,49.0,2026-02-09 05:29:00,online
4399,403,19,155.42,2026-02-09 05:31:00,presencial
4400,327,145,166.54,2026-02-09 06:01:00,presencial
4401,142,189,11.36,2026-02-09 06:24:00,online
4402,232,176,21.48,2026-02-09 06:55:00,presencial
4403,18,110,114.21,2026-02-09 07:01:00,presencial
4404,423,7,96.97,2026-02-09 07:12:00,online
4405,552,58,22.72,2026-02-09 07:28:00,presencial
4406,472,53,26.18,2026-02-09 07:32:00,presencial
4407,186,2,48.93,2026-02-09 08:23:00,online
4408,290,24,5.95,2026-02-09 08:25:00,online
4409,575,115,79.67,2026-02-09 08:40:00,presencial
4410,256,20,147.14,2026-02-09 08:48:00,online
4411,504,8,29.14,2026-02-09 08:59:00,presencial
4412,347,190,9.38,2026-02-09 09:07:00,online
4413,300,121,211.43,2026-02-09 09:18:00,presencial
4414,352,162,56.9,2026-02-09 09:21:00,online
4415,135,50,97.5,2026-02-09 09:27:00,online
4416,256,73,10.45,2026-02-09 09:29:00,presencial
4417,183,123,10.49,2026-02-09 09:49:00,presencial
4418,455,138,70.49,2026-02-09 09:53:00,presencial
4419,368,74,138.42,2026-02-09 10:22:00,presencial
4420,240,184,12.91,2026-02-09 10:29:00,presencial
4421,494,141,39.97,2026-02-09 10:31:00,presencial
4422,272,45,7.8,2026-02-09 10:35:00,online
4423,572,20,20.66,2026-02-09 10:49:00,online
4424,364,3,33.69,2026-02-09 10:52:00,presencial
4425,532,169,76.53,2026-02-09 10:53:00,presencial
4426,593,165,4.41,2026-02-09 11:15:00,presencial
4427,197,96,191.03,2026-02-09 11:24:00,presencial
4428,157,145,37.05,2026-02-09 11:29:00,presencial
4429,502,177,185.64,2026-02-09 11:34:00,presencial
4430,140,33,96.41,2026-02-09 11:37:00,presencial
4431,452,197,114.15,2026-02-09 11:38:00,presencial
4432,107,98,412.54,2026-02-09 12:03:00,presencial
4433,522,88,18.92,2026-02-09 12:07:00,online
4434,414,33,51.88,2026-02-09 12:15:00,online
4435,313,135,15.03,2026-02-09 12:35:00,presencial
4436,270,121,39.95,2026-02-09 12:36:00,presencial
4437,383,6,98.7,2026-02-09 13:07:00,presencial
4438,234,130,154.48,2026-02-09 13:48:00,presencial
4439,239,29,29.36,2026-02-09 13:55:00,online
4440,123,56,11.88,2026-02-09 14:09:00,presencial
4441,95,123,48.46,2026-02-09 14:22:00,presencial
4442,535,157,17.51,2026-02-09 14:36:00,online
4443,450,27,23.67,2026-02-09 14:50:00,presencial
4444,266,95,93.59,2026-02-09 14:52:00,presencial
4445,500,58,76.26,2026-02-09 14:54:00,online
4446,365,142,111.9,2026-02-09 14:57:00,presencial
4447,360,166,30.85,2026-02-09 14:58:00,online
4448,68,128,135.62,2026-02-09 15:04:00,presencial
4449,323,159,45.41,2026-02-09 15:36:00,online
4450,65,91,32.7,2026-02-09 16:06:00,presencial
4451,411,120,13.35,2026-02-09 16:33:00,presencial
4452,41,59,4.49,2026-02-09 16:41:00,presencial
4453,309,198,8.0,2026-02-09 17:21:00,online
4454,221,41,56.66,2026-02-09 17:31:00,online
4455,79,185,16.47,2026-02-09 17:50:00,presencial
4456,284,150,7.32,2026-02-09 18:11:00,online
4457,121,198,28.18,2026-02-09 18:24:00,online
4458,147,129,60.81,2026-02-09 18:48:00,online
4459,534,71,70.57,2026-02-09 19:12:00,online
4460,210,57,43.3,2026-02-09 19:24:00,presencial
4461,243,36,41.81,2026-02-09 19:25:00,presencial
4462,4,194,24.72,2026-02-09 19:25:00,presencial
4463,181,22,89.77,2026-02-09 19:38:00,presencial
4464,211,163,36.8,2026-02-09 19:40:00,presencial
4465,432,140,41.1,2026-02-09 19:58:00,presencial
4466,72,26,140.0,2026-02-09 20:27:00,presencial
4467,558,184,106.81,2026-02-09 20:31:00,presencial
4468,78,33,36.48,2026-02-09 20:43:00,presencial
4469,392,33,31.19,2026-02-09 20:49:00,online
4470,3,109,30.93,2026-02-09 20:56:00,presencial
4471,492,21,4.84,2026-02-09 21:01:00,presencial
4472,418,21,149.39,2026-02-09 21:07:00,online
4473,503,125,21.05,2026-02-09 21:17:00,presencial
4474,559,193,114.44,2026-02-09 21:19:00,presencial
4475,501,11,46.79,2026-02-09 21:32:00,online
4476,373,128,206.61,2026-02-09 21:40:00,online
4477,504,121,80.03,2026-02-09 21:43:00,online
4478,58,14,121.92,2026-02-09 21:54:00,presencial
4479,388,30,23.31,2026-02-09 22:08:00,online
4480,594,89,10.87,2026-02-09 22:16:00,presencial
4481,227,139,52.58,2026-02-09 22:16:00,presencial
4482,586,45,5.43,2026-02-09 22:36:00,online
4483,304,87,26.72,2026-02-09 22:50:00,presencial
4484,281,99,12.08,2026-02-09 22:50:00,online
4485,181,143,17.75,2026-02-09 22:51:00,online
4486,65,50,86.08,2026-02-09 23:19:00,presencial
4487,526,138,80.07,2026-02-09 23:28:00,presencial
4488,433,167,37.41,2026-02-09 23:45:00,online
4489,241,117,63.56,2026-02-10 00:13:00,online
4490,577,145,24.66,2026-02-10 00:17:00,presencial
4491,111,34,645.05,2026-02-10 00:31:00,online
4492,468,182,62.24,2026-02-10 00:36:00,presencial
4493,272,61,23.35,2026-02-10 00:36:00,online
4494,375,40,117.09,2026-02-10 00:37:00,presencial
4495,23,110,174.9,2026-02-10 00:37:00,online
4496,367,78,19.07,2026-02-10 00:42:00,presencial
4497,408,93,9.39,2026-02-10 00:57:00,presencial
4498,587,162,11.68,2026-02-10 01:06:00,online
4499,208,108,21.39,2026-02-10 01:07:00,online
4500,44,75,42.11,2026-02-10 01:17:00,presencial
4501,38,161,7.45,2026-02-10 01:17:00,presencial
4502,90,76,28.22,2026-02-10 01:18:00,online
4503,180,192,35.56,2026-02-10 01:43:00,presencial
4504,499,198,63.9,2026-02-10 02:01:00,presencial
4505,118,94,87.62,2026-02-10 02:34:00,presencial
4506,88,155,69.53,2026-02-10 03:06:00,presencial
4507,20,142,320.98,2026-02-10 03:18:00,online
4508,230,173,148.94,2026-02-10 03:30:00,presencial
4509,363,93,57.06,2026-02-10 03:30:00,presencial
4510,169,82,15.37,2026-02-10 03:50:00,online
4511,298,56,21.26,2026-02-10 04:24:00,presencial
4512,147,118,9.29,2026-02-10 04:36:00,presencial
4513,481,124,52.91,2026-02-10 04:45:00,presencial
4514,16,91,64.36,2026-02-10 04:53:00,online
4515,121,63,119.37,2026-02-10 05:16:00,online
4516,340,91,59.98,2026-02-10 05:19:00,presencial
4517,506,101,142.51,2026-02-10 05:21:00,online
4518,241,26,145.76,2026-02-10 05:30:00,presencial
4519,42,133,14.43,2026-02-10 05:42:00,presencial
4520,331,169,25.28,2026-02-10 05:46:00,presencial
4521,163,65,44.16,2026-02-10 05:54:00,presencial
4522,183,79,20.56,2026-02-10 05:57:00,online
4523,554,19,34.2,2026-02-10 06:21:00,presencial
4524,565,117,62.26,2026-02-10 06:22:00,presencial
4525,156,86,39.04,2026-02-10 06:32:00,online
4526,355,172,44.72,2026-02-10 06:34:00,presencial
4527,325,182,15.85,2026-02-10 07:19:00,online
4528,577,155,78.03,2026-02-10 07:23:00,presencial
4529,568,43,71.99,2026-02-10 07:26:00,presencial
4530,211,40,19.32,2026-02-10 07:28:00,presencial
4531,16,98,10.78,2026-02-10 07:30:00,presencial
4532,2,124,173.0,2026-02-10 07:34:00,presencial
4533,3,7,305.82,2026-02-10 08:41:00,presencial
4534,469,100,57.87,2026-02-10 09:03:00,online
4535,444,18,30.03,2026-02-10 09:09:00,online
4536,497,53,141.3,2026-02-10 09:28:00,online
4537,84,72,74.99,2026-02-10 09:41:00,online
4538,36,9,35.45,2026-02-10 09:41:00,online
4539,103,53,129.66,2026-02-10 09:42:00,online
4540,376,126,18.35,2026-02-10 09:46:00,presencial
4541,6,200,20.91,2026-02-10 09:48:00,presencial
4542,397,156,66.69,2026-02-10 09:58:00,online
4543,534,62,50.69,2026-02-10 09:58:00,online
4544,88,189,90.11,2026-02-10 10:18:00,online
4545,444,89,166.11,2026-02-10 10:19:00,presencial
4546,332,71,8.1,2026-02-10 10:39:00,online
4547,567,170,46.66,2026-02-10 10:51:00,presencial
4548,146,80,361.84,2026-02-10 11:05:00,presencial
4549,137,148,23.19,2026-02-10 11:18:00,online
4550,10,33,20.36,2026-02-10 11:22:00,presencial
4551,424,67,3.8,2026-02-10 11:48:00,online
4552,521,197,50.0,2026-02-10 11:51:00,presencial
4553,12,49,84.66,2026-02-10 11:54:00,online
4554,296,170,84.47,2026-02-10 12:06:00,presencial
4555,435,94,14.29,2026-02-10 12:17:00,online
4556,470,192,44.27,2026-02-10 12:19:00,presencial
4557,559,84,57.04,2026-02-10 12:25:00,presencial
4558,434,100,47.34,2026-02-10 12:26:00,presencial
4559,553,79,13.41,2026-02-10 12:46:00,presencial
4560,597,42,48.67,2026-02-10 13:02:00,presencial
4561,557,169,18.25,2026-02-10 13:04:00,presencial
4562,263,115,5.7,2026-02-10 13:04:00,online
4563,245,102,94.58,2026-02-10 13:17:00,presencial
4564,257,75,52.15,2026-02-10 13:39:00,online
4565,571,155,85.72,2026-02-10 13:56:00,online
4566,170,70,24.83,2026-02-10 14:01:00,online
4567,452,48,89.05,2026-02-10 14:05:00,presencial
4568,376,17,137.6,2026-02-10 14:15:00,presencial
4569,38,175,307.78,2026-02-10 14:17:00,presencial
4570,292,15,109.43,2026-02-10 14:37:00,presencial
4571,117,169,68.26,2026-02-10 14:45:00,presencial
4572,438,76,9.8,2026-02-10 14:47:00,presencial
4573,269,1,39.76,2026-02-10 14:49:00,online
4574,214,186,9.35,2026-02-10 15:20:00,online
4575,40,149,18.16,2026-02-10 15:21:00,online
4576,79,145,383.97,2026-02-10 15:40:00,presencial
4577,459,110,14.51,2026-02-10 15:41:00,online
4578,518,153,3.4,2026-02-10 16:00:00,presencial
4579,175,27,109.34,2026-02-10 16:05:00,online
4580,497,47,21.32,2026-02-10 16:06:00,presencial
4581,332,109,104.04,2026-02-10 17:08:00,online
4582,211,147,12.34,2026-02-10 17:09:00,online
4583,271,118,27.98,2026-02-10 17:39:00,presencial
4584,415,82,166.58,2026-02-10 17:46:00,presencial
4585,546,135,10.44,2026-02-10 18:02:00,online
4586,296,12,37.11,2026-02-10 18:12:00,presencial
4587,208,102,61.59,2026-02-10 18:30:00,online
4588,457,79,20.26,2026-02-10 18:41:00,presencial
4589,316,100,58.33,2026-02-10 18:50:00,presencial
4590,235,27,45.48,2026-02-10 19:19:00,presencial
4591,276,181,80.48,2026-02-10 19:20:00,presencial
4592,322,171,339.14,2026-02-10 19:28:00,presencial
4593,85,189,847.87,2026-02-10 19:37:00,presencial
4594,35,169,74.42,2026-02-10 19:42:00,online
4595,399,133,39.59,2026-02-10 19:44:00,presencial
4596,105,58,72.6,2026-02-10 19:52:00,presencial
4597,319,23,34.62,2026-02-10 19:57:00,online
4598,470,123,7.8,2026-02-10 21:01:00,online
4599,129,190,42.47,2026-02-10 21:28:00,presencial
4600,229,73,146.98,2026-02-10 22:00:00,presencial
4601,587,199,8.92,2026-02-10 22:19:00,online
4602,22,31,15.13,2026-02-10 22:36:00,presencial
4603,454,57,23.57,2026-02-10 23:00:00,online
4604,101,130,67.33,2026-02-10 23:19:00,online
4605,544,99,610.76,2026-02-10 23:28:00,presencial
4606,247,153,18.35,2026-02-10 23:29:00,presencial
4607,5,69,49.42,2026-02-10 23:32:00,online
4608,431,155,44.99,2026-02-10 23:50:00,presencial
4609,89,61,32.09,2026-02-11 00:02:00,presencial
4610,219,30,42.42,2026-02-11 00:02:00,presencial
4611,302,114,26.81,2026-02-11 00:04:00,online
4612,448,103,913.49,2026-02-11 00:08:00,online
4613,252,114,101.97,2026-02-11 00:23:00,online
4614,515,5,27.07,2026-02-11 00:49:00,presencial
4615,290,83,164.34,2026-02-11 01:08:00,presencial
4616,205,19,59.29,2026-02-11 01:18:00,online
4617,203,161,47.64,2026-02-11 01:22:00,presencial
4618,481,17,36.59,2026-02-11 01:42:00,online
4619,399,187,33.95,2026-02-11 01:55:00,presencial
4620,77,12,11.68,2026-02-11 02:14:00,presencial
4621,451,123,7.09,2026-02-11 02:24:00,presencial
4622,250,67,67.21,2026-02-11 02:35:00,online
4623,210,23,36.19,2026-02-11 02:50:00,online
4624,59,72,117.35,2026-02-11 03:23:00,online
4625,599,8,16.8,2026-02-11 03:44:00,online
4626,32,140,13.36,2026-02-11 04:09:00,online
4627,598,175,104.98,2026-02-11 04:13:00,presencial
4628,39,66,32.3,2026-02-11 04:28:00,online
4629,304,88,114.58,2026-02-11 04:37:00,online
4630,63,29,46.38,2026-02-11 04:47:00,presencial
4631,296,97,352.58,2026-02-11 04:49:00,presencial
4632,502,190,102.65,2026-02-11 04:59:00,online
4633,355,108,70.16,2026-02-11 05:33:00,presencial
4634,327,176,107.76,2026-02-11 05:50:00,online
4635,72,157,33.11,2026-02-11 05:53:00,presencial
4636,569,25,7.34,2026-02-11 06:44:00,presencial
4637,226,11,66.49,2026-02-11 07:20:00,presencial
4638,323,73,378.32,2026-02-11 08:05:00,presencial
4639,539,189,3.6,2026-02-11 08:26:00,presencial
4640,378,34,74.89,2026-02-11 09:04:00,online
4641,441,9,8.26,2026-02-11 09:06:00,presencial
4642,111,192,43.57,2026-02-11 09:09:00,presencial
4643,277,40,48.78,2026-02-11 09:15:00,presencial
4644,325,72,101.65,2026-02-11 09:22:00,presencial
4645,106,157,56.33,2026-02-11 10:02:00,presencial
4646,232,20,202.53,2026-02-11 10:15:00,online
4647,499,35,161.26,2026-02-11 10:30:00,online
4648,559,146,36.01,2026-02-11 10:58:00,presencial
4649,495,2,148.98,2026-02-11 11:34:00,presencial
4650,561,143,31.69,2026-02-11 11:51:00,presencial
4651,600,109,26.22,2026-02-11 12:17:00,online
4652,120,49,11.88,2026-02-11 12:19:00,presencial
4653,514,123,189.27,2026-02-11 12:30:00,online
4654,373,65,32.14,2026-02-11 12:32:00,online
4655,516,190,3.12,2026-02-11 12:34:00,online
4656,383,84,81.15,2026-02-11 12:37:00,online
4657,75,150,27.73,2026-02-11 12:49:00,online
4658,338,54,32.19,2026-02-11 13:14:00,presencial
4659,457,167,34.56,2026-02-11 13:17:00,presencial
4660,75,58,30.87,2026-02-11 13:17:00,presencial
4661,303,102,898.34,2026-02-11 13:19:00,online
4662,393,161,278.38,2026-02-11 13:29:00,presencial
4663,279,186,96.46,2026-02-11 13:30:00,presencial
4664,480,151,58.29,2026-02-11 13:33:00,presencial
4665,77,134,154.72,2026-02-11 14:11:00,presencial
4666,208,139,58.44,2026-02-11 14:23:00,presencial
4667,571,82,109.67,2026-02-11 14:24:00,presencial
4668,309,138,82.6,2026-02-11 14:53:00,presencial
4669,109,115,51.48,2026-02-11 15:07:00,presencial
4670,70,105,125.76,2026-02-11 15:22:00,online
4671,356,63,28.16,2026-02-11 15:23:00,presencial
4672,559,71,47.67,2026-02-11 15:33:00,presencial
4673,30,25,15.22,2026-02-11 15:41:00,online
4674,66,145,17.28,2026-02-11 15:45:00,online
4675,226,5,2.77,2026-02-11 15:46:00,presencial
4676,126,24,73.86,2026-02-11 15:48:00,online
4677,73,59,99.95,2026-02-11 15:50:00,presencial
4678,180,29,147.52,2026-02-11 16:57:00,online
4679,386,150,13.29,2026-02-11 17:07:00,online
4680,496,26,72.52,2026-02-11 17:17:00,presencial
4681,184,92,44.67,2026-02-11 17:30:00,presencial
4682,421,147,100.62,2026-02-11 18:15:00,presencial
4683,494,118,21.83,2026-02-11 18:20:00,presencial
4684,5,119,30.88,2026-02-11 18:20:00,presencial
4685,512,69,8.09,2026-02-11 18:35:00,online
4686,111,91,20.32,2026-02-11 19:12:00,presencial
4687,412,154,44.85,2026-02-11 19:18:00,presencial
4688,451,96,54.14,2026-02-11 19:45:00,presencial
4689,508,140,7.0,2026-02-11 20:27:00,online
4690,243,166,25.47,2026-02-11 20:37:00,presencial
4691,396,49,53.32,2026-02-11 20:37:00,online
4692,16,25,210.37,2026-02-11 20:40:00,presencial
4693,269,93,17.65,2026-02-11 20:56:00,presencial
4694,579,77,76.64,2026-02-11 21:12:00,online
4695,96,30,24.1,2026-02-11 21:17:00,online
4696,91,153,27.38,2026-02-11 21:21:00,online
4697,421,125,17.02,2026-02-11 21:21:00,online
4698,307,132,14.17,2026-02-11 21:23:00,online
4699,273,142,26.52,2026-02-11 21:24:00,online
4700,149,88,141.57,2026-02-11 22:10:00,presencial
4701,103,103,19.48,2026-02-11 22:43:00,presencial
4702,443,45,16.41,2026-02-11 23:03:00,online
4703,215,147,56.26,2026-02-11 23:18:00,presencial
4704,467,190,44.96,2026-02-11 23:20:00,presencial
4705,267,175,41.47,2026-02-12 00:09:00,presencial
4706,239,82,59.11,2026-02-12 00:38:00,online
4707,139,10,14.72,2026-02-12 01:34:00,presencial
4708,396,176,16.63,2026-02-12 02:27:00,presencial
4709,171,115,132.27,2026-02-12 02:28:00,presencial
4710,546,156,38.07,2026-02-12 02:29:00,presencial
4711,245,61,86.15,2026-02-12 02:50:00,online
4712,489,173,171.82,2026-02-12 02:51:00,presencial
4713,282,168,113.33,2026-02-12 03:00:00,online
4714,249,4,9.91,2026-02-12 03:14:00,presencial
4715,272,113,39.32,2026-02-12 03:19:00,online
4716,265,96,140.46,2026-02-12 03:45:00,online
4717,288,132,79.44,2026-02-12 03:51:00,presencial
4718,533,52,54.73,2026-02-12 04:09:00,presencial
4719,422,20,7.36,2026-02-12 04:18:00,online
4720,21,55,22.69,2026-02-12 04:27:00,presencial
4721,35,106,48.24,2026-02-12 04:41:00,presencial
4722,14,54,9.31,2026-02-12 05:08:00,online
4723,415,93,107.02,2026-02-12 05:34:00,online
4724,124,78,39.28,2026-02-12 05:41:00,presencial
4725,232,139,5.07,2026-02-12 05:47:00,presencial
4726,497,83,23.97,2026-02-12 05:55:00,online
4727,80,29,32.62,2026-02-12 06:12:00,presencial
4728,92,127,38.75,2026-02-12 06:30:00,online
4729,48,43,213.06,2026-02-12 06:53:00,presencial
4730,172,61,84.46,2026-02-12 06:57:00,presencial
4731,54,142,9.95,2026-02-12 07:19:00,presencial
4732,378,55,8.68,2026-02-12 07:49:00,presencial
4733,443,13,33.33,2026-02-12 07:51:00,presencial
4734,111,73,51.36,2026-02-12 07:56:00,online
4735,315,78,133.17,2026-02-12 08:00:00,presencial
4736,182,138,299.73,2026-02-12 08:08:00,online
4737,49,142,318.19,2026-02-12 08:09:00,presencial
4738,281,1,27.48,2026-02-12 08:18:00,presencial
4739,419,152,124.96,2026-02-12 08:54:00,online
4740,137,150,71.39,2026-02-12 09:09:00,presencial
4741,473,35,13.47,2026-02-12 09:09:00,online
4742,596,68,5.6,2026-02-12 09:15:00,presencial
4743,34,154,52.38,2026-02-12 09:23:00,online
4744,99,116,8.63,2026-02-12 09:50:00,presencial
4745,174,68,17.52,2026-02-12 09:50:00,presencial
4746,510,153,21.05,2026-02-12 10:02:00,online
4747,86,127,56.86,2026-02-12 10:31:00,presencial
4748,283,103,182.85,2026-02-12 10:44:00,online
4749,323,2,45.33,2026-02-12 10:46:00,presencial
4750,78,130,24.71,2026-02-12 11:03:00,presencial
4751,26,36,4.59,2026-02-12 11:04:00,presencial
4752,72,184,74.01,2026-02-12 11:04:00,presencial
4753,34,38,46.13,2026-02-12 11:18:00,online
4754,301,6,24.42,2026-02-12 11:22:00,presencial
4755,562,76,161.21,2026-02-12 11:30:00,online
4756,213,70,12.06,2026-02-12 12:40:00,presencial
4757,155,71,21.04,2026-02-12 12:43:00,online
4758,141,186,34.14,2026-02-12 12:46:00,presencial
4759,589,55,24.09,2026-02-12 13:04:00,presencial
4760,576,168,81.93,2026-02-12 13:08:00,presencial
4761,390,33,74.46,2026-02-12 13:32:00,presencial
4762,279,124,142.03,2026-02-12 13:49:00,presencial
4763,96,27,77.68,2026-02-12 13:54:00,online
4764,558,46,39.37,2026-02-12 13:54:00,presencial
4765,1,30,30.76,2026-02-12 14:00:00,presencial
4766,99,67,73.76,2026-02-12 14:14:00,presencial
4767,408,92,36.26,2026-02-12 14:16:00,presencial
4768,111,172,47.08,2026-02-12 14:26:00,presencial
4769,65,152,78.31,2026-02-12 14:28:00,online
4770,358,140,52.06,2026-02-12 14:33:00,presencial
4771,16,98,62.77,2026-02-12 14:58:00,presencial
4772,162,58,18.73,2026-02-12 15:03:00,online
4773,386,60,197.29,2026-02-12 15:11:00,presencial
4774,111,27,13.23,2026-02-12 15:13:00,online
4775,456,133,72.47,2026-02-12 15:14:00,presencial
4776,57,157,26.2,2026-02-12 15:31:00,online
4777,368,110,147.02,2026-02-12 16:06:00,presencial
4778,46,116,118.17,2026-02-12 16:07:00,presencial
4779,440,75,44.6,2026-02-12 16:17:00,presencial
4780,452,193,247.2,2026-02-12 16:20:00,presencial
4781,477,178,36.37,2026-02-12 16:27:00,presencial
4782,170,82,117.9,2026-02-12 16:30:00,presencial
4783,142,152,20.11,2026-02-12 16:31:00,online
4784,588,70,69.79,2026-02-12 17:05:00,presencial
4785,438,25,16.03,2026-02-12 17:08:00,presencial
4786,110,59,45.67,2026-02-12 17:17:00,presencial
4787,18,167,42.24,2026-02-12 17:57:00,online
4788,213,97,117.5,2026-02-12 18:09:00,online
4789,400,174,21.37,2026-02-12 18:55:00,online
4790,225,65,1313.81,2026-02-12 18:55:00,online
4791,485,92,9.77,2026-02-12 19:23:00,online
4792,301,15,57.76,2026-02-12 19:26:00,presencial
4793,595,157,61.35,2026-02-12 19:34:00,online
4794,523,63,80.79,2026-02-12 19:37:00,presencial
4795,283,19,25.36,2026-02-12 19:46:00,online
4796,501,44,58.32,2026-02-12 19:52:00,online
4797,269,134,24.03,2026-02-12 20:02:00,presencial
4798,6,164,350.88,2026-02-12 20:05:00,presencial
4799,185,191,22.23,2026-02-12 20:06:00,presencial
4800,246,48,37.98,2026-02-12 20:17:00,online
4801,586,119,21.55,2026-02-12 20:35:00,presencial
4802,497,92,18.54,2026-02-12 21:19:00,presencial
4803,88,144,9.57,2026-02-12 21:28:00,presencial
4804,1,135,93.62,2026-02-12 21:37:00,online
4805,318,15,21.33,2026-02-12 22:02:00,online
4806,321,30,18.6,2026-02-12 22:02:00,online
4807,442,119,15.49,2026-02-12 22:10:00,online
4808,156,107,62.48,2026-02-12 22:34:00,presencial
4809,488,178,45.78,2026-02-12 22:56:00,presencial
4810,248,170,46.01,2026-02-12 23:14:00,online
4811,201,12,19.35,2026-02-12 23:16:00,presencial
4812,253,117,72.15,2026-02-12 23:30:00,online
4813,567,82,21.57,2026-02-12 23:33:00,online
4814,236,97,48.29,2026-02-13 00:00:00,presencial
4815,337,13,38.33,2026-02-13 00:08:00,presencial
4816,536,168,6.98,2026-02-13 00:12:00,online
4817,11,34,416.41,2026-02-13 00:20:00,presencial
4818,322,190,84.12,2026-02-13 00:39:00,presencial
4819,426,187,54.5,2026-02-13 01:32:00,presencial
4820,543,165,64.83,2026-02-13 02:19:00,presencial
4821,37,24,427.33,2026-02-13 02:33:00,presencial
4822,437,82,156.11,2026-02-13 02:34:00,presencial
4823,482,5,65.6,2026-02-13 02:47:00,presencial
4824,211,123,20.51,2026-02-13 03:26:00,presencial
4825,448,173,24.4,2026-02-13 03:35:00,online
4826,297,106,6.15,2026-02-13 03:42:00,presencial
4827,395,5,29.81,2026-02-13 03:49:00,online
4828,234,61,92.58,2026-02-13 03:58:00,online
4829,107,35,89.75,2026-02-13 04:25:00,presencial
4830,498,88,88.04,2026-02-13 04:29:00,presencial
4831,130,75,25.36,2026-02-13 04:42:00,online
4832,113,166,81.95,2026-02-13 04:47:00,presencial
4833,532,45,110.68,2026-02-13 04:59:00,presencial
4834,562,61,3.86,2026-02-13 05:12:00,presencial
4835,366,48,62.48,2026-02-13 05:16:00,presencial
4836,349,178,441.05,2026-02-13 05:46:00,presencial
4837,217,59,32.44,2026-02-13 05:52:00,online
4838,368,199,2.79,2026-02-13 05:52:00,online
4839,366,134,18.28,2026-02-13 05:53:00,presencial
4840,311,62,6.07,2026-02-13 05:55:00,presencial
4841,394,119,22.25,2026-02-13 06:01:00,presencial
4842,333,25,11.63,2026-02-13 06:25:00,presencial
4843,528,181,124.45,2026-02-13 06:50:00,online
4844,401,192,105.25,2026-02-13 07:09:00,presencial
4845,232,59,65.19,2026-02-13 07:29:00,online
4846,394,35,172.23,2026-02-13 07:37:00,presencial
4847,139,86,24.0,2026-02-13 07:52:00,presencial
4848,129,155,48.47,2026-02-13 08:00:00,presencial
4849,497,126,499.62,2026-02-13 08:03:00,online
4850,350,8,85.1,2026-02-13 08:47:00,presencial
4851,33,2,84.87,2026-02-13 08:47:00,online
4852,213,48,19.22,2026-02-13 08:48:00,online
4853,591,151,28.27,2026-02-13 08:52:00,presencial
4854,383,53,14.83,2026-02-13 08:52:00,online
4855,522,179,284.01,2026-02-13 09:01:00,presencial
4856,329,60,8.05,2026-02-13 09:11:00,presencial
4857,26,179,122.19,2026-02-13 09:25:00,presencial
4858,108,184,84.71,2026-02-13 09:53:00,online
4859,56,146,7.66,2026-02-13 09:54:00,presencial
4860,441,36,157.06,2026-02-13 10:00:00,online
4861,454,15,33.63,2026-02-13 10:08:00,presencial
4862,275,35,10.45,2026-02-13 10:15:00,presencial
4863,435,127,66.75,2026-02-13 10:23:00,presencial
4864,331,139,18.09,2026-02-13 10:28:00,presencial
4865,444,198,35.68,2026-02-13 10:28:00,online
4866,404,191,25.63,2026-02-13 10:53:00,presencial
4867,274,62,17.0,2026-02-13 11:11:00,online
4868,392,78,12.09,2026-02-13 11:13:00,online
4869,192,155,107.4,2026-02-13 11:14:00,presencial
4870,450,155,63.9,2026-02-13 11:18:00,presencial
4871,549,63,59.54,2026-02-13 11:30:00,online
4872,125,7,29.94,2026-02-13 11:35:00,presencial
4873,401,20,47.3,2026-02-13 12:01:00,presencial
4874,67,165,19.89,2026-02-13 12:03:00,presencial
4875,227,70,19.52,2026-02-13 12:08:00,online
4876,402,145,293.32,2026-02-13 12:33:00,online
4877,167,161,118.27,2026-02-13 12:54:00,online
4878,142,180,24.1,2026-02-13 13:18:00,presencial
4879,231,99,8.62,2026-02-13 13:46:00,online
4880,69,128,6.88,2026-02-13 14:01:00,presencial
4881,376,40,22.25,2026-02-13 14:25:00,online
4882,79,189,50.32,2026-02-13 14:49:00,online
4883,200,177,50.92,2026-02-13 15:20:00,presencial
4884,188,78,52.62,2026-02-13 15:27:00,online
4885,581,74,64.56,2026-02-13 15:29:00,presencial
4886,596,147,14.26,2026-02-13 15:43:00,online
4887,48,83,234.75,2026-02-13 16:08:00,presencial
4888,95,146,35.98,2026-02-13 16:15:00,presencial
4889,440,19,61.83,2026-02-13 16:16:00,online
4890,180,54,21.72,2026-02-13 16:17:00,presencial
4891,387,157,62.97,2026-02-13 16:18:00,presencial
4892,553,185,439.07,2026-02-13 16:21:00,presencial
4893,98,6,15.06,2026-02-13 16:34:00,online
4894,578,156,13.1,2026-02-13 16:48:00,online
4895,32,14,17.27,2026-02-13 16:54:00,presencial
4896,138,174,30.99,2026-02-13 17:26:00,presencial
4897,305,51,25.19,2026-02-13 17:41:00,presencial
4898,529,73,14.23,2026-02-13 18:02:00,presencial
4899,333,144,42.32,2026-02-13 18:13:00,presencial
4900,84,169,248.95,2026-02-13 18:19:00,online
4901,150,83,37.91,2026-02-13 18:21:00,presencial
4902,457,63,40.2,2026-02-13 18:29:00,presencial
4903,337,196,65.19,2026-02-13 18:42:00,presencial
4904,8,193,91.14,2026-02-13 19:13:00,online
4905,301,105,202.46,2026-02-13 19:17:00,presencial
4906,244,5,58.21,2026-02-13 19:25:00,online
4907,1,194,44.57,2026-02-13 19:52:00,presencial
4908,149,124,15.02,2026-02-13 20:12:00,presencial
4909,562,111,100.88,2026-02-13 20:20:00,online
4910,423,23,17.66,2026-02-13 20:35:00,presencial
4911,43,199,17.06,2026-02-13 20:46:00,presencial
4912,10,144,55.28,2026-02-13 20:47:00,presencial
4913,208,44,243.64,2026-02-13 21:03:00,online
4914,279,73,99.4,2026-02-13 21:04:00,online
4915,273,69,42.89,2026-02-13 21:21:00,online
4916,419,175,15.18,2026-02-13 21:58:00,presencial
4917,105,96,238.49,2026-02-13 22:21:00,presencial
4918,29,175,42.0,2026-02-13 22:35:00,presencial
4919,404,138,32.48,2026-02-13 22:57:00,presencial
4920,539,74,82.33,2026-02-13 23:22:00,presencial
4921,101,82,27.31,2026-02-13 23:24:00,presencial
4922,217,162,19.53,2026-02-13 23:49:00,presencial
4923,376,100,21.7,2026-02-14 00:02:00,online
4924,100,137,21.63,2026-02-14 00:08:00,online
4925,516,25,12.93,2026-02-14 00:08:00,online
4926,136,86,11.44,2026-02-14 00:11:00,presencial
4927,320,116,130.22,2026-02-14 00:14:00,presencial
4928,204,69,93.29,2026-02-14 00:23:00,presencial
4929,401,170,18.08,2026-02-14 00:24:00,online
4930,120,43,118.78,2026-02-14 00:30:00,presencial
4931,59,170,62.82,2026-02-14 00:47:00,presencial
4932,307,13,31.31,2026-02-14 01:02:00,online
4933,520,86,11.61,2026-02-14 01:06:00,presencial
4934,380,104,65.08,2026-02-14 01:13:00,online
4935,454,51,347.9,2026-02-14 01:18:00,presencial
4936,261,109,45.42,2026-02-14 01:23:00,presencial
4937,85,181,134.09,2026-02-14 01:31:00,online
4938,257,89,35.41,2026-02-14 01:33:00,presencial
4939,593,108,123.23,2026-02-14 01:46:00,presencial
4940,470,191,37.89,2026-02-14 01:50:00,presencial
4941,423,185,3.17,2026-02-14 01:54:00,presencial
4942,181,3,20.21,2026-02-14 02:00:00,presencial
4943,360,146,51.7,2026-02-14 02:19:00,presencial
4944,374,171,147.07,2026-02-14 02:20:00,presencial
4945,393,189,37.76,2026-02-14 02:23:00,presencial
4946,536,161,46.19,2026-02-14 02:43:00,online
4947,409,17,23.43,2026-02-14 02:49:00,presencial
4948,133,152,248.89,2026-02-14 02:58:00,online
4949,133,169,232.93,2026-02-14 03:02:00,presencial
4950,372,105,21.25,2026-02-14 03:07:00,presencial
4951,520,5,8.43,2026-02-14 03:11:00,presencial
4952,569,39,6.12,2026-02-14 03:31:00,presencial
4953,366,56,86.81,2026-02-14 03:32:00,online
4954,318,173,51.87,2026-02-14 03:37:00,presencial
4955,490,26,18.92,2026-02-14 03:49:00,presencial
4956,587,149,60.28,2026-02-14 03:56:00,presencial
4957,17,36,11.55,2026-02-14 04:19:00,online
4958,187,167,107.17,2026-02-14 04:20:00,online
4959,201,3,29.35,2026-02-14 04:42:00,presencial
4960,339,48,13.6,2026-02-14 04:50:00,online
4961,177,21,29.85,2026-02-14 05:02:00,presencial
4962,187,111,28.74,2026-02-14 05:25:00,presencial
4963,15,157,66.79,2026-02-14 05:41:00,online
4964,3,84,161.19,2026-02-14 05:47:00,online
4965,270,107,152.25,2026-02-14 05:59:00,presencial
4966,599,128,53.28,2026-02-14 06:10:00,presencial
4967,178,91,36.38,2026-02-14 06:24:00,presencial
4968,145,151,23.91,2026-02-14 06:38:00,presencial
4969,159,57,6.39,2026-02-14 06:47:00,online
4970,584,35,43.77,2026-02-14 06:57:00,online
4971,399,38,17.53,2026-02-14 07:44:00,presencial
4972,392,35,170.75,2026-02-14 08:14:00,online
4973,114,8,35.85,2026-02-14 08:20:00,online
4974,543,9,101.68,2026-02-14 08:46:00,presencial
4975,119,11,26.29,2026-02-14 09:39:00,presencial
4976,581,32,21.26,2026-02-14 09:39:00,presencial
4977,572,127,86.94,2026-02-14 09:40:00,online
4978,341,49,60.67,2026-02-14 09:50:00,presencial
4979,521,117,63.72,2026-02-14 09:51:00,presencial
4980,600,15,40.32,2026-02-14 09:59:00,online
4981,349,161,106.52,2026-02-14 10:03:00,presencial
4982,461,72,90.85,2026-02-14 10:13:00,online
4983,355,89,4.08,2026-02-14 10:30:00,online
4984,315,136,33.68,2026-02-14 10:38:00,presencial
4985,201,200,136.49,2026-02-14 10:41:00,online
4986,393,159,14.56,2026-02-14 10:43:00,online
4987,161,81,6.95,2026-02-14 11:07:00,presencial
4988,117,70,38.37,2026-02-14 11:07:00,online
4989,166,68,79.27,2026-02-14 11:19:00,presencial
4990,7,17,26.94,2026-02-14 11:33:00,online
4991,561,68,185.35,2026-02-14 11:33:00,online
4992,155,152,339.67,2026-02-14 11:47:00,online
4993,480,56,5.38,2026-02-14 12:08:00,online
4994,261,79,29.3,2026-02-14 12:10:00,online
4995,204,14,3.63,2026-02-14 12:11:00,presencial
4996,137,51,92.49,2026-02-14 12:26:00,presencial
4997,493,14,21.16,2026-02-14 12:43:00,presencial
4998,309,95,26.49,2026-02-14 13:09:00,presencial
4999,270,60,158.05,2026-02-14 13:54:00,online
5000,395,194,10.37,2026-02-14 13:58:00,presencial
5001,482,118,7.87,2026-02-14 14:05:00,presencial
5002,394,75,3.65,2026-02-14 14:06:00,presencial
5003,281,108,180.83,2026-02-14 14:15:00,online
5004,537,192,140.06,2026-02-14 14:24:00,presencial
5005,538,37,32.35,2026-02-14 14:48:00,online
5006,580,51,10.99,2026-02-14 14:56:00,presencial
5007,55,110,111.89,2026-02-14 15:07:00,presencial
5008,535,22,925.32,2026-02-14 15:17:00,presencial
5009,116,104,34.49,2026-02-14 15:55:00,online
5010,373,32,11.9,2026-02-14 15:57:00,presencial
5011,395,173,175.19,2026-02-14 16:03:00,presencial
5012,124,155,12.86,2026-02-14 16:06:00,presencial
5013,5,10,29.86,2026-02-14 16:37:00,presencial
5014,567,108,2.45,2026-02-14 16:55:00,presencial
5015,535,42,32.02,2026-02-14 17:06:00,presencial
5016,105,117,10.96,2026-02-14 17:07:00,presencial
5017,361,109,178.52,2026-02-14 17:37:00,online
5018,91,194,15.28,2026-02-14 18:16:00,presencial
5019,340,36,105.4,2026-02-14 18:20:00,presencial
5020,191,101,39.83,2026-02-14 18:20:00,online
5021,452,194,51.31,2026-02-14 18:24:00,online
5022,345,24,79.4,2026-02-14 18:24:00,online
5023,299,51,42.15,2026-02-14 18:38:00,presencial
5024,409,144,21.92,2026-02-14 18:41:00,presencial
5025,286,22,18.3,2026-02-14 18:56:00,presencial
5026,8,42,78.25,2026-02-14 19:05:00,presencial
5027,358,192,5.52,2026-02-14 19:09:00,presencial
5028,467,117,283.15,2026-02-14 19:20:00,presencial
5029,295,12,51.68,2026-02-14 19:35:00,presencial
5030,106,171,30.84,2026-02-14 20:12:00,presencial
5031,5,105,59.9,2026-02-14 20:51:00,presencial
5032,178,96,23.25,2026-02-14 21:07:00,presencial
5033,461,199,36.75,2026-02-14 21:08:00,presencial
5034,194,63,12.87,2026-02-14 21:09:00,presencial
5035,574,76,67.53,2026-02-14 21:30:00,presencial
5036,200,116,41.01,2026-02-14 21:34:00,online
5037,257,49,54.94,2026-02-14 21:43:00,presencial
5038,457,26,228.48,2026-02-14 21:50:00,presencial
5039,369,28,18.46,2026-02-14 21:51:00,presencial
5040,25,62,38.79,2026-02-14 21:56:00,online
5041,46,16,7.27,2026-02-14 22:02:00,presencial
5042,118,101,81.86,2026-02-14 22:05:00,presencial
5043,523,199,43.85,2026-02-14 22:34:00,presencial
5044,14,51,45.56,2026-02-14 22:34:00,online
5045,43,9,37.6,2026-02-14 22:42:00,presencial
5046,467,8,23.66,2026-02-14 22:51:00,presencial
5047,374,34,696.2,2026-02-14 23:06:00,online
5048,591,118,46.62,2026-02-14 23:08:00,presencial
5049,132,95,61.94,2026-02-14 23:13:00,presencial
5050,396,81,12.76,2026-02-14 23:14:00,online
5051,81,151,118.35,2026-02-14 23:14:00,online
5052,355,79,39.02,2026-02-14 23:40:00,presencial
5053,64,124,73.0,2026-02-14 23:52:00,online
5054,545,200,120.61,2026-02-14 23:56:00,presencial
5055,250,34,39.87,2026-02-14 23:57:00,online
5056,153,23,21.23,2026-02-15 00:02:00,online
5057,591,44,3.45,2026-02-15 00:21:00,online
5058,40,31,29.2,2026-02-15 00:44:00,presencial
5059,480,166,21.1,2026-02-15 01:14:00,presencial
5060,306,176,12.71,2026-02-15 01:23:00,online
5061,413,112,221.05,2026-02-15 01:24:00,presencial
5062,157,27,131.77,2026-02-15 01:37:00,online
5063,529,171,5.97,2026-02-15 01:39:00,presencial
5064,271,184,52.94,2026-02-15 01:43:00,online
5065,252,82,18.19,2026-02-15 01:45:00,presencial
5066,274,135,66.92,2026-02-15 01:52:00,presencial
5067,178,122,18.55,2026-02-15 02:02:00,online
5068,192,106,24.71,2026-02-15 02:11:00,presencial
5069,85,71,128.94,2026-02-15 02:35:00,presencial
5070,292,56,110.09,2026-02-15 02:37:00,presencial
5071,285,56,235.2,2026-02-15 02:57:00,presencial
5072,229,72,35.21,2026-02-15 03:01:00,online
5073,592,152,9.01,2026-02-15 03:41:00,online
5074,68,166,123.15,2026-02-15 03:44:00,online
5075,547,23,123.94,2026-02-15 03:55:00,presencial
5076,521,12,89.22,2026-02-15 03:55:00,presencial
5077,14,96,19.72,2026-02-15 03:56:00,online
5078,421,154,13.76,2026-02-15 04:10:00,presencial
5079,126,113,80.61,2026-02-15 04:20:00,presencial
5080,25,166,16.86,2026-02-15 04:35:00,presencial
5081,517,143,31.86,2026-02-15 05:27:00,online
5082,70,142,1093.52,2026-02-15 05:46:00,presencial
5083,180,108,464.91,2026-02-15 06:07:00,presencial
5084,58,11,106.91,2026-02-15 06:13:00,online
5085,86,36,21.57,2026-02-15 06:40:00,presencial
5086,38,149,20.2,2026-02-15 06:51:00,presencial
5087,506,62,98.24,2026-02-15 07:09:00,presencial
5088,36,145,231.99,2026-02-15 07:22:00,presencial
5089,456,68,25.46,2026-02-15 07:23:00,online
5090,95,3,27.05,2026-02-15 08:03:00,presencial
5091,549,136,49.23,2026-02-15 08:08:00,presencial
5092,509,179,9.7,2026-02-15 08:16:00,presencial
5093,378,90,10.03,2026-02-15 08:23:00,presencial
5094,497,27,12.26,2026-02-15 09:19:00,presencial
5095,180,83,81.5,2026-02-15 09:21:00,presencial
5096,470,193,60.29,2026-02-15 09:31:00,presencial
5097,133,64,156.12,2026-02-15 09:43:00,presencial
5098,369,15,6.61,2026-02-15 10:17:00,presencial
5099,552,154,8.43,2026-02-15 10:31:00,presencial
5100,435,48,73.8,2026-02-15 10:35:00,online
5101,162,8,17.13,2026-02-15 11:38:00,presencial
5102,444,139,18.55,2026-02-15 12:14:00,presencial
5103,530,68,136.19,2026-02-15 12:49:00,presencial
5104,534,28,24.33,2026-02-15 12:54:00,presencial
5105,444,11,27.67,2026-02-15 13:06:00,online
5106,440,37,33.95,2026-02-15 13:06:00,presencial
5107,471,30,36.29,2026-02-15 13:10:00,online
5108,442,3,94.96,2026-02-15 13:14:00,presencial
5109,81,75,11.81,2026-02-15 13:32:00,presencial
5110,483,166,36.35,2026-02-15 13:45:00,online
5111,108,80,160.55,2026-02-15 13:47:00,presencial
5112,334,8,466.86,2026-02-15 13:53:00,presencial
5113,204,177,10.05,2026-02-15 13:55:00,presencial
5114,128,127,64.34,2026-02-15 14:03:00,online
5115,170,193,36.27,2026-02-15 14:17:00,presencial
5116,51,117,40.1,2026-02-15 14:19:00,online
5117,264,96,18.75,2026-02-15 15:22:00,presencial
5118,252,103,102.66,2026-02-15 15:24:00,online
5119,243,2,97.02,2026-02-15 15:38:00,presencial
5120,56,76,717.06,2026-02-15 15:49:00,presencial
5121,365,89,10.45,2026-02-15 16:08:00,presencial
5122,102,60,6.54,2026-02-15 16:46:00,presencial
5123,514,168,428.46,2026-02-15 16:48:00,presencial
5124,15,192,42.22,2026-02-15 17:06:00,online
5125,34,96,27.05,2026-02-15 17:16:00,online
5126,181,158,54.99,2026-02-15 17:23:00,presencial
5127,245,45,9.64,2026-02-15 17:23:00,online
5128,582,185,67.59,2026-02-15 17:38:00,online
5129,316,141,40.92,2026-02-15 17:38:00,online
5130,228,147,145.64,2026-02-15 17:47:00,presencial
5131,503,119,114.75,2026-02-15 17:56:00,presencial
5132,145,166,125.76,2026-02-15 18:18:00,online
5133,539,107,55.14,2026-02-15 18:52:00,presencial
5134,243,193,261.07,2026-02-15 18:58:00,online
5135,188,133,84.26,2026-02-15 19:38:00,presencial
5136,181,91,24.87,2026-02-15 19:39:00,online
5137,6,42,18.35,2026-02-15 19:48:00,online
5138,405,182,20.78,2026-02-15 20:04:00,online
5139,347,12,85.43,2026-02-15 20:09:00,online
5140,381,9,10.33,2026-02-15 20:16:00,presencial
5141,392,7,53.02,2026-02-15 20:20:00,presencial
5142,17,22,17.88,2026-02-15 20:25:00,online
5143,527,50,11.26,2026-02-15 20:31:00,online
5144,307,99,13.45,2026-02-15 20:36:00,presencial
5145,415,56,43.55,2026-02-15 20:37:00,presencial
5146,22,91,103.56,2026-02-15 20:40:00,online
5147,457,90,21.25,2026-02-15 20:41:00,presencial
5148,407,88,4.56,2026-02-15 21:08:00,online
5149,222,12,1436.22,2026-02-15 21:10:00,online
5150,562,108,152.87,2026-02-15 21:35:00,presencial
5151,391,60,124.65,2026-02-15 21:40:00,presencial
5152,545,108,267.91,2026-02-15 21:40:00,online
5153,493,13,49.48,2026-02-15 21:48:00,presencial
5154,124,175,38.53,2026-02-15 21:55:00,online
5155,598,145,198.62,2026-02-15 22:03:00,presencial
5156,446,70,197.15,2026-02-15 22:08:00,presencial
5157,114,72,87.94,2026-02-15 22:24:00,presencial
5158,476,64,118.01,2026-02-15 22:27:00,presencial
5159,258,199,11.44,2026-02-15 22:30:00,online
5160,519,141,33.68,2026-02-15 22:38:00,online
5161,104,93,291.25,2026-02-15 22:42:00,presencial
5162,156,130,108.29,2026-02-15 22:58:00,presencial
5163,209,13,8.95,2026-02-15 23:06:00,online
5164,271,166,24.92,2026-02-15 23:15:00,presencial
5165,379,120,243.48,2026-02-15 23:36:00,presencial
5166,133,62,73.75,2026-02-15 23:42:00,online
5167,424,139,54.6,2026-02-16 00:16:00,presencial
5168,15,2,56.44,2026-02-16 00:18:00,presencial
5169,199,99,40.78,2026-02-16 00:22:00,presencial
5170,396,189,25.11,2026-02-16 00:33:00,presencial
5171,159,152,17.87,2026-02-16 00:39:00,presencial
5172,259,9,135.82,2026-02-16 00:40:00,presencial
5173,364,118,58.05,2026-02-16 00:51:00,presencial
5174,149,137,97.3,2026-02-16 00:58:00,online
5175,579,106,81.56,2026-02-16 01:10:00,presencial
5176,509,65,210.52,2026-02-16 01:15:00,online
5177,583,136,73.71,2026-02-16 01:39:00,presencial
5178,298,85,110.61,2026-02-16 02:25:00,presencial
5179,207,190,53.73,2026-02-16 03:26:00,presencial
5180,597,168,15.77,2026-02-16 03:38:00,online
5181,438,182,34.88,2026-02-16 03:39:00,presencial
5182,477,84,85.53,2026-02-16 04:17:00,presencial
5183,110,136,94.2,2026-02-16 04:35:00,online
5184,522,29,220.55,2026-02-16 04:38:00,presencial
5185,317,151,26.95,2026-02-16 04:50:00,online
5186,464,151,57.32,2026-02-16 05:02:00,presencial
5187,496,156,38.78,2026-02-16 05:25:00,online
5188,64,5,266.87,2026-02-16 05:47:00,online
5189,60,92,67.63,2026-02-16 06:19:00,presencial
5190,40,55,69.07,2026-02-16 06:32:00,presencial
5191,386,184,42.98,2026-02-16 06:51:00,online
5192,550,108,34.9,2026-02-16 06:53:00,presencial
5193,19,123,9.08,2026-02-16 07:03:00,presencial
5194,83,88,11.16,2026-02-16 07:05:00,presencial
5195,292,23,54.42,2026-02-16 07:33:00,presencial
5196,235,125,47.44,2026-02-16 07:33:00,presencial
5197,62,123,54.75,2026-02-16 07:40:00,presencial
5198,366,77,125.91,2026-02-16 07:46:00,online
5199,544,126,49.51,2026-02-16 07:50:00,presencial
5200,128,79,30.47,2026-02-16 07:54:00,online
5201,2,133,35.48,2026-02-16 08:03:00,online
5202,136,70,58.46,2026-02-16 08:11:00,presencial
5203,111,155,29.43,2026-02-16 08:16:00,online
5204,280,178,144.15,2026-02-16 08:23:00,presencial
5205,65,97,44.15,2026-02-16 08:53:00,presencial
5206,217,4,58.96,2026-02-16 08:54:00,presencial
5207,72,137,18.21,2026-02-16 09:03:00,presencial
5208,406,188,144.22,2026-02-16 09:12:00,presencial
5209,282,142,217.64,2026-02-16 09:35:00,presencial
5210,46,72,9.98,2026-02-16 09:43:00,presencial
5211,27,113,69.48,2026-02-16 10:06:00,online
5212,294,73,39.7,2026-02-16 10:09:00,online
5213,356,155,61.1,2026-02-16 10:20:00,online
5214,105,146,73.5,2026-02-16 10:42:00,presencial
5215,195,126,3.82,2026-02-16 10:47:00,online
5216,365,78,103.07,2026-02-16 10:58:00,online
5217,283,35,151.96,2026-02-16 11:01:00,online
5218,70,124,171.96,2026-02-16 11:05:00,online
5219,235,68,15.81,2026-02-16 11:46:00,presencial
5220,119,181,43.2,2026-02-16 12:19:00,online
5221,557,13,24.71,2026-02-16 12:41:00,presencial
5222,483,170,5.44,2026-02-16 12:53:00,online
5223,188,156,22.59,2026-02-16 12:53:00,presencial
5224,142,104,13.56,2026-02-16 12:58:00,presencial
5225,81,199,64.58,2026-02-16 13:01:00,online
5226,443,144,7.43,2026-02-16 13:06:00,online
5227,551,9,15.22,2026-02-16 13:28:00,online
5228,164,79,25.24,2026-02-16 13:39:00,presencial
5229,384,169,104.29,2026-02-16 13:46:00,presencial
5230,142,156,949.14,2026-02-16 14:05:00,presencial
5231,551,33,62.39,2026-02-16 14:10:00,online
5232,180,35,14.36,2026-02-16 14:10:00,presencial
5233,58,185,21.18,2026-02-16 14:14:00,presencial
5234,529,10,92.19,2026-02-16 15:02:00,presencial
5235,568,190,10.17,2026-02-16 15:22:00,presencial
5236,239,109,149.36,2026-02-16 15:30:00,presencial
5237,545,162,60.39,2026-02-16 15:33:00,online
5238,147,44,38.96,2026-02-16 15:36:00,online
5239,163,69,7.01,2026-02-16 16:06:00,presencial
5240,322,146,123.03,2026-02-16 16:08:00,presencial
5241,361,33,19.34,2026-02-16 16:16:00,online
5242,232,21,52.93,2026-02-16 16:27:00,presencial
5243,480,122,37.6,2026-02-16 16:46:00,online
5244,475,2,7.83,2026-02-16 16:46:00,presencial
5245,73,188,34.68,2026-02-16 17:02:00,presencial
5246,595,136,11.81,2026-02-16 17:15:00,presencial
5247,96,143,21.82,2026-02-16 17:34:00,presencial
5248,316,101,71.96,2026-02-16 17:43:00,presencial
5249,254,125,96.81,2026-02-16 18:05:00,presencial
5250,272,191,43.81,2026-02-16 18:05:00,presencial
5251,78,1,16.91,2026-02-16 18:19:00,online
5252,206,50,21.93,2026-02-16 19:01:00,presencial
5253,19,140,21.51,2026-02-16 19:15:00,presencial
5254,585,25,4.26,2026-02-16 19:56:00,presencial
5255,87,50,48.45,2026-02-16 19:57:00,presencial
5256,290,5,7.15,2026-02-16 19:59:00,presencial
5257,130,12,48.61,2026-02-16 20:11:00,presencial
5258,107,89,8.98,2026-02-16 20:22:00,online
5259,235,133,11.86,2026-02-16 20:27:00,presencial
5260,582,21,93.27,2026-02-16 20:34:00,presencial
5261,287,197,45.93,2026-02-16 21:11:00,presencial
5262,577,156,5.62,2026-02-16 21:26:00,presencial
5263,497,133,24.18,2026-02-16 21:39:00,online
5264,262,15,59.63,2026-02-16 21:44:00,online
5265,541,104,22.62,2026-02-16 21:47:00,presencial
5266,209,185,30.65,2026-02-16 21:58:00,presencial
5267,301,48,58.47,2026-02-16 22:14:00,online
5268,409,109,46.95,2026-02-16 22:22:00,online
5269,354,113,15.01,2026-02-16 22:42:00,online
5270,498,140,45.81,2026-02-16 22:44:00,online
5271,98,184,32.59,2026-02-16 23:32:00,presencial
5272,300,27,297.83,2026-02-17 00:15:00,online
5273,399,13,39.91,2026-02-17 00:18:00,presencial
5274,199,18,51.86,2026-02-17 00:32:00,presencial
5275,521,54,59.49,2026-02-17 00:35:00,online
5276,181,71,31.36,2026-02-17 00:37:00,presencial
5277,181,176,20.25,2026-02-17 00:40:00,presencial
5278,196,105,74.12,2026-02-17 00:48:00,presencial
5279,406,149,74.79,2026-02-17 00:51:00,presencial
5280,71,116,441.79,2026-02-17 01:20:00,presencial
5281,86,191,101.16,2026-02-17 01:21:00,online
5282,468,66,103.05,2026-02-17 01:24:00,online
5283,125,134,98.45,2026-02-17 01:24:00,online
5284,63,55,20.92,2026-02-17 01:29:00,presencial
5285,159,47,11.2,2026-02-17 02:05:00,presencial
5286,239,197,14.82,2026-02-17 02:20:00,presencial
5287,20,5,95.28,2026-02-17 02:30:00,presencial
5288,501,55,213.53,2026-02-17 02:55:00,presencial
5289,71,78,100.22,2026-02-17 03:23:00,presencial
5290,243,28,37.2,2026-02-17 03:31:00,online
5291,122,155,282.69,2026-02-17 04:02:00,presencial
5292,177,72,27.44,2026-02-17 04:16:00,presencial
5293,28,92,12.64,2026-02-17 04:17:00,online
5294,569,61,59.04,2026-02-17 05:05:00,online
5295,563,179,185.13,2026-02-17 05:12:00,presencial
5296,76,85,17.67,2026-02-17 05:12:00,presencial
5297,119,158,6.85,2026-02-17 05:15:00,online
5298,531,125,46.59,2026-02-17 05:31:00,presencial
5299,249,192,104.44,2026-02-17 05:53:00,presencial
5300,38,121,1.71,2026-02-17 05:57:00,online
5301,82,198,130.99,2026-02-17 06:10:00,presencial
5302,249,140,9.94,2026-02-17 06:17:00,presencial
5303,335,12,99.22,2026-02-17 06:18:00,presencial
5304,380,32,4.97,2026-02-17 06:54:00,online
5305,92,158,8.83,2026-02-17 06:59:00,online
5306,223,10,88.29,2026-02-17 07:02:00,presencial
5307,157,39,170.26,2026-02-17 07:36:00,presencial
5308,321,159,44.25,2026-02-17 07:47:00,presencial
5309,193,71,623.21,2026-02-17 07:53:00,presencial
5310,123,44,14.51,2026-02-17 08:07:00,presencial
5311,490,40,14.31,2026-02-17 08:20:00,online
5312,342,64,32.06,2026-02-17 08:38:00,online
5313,285,168,30.42,2026-02-17 08:43:00,presencial
5314,81,92,61.06,2026-02-17 09:11:00,presencial
5315,43,191,19.74,2026-02-17 09:31:00,presencial
5316,478,144,83.45,2026-02-17 09:38:00,presencial
5317,582,54,81.29,2026-02-17 10:06:00,online
5318,351,33,263.68,2026-02-17 10:07:00,presencial
5319,24,189,26.06,2026-02-17 10:12:00,online
5320,290,181,64.76,2026-02-17 10:16:00,presencial
5321,169,25,87.05,2026-02-17 10:32:00,presencial
5322,33,65,44.35,2026-02-17 10:52:00,presencial
5323,86,149,35.42,2026-02-17 11:33:00,online
5324,300,197,4.62,2026-02-17 11:39:00,online
5325,257,181,49.0,2026-02-17 12:14:00,presencial
5326,339,58,86.06,2026-02-17 12:21:00,presencial
5327,417,180,41.95,2026-02-17 12:29:00,presencial
5328,160,146,18.91,2026-02-17 12:32:00,presencial
5329,172,93,7.05,2026-02-17 12:37:00,presencial
5330,407,76,73.58,2026-02-17 12:39:00,presencial
5331,119,163,46.36,2026-02-17 12:44:00,online
5332,47,168,206.22,2026-02-17 13:05:00,presencial
5333,513,183,9.08,2026-02-17 13:18:00,online
5334,126,93,26.65,2026-02-17 13:19:00,online
5335,73,54,10.45,2026-02-17 13:50:00,presencial
5336,443,175,138.08,2026-02-17 13:52:00,presencial
5337,320,61,174.68,2026-02-17 13:53:00,online
5338,89,151,370.5,2026-02-17 14:23:00,presencial
5339,511,102,79.33,2026-02-17 14:27:00,presencial
5340,148,118,106.51,2026-02-17 14:48:00,presencial
5341,406,42,72.22,2026-02-17 14:50:00,presencial
5342,391,50,83.97,2026-02-17 14:57:00,online
5343,498,131,47.18,2026-02-17 15:03:00,presencial
5344,438,52,88.3,2026-02-17 15:08:00,presencial
5345,422,134,470.59,2026-02-17 15:33:00,presencial
5346,31,199,56.86,2026-02-17 15:34:00,presencial
5347,563,17,45.9,2026-02-17 15:54:00,online
5348,76,186,55.58,2026-02-17 15:58:00,online
5349,153,35,37.94,2026-02-17 15:58:00,online
5350,268,28,58.62,2026-02-17 16:00:00,presencial
5351,174,167,36.55,2026-02-17 16:03:00,online
5352,356,41,157.34,2026-02-17 16:14:00,online
5353,32,130,140.96,2026-02-17 16:44:00,online
5354,273,22,484.21,2026-02-17 16:51:00,online
5355,210,18,43.56,2026-02-17 16:53:00,online
5356,389,41,61.41,2026-02-17 17:02:00,online
5357,312,105,58.65,2026-02-17 17:08:00,presencial
5358,454,59,55.68,2026-02-17 17:27:00,presencial
5359,99,45,154.93,2026-02-17 17:40:00,online
5360,570,168,7.48,2026-02-17 17:43:00,presencial
5361,236,35,74.2,2026-02-17 18:16:00,online
5362,210,20,401.56,2026-02-17 18:23:00,presencial
5363,329,23,200.18,2026-02-17 18:27:00,presencial
5364,98,177,176.52,2026-02-17 18:41:00,presencial
5365,489,96,112.87,2026-02-17 18:50:00,online
5366,159,195,23.21,2026-02-17 19:18:00,presencial
5367,557,162,19.59,2026-02-17 19:25:00,online
5368,89,57,19.76,2026-02-17 19:38:00,presencial
5369,519,159,12.78,2026-02-17 20:15:00,online
5370,237,92,126.63,2026-02-17 20:17:00,online
5371,365,113,224.8,2026-02-17 20:19:00,online
5372,524,106,72.09,2026-02-17 20:20:00,presencial
5373,78,152,108.34,2026-02-17 20:54:00,online
5374,209,42,61.73,2026-02-17 21:15:00,presencial
5375,570,12,83.57,2026-02-17 21:49:00,presencial
5376,90,147,4.35,2026-02-17 22:01:00,presencial
5377,62,191,63.19,2026-02-17 22:24:00,online
5378,314,116,27.99,2026-02-17 23:17:00,online
5379,15,24,42.77,2026-02-17 23:44:00,online
5380,596,23,57.3,2026-02-17 23:44:00,presencial
5381,543,109,20.35,2026-02-17 23:52:00,presencial
5382,113,180,13.69,2026-02-18 00:27:00,presencial
5383,104,123,19.68,2026-02-18 00:56:00,presencial
5384,467,61,9.09,2026-02-18 01:02:00,online
5385,313,125,12.54,2026-02-18 01:04:00,presencial
5386,495,32,14.59,2026-02-18 01:09:00,online
5387,581,96,9.22,2026-02-18 01:19:00,presencial
5388,241,197,79.97,2026-02-18 01:23:00,presencial
5389,153,126,16.6,2026-02-18 01:28:00,presencial
5390,372,21,5.76,2026-02-18 01:40:00,presencial
5391,382,41,28.75,2026-02-18 01:50:00,online
5392,260,12,13.14,2026-02-18 01:56:00,online
5393,180,81,222.51,2026-02-18 02:22:00,online
5394,158,48,51.74,2026-02-18 02:25:00,presencial
5395,313,196,8.87,2026-02-18 02:44:00,presencial
5396,256,64,83.56,2026-02-18 02:44:00,presencial
5397,275,7,49.08,2026-02-18 02:45:00,online
5398,58,87,34.38,2026-02-18 02:45:00,presencial
5399,529,148,252.67,2026-02-18 02:52:00,online
5400,425,138,15.29,2026-02-18 03:05:00,presencial
5401,552,196,139.58,2026-02-18 03:07:00,online
5402,498,74,28.49,2026-02-18 03:12:00,online
5403,372,105,43.81,2026-02-18 03:43:00,presencial
5404,185,112,19.59,2026-02-18 03:44:00,presencial
5405,393,5,21.02,2026-02-18 04:06:00,presencial
5406,340,2,27.67,2026-02-18 04:14:00,presencial
5407,555,160,5.52,2026-02-18 04:21:00,presencial
5408,140,77,65.45,2026-02-18 04:27:00,online
5409,16,138,50.72,2026-02-18 04:39:00,presencial
5410,77,189,8.61,2026-02-18 04:59:00,online
5411,106,49,92.38,2026-02-18 05:13:00,presencial
5412,399,155,222.02,2026-02-18 05:26:00,presencial
5413,88,43,21.52,2026-02-18 05:37:00,online
5414,81,149,18.85,2026-02-18 06:06:00,presencial
5415,239,32,152.13,2026-02-18 06:07:00,presencial
5416,470,61,69.66,2026-02-18 06:11:00,presencial
5417,255,95,38.49,2026-02-18 06:17:00,presencial
5418,164,98,109.51,2026-02-18 06:18:00,presencial
5419,171,7,60.43,2026-02-18 06:47:00,presencial
5420,492,169,215.15,2026-02-18 07:02:00,presencial
5421,260,2,43.88,2026-02-18 07:19:00,online
5422,222,177,71.46,2026-02-18 07:27:00,presencial
5423,465,42,149.59,2026-02-18 07:32:00,presencial
5424,222,143,3.03,2026-02-18 07:34:00,presencial
5425,215,143,155.66,2026-02-18 07:44:00,online
5426,451,92,25.65,2026-02-18 07:58:00,presencial
5427,197,108,77.47,2026-02-18 08:50:00,online
5428,307,15,278.81,2026-02-18 08:54:00,presencial
5429,399,181,31.93,2026-02-18 09:15:00,presencial
5430,121,24,27.08,2026-02-18 09:20:00,online
5431,78,132,42.09,2026-02-18 09:28:00,presencial
5432,511,1,9.05,2026-02-18 10:13:00,presencial
5433,179,150,502.22,2026-02-18 10:38:00,presencial
5434,205,72,42.66,2026-02-18 11:08:00,presencial
5435,354,97,273.19,2026-02-18 11:30:00,online
5436,62,5,30.98,2026-02-18 11:54:00,online
5437,28,44,46.4,2026-02-18 12:19:00,presencial
5438,250,88,126.3,2026-02-18 12:25:00,online
5439,581,144,13.3,2026-02-18 12:26:00,presencial
5440,345,120,39.93,2026-02-18 12:38:00,presencial
5441,348,53,121.2,2026-02-18 12:43:00,presencial
5442,366,120,35.36,2026-02-18 12:44:00,online
5443,517,45,26.28,2026-02-18 13:57:00,online
5444,502,112,152.44,2026-02-18 14:03:00,online
5445,15,109,208.77,2026-02-18 14:21:00,online
5446,325,46,248.67,2026-02-18 14:21:00,presencial
5447,328,41,21.27,2026-02-18 14:25:00,online
5448,135,104,23.64,2026-02-18 14:48:00,presencial
5449,586,118,26.61,2026-02-18 15:12:00,online
5450,157,196,98.53,2026-02-18 15:35:00,presencial
5451,501,100,11.98,2026-02-18 15:52:00,presencial
5452,61,89,12.75,2026-02-18 15:52:00,online
5453,362,96,20.37,2026-02-18 16:25:00,presencial
5454,442,175,15.93,2026-02-18 16:38:00,online
5455,303,62,118.25,2026-02-18 16:43:00,presencial
5456,64,77,109.8,2026-02-18 17:02:00,online
5457,75,74,26.32,2026-02-18 17:07:00,online
5458,364,125,36.12,2026-02-18 17:24:00,presencial
5459,518,140,2.74,2026-02-18 17:34:00,online
5460,359,97,27.03,2026-02-18 17:36:00,presencial
5461,61,53,175.62,2026-02-18 17:42:00,online
5462,472,138,25.46,2026-02-18 17:53:00,online
5463,276,56,13.44,2026-02-18 17:57:00,online
5464,45,180,203.13,2026-02-18 18:07:00,online
5465,221,125,13.12,2026-02-18 18:19:00,online
5466,122,89,244.86,2026-02-18 18:22:00,online
5467,592,47,1071.38,2026-02-18 18:24:00,online
5468,546,152,39.63,2026-02-18 18:38:00,online
5469,64,122,175.59,2026-02-18 18:55:00,online
5470,344,177,7.13,2026-02-18 19:02:00,presencial
5471,5,142,6.79,2026-02-18 19:17:00,presencial
5472,275,158,18.61,2026-02-18 19:18:00,online
5473,94,19,110.46,2026-02-18 19:18:00,online
5474,449,5,44.79,2026-02-18 19:33:00,presencial
5475,44,132,36.41,2026-02-18 19:44:00,presencial
5476,542,1,10.81,2026-02-18 19:47:00,presencial
5477,139,179,38.86,2026-02-18 19:54:00,presencial
5478,158,177,22.02,2026-02-18 20:23:00,presencial
5479,532,118,16.2,2026-02-18 20:25:00,presencial
5480,541,146,14.76,2026-02-18 20:37:00,presencial
5481,58,85,55.21,2026-02-18 21:09:00,online
5482,66,192,20.24,2026-02-18 21:43:00,presencial
5483,513,8,44.38,2026-02-18 22:46:00,online
5484,587,59,6.39,2026-02-18 22:48:00,presencial
5485,294,140,77.75,2026-02-18 23:11:00,online
5486,99,158,58.25,2026-02-18 23:14:00,online
5487,92,49,34.66,2026-02-18 23:25:00,presencial
5488,160,161,53.39,2026-02-19 00:23:00,presencial
5489,412,93,124.91,2026-02-19 01:09:00,online
5490,58,172,9.08,2026-02-19 01:26:00,online
5491,385,54,48.1,2026-02-19 01:29:00,presencial
5492,483,139,10.64,2026-02-19 01:34:00,online
5493,87,42,49.22,2026-02-19 01:38:00,presencial
5494,591,28,33.62,2026-02-19 01:53:00,presencial
5495,593,142,43.49,2026-02-19 02:22:00,presencial
5496,179,137,113.66,2026-02-19 02:30:00,online
5497,68,59,109.99,2026-02-19 02:39:00,presencial
5498,196,121,147.73,2026-02-19 03:04:00,online
5499,156,189,28.9,2026-02-19 03:05:00,presencial
5500,168,67,96.88,2026-02-19 03:08:00,presencial
5501,555,101,78.05,2026-02-19 03:10:00,presencial
5502,93,42,29.72,2026-02-19 03:19:00,online
5503,191,104,50.85,2026-02-19 03:38:00,presencial
5504,473,178,38.65,2026-02-19 03:50:00,online
5505,35,128,207.34,2026-02-19 03:56:00,presencial
5506,37,29,108.99,2026-02-19 04:02:00,online
5507,182,149,30.89,2026-02-19 04:05:00,presencial
5508,581,85,28.62,2026-02-19 04:10:00,presencial
5509,504,4,128.17,2026-02-19 04:28:00,presencial
5510,557,125,195.19,2026-02-19 04:40:00,presencial
5511,519,60,63.25,2026-02-19 04:49:00,online
5512,72,195,92.24,2026-02-19 04:50:00,presencial
5513,241,200,187.44,2026-02-19 04:56:00,online
5514,318,135,36.88,2026-02-19 05:12:00,presencial
5515,100,127,49.0,2026-02-19 05:28:00,online
5516,596,61,76.36,2026-02-19 05:43:00,presencial
5517,362,15,27.89,2026-02-19 05:46:00,online
5518,512,13,289.73,2026-02-19 05:58:00,online
5519,156,93,27.61,2026-02-19 06:05:00,online
5520,430,64,47.82,2026-02-19 06:14:00,presencial
5521,64,193,367.97,2026-02-19 06:20:00,presencial
5522,14,59,5.77,2026-02-19 06:23:00,online
5523,385,43,56.69,2026-02-19 06:29:00,online
5524,42,164,21.61,2026-02-19 07:01:00,presencial
5525,166,168,44.71,2026-02-19 07:09:00,presencial
5526,477,76,11.86,2026-02-19 07:16:00,presencial
5527,299,17,29.73,2026-02-19 07:31:00,presencial
5528,226,20,45.94,2026-02-19 07:46:00,presencial
5529,175,105,58.1,2026-02-19 07:58:00,presencial
5530,402,174,119.73,2026-02-19 08:15:00,presencial
5531,573,78,3.47,2026-02-19 08:25:00,presencial
5532,444,4,38.92,2026-02-19 08:33:00,presencial
5533,216,75,36.89,2026-02-19 08:40:00,presencial
5534,254,1,41.65,2026-02-19 08:42:00,online
5535,62,85,46.32,2026-02-19 08:44:00,online
5536,87,95,17.94,2026-02-19 09:27:00,presencial
5537,161,147,8.15,2026-02-19 09:39:00,online
5538,233,14,56.76,2026-02-19 09:41:00,online
5539,595,97,14.97,2026-02-19 09:51:00,online
5540,523,36,69.62,2026-02-19 10:08:00,presencial
5541,68,94,15.94,2026-02-19 10:12:00,online
5542,199,198,95.77,2026-02-19 10:28:00,presencial
5543,34,149,42.1,2026-02-19 10:38:00,online
5544,38,169,45.44,2026-02-19 10:43:00,presencial
5545,225,8,34.09,2026-02-19 11:23:00,presencial
5546,576,153,28.58,2026-02-19 11:28:00,online
5547,112,174,34.6,2026-02-19 11:30:00,presencial
5548,409,135,163.99,2026-02-19 11:33:00,online
5549,236,157,8.27,2026-02-19 11:42:00,presencial
5550,325,10,21.91,2026-02-19 11:52:00,presencial
5551,522,148,142.93,2026-02-19 12:03:00,presencial
5552,498,168,110.14,2026-02-19 12:08:00,online
5553,497,47,195.95,2026-02-19 12:09:00,presencial
5554,247,95,41.88,2026-02-19 12:10:00,online
5555,30,85,10.48,2026-02-19 12:25:00,online
5556,592,20,13.22,2026-02-19 12:30:00,presencial
5557,597,26,32.18,2026-02-19 12:33:00,presencial
5558,515,61,103.21,2026-02-19 12:39:00,presencial
5559,287,22,33.78,2026-02-19 12:42:00,online
5560,169,101,31.04,2026-02-19 12:51:00,online
5561,105,12,69.17,2026-02-19 13:22:00,online
5562,223,3,46.09,2026-02-19 13:31:00,presencial
5563,201,126,27.53,2026-02-19 13:33:00,presencial
5564,166,51,14.85,2026-02-19 14:12:00,presencial
5565,571,76,126.68,2026-02-19 14:34:00,online
5566,396,68,141.54,2026-02-19 14:44:00,presencial
5567,134,94,13.96,2026-02-19 14:46:00,online
5568,384,93,28.71,2026-02-19 14:52:00,presencial
5569,424,27,93.1,2026-02-19 15:06:00,presencial
5570,314,1,12.79,2026-02-19 15:07:00,online
5571,569,89,66.8,2026-02-19 15:17:00,presencial
5572,580,114,31.21,2026-02-19 15:30:00,online
5573,260,154,11.72,2026-02-19 15:59:00,presencial
5574,284,40,315.79,2026-02-19 16:01:00,presencial
5575,131,17,30.7,2026-02-19 16:13:00,online
5576,471,120,79.58,2026-02-19 16:28:00,presencial
5577,559,181,13.02,2026-02-19 16:37:00,presencial
5578,395,48,246.55,2026-02-19 16:52:00,online
5579,121,18,380.74,2026-02-19 17:12:00,online
5580,311,81,8.56,2026-02-19 17:22:00,online
5581,477,113,37.3,2026-02-19 17:38:00,online
5582,26,125,192.61,2026-02-19 17:50:00,presencial
5583,355,23,26.7,2026-02-19 18:36:00,online
5584,395,132,70.12,2026-02-19 18:45:00,presencial
5585,323,69,7.04,2026-02-19 18:47:00,presencial
5586,386,7,18.78,2026-02-19 19:11:00,presencial
5587,538,185,62.52,2026-02-19 19:44:00,presencial
5588,75,108,23.37,2026-02-19 19:47:00,presencial
5589,343,62,30.07,2026-02-19 19:58:00,online
5590,478,164,8.44,2026-02-19 20:15:00,online
5591,494,160,91.79,2026-02-19 20:17:00,presencial
5592,281,42,10.24,2026-02-19 21:12:00,presencial
5593,599,193,243.41,2026-02-19 21:26:00,presencial
5594,195,107,21.1,2026-02-19 21:29:00,presencial
5595,265,53,107.85,2026-02-19 21:42:00,online
5596,495,90,96.78,2026-02-19 21:55:00,online
5597,264,38,15.13,2026-02-19 21:57:00,presencial
5598,207,170,23.73,2026-02-19 22:10:00,online
5599,334,54,27.03,2026-02-19 22:13:00,presencial
5600,374,88,29.12,2026-02-19 22:50:00,online
5601,582,14,10.72,2026-02-19 22:50:00,presencial
5602,371,189,80.42,2026-02-19 23:39:00,online
5603,112,61,20.96,2026-02-19 23:44:00,presencial
5604,32,131,39.43,2026-02-19 23:53:00,presencial
5605,581,71,135.23,2026-02-20 00:25:00,online
5606,254,113,83.85,2026-02-20 01:10:00,presencial
5607,121,113,22.57,2026-02-20 01:12:00,presencial
5608,134,59,140.47,2026-02-20 01:16:00,online
5609,64,87,92.95,2026-02-20 01:17:00,presencial
5610,120,120,20.56,2026-02-20 01:26:00,presencial
5611,469,44,25.39,2026-02-20 01:28:00,online
5612,393,27,134.36,2026-02-20 01:35:00,presencial
5613,360,36,105.27,2026-02-20 01:39:00,presencial
5614,7,84,8.56,2026-02-20 01:39:00,presencial
5615,404,43,14.79,2026-02-20 01:53:00,presencial
5616,582,57,96.05,2026-02-20 02:41:00,presencial
5617,554,138,12.28,2026-02-20 03:34:00,online
5618,238,135,108.36,2026-02-20 03:37:00,online
5619,361,189,375.92,2026-02-20 03:37:00,presencial
5620,180,153,67.4,2026-02-20 03:38:00,presencial
5621,534,85,16.2,2026-02-20 04:01:00,online
5622,552,186,54.28,2026-02-20 04:13:00,online
5623,134,185,139.5,2026-02-20 04:23:00,presencial
5624,293,45,49.84,2026-02-20 04:40:00,online
5625,142,35,76.11,2026-02-20 04:45:00,online
5626,369,177,18.55,2026-02-20 05:02:00,online
5627,176,179,20.17,2026-02-20 05:19:00,presencial
5628,418,170,121.11,2026-02-20 06:39:00,online
5629,589,93,20.42,2026-02-20 06:48:00,online
5630,523,173,2.6,2026-02-20 06:51:00,online
5631,110,154,31.91,2026-02-20 06:56:00,online
5632,78,149,63.16,2026-02-20 07:06:00,presencial
5633,489,121,143.22,2026-02-20 07:10:00,presencial
5634,49,54,273.24,2026-02-20 07:23:00,online
5635,241,150,49.07,2026-02-20 07:29:00,online
5636,597,176,92.25,2026-02-20 08:01:00,online
5637,269,177,51.04,2026-02-20 08:40:00,presencial
5638,6,120,65.99,2026-02-20 08:43:00,online
5639,586,8,36.4,2026-02-20 08:46:00,presencial
5640,425,149,68.38,2026-02-20 08:50:00,online
5641,199,51,20.03,2026-02-20 08:51:00,online
5642,367,42,394.69,2026-02-20 09:16:00,presencial
5643,368,16,3.22,2026-02-20 09:30:00,presencial
5644,332,32,83.76,2026-02-20 09:46:00,presencial
5645,577,99,63.53,2026-02-20 09:46:00,presencial
5646,472,56,67.25,2026-02-20 09:57:00,presencial
5647,156,77,12.17,2026-02-20 10:03:00,online
5648,596,103,7.06,2026-02-20 10:11:00,presencial
5649,578,106,87.04,2026-02-20 10:18:00,online
5650,29,84,195.41,2026-02-20 10:28:00,presencial
5651,179,91,56.95,2026-02-20 10:35:00,presencial
5652,369,178,108.4,2026-02-20 10:51:00,online
5653,528,57,27.01,2026-02-20 10:56:00,presencial
5654,431,3,64.38,2026-02-20 11:12:00,presencial
5655,345,161,172.13,2026-02-20 11:44:00,online
5656,184,17,31.66,2026-02-20 11:51:00,presencial
5657,59,155,164.73,2026-02-20 11:53:00,presencial
5658,536,66,7.4,2026-02-20 11:55:00,online
5659,320,169,22.78,2026-02-20 11:59:00,presencial
5660,275,34,81.49,2026-02-20 12:01:00,presencial
5661,588,33,362.52,2026-02-20 12:04:00,presencial
5662,99,82,45.41,2026-02-20 12:08:00,online
5663,153,84,14.33,2026-02-20 12:21:00,online
5664,513,144,353.57,2026-02-20 12:23:00,presencial
5665,171,130,38.91,2026-02-20 12:44:00,presencial
5666,566,199,92.88,2026-02-20 12:54:00,presencial
5667,515,136,30.94,2026-02-20 13:28:00,online
5668,60,41,52.27,2026-02-20 13:30:00,online
5669,275,18,24.09,2026-02-20 13:49:00,presencial
5670,452,54,535.61,2026-02-20 13:58:00,presencial
5671,294,197,165.73,2026-02-20 14:07:00,online
5672,130,154,312.6,2026-02-20 14:22:00,online
5673,28,149,18.78,2026-02-20 14:50:00,online
5674,5,55,6.0,2026-02-20 14:58:00,presencial
5675,107,94,32.39,2026-02-20 15:00:00,presencial
5676,157,141,712.03,2026-02-20 15:16:00,presencial
5677,182,190,31.37,2026-02-20 15:28:00,online
5678,513,117,142.16,2026-02-20 16:08:00,presencial
5679,306,5,14.48,2026-02-20 16:27:00,presencial
5680,85,171,17.96,2026-02-20 16:40:00,online
5681,50,187,40.94,2026-02-20 16:49:00,online
5682,79,7,455.17,2026-02-20 16:51:00,online
5683,189,79,149.94,2026-02-20 16:56:00,online
5684,444,196,4.67,2026-02-20 17:13:00,online
5685,30,191,93.07,2026-02-20 17:23:00,presencial
5686,244,193,12.63,2026-02-20 17:57:00,presencial
5687,269,196,21.12,2026-02-20 17:58:00,online
5688,90,5,78.37,2026-02-20 18:01:00,presencial
5689,36,31,208.15,2026-02-20 19:11:00,presencial
5690,139,100,197.19,2026-02-20 19:11:00,online
5691,92,121,64.37,2026-02-20 19:48:00,presencial
5692,477,81,65.38,2026-02-20 20:02:00,online
5693,551,54,196.53,2026-02-20 20:13:00,presencial
5694,374,51,7.9,2026-02-20 20:32:00,online
5695,456,121,333.65,2026-02-20 20:48:00,online
5696,457,196,19.89,2026-02-20 20:49:00,presencial
5697,527,166,59.54,2026-02-20 20:51:00,presencial
5698,59,35,25.9,2026-02-20 21:03:00,presencial
5699,599,30,12.53,2026-02-20 21:08:00,online
5700,275,53,74.27,2026-02-20 21:13:00,presencial
5701,326,147,57.99,2026-02-20 21:28:00,online
5702,479,2,39.81,2026-02-20 21:28:00,presencial
5703,297,141,37.79,2026-02-20 21:46:00,online
5704,160,117,239.5,2026-02-20 21:51:00,presencial
5705,12,132,498.74,2026-02-20 21:53:00,presencial
5706,102,173,177.36,2026-02-20 21:54:00,presencial
5707,51,119,60.65,2026-02-20 22:28:00,online
5708,230,125,7.38,2026-02-20 22:38:00,presencial
5709,468,97,89.11,2026-02-20 22:42:00,online
5710,201,131,93.55,2026-02-20 23:08:00,presencial
5711,359,77,104.42,2026-02-20 23:35:00,online
5712,112,14,12.74,2026-02-20 23:52:00,presencial
5713,355,6,113.87,2026-02-20 23:59:00,presencial
5714,573,143,249.07,2026-02-21 00:11:00,presencial
5715,190,128,15.17,2026-02-21 00:29:00,presencial
5716,290,82,94.93,2026-02-21 00:34:00,online
5717,578,150,18.3,2026-02-21 00:48:00,presencial
5718,365,95,39.86,2026-02-21 00:48:00,online
5719,240,51,15.74,2026-02-21 01:05:00,presencial
5720,73,118,30.39,2026-02-21 01:09:00,presencial
5721,563,76,30.65,2026-02-21 01:11:00,online
5722,367,196,70.35,2026-02-21 01:16:00,online
5723,35,145,119.03,2026-02-21 01:26:00,presencial
5724,334,150,170.34,2026-02-21 01:31:00,online
5725,582,138,21.82,2026-02-21 01:31:00,online
5726,560,137,66.41,2026-02-21 01:36:00,online
5727,118,155,13.36,2026-02-21 01:47:00,online
5728,248,87,39.58,2026-02-21 01:50:00,presencial
5729,592,165,46.85,2026-02-21 02:54:00,online
5730,470,7,16.2,2026-02-21 03:01:00,online
5731,337,134,82.68,2026-02-21 03:06:00,presencial
5732,183,108,37.66,2026-02-21 03:09:00,online
5733,458,2,52.97,2026-02-21 03:35:00,presencial
5734,348,133,171.91,2026-02-21 04:05:00,presencial
5735,315,1,27.93,2026-02-21 04:05:00,presencial
5736,557,141,113.89,2026-02-21 04:06:00,presencial
5737,227,105,218.58,2026-02-21 04:10:00,presencial
5738,376,122,204.34,2026-02-21 04:35:00,online
5739,27,122,36.34,2026-02-21 04:36:00,presencial
5740,427,61,15.33,2026-02-21 04:42:00,presencial
5741,329,125,20.47,2026-02-21 04:49:00,presencial
5742,526,45,7.8,2026-02-21 04:53:00,online
5743,200,152,95.07,2026-02-21 05:08:00,presencial
5744,556,19,101.79,2026-02-21 05:13:00,online
5745,346,29,50.86,2026-02-21 05:16:00,presencial
5746,125,141,9.84,2026-02-21 05:17:00,online
5747,97,12,29.91,2026-02-21 05:18:00,online
5748,118,195,204.03,2026-02-21 05:24:00,online
5749,182,7,87.41,2026-02-21 05:36:00,online
5750,331,106,105.78,2026-02-21 05:36:00,online
5751,521,197,1700.82,2026-02-21 05:41:00,presencial
5752,598,135,64.13,2026-02-21 05:55:00,presencial
5753,407,127,4.16,2026-02-21 05:57:00,presencial
5754,295,139,13.31,2026-02-21 06:07:00,online
5755,368,142,62.56,2026-02-21 06:11:00,presencial
5756,199,33,45.63,2026-02-21 06:22:00,online
5757,147,62,37.0,2026-02-21 06:36:00,online
5758,323,39,37.72,2026-02-21 07:21:00,presencial
5759,497,43,18.86,2026-02-21 07:25:00,presencial
5760,39,42,67.44,2026-02-21 07:43:00,presencial
5761,67,128,207.22,2026-02-21 07:46:00,presencial
5762,107,187,300.54,2026-02-21 07:57:00,presencial
5763,126,112,291.31,2026-02-21 07:59:00,presencial
5764,90,4,15.62,2026-02-21 08:03:00,presencial
5765,79,139,43.72,2026-02-21 08:09:00,presencial
5766,17,109,31.65,2026-02-21 08:32:00,presencial
5767,210,156,85.73,2026-02-21 08:32:00,presencial
5768,434,76,40.81,2026-02-21 09:13:00,online
5769,95,86,34.88,2026-02-21 09:23:00,presencial
5770,196,132,221.41,2026-02-21 09:25:00,online
5771,584,142,49.81,2026-02-21 10:37:00,presencial
5772,102,45,51.24,2026-02-21 11:11:00,presencial
5773,593,118,70.43,2026-02-21 11:21:00,presencial
5774,308,193,94.05,2026-02-21 11:25:00,presencial
5775,435,13,94.65,2026-02-21 11:43:00,online
5776,195,67,246.5,2026-02-21 11:50:00,online
5777,195,107,10.87,2026-02-21 11:55:00,presencial
5778,236,186,63.87,2026-02-21 12:21:00,online
5779,77,194,39.94,2026-02-21 12:42:00,online
5780,190,118,32.11,2026-02-21 13:04:00,online
5781,537,110,102.88,2026-02-21 13:17:00,presencial
5782,3,83,186.08,2026-02-21 13:34:00,presencial
5783,344,90,23.31,2026-02-21 13:34:00,presencial
5784,413,147,285.9,2026-02-21 13:43:00,presencial
5785,85,109,9.26,2026-02-21 14:05:00,online
5786,67,111,85.57,2026-02-21 14:30:00,presencial
5787,332,169,16.78,2026-02-21 14:44:00,presencial
5788,132,28,22.07,2026-02-21 14:44:00,online
5789,587,192,47.76,2026-02-21 14:51:00,presencial
5790,115,141,28.83,2026-02-21 15:04:00,presencial
5791,79,118,1.92,2026-02-21 15:07:00,presencial
5792,199,116,87.59,2026-02-21 15:22:00,presencial
5793,200,116,105.4,2026-02-21 15:22:00,presencial
5794,97,114,37.44,2026-02-21 15:41:00,online
5795,399,71,34.34,2026-02-21 15:47:00,presencial
5796,209,148,29.66,2026-02-21 16:17:00,online
5797,317,51,6.8,2026-02-21 16:42:00,presencial
5798,146,131,6.06,2026-02-21 17:04:00,online
5799,58,106,108.2,2026-02-21 17:17:00,online
5800,37,74,144.2,2026-02-21 17:46:00,presencial
5801,32,161,86.19,2026-02-21 17:46:00,online
5802,523,64,67.84,2026-02-21 17:53:00,presencial
5803,159,132,105.74,2026-02-21 17:59:00,presencial
5804,184,51,98.27,2026-02-21 18:44:00,online
5805,348,41,18.85,2026-02-21 19:20:00,presencial
5806,58,116,57.09,2026-02-21 19:25:00,online
5807,361,196,32.28,2026-02-21 19:31:00,presencial
5808,313,60,32.75,2026-02-21 19:33:00,presencial
5809,475,23,156.68,2026-02-21 20:20:00,presencial
5810,74,25,252.68,2026-02-21 20:22:00,online
5811,11,99,3.38,2026-02-21 20:25:00,online
5812,464,157,33.76,2026-02-21 20:30:00,online
5813,223,143,31.87,2026-02-21 21:01:00,online
5814,37,42,160.39,2026-02-21 21:03:00,online
5815,334,167,9.07,2026-02-21 21:08:00,presencial
5816,279,33,1.67,2026-02-21 21:32:00,online
5817,571,112,110.28,2026-02-21 21:41:00,presencial
5818,567,170,128.92,2026-02-21 21:49:00,presencial
5819,324,162,6.28,2026-02-21 21:51:00,online
5820,96,141,38.98,2026-02-21 22:17:00,online
5821,449,67,240.62,2026-02-21 22:22:00,presencial
5822,121,154,13.66,2026-02-21 22:32:00,presencial
5823,503,78,49.96,2026-02-21 23:09:00,presencial
5824,361,71,78.16,2026-02-21 23:21:00,presencial
5825,213,107,9.3,2026-02-21 23:30:00,online
5826,588,124,24.04,2026-02-21 23:32:00,online
5827,309,42,6.96,2026-02-21 23:37:00,presencial
5828,232,187,37.3,2026-02-21 23:50:00,presencial
5829,114,174,18.73,2026-02-22 00:14:00,presencial
5830,390,57,56.17,2026-02-22 00:26:00,presencial
5831,162,49,89.86,2026-02-22 00:28:00,presencial
5832,92,14,205.92,2026-02-22 00:50:00,online
5833,71,82,581.44,2026-02-22 00:55:00,presencial
5834,385,35,56.17,2026-02-22 00:59:00,online
5835,553,187,31.56,2026-02-22 01:10:00,online
5836,152,180,29.6,2026-02-22 01:51:00,presencial
5837,131,166,15.47,2026-02-22 02:16:00,presencial
5838,368,57,73.18,2026-02-22 02:20:00,presencial
5839,86,139,25.94,2026-02-22 02:38:00,online
5840,54,99,79.03,2026-02-22 02:59:00,presencial
5841,383,55,16.02,2026-02-22 03:06:00,online
5842,315,107,26.77,2026-02-22 03:14:00,online
5843,18,34,71.92,2026-02-22 03:20:00,presencial
5844,143,193,38.96,2026-02-22 03:49:00,presencial
5845,120,33,5.41,2026-02-22 03:51:00,presencial
5846,410,61,43.96,2026-02-22 03:56:00,online
5847,400,45,18.51,2026-02-22 03:57:00,online
5848,449,105,163.95,2026-02-22 04:05:00,online
5849,60,135,130.09,2026-02-22 04:09:00,presencial
5850,509,192,3.63,2026-02-22 04:15:00,online
5851,126,78,107.95,2026-02-22 04:19:00,presencial
5852,596,41,68.6,2026-02-22 04:20:00,online
5853,524,5,8.74,2026-02-22 04:23:00,presencial
5854,276,120,117.47,2026-02-22 04:23:00,presencial
5855,472,196,10.94,2026-02-22 04:31:00,presencial
5856,403,13,157.58,2026-02-22 05:00:00,online
5857,465,200,21.96,2026-02-22 05:05:00,online
5858,12,53,8.42,2026-02-22 06:08:00,presencial
5859,51,182,460.73,2026-02-22 06:49:00,online
5860,544,14,8.16,2026-02-22 07:10:00,online
5861,469,179,18.42,2026-02-22 07:16:00,presencial
5862,370,67,22.85,2026-02-22 07:50:00,presencial
5863,188,55,27.08,2026-02-22 08:03:00,presencial
5864,253,42,96.41,2026-02-22 08:21:00,presencial
5865,236,27,47.64,2026-02-22 08:24:00,presencial
5866,261,160,134.93,2026-02-22 08:52:00,online
5867,377,14,67.3,2026-02-22 08:59:00,presencial
5868,455,93,7.1,2026-02-22 09:14:00,presencial
5869,231,190,81.85,2026-02-22 09:15:00,presencial
5870,501,82,57.81,2026-02-22 09:20:00,presencial
5871,55,166,22.49,2026-02-22 09:30:00,online
5872,485,139,437.51,2026-02-22 09:32:00,online
5873,406,160,87.29,2026-02-22 09:43:00,online
5874,307,190,125.95,2026-02-22 10:03:00,presencial
5875,226,20,130.87,2026-02-22 10:15:00,presencial
5876,223,61,28.16,2026-02-22 10:17:00,presencial
5877,217,65,89.72,2026-02-22 10:30:00,online
5878,568,14,63.28,2026-02-22 10:32:00,online
5879,17,22,24.22,2026-02-22 10:45:00,presencial
5880,381,22,11.66,2026-02-22 10:45:00,online
5881,594,190,45.91,2026-02-22 10:48:00,online
5882,327,172,85.25,2026-02-22 11:09:00,online
5883,384,118,45.51,2026-02-22 11:13:00,presencial
5884,359,170,36.58,2026-02-22 12:05:00,presencial
5885,304,69,46.07,2026-02-22 12:18:00,online
5886,378,96,32.6,2026-02-22 12:20:00,presencial
5887,543,177,245.73,2026-02-22 12:27:00,presencial
5888,428,30,60.18,2026-02-22 12:37:00,online
5889,510,30,26.18,2026-02-22 12:59:00,presencial
5890,332,106,6.12,2026-02-22 13:11:00,presencial
5891,465,51,35.98,2026-02-22 13:16:00,presencial
5892,526,134,23.7,2026-02-22 14:09:00,presencial
5893,128,128,22.75,2026-02-22 14:27:00,presencial
5894,516,67,126.07,2026-02-22 14:36:00,online
5895,412,24,48.8,2026-02-22 14:47:00,presencial
5896,266,17,7.02,2026-02-22 14:50:00,presencial
5897,465,89,88.3,2026-02-22 14:52:00,presencial
5898,102,65,7.84,2026-02-22 14:54:00,presencial
5899,420,7,95.84,2026-02-22 14:58:00,presencial
5900,346,139,26.51,2026-02-22 15:24:00,presencial
5901,533,192,49.19,2026-02-22 15:27:00,online
5902,373,196,43.49,2026-02-22 15:40:00,online
5903,316,24,37.98,2026-02-22 15:44:00,presencial
5904,315,39,56.29,2026-02-22 15:46:00,presencial
5905,333,87,48.91,2026-02-22 15:48:00,online
5906,535,183,349.57,2026-02-22 16:00:00,online
5907,472,115,57.19,2026-02-22 16:05:00,presencial
5908,56,92,58.67,2026-02-22 16:12:00,online
5909,320,186,20.48,2026-02-22 16:48:00,presencial
5910,173,133,67.96,2026-02-22 17:01:00,online
5911,99,197,14.5,2026-02-22 17:02:00,online
5912,520,173,158.4,2026-02-22 17:05:00,online
5913,515,200,8.73,2026-02-22 17:20:00,presencial
5914,564,112,17.67,2026-02-22 17:28:00,presencial
5915,237,75,7.45,2026-02-22 17:42:00,presencial
5916,256,13,70.92,2026-02-22 17:55:00,online
5917,467,146,28.04,2026-02-22 18:18:00,presencial
5918,116,54,95.06,2026-02-22 18:25:00,presencial
5919,33,3,15.28,2026-02-22 18:40:00,presencial
5920,253,161,80.21,2026-02-22 18:44:00,presencial
5921,378,85,84.59,2026-02-22 18:47:00,online
5922,274,111,56.43,2026-02-22 18:49:00,online
5923,127,157,46.25,2026-02-22 18:50:00,presencial
5924,312,66,51.98,2026-02-22 18:56:00,presencial
5925,566,164,16.42,2026-02-22 19:06:00,online
5926,165,117,13.7,2026-02-22 19:22:00,presencial
5927,241,114,81.31,2026-02-22 19:26:00,presencial
5928,188,54,29.8,2026-02-22 19:53:00,presencial
5929,177,158,73.61,2026-02-22 20:17:00,presencial
5930,394,49,246.19,2026-02-22 20:18:00,presencial
5931,225,124,27.03,2026-02-22 20:23:00,online
5932,374,166,23.1,2026-02-22 20:24:00,online
5933,12,24,31.29,2026-02-22 21:03:00,online
5934,398,81,46.66,2026-02-22 21:07:00,online
5935,64,136,87.84,2026-02-22 21:12:00,presencial
5936,227,55,43.33,2026-02-22 21:36:00,online
5937,524,6,439.84,2026-02-22 21:52:00,online
5938,202,82,71.02,2026-02-22 21:54:00,presencial
5939,419,100,105.52,2026-02-22 22:11:00,presencial
5940,211,185,42.92,2026-02-22 22:15:00,online
5941,542,162,136.05,2026-02-22 22:30:00,online
5942,571,37,35.67,2026-02-22 22:35:00,presencial
5943,546,56,22.01,2026-02-22 22:41:00,presencial
5944,238,38,121.01,2026-02-22 22:59:00,presencial
5945,191,183,41.97,2026-02-22 23:13:00,online
5946,364,71,58.54,2026-02-22 23:28:00,presencial
5947,491,179,131.64,2026-02-22 23:35:00,presencial
5948,314,13,52.09,2026-02-22 23:37:00,presencial
5949,443,112,37.93,2026-02-22 23:43:00,online
5950,526,15,24.81,2026-02-23 00:27:00,presencial
5951,452,111,143.72,2026-02-23 00:28:00,presencial
5952,222,3,30.7,2026-02-23 00:45:00,online
5953,150,32,42.26,2026-02-23 00:54:00,presencial
5954,261,30,61.29,2026-02-23 01:20:00,presencial
5955,346,142,61.01,2026-02-23 01:25:00,presencial
5956,506,129,136.33,2026-02-23 01:39:00,online
5957,181,112,41.4,2026-02-23 01:40:00,presencial
5958,97,40,203.17,2026-02-23 01:54:00,presencial
5959,190,54,34.0,2026-02-23 02:08:00,presencial
5960,357,76,67.21,2026-02-23 02:12:00,online
5961,140,196,36.52,2026-02-23 02:28:00,presencial
5962,240,142,446.95,2026-02-23 02:30:00,presencial
5963,155,7,30.4,2026-02-23 02:34:00,online
5964,592,7,33.57,2026-02-23 02:39:00,online
5965,308,70,50.71,2026-02-23 02:44:00,online
5966,433,42,33.33,2026-02-23 02:56:00,presencial
5967,313,82,63.18,2026-02-23 03:20:00,online
5968,7,200,172.78,2026-02-23 03:22:00,presencial
5969,159,40,52.56,2026-02-23 03:24:00,online
5970,504,120,54.75,2026-02-23 03:25:00,presencial
5971,307,97,34.74,2026-02-23 03:45:00,presencial
5972,422,132,25.65,2026-02-23 03:48:00,presencial
5973,458,110,49.71,2026-02-23 04:05:00,presencial
5974,337,104,45.08,2026-02-23 04:05:00,presencial
5975,347,56,162.49,2026-02-23 04:09:00,online
5976,142,194,15.56,2026-02-23 04:09:00,presencial
5977,150,54,221.4,2026-02-23 04:29:00,online
5978,90,29,38.03,2026-02-23 04:30:00,presencial
5979,179,20,52.64,2026-02-23 04:55:00,presencial
5980,378,14,13.86,2026-02-23 04:59:00,presencial
5981,558,71,82.94,2026-02-23 05:16:00,presencial
5982,264,164,15.54,2026-02-23 05:40:00,online
5983,362,31,67.41,2026-02-23 05:42:00,presencial
5984,517,1,60.54,2026-02-23 06:14:00,presencial
5985,407,106,31.24,2026-02-23 06:21:00,presencial
5986,158,113,4.61,2026-02-23 06:51:00,presencial
5987,169,113,481.39,2026-02-23 06:57:00,presencial
5988,383,1,14.02,2026-02-23 07:05:00,online
5989,173,41,60.34,2026-02-23 07:17:00,presencial
5990,150,70,20.03,2026-02-23 07:20:00,online
5991,356,148,141.57,2026-02-23 07:22:00,presencial
5992,382,131,29.45,2026-02-23 07:49:00,presencial
5993,152,163,19.55,2026-02-23 07:56:00,presencial
5994,30,110,86.03,2026-02-23 08:00:00,presencial
5995,461,81,11.03,2026-02-23 08:12:00,presencial
5996,236,112,28.37,2026-02-23 08:20:00,presencial
5997,380,77,95.51,2026-02-23 08:23:00,online
5998,104,32,234.52,2026-02-23 09:36:00,presencial
5999,189,116,15.51,2026-02-23 10:21:00,presencial
6000,364,59,22.81,2026-02-23 10:24:00,presencial
6001,75,53,65.85,2026-02-23 10:28:00,online
6002,191,143,4.97,2026-02-23 10:46:00,presencial
6003,432,14,199.02,2026-02-23 10:51:00,presencial
6004,463,5,14.89,2026-02-23 10:56:00,presencial
6005,212,72,27.63,2026-02-23 11:10:00,online
6006,69,120,59.56,2026-02-23 11:33:00,online
6007,16,168,47.29,2026-02-23 12:12:00,presencial
6008,334,104,15.49,2026-02-23 12:20:00,presencial
6009,417,52,296.96,2026-02-23 12:27:00,online
6010,357,69,2.63,2026-02-23 12:49:00,online
6011,244,76,13.01,2026-02-23 12:49:00,presencial
6012,14,67,22.19,2026-02-23 13:12:00,presencial
6013,136,134,15.73,2026-02-23 13:42:00,presencial
6014,22,160,170.97,2026-02-23 14:02:00,presencial
6015,278,142,7.21,2026-02-23 14:09:00,presencial
6016,185,77,247.95,2026-02-23 14:34:00,presencial
6017,43,58,32.92,2026-02-23 14:36:00,presencial
6018,366,16,10.0,2026-02-23 14:49:00,online
6019,223,160,4.43,2026-02-23 14:57:00,presencial
6020,578,193,35.28,2026-02-23 14:59:00,presencial
6021,251,11,20.65,2026-02-23 15:06:00,online
6022,55,27,57.98,2026-02-23 15:08:00,presencial
6023,424,43,27.23,2026-02-23 15:11:00,presencial
6024,422,160,127.92,2026-02-23 15:30:00,presencial
6025,558,44,38.22,2026-02-23 15:34:00,presencial
6026,416,3,28.04,2026-02-23 15:40:00,presencial
6027,218,68,130.4,2026-02-23 15:52:00,presencial
6028,402,73,57.45,2026-02-23 15:53:00,presencial
6029,479,80,104.8,2026-02-23 16:06:00,presencial
6030,310,104,158.15,2026-02-23 16:17:00,online
6031,477,49,32.36,2026-02-23 16:39:00,presencial
6032,581,6,46.62,2026-02-23 16:47:00,presencial
6033,453,22,113.09,2026-02-23 16:58:00,online
6034,302,147,3.02,2026-02-23 17:15:00,presencial
6035,296,132,39.97,2026-02-23 17:42:00,presencial
6036,503,53,34.91,2026-02-23 17:48:00,presencial
6037,524,189,67.45,2026-02-23 18:14:00,presencial
6038,158,109,18.52,2026-02-23 18:29:00,online
6039,6,160,149.16,2026-02-23 18:38:00,online
6040,484,159,19.86,2026-02-23 18:42:00,online
6041,142,61,26.98,2026-02-23 18:49:00,presencial
6042,598,119,21.52,2026-02-23 19:29:00,presencial
6043,22,119,172.93,2026-02-23 19:37:00,presencial
6044,547,92,4.51,2026-02-23 19:50:00,presencial
6045,407,128,319.12,2026-02-23 20:13:00,online
6046,183,68,226.04,2026-02-23 20:16:00,presencial
6047,21,20,24.01,2026-02-23 20:24:00,presencial
6048,508,10,138.33,2026-02-23 20:40:00,presencial
6049,72,90,51.58,2026-02-23 20:52:00,online
6050,58,183,275.39,2026-02-23 20:54:00,presencial
6051,475,43,127.19,2026-02-23 21:01:00,presencial
6052,407,119,498.93,2026-02-23 21:16:00,online
6053,77,33,8.02,2026-02-23 21:16:00,presencial
6054,206,127,55.17,2026-02-23 21:18:00,online
6055,400,37,6.71,2026-02-23 21:27:00,presencial
6056,396,89,25.26,2026-02-23 21:29:00,presencial
6057,218,162,530.92,2026-02-23 21:37:00,presencial
6058,248,75,74.82,2026-02-23 21:53:00,presencial
6059,48,187,132.03,2026-02-23 21:53:00,online
6060,6,10,78.68,2026-02-23 21:59:00,online
6061,581,17,73.37,2026-02-23 22:05:00,presencial
6062,139,34,25.16,2026-02-23 22:08:00,presencial
6063,557,49,20.5,2026-02-23 22:28:00,presencial
6064,26,86,24.43,2026-02-23 22:31:00,presencial
6065,594,183,2.22,2026-02-23 22:41:00,online
6066,257,49,40.84,2026-02-23 22:54:00,online
6067,484,72,58.2,2026-02-23 22:56:00,presencial
6068,505,9,22.62,2026-02-23 23:03:00,online
6069,212,143,38.72,2026-02-23 23:13:00,presencial
6070,443,110,79.64,2026-02-23 23:25:00,online
6071,201,10,118.31,2026-02-23 23:40:00,online
6072,474,93,11.97,2026-02-23 23:51:00,presencial
6073,576,44,18.65,2026-02-24 00:52:00,presencial
6074,485,85,102.34,2026-02-24 01:02:00,online
6075,437,57,85.45,2026-02-24 01:04:00,presencial
6076,224,157,196.14,2026-02-24 01:04:00,online
6077,66,12,187.39,2026-02-24 01:10:00,presencial
6078,304,120,636.74,2026-02-24 01:22:00,online
6079,78,159,32.39,2026-02-24 02:34:00,presencial
6080,306,1,253.77,2026-02-24 02:59:00,presencial
6081,522,181,16.25,2026-02-24 03:04:00,presencial
6082,68,153,622.32,2026-02-24 03:21:00,presencial
6083,541,56,73.71,2026-02-24 03:34:00,online
6084,359,97,81.14,2026-02-24 03:42:00,presencial
6085,29,137,132.81,2026-02-24 03:56:00,online
6086,433,104,10.07,2026-02-24 04:15:00,presencial
6087,1,152,13.71,2026-02-24 05:01:00,presencial
6088,367,178,50.77,2026-02-24 05:25:00,online
6089,305,72,65.38,2026-02-24 05:41:00,presencial
6090,448,22,441.78,2026-02-24 05:42:00,online
6091,226,87,15.73,2026-02-24 05:45:00,presencial
6092,72,120,243.28,2026-02-24 05:50:00,presencial
6093,233,156,33.38,2026-02-24 05:53:00,online
6094,457,57,32.87,2026-02-24 06:03:00,presencial
6095,573,186,37.33,2026-02-24 06:18:00,presencial
6096,125,8,31.95,2026-02-24 06:28:00,presencial
6097,211,117,76.34,2026-02-24 07:01:00,online
6098,527,88,28.95,2026-02-24 07:02:00,online
6099,188,139,9.47,2026-02-24 07:08:00,presencial
6100,147,57,33.3,2026-02-24 07:37:00,online
6101,499,187,73.87,2026-02-24 07:38:00,presencial
6102,296,1,9.56,2026-02-24 07:39:00,online
6103,350,164,84.78,2026-02-24 07:42:00,presencial
6104,293,99,163.79,2026-02-24 07:44:00,presencial
6105,362,104,227.68,2026-02-24 07:44:00,online
6106,162,63,64.81,2026-02-24 07:51:00,online
6107,440,79,6.14,2026-02-24 08:03:00,presencial
6108,218,87,91.14,2026-02-24 08:41:00,presencial
6109,315,63,129.53,2026-02-24 08:43:00,online
6110,112,3,20.78,2026-02-24 08:46:00,presencial
6111,7,81,41.27,2026-02-24 08:51:00,online
6112,343,81,76.09,2026-02-24 09:52:00,online
6113,84,145,319.25,2026-02-24 10:06:00,presencial
6114,548,95,33.74,2026-02-24 10:07:00,presencial
6115,576,110,119.15,2026-02-24 10:42:00,presencial
6116,190,94,63.3,2026-02-24 10:45:00,online
6117,174,85,55.67,2026-02-24 10:52:00,online
6118,305,144,193.16,2026-02-24 11:19:00,presencial
6119,123,136,17.91,2026-02-24 11:29:00,online
6120,518,199,57.6,2026-02-24 11:30:00,online
6121,62,100,46.06,2026-02-24 11:37:00,online
6122,272,6,8.52,2026-02-24 11:41:00,presencial
6123,114,118,173.44,2026-02-24 11:54:00,online
6124,499,80,111.27,2026-02-24 12:03:00,presencial
6125,87,20,46.4,2026-02-24 12:31:00,presencial
6126,268,172,33.53,2026-02-24 12:42:00,online
6127,501,127,44.71,2026-02-24 12:48:00,presencial
6128,265,126,97.33,2026-02-24 12:51:00,presencial
6129,111,128,47.38,2026-02-24 12:56:00,presencial
6130,95,197,21.45,2026-02-24 13:27:00,presencial
6131,363,138,25.31,2026-02-24 13:28:00,presencial
6132,75,143,44.11,2026-02-24 13:49:00,online
6133,214,151,16.02,2026-02-24 13:49:00,presencial
6134,367,145,64.5,2026-02-24 14:02:00,presencial
6135,228,141,18.68,2026-02-24 14:15:00,online
6136,497,16,15.65,2026-02-24 14:22:00,online
6137,413,81,1498.84,2026-02-24 14:25:00,presencial
6138,82,56,377.6,2026-02-24 14:52:00,online
6139,491,179,52.37,2026-02-24 14:53:00,online
6140,547,117,113.99,2026-02-24 14:58:00,online
6141,122,104,137.42,2026-02-24 15:28:00,presencial
6142,216,105,41.14,2026-02-24 15:28:00,online
6143,238,137,61.01,2026-02-24 15:39:00,online
6144,256,153,33.5,2026-02-24 15:44:00,presencial
6145,279,41,177.9,2026-02-24 15:48:00,online
6146,537,199,180.62,2026-02-24 16:24:00,presencial
6147,391,153,249.16,2026-02-24 16:24:00,presencial
6148,538,42,59.9,2026-02-24 17:06:00,presencial
6149,211,122,485.21,2026-02-24 17:17:00,presencial
6150,315,86,41.1,2026-02-24 17:18:00,presencial
6151,64,76,424.8,2026-02-24 17:26:00,online
6152,167,174,26.85,2026-02-24 17:30:00,presencial
6153,351,58,10.73,2026-02-24 17:51:00,presencial
6154,104,168,415.96,2026-02-24 18:31:00,online
6155,577,128,92.43,2026-02-24 19:17:00,online
6156,163,164,79.13,2026-02-24 19:40:00,online
6157,97,150,30.07,2026-02-24 19:51:00,online
6158,469,125,17.64,2026-02-24 19:59:00,online
6159,55,39,19.58,2026-02-24 20:03:00,online
6160,195,199,52.06,2026-02-24 20:21:00,presencial
6161,120,129,37.89,2026-02-24 20:47:00,presencial
6162,417,72,5.29,2026-02-24 21:13:00,online
6163,506,52,288.05,2026-02-24 21:24:00,presencial
6164,118,24,28.17,2026-02-24 21:44:00,presencial
6165,250,64,174.56,2026-02-24 21:52:00,presencial
6166,288,27,20.57,2026-02-24 21:56:00,presencial
6167,415,178,53.0,2026-02-24 22:01:00,presencial
6168,212,88,130.26,2026-02-24 22:07:00,online
6169,314,126,111.92,2026-02-24 22:15:00,online
6170,303,161,33.29,2026-02-24 22:32:00,presencial
6171,7,193,78.27,2026-02-24 22:39:00,presencial
6172,342,91,94.02,2026-02-24 23:05:00,presencial
6173,341,11,37.99,2026-02-24 23:14:00,presencial
6174,595,123,13.13,2026-02-24 23:30:00,presencial
6175,307,190,22.49,2026-02-24 23:40:00,online
6176,540,72,29.45,2026-02-25 00:05:00,presencial
6177,210,21,46.0,2026-02-25 00:21:00,online
6178,418,143,257.65,2026-02-25 00:27:00,presencial
6179,542,125,121.3,2026-02-25 00:33:00,online
6180,93,31,18.22,2026-02-25 01:03:00,presencial
6181,341,1,337.03,2026-02-25 01:10:00,online
6182,552,105,40.99,2026-02-25 01:13:00,online
6183,334,30,93.65,2026-02-25 01:37:00,online
6184,536,38,15.91,2026-02-25 01:40:00,online
6185,252,62,27.18,2026-02-25 02:29:00,presencial
6186,533,94,140.01,2026-02-25 02:29:00,presencial
6187,378,164,17.0,2026-02-25 02:31:00,online
6188,288,87,47.5,2026-02-25 03:02:00,online
6189,129,168,75.04,2026-02-25 03:24:00,presencial
6190,103,121,14.51,2026-02-25 03:46:00,presencial
6191,174,79,6.33,2026-02-25 03:59:00,presencial
6192,453,102,121.28,2026-02-25 04:18:00,presencial
6193,281,29,1042.86,2026-02-25 04:36:00,presencial
6194,234,196,74.05,2026-02-25 05:13:00,online
6195,281,61,91.45,2026-02-25 05:14:00,presencial
6196,207,181,16.9,2026-02-25 05:15:00,presencial
6197,485,130,225.12,2026-02-25 05:24:00,presencial
6198,235,59,29.53,2026-02-25 05:27:00,presencial
6199,284,98,160.79,2026-02-25 05:31:00,online
6200,336,25,87.18,2026-02-25 05:34:00,presencial
6201,388,124,89.56,2026-02-25 05:38:00,online
6202,201,13,85.85,2026-02-25 05:45:00,presencial
6203,44,128,82.9,2026-02-25 06:06:00,online
6204,414,40,61.05,2026-02-25 06:12:00,presencial
6205,337,26,129.83,2026-02-25 06:20:00,online
6206,389,45,20.11,2026-02-25 06:21:00,online
6207,327,18,34.37,2026-02-25 06:27:00,presencial
6208,306,178,224.73,2026-02-25 06:48:00,presencial
6209,570,188,54.07,2026-02-25 07:06:00,online
6210,33,185,31.23,2026-02-25 07:19:00,presencial
6211,56,144,139.54,2026-02-25 07:24:00,presencial
6212,562,47,112.3,2026-02-25 07:45:00,presencial
6213,533,152,10.7,2026-02-25 07:54:00,online
6214,248,152,99.78,2026-02-25 08:32:00,presencial
6215,325,48,51.99,2026-02-25 08:36:00,online
6216,270,168,97.82,2026-02-25 08:47:00,online
6217,599,200,45.23,2026-02-25 08:52:00,online
6218,274,76,74.49,2026-02-25 08:57:00,presencial
6219,456,118,5.96,2026-02-25 09:06:00,presencial
6220,220,175,16.7,2026-02-25 09:19:00,presencial
6221,229,53,100.9,2026-02-25 09:22:00,presencial
6222,405,198,799.18,2026-02-25 09:39:00,presencial
6223,240,61,66.95,2026-02-25 09:40:00,presencial
6224,9,194,20.86,2026-02-25 09:50:00,online
6225,104,47,51.88,2026-02-25 09:58:00,online
6226,525,149,16.73,2026-02-25 10:16:00,presencial
6227,221,106,176.76,2026-02-25 10:21:00,presencial
6228,62,75,47.13,2026-02-25 10:42:00,online
6229,564,88,142.38,2026-02-25 10:43:00,presencial
6230,600,46,37.76,2026-02-25 10:50:00,presencial
6231,300,135,156.99,2026-02-25 11:06:00,online
6232,377,199,7.49,2026-02-25 11:31:00,online
6233,453,118,45.92,2026-02-25 11:52:00,online
6234,40,56,80.93,2026-02-25 11:59:00,online
6235,179,134,33.28,2026-02-25 12:12:00,online
6236,338,88,66.38,2026-02-25 12:13:00,online
6237,330,185,65.16,2026-02-25 12:25:00,presencial
6238,199,53,141.7,2026-02-25 12:27:00,presencial
6239,1,104,88.56,2026-02-25 12:32:00,presencial
6240,572,100,68.87,2026-02-25 12:39:00,presencial
6241,369,178,117.61,2026-02-25 12:42:00,presencial
6242,454,23,10.09,2026-02-25 13:13:00,online
6243,263,124,19.54,2026-02-25 13:29:00,presencial
6244,305,162,9.74,2026-02-25 13:29:00,online
6245,267,73,81.73,2026-02-25 13:47:00,presencial
6246,258,102,70.47,2026-02-25 14:13:00,presencial
6247,403,59,205.17,2026-02-25 14:17:00,presencial
6248,598,84,65.81,2026-02-25 14:24:00,presencial
6249,467,191,22.31,2026-02-25 14:33:00,presencial
6250,401,73,51.8,2026-02-25 14:44:00,presencial
6251,8,41,5.68,2026-02-25 15:17:00,online
6252,309,116,28.53,2026-02-25 15:35:00,presencial
6253,574,94,3.38,2026-02-25 15:57:00,online
6254,239,156,64.16,2026-02-25 16:08:00,presencial
6255,330,8,32.88,2026-02-25 16:22:00,presencial
6256,195,181,38.65,2026-02-25 16:33:00,online
6257,115,141,16.04,2026-02-25 16:39:00,online
6258,424,169,21.42,2026-02-25 16:42:00,presencial
6259,189,82,95.76,2026-02-25 16:45:00,presencial
6260,353,90,9.21,2026-02-25 17:13:00,presencial
6261,357,67,77.96,2026-02-25 17:16:00,online
6262,509,167,18.31,2026-02-25 17:19:00,online
6263,563,15,7.03,2026-02-25 17:21:00,online
6264,333,106,172.26,2026-02-25 17:41:00,presencial
6265,31,52,192.89,2026-02-25 17:47:00,presencial
6266,350,128,24.69,2026-02-25 17:55:00,presencial
6267,531,193,24.43,2026-02-25 18:48:00,online
6268,287,135,33.92,2026-02-25 18:56:00,online
6269,339,9,18.34,2026-02-25 19:12:00,presencial
6270,458,80,22.26,2026-02-25 19:12:00,presencial
6271,264,7,73.34,2026-02-25 19:34:00,online
6272,249,98,437.59,2026-02-25 19:43:00,presencial
6273,290,35,30.26,2026-02-25 19:43:00,online
6274,512,139,137.75,2026-02-25 19:52:00,online
6275,293,107,65.9,2026-02-25 20:45:00,online
6276,197,62,7.1,2026-02-25 20:56:00,online
6277,359,172,43.52,2026-02-25 20:58:00,presencial
6278,416,150,37.9,2026-02-25 21:01:00,presencial
6279,548,126,223.85,2026-02-25 21:08:00,online
6280,536,71,234.08,2026-02-25 21:42:00,presencial
6281,470,55,67.66,2026-02-25 21:44:00,presencial
6282,462,118,169.98,2026-02-25 22:01:00,online
6283,270,159,38.05,2026-02-25 22:05:00,presencial
6284,206,168,153.13,2026-02-25 22:17:00,online
6285,338,156,49.92,2026-02-25 22:23:00,online
6286,424,5,149.52,2026-02-25 23:03:00,presencial
6287,312,197,167.23,2026-02-25 23:15:00,presencial
6288,125,49,98.31,2026-02-25 23:20:00,presencial
6289,9,3,19.77,2026-02-25 23:35:00,presencial
6290,35,113,28.15,2026-02-25 23:37:00,presencial
6291,256,92,102.26,2026-02-25 23:44:00,online
6292,475,22,119.44,2026-02-25 23:46:00,online
6293,474,43,53.21,2026-02-25 23:47:00,presencial
6294,485,42,31.71,2026-02-25 23:51:00,presencial
6295,426,88,55.18,2026-02-26 00:20:00,presencial
6296,14,150,32.91,2026-02-26 00:23:00,presencial
6297,531,137,33.11,2026-02-26 00:29:00,online
6298,569,6,386.08,2026-02-26 00:43:00,presencial
6299,510,35,26.5,2026-02-26 00:55:00,online
6300,268,123,78.15,2026-02-26 01:10:00,presencial
6301,129,161,52.89,2026-02-26 01:11:00,presencial
6302,544,7,11.6,2026-02-26 01:11:00,online
6303,112,68,11.17,2026-02-26 01:23:00,online
6304,473,24,40.89,2026-02-26 01:37:00,online
6305,580,98,5.22,2026-02-26 01:55:00,presencial
6306,541,79,334.77,2026-02-26 02:06:00,presencial
6307,313,35,30.03,2026-02-26 02:06:00,presencial
6308,501,193,27.45,2026-02-26 02:51:00,presencial
6309,499,153,171.63,2026-02-26 03:04:00,presencial
6310,585,110,38.29,2026-02-26 03:13:00,online
6311,217,154,91.48,2026-02-26 04:02:00,presencial
6312,378,63,23.81,2026-02-26 04:04:00,presencial
6313,491,188,46.99,2026-02-26 04:17:00,online
6314,137,83,129.71,2026-02-26 04:37:00,presencial
6315,136,78,17.32,2026-02-26 04:45:00,presencial
6316,234,114,79.88,2026-02-26 05:12:00,online
6317,217,116,3.13,2026-02-26 05:26:00,presencial
6318,452,124,179.84,2026-02-26 05:30:00,online
6319,562,167,24.24,2026-02-26 06:20:00,online
6320,95,54,40.68,2026-02-26 06:28:00,online
6321,196,142,40.14,2026-02-26 06:35:00,online
6322,558,40,15.3,2026-02-26 06:40:00,presencial
6323,357,49,14.06,2026-02-26 06:48:00,presencial
6324,124,100,79.32,2026-02-26 07:43:00,online
6325,363,105,83.53,2026-02-26 08:22:00,presencial
6326,526,129,16.88,2026-02-26 08:42:00,presencial
6327,225,28,81.06,2026-02-26 09:11:00,presencial
6328,291,164,82.57,2026-02-26 09:33:00,online
6329,369,112,29.49,2026-02-26 09:33:00,online
6330,505,119,10.77,2026-02-26 10:21:00,online
6331,339,150,42.89,2026-02-26 10:21:00,online
6332,575,139,66.79,2026-02-26 10:36:00,presencial
6333,453,86,41.9,2026-02-26 10:51:00,online
6334,254,97,23.3,2026-02-26 11:02:00,presencial
6335,293,47,74.71,2026-02-26 11:17:00,online
6336,418,114,179.8,2026-02-26 11:46:00,online
6337,43,41,19.16,2026-02-26 11:49:00,online
6338,137,128,32.21,2026-02-26 11:59:00,online
6339,143,84,913.66,2026-02-26 12:11:00,online
6340,481,48,61.56,2026-02-26 12:48:00,presencial
6341,494,96,11.1,2026-02-26 13:03:00,online
6342,492,187,26.43,2026-02-26 13:08:00,presencial
6343,64,113,19.44,2026-02-26 13:11:00,online
6344,178,70,67.93,2026-02-26 13:18:00,presencial
6345,188,91,62.71,2026-02-26 13:19:00,presencial
6346,15,121,22.19,2026-02-26 13:30:00,presencial
6347,155,31,344.45,2026-02-26 13:36:00,presencial
6348,259,113,49.09,2026-02-26 13:58:00,online
6349,532,7,27.08,2026-02-26 14:32:00,online
6350,103,171,11.67,2026-02-26 14:36:00,presencial
6351,517,122,16.71,2026-02-26 14:59:00,presencial
6352,492,23,11.35,2026-02-26 14:59:00,presencial
6353,95,94,36.25,2026-02-26 15:07:00,presencial
6354,157,177,16.89,2026-02-26 15:13:00,online
6355,275,193,105.89,2026-02-26 15:26:00,online
6356,567,28,23.5,2026-02-26 15:27:00,presencial
6357,471,55,112.64,2026-02-26 15:30:00,online
6358,584,29,76.75,2026-02-26 15:30:00,online
6359,188,74,90.93,2026-02-26 15:33:00,online
6360,546,173,119.87,2026-02-26 15:34:00,presencial
6361,574,142,400.48,2026-02-26 15:43:00,online
6362,360,52,17.57,2026-02-26 16:16:00,presencial
6363,93,66,113.36,2026-02-26 16:23:00,presencial
6364,161,123,69.26,2026-02-26 16:32:00,presencial
6365,78,120,143.97,2026-02-26 16:41:00,presencial
6366,485,93,50.5,2026-02-26 17:01:00,online
6367,188,85,162.98,2026-02-26 17:45:00,online
6368,421,187,10.8,2026-02-26 18:54:00,presencial
6369,161,101,14.81,2026-02-26 19:07:00,presencial
6370,587,157,23.9,2026-02-26 19:14:00,presencial
6371,465,192,41.17,2026-02-26 19:41:00,online
6372,227,67,47.04,2026-02-26 19:44:00,presencial
6373,287,156,19.81,2026-02-26 19:48:00,presencial
6374,36,163,15.03,2026-02-26 20:06:00,online
6375,83,44,21.74,2026-02-26 20:18:00,presencial
6376,600,46,6.82,2026-02-26 20:23:00,presencial
6377,490,33,32.56,2026-02-26 20:54:00,online
6378,503,124,41.92,2026-02-26 21:18:00,presencial
6379,387,153,72.61,2026-02-26 21:31:00,presencial
6380,133,151,53.71,2026-02-26 21:44:00,presencial
6381,64,78,321.42,2026-02-26 21:49:00,presencial
6382,436,141,109.25,2026-02-26 22:01:00,online
6383,200,6,100.59,2026-02-26 22:07:00,online
6384,1,132,66.76,2026-02-26 22:12:00,presencial
6385,14,95,80.58,2026-02-26 22:18:00,presencial
6386,335,166,35.06,2026-02-26 22:40:00,presencial
6387,505,194,49.88,2026-02-26 22:40:00,online
6388,218,112,370.08,2026-02-26 23:06:00,presencial
6389,600,125,41.39,2026-02-26 23:15:00,presencial
6390,229,186,10.33,2026-02-26 23:18:00,presencial
6391,440,69,96.21,2026-02-26 23:25:00,online
6392,147,29,117.07,2026-02-26 23:34:00,online
6393,365,102,52.98,2026-02-26 23:38:00,presencial
6394,165,72,5.66,2026-02-26 23:51:00,presencial
6395,467,127,184.06,2026-02-27 00:00:00,online
6396,273,157,57.56,2026-02-27 00:09:00,presencial
6397,26,101,31.78,2026-02-27 00:14:00,presencial
6398,149,62,165.15,2026-02-27 00:48:00,presencial
6399,212,113,4.82,2026-02-27 00:53:00,presencial
6400,280,89,50.55,2026-02-27 01:15:00,presencial
6401,163,38,24.66,2026-02-27 01:16:00,online
6402,347,155,230.76,2026-02-27 01:37:00,presencial
6403,579,67,58.39,2026-02-27 01:57:00,presencial
6404,427,108,17.27,2026-02-27 01:59:00,online
6405,187,182,156.34,2026-02-27 02:00:00,online
6406,407,38,2.99,2026-02-27 02:02:00,presencial
6407,581,86,78.15,2026-02-27 02:06:00,presencial
6408,146,35,11.14,2026-02-27 02:10:00,presencial
6409,140,88,26.88,2026-02-27 02:15:00,presencial
6410,24,61,34.3,2026-02-27 02:30:00,presencial
6411,506,184,121.65,2026-02-27 02:50:00,presencial
6412,500,61,504.59,2026-02-27 03:24:00,online
6413,249,123,6.31,2026-02-27 03:33:00,online
6414,524,28,73.03,2026-02-27 03:50:00,presencial
6415,391,92,504.06,2026-02-27 04:16:00,online
6416,588,167,23.8,2026-02-27 04:33:00,presencial
6417,554,135,22.23,2026-02-27 04:33:00,presencial
6418,576,57,57.95,2026-02-27 04:46:00,online
6419,236,195,111.24,2026-02-27 04:57:00,online
6420,381,161,92.14,2026-02-27 05:04:00,online
6421,101,81,30.13,2026-02-27 05:15:00,presencial
6422,537,195,18.49,2026-02-27 05:22:00,presencial
6423,191,38,190.14,2026-02-27 05:41:00,presencial
6424,269,67,19.07,2026-02-27 05:56:00,presencial
6425,357,187,5.43,2026-02-27 06:02:00,presencial
6426,473,195,9.04,2026-02-27 06:23:00,online
6427,440,165,23.72,2026-02-27 06:38:00,presencial
6428,574,39,230.85,2026-02-27 06:46:00,online
6429,428,44,12.1,2026-02-27 06:50:00,presencial
6430,478,130,238.44,2026-02-27 07:10:00,online
6431,344,12,188.2,2026-02-27 07:25:00,presencial
6432,250,199,57.27,2026-02-27 08:16:00,presencial
6433,549,189,2.71,2026-02-27 08:19:00,presencial
6434,227,162,12.15,2026-02-27 08:50:00,presencial
6435,373,194,22.27,2026-02-27 09:16:00,presencial
6436,175,46,300.0,2026-02-27 09:27:00,online
6437,290,177,23.9,2026-02-27 09:29:00,online
6438,221,52,19.1,2026-02-27 09:30:00,presencial
6439,156,25,54.99,2026-02-27 09:32:00,online
6440,493,53,9.48,2026-02-27 09:38:00,presencial
6441,461,155,43.51,2026-02-27 09:56:00,online
6442,421,189,18.57,2026-02-27 10:39:00,presencial
6443,50,123,859.65,2026-02-27 10:45:00,online
6444,150,50,16.29,2026-02-27 10:49:00,presencial
6445,131,121,373.5,2026-02-27 11:20:00,online
6446,427,102,12.75,2026-02-27 11:30:00,presencial
6447,536,104,59.68,2026-02-27 11:39:00,presencial
6448,228,70,77.51,2026-02-27 11:45:00,online
6449,199,28,52.24,2026-02-27 11:46:00,presencial
6450,335,73,48.83,2026-02-27 11:52:00,presencial
6451,593,179,115.31,2026-02-27 11:57:00,presencial
6452,223,82,70.75,2026-02-27 11:59:00,presencial
6453,167,5,36.96,2026-02-27 12:05:00,presencial
6454,313,70,21.29,2026-02-27 12:22:00,presencial
6455,550,93,37.25,2026-02-27 12:41:00,online
6456,438,120,36.75,2026-02-27 12:57:00,online
6457,311,129,35.96,2026-02-27 13:15:00,presencial
6458,439,86,48.61,2026-02-27 13:50:00,online
6459,10,29,9.49,2026-02-27 13:54:00,online
6460,452,89,14.44,2026-02-27 13:54:00,online
6461,59,1,111.6,2026-02-27 14:24:00,online
6462,235,102,3.76,2026-02-27 14:51:00,online
6463,210,90,166.79,2026-02-27 14:56:00,presencial
6464,415,72,24.17,2026-02-27 15:05:00,online
6465,145,133,280.46,2026-02-27 15:21:00,presencial
6466,144,151,172.23,2026-02-27 16:02:00,presencial
6467,531,53,31.18,2026-02-27 16:04:00,online
6468,287,101,34.95,2026-02-27 16:06:00,presencial
6469,445,102,257.9,2026-02-27 16:21:00,presencial
6470,350,102,181.37,2026-02-27 16:23:00,presencial
6471,372,81,130.32,2026-02-27 16:31:00,presencial
6472,412,42,157.37,2026-02-27 16:41:00,presencial
6473,401,35,13.51,2026-02-27 16:54:00,presencial
6474,548,7,56.03,2026-02-27 16:55:00,presencial
6475,471,11,19.16,2026-02-27 17:18:00,online
6476,183,162,13.14,2026-02-27 17:20:00,presencial
6477,102,14,53.53,2026-02-27 17:28:00,online
6478,508,172,28.35,2026-02-27 17:29:00,online
6479,224,180,37.23,2026-02-27 17:34:00,online
6480,187,49,25.79,2026-02-27 18:00:00,presencial
6481,67,89,11.25,2026-02-27 18:04:00,presencial
6482,332,73,289.01,2026-02-27 18:11:00,presencial
6483,308,79,53.06,2026-02-27 18:24:00,online
6484,497,72,9.15,2026-02-27 18:36:00,presencial
6485,450,69,54.61,2026-02-27 18:36:00,presencial
6486,434,137,238.3,2026-02-27 18:47:00,presencial
6487,324,83,128.33,2026-02-27 18:59:00,online
6488,518,38,25.26,2026-02-27 19:05:00,presencial
6489,590,76,25.94,2026-02-27 19:35:00,presencial
6490,489,196,15.6,2026-02-27 19:41:00,presencial
6491,209,198,19.76,2026-02-27 19:54:00,online
6492,166,13,21.61,2026-02-27 20:02:00,presencial
6493,1,116,8.89,2026-02-27 20:27:00,online
6494,596,195,27.43,2026-02-27 20:32:00,online
6495,440,39,65.26,2026-02-27 20:37:00,online
6496,563,14,28.35,2026-02-27 20:43:00,presencial
6497,473,43,56.77,2026-02-27 20:50:00,online
6498,259,64,266.17,2026-02-27 20:51:00,presencial
6499,88,187,336.71,2026-02-27 20:51:00,presencial
6500,29,51,41.48,2026-02-27 21:01:00,online
6501,476,67,117.71,2026-02-27 21:01:00,online
6502,183,52,37.21,2026-02-27 21:04:00,online
6503,228,79,26.14,2026-02-27 21:07:00,online
6504,502,199,13.09,2026-02-27 21:08:00,presencial
6505,289,17,49.17,2026-02-27 21:14:00,presencial
6506,571,92,147.35,2026-02-27 21:24:00,online
6507,328,123,11.0,2026-02-27 21:41:00,presencial
6508,500,24,32.6,2026-02-27 21:41:00,presencial
6509,76,9,30.91,2026-02-27 22:05:00,presencial
6510,239,197,58.65,2026-02-27 22:18:00,presencial
6511,110,54,59.68,2026-02-27 22:39:00,presencial
6512,34,49,80.72,2026-02-27 22:39:00,online
6513,595,70,360.21,2026-02-27 22:53:00,online
6514,311,15,17.16,2026-02-27 23:01:00,online
6515,213,30,16.15,2026-02-27 23:05:00,presencial
6516,226,5,58.68,2026-02-27 23:11:00,presencial
6517,145,107,220.96,2026-02-27 23:23:00,presencial
6518,74,93,8.95,2026-02-27 23:29:00,presencial
6519,549,55,64.36,2026-02-27 23:35:00,presencial
6520,64,184,35.82,2026-02-27 23:58:00,online
6521,231,62,114.4,2026-02-28 00:25:00,presencial
6522,92,4,89.21,2026-02-28 00:25:00,presencial
6523,558,20,47.15,2026-02-28 00:29:00,online
6524,124,146,76.42,2026-02-28 00:30:00,presencial
6525,237,107,21.67,2026-02-28 00:37:00,presencial
6526,453,53,107.8,2026-02-28 00:55:00,online
6527,343,50,205.44,2026-02-28 01:02:00,presencial
6528,230,44,49.91,2026-02-28 01:21:00,online
6529,339,85,28.54,2026-02-28 01:48:00,online
6530,263,141,38.1,2026-02-28 02:29:00,presencial
6531,174,128,106.56,2026-02-28 03:22:00,presencial
6532,360,150,42.69,2026-02-28 03:45:00,presencial
6533,220,9,11.95,2026-02-28 03:53:00,online
6534,577,112,127.4,2026-02-28 03:54:00,online
6535,278,153,15.16,2026-02-28 04:15:00,online
6536,454,41,71.3,2026-02-28 04:30:00,presencial
6537,141,117,5.74,2026-02-28 04:35:00,presencial
6538,388,2,50.35,2026-02-28 05:10:00,presencial
6539,336,182,41.47,2026-02-28 05:15:00,presencial
6540,447,148,5.14,2026-02-28 05:21:00,presencial
6541,278,125,64.46,2026-02-28 05:30:00,presencial
6542,432,120,13.31,2026-02-28 05:50:00,presencial
6543,36,134,49.07,2026-02-28 06:29:00,online
6544,415,85,28.42,2026-02-28 06:35:00,presencial
6545,453,194,8.77,2026-02-28 06:35:00,online
6546,298,43,14.15,2026-02-28 06:55:00,online
6547,21,163,15.45,2026-02-28 07:15:00,online
6548,341,153,131.72,2026-02-28 07:24:00,presencial
6549,469,168,112.1,2026-02-28 07:33:00,presencial
6550,277,15,499.67,2026-02-28 07:35:00,presencial
6551,57,90,25.46,2026-02-28 07:50:00,presencial
6552,237,129,24.57,2026-02-28 07:55:00,online
6553,597,124,51.85,2026-02-28 08:12:00,presencial
6554,163,138,30.24,2026-02-28 08:42:00,presencial
6555,318,127,23.55,2026-02-28 09:08:00,presencial
6556,214,45,47.46,2026-02-28 09:25:00,online
6557,428,166,96.93,2026-02-28 10:12:00,online
6558,258,97,4.38,2026-02-28 10:22:00,presencial
6559,231,195,23.82,2026-02-28 10:27:00,online
6560,348,105,9.55,2026-02-28 10:37:00,presencial
6561,344,108,37.74,2026-02-28 10:55:00,presencial
6562,300,119,71.94,2026-02-28 10:56:00,presencial
6563,155,175,152.72,2026-02-28 11:00:00,presencial
6564,65,181,27.74,2026-02-28 11:20:00,presencial
6565,415,117,50.24,2026-02-28 11:28:00,presencial
6566,204,110,7.03,2026-02-28 11:39:00,online
6567,368,11,17.35,2026-02-28 11:41:00,online
6568,226,14,56.14,2026-02-28 11:55:00,online
6569,513,148,10.03,2026-02-28 12:05:00,presencial
6570,425,69,174.29,2026-02-28 12:22:00,presencial
6571,243,88,79.51,2026-02-28 12:24:00,online
6572,200,126,16.53,2026-02-28 13:35:00,online
6573,450,45,8.75,2026-02-28 13:42:00,presencial
6574,5,67,20.26,2026-02-28 14:31:00,presencial
6575,35,9,16.62,2026-02-28 14:36:00,online
6576,51,154,11.72,2026-02-28 15:00:00,presencial
6577,208,102,9.51,2026-02-28 15:22:00,online
6578,299,38,34.69,2026-02-28 15:25:00,presencial
6579,176,120,100.03,2026-02-28 15:51:00,presencial
6580,114,29,20.45,2026-02-28 16:06:00,online
6581,188,157,72.92,2026-02-28 16:09:00,presencial
6582,297,47,31.17,2026-02-28 16:16:00,presencial
6583,179,55,87.67,2026-02-28 16:27:00,online
6584,345,176,18.82,2026-02-28 16:38:00,presencial
6585,230,149,60.89,2026-02-28 16:45:00,presencial
6586,561,137,51.02,2026-02-28 16:52:00,presencial
6587,596,121,200.05,2026-02-28 17:01:00,presencial
6588,394,105,82.65,2026-02-28 17:15:00,presencial
6589,333,39,59.24,2026-02-28 17:20:00,presencial
6590,19,61,8.87,2026-02-28 17:21:00,presencial
6591,374,193,25.08,2026-02-28 17:23:00,online
6592,229,184,18.53,2026-02-28 17:51:00,online
6593,174,146,18.09,2026-02-28 17:55:00,online
6594,477,178,45.47,2026-02-28 18:15:00,online
6595,26,161,58.26,2026-02-28 18:26:00,online
6596,157,80,60.82,2026-02-28 18:27:00,presencial
6597,465,144,179.04,2026-02-28 18:40:00,online
6598,555,151,76.09,2026-02-28 18:41:00,online
6599,309,28,11.58,2026-02-28 18:49:00,online
6600,318,183,55.86,2026-02-28 19:03:00,presencial
6601,581,99,85.01,2026-02-28 19:37:00,online
6602,56,63,179.18,2026-02-28 19:55:00,presencial
6603,289,95,37.73,2026-02-28 20:07:00,online
6604,146,66,38.13,2026-02-28 20:12:00,online
6605,287,67,146.46,2026-02-28 20:17:00,presencial
6606,544,110,54.4,2026-02-28 20:24:00,presencial
6607,358,200,7.7,2026-02-28 20:29:00,online
6608,595,82,6.09,2026-02-28 20:35:00,presencial
6609,304,43,338.61,2026-02-28 20:43:00,online
6610,518,153,6.79,2026-02-28 20:44:00,presencial
6611,102,59,37.19,2026-02-28 20:48:00,presencial
6612,193,108,118.09,2026-02-28 21:00:00,online
6613,165,51,6.42,2026-02-28 21:07:00,online
6614,462,43,13.6,2026-02-28 21:19:00,presencial
6615,308,51,11.34,2026-02-28 21:22:00,online
6616,134,72,324.16,2026-02-28 21:31:00,presencial
6617,104,192,411.57,2026-02-28 21:53:00,presencial
6618,231,135,19.93,2026-02-28 22:09:00,online
6619,93,140,84.56,2026-02-28 22:27:00,online
6620,419,11,62.73,2026-02-28 22:33:00,online
6621,509,3,32.82,2026-02-28 22:51:00,presencial
6622,582,69,7.47,2026-02-28 23:23:00,presencial
6623,142,178,565.78,2026-02-28 23:47:00,presencial
6624,264,4,6.06,2026-03-01 00:07:00,presencial
6625,303,154,56.45,2026-03-01 00:09:00,online
6626,298,165,21.93,2026-03-01 00:16:00,presencial
6627,272,56,135.49,2026-03-01 00:26:00,online
6628,133,24,113.36,2026-03-01 00:37:00,presencial
6629,68,31,15.23,2026-03-01 00:48:00,presencial
6630,242,16,18.74,2026-03-01 01:13:00,presencial
6631,56,169,8.12,2026-03-01 01:16:00,online
6632,38,158,55.38,2026-03-01 01:17:00,presencial
6633,315,135,97.71,2026-03-01 01:23:00,presencial
6634,516,18,27.5,2026-03-01 01:29:00,presencial
6635,325,191,34.15,2026-03-01 01:29:00,presencial
6636,15,137,364.54,2026-03-01 01:34:00,presencial
6637,505,166,125.19,2026-03-01 01:40:00,online
6638,411,76,196.87,2026-03-01 01:43:00,online
6639,182,40,3.8,2026-03-01 02:00:00,presencial
6640,164,165,81.61,2026-03-01 02:42:00,online
6641,540,11,58.94,2026-03-01 02:48:00,presencial
6642,286,37,11.28,2026-03-01 03:06:00,online
6643,85,31,14.18,2026-03-01 03:59:00,presencial
6644,169,17,35.15,2026-03-01 04:03:00,presencial
6645,159,111,10.21,2026-03-01 04:19:00,presencial
6646,241,46,18.57,2026-03-01 04:21:00,online
6647,208,194,26.9,2026-03-01 04:49:00,presencial
6648,329,187,84.0,2026-03-01 04:54:00,presencial
6649,194,34,20.54,2026-03-01 05:02:00,presencial
6650,385,166,27.33,2026-03-01 05:36:00,presencial
6651,296,8,137.93,2026-03-01 05:51:00,presencial
6652,565,58,6.42,2026-03-01 06:00:00,online
6653,497,132,57.4,2026-03-01 06:01:00,online
6654,200,42,68.6,2026-03-01 06:06:00,online
6655,26,16,70.7,2026-03-01 06:07:00,presencial
6656,351,32,25.75,2026-03-01 06:24:00,presencial
6657,203,132,13.86,2026-03-01 07:03:00,online
6658,542,45,237.81,2026-03-01 07:03:00,presencial
6659,244,50,17.42,2026-03-01 07:46:00,presencial
6660,175,42,13.08,2026-03-01 07:58:00,online
6661,204,177,45.71,2026-03-01 08:05:00,online
6662,520,178,19.83,2026-03-01 08:27:00,online
6663,68,161,142.01,2026-03-01 08:31:00,presencial
6664,575,4,33.39,2026-03-01 08:39:00,presencial
6665,141,51,163.78,2026-03-01 08:40:00,online
6666,509,177,73.23,2026-03-01 08:59:00,online
6667,327,111,29.16,2026-03-01 09:01:00,presencial
6668,342,9,152.23,2026-03-01 09:19:00,online
6669,123,50,21.85,2026-03-01 09:26:00,presencial
6670,434,166,31.43,2026-03-01 09:42:00,presencial
6671,390,176,80.0,2026-03-01 10:04:00,online
6672,289,86,57.36,2026-03-01 10:05:00,presencial
6673,275,31,21.31,2026-03-01 10:21:00,presencial
6674,359,16,8.25,2026-03-01 10:26:00,online
6675,284,46,43.79,2026-03-01 10:28:00,online
6676,585,160,20.09,2026-03-01 10:30:00,online
6677,25,166,46.18,2026-03-01 10:40:00,presencial
6678,151,52,28.13,2026-03-01 10:58:00,presencial
6679,511,196,20.3,2026-03-01 11:14:00,presencial
6680,476,176,33.28,2026-03-01 11:27:00,presencial
6681,209,198,41.23,2026-03-01 11:29:00,presencial
6682,304,151,96.02,2026-03-01 11:32:00,online
6683,17,115,71.2,2026-03-01 11:35:00,presencial
6684,107,197,447.58,2026-03-01 11:37:00,online
6685,567,138,52.23,2026-03-01 12:11:00,online
6686,387,167,21.32,2026-03-01 12:26:00,presencial
6687,24,81,37.23,2026-03-01 12:31:00,presencial
6688,476,49,83.53,2026-03-01 12:33:00,online
6689,243,115,134.8,2026-03-01 12:41:00,presencial
6690,342,82,195.51,2026-03-01 12:43:00,presencial
6691,515,71,14.6,2026-03-01 13:02:00,online
6692,503,140,182.86,2026-03-01 13:34:00,presencial
6693,82,123,42.49,2026-03-01 13:35:00,presencial
6694,220,64,16.12,2026-03-01 13:46:00,online
6695,164,49,35.72,2026-03-01 13:55:00,presencial
6696,549,110,169.33,2026-03-01 14:00:00,presencial
6697,469,66,73.92,2026-03-01 14:41:00,presencial
6698,389,48,11.78,2026-03-01 14:41:00,online
6699,36,45,11.88,2026-03-01 14:46:00,presencial
6700,482,133,11.52,2026-03-01 14:52:00,online
6701,337,84,19.99,2026-03-01 15:00:00,online
6702,164,69,48.68,2026-03-01 15:06:00,presencial
6703,266,24,12.95,2026-03-01 15:42:00,online
6704,268,12,27.91,2026-03-01 15:55:00,presencial
6705,178,139,208.98,2026-03-01 15:58:00,presencial
6706,546,194,264.96,2026-03-01 16:11:00,online
6707,551,65,246.05,2026-03-01 17:03:00,presencial
6708,31,169,6.21,2026-03-01 17:09:00,online
6709,562,121,281.77,2026-03-01 17:21:00,presencial
6710,243,61,49.45,2026-03-01 17:25:00,presencial
6711,480,114,48.7,2026-03-01 17:29:00,presencial
6712,469,26,138.63,2026-03-01 17:46:00,presencial
6713,360,68,96.91,2026-03-01 18:40:00,online
6714,447,148,5.72,2026-03-01 18:41:00,presencial
6715,409,171,22.79,2026-03-01 18:44:00,online
6716,511,45,29.88,2026-03-01 18:50:00,presencial
6717,255,183,10.35,2026-03-01 18:56:00,online
6718,444,122,133.87,2026-03-01 19:08:00,presencial
6719,588,46,217.64,2026-03-01 19:09:00,online
6720,569,156,44.18,2026-03-01 19:17:00,online
6721,89,177,62.08,2026-03-01 19:21:00,presencial
6722,299,55,44.15,2026-03-01 19:52:00,presencial
6723,307,22,49.85,2026-03-01 20:02:00,presencial
6724,375,57,152.85,2026-03-01 20:02:00,presencial
6725,389,152,6.41,2026-03-01 20:09:00,presencial
6726,509,13,76.3,2026-03-01 21:43:00,presencial
6727,320,58,45.29,2026-03-01 21:48:00,presencial
6728,422,64,20.39,2026-03-01 21:56:00,online
6729,540,4,25.7,2026-03-01 21:59:00,online
6730,62,120,335.5,2026-03-01 22:03:00,presencial
6731,386,162,10.38,2026-03-01 22:06:00,online
6732,221,32,37.14,2026-03-01 22:49:00,presencial
6733,544,178,268.39,2026-03-01 22:49:00,presencial
6734,332,191,11.05,2026-03-01 22:56:00,presencial
6735,362,175,27.06,2026-03-01 23:22:00,online
6736,453,145,46.83,2026-03-01 23:59:00,presencial
6737,146,90,70.38,2026-03-02 00:01:00,presencial
6738,327,41,40.92,2026-03-02 00:06:00,online
6739,464,183,16.69,2026-03-02 00:07:00,presencial
6740,467,107,73.12,2026-03-02 00:15:00,presencial
6741,137,91,40.02,2026-03-02 00:29:00,presencial
6742,503,79,89.17,2026-03-02 00:56:00,presencial
6743,98,44,123.48,2026-03-02 01:09:00,presencial
6744,160,77,8.72,2026-03-02 01:14:00,presencial
6745,514,160,139.27,2026-03-02 01:18:00,online
6746,370,112,33.78,2026-03-02 01:36:00,online
6747,326,80,110.8,2026-03-02 02:13:00,presencial
6748,335,22,76.96,2026-03-02 02:17:00,presencial
6749,582,83,343.6,2026-03-02 02:29:00,online
6750,137,44,45.01,2026-03-02 02:30:00,online
6751,180,80,28.68,2026-03-02 03:10:00,online
6752,294,30,25.43,2026-03-02 03:17:00,presencial
6753,508,190,14.28,2026-03-02 03:18:00,presencial
6754,330,35,108.73,2026-03-02 03:21:00,presencial
6755,436,25,13.31,2026-03-02 03:30:00,presencial
6756,491,132,107.69,2026-03-02 03:33:00,presencial
6757,536,69,34.96,2026-03-02 03:36:00,online
6758,277,200,6.43,2026-03-02 03:50:00,presencial
6759,275,81,229.77,2026-03-02 04:03:00,presencial
6760,49,131,1.09,2026-03-02 04:10:00,online
6761,49,167,40.86,2026-03-02 04:17:00,online
6762,293,197,57.82,2026-03-02 04:25:00,presencial
6763,450,162,3.54,2026-03-02 04:33:00,presencial
6764,503,116,72.63,2026-03-02 04:34:00,presencial
6765,246,163,21.4,2026-03-02 04:52:00,presencial
6766,343,57,34.01,2026-03-02 05:03:00,online
6767,488,175,195.84,2026-03-02 05:22:00,presencial
6768,192,175,52.3,2026-03-02 05:56:00,presencial
6769,96,77,30.4,2026-03-02 06:17:00,presencial
6770,553,14,37.06,2026-03-02 06:36:00,online
6771,328,137,315.36,2026-03-02 06:40:00,online
6772,94,21,69.76,2026-03-02 07:24:00,online
6773,152,4,16.91,2026-03-02 07:24:00,presencial
6774,197,190,26.12,2026-03-02 07:53:00,online
6775,121,114,12.07,2026-03-02 08:25:00,presencial
6776,263,131,27.2,2026-03-02 08:35:00,presencial
6777,488,177,262.09,2026-03-02 08:52:00,presencial
6778,443,186,37.23,2026-03-02 09:04:00,presencial
6779,551,192,10.27,2026-03-02 09:07:00,presencial
6780,502,27,71.81,2026-03-02 09:19:00,online
6781,187,65,29.03,2026-03-02 09:25:00,presencial
6782,36,154,82.89,2026-03-02 09:31:00,presencial
6783,91,6,34.24,2026-03-02 09:36:00,presencial
6784,476,47,219.16,2026-03-02 09:40:00,presencial
6785,205,103,16.42,2026-03-02 09:46:00,presencial
6786,433,69,12.41,2026-03-02 09:47:00,presencial
6787,275,35,125.38,2026-03-02 09:54:00,online
6788,537,180,4.93,2026-03-02 10:04:00,presencial
6789,305,90,37.0,2026-03-02 10:12:00,online
6790,541,83,107.84,2026-03-02 10:40:00,online
6791,151,132,4.0,2026-03-02 11:01:00,presencial
6792,467,135,48.0,2026-03-02 11:16:00,online
6793,315,99,8.62,2026-03-02 12:04:00,online
6794,115,178,5.87,2026-03-02 12:37:00,presencial
6795,141,60,13.84,2026-03-02 12:40:00,online
6796,189,175,36.53,2026-03-02 12:43:00,presencial
6797,93,174,20.56,2026-03-02 12:45:00,presencial
6798,562,2,151.07,2026-03-02 13:09:00,presencial
6799,128,151,48.94,2026-03-02 13:17:00,online
6800,359,32,26.11,2026-03-02 13:21:00,online
6801,343,98,10.58,2026-03-02 13:32:00,presencial
6802,324,184,57.2,2026-03-02 13:44:00,presencial
6803,377,40,430.43,2026-03-02 13:52:00,presencial
6804,550,113,20.63,2026-03-02 14:08:00,online
6805,581,156,23.47,2026-03-02 14:22:00,presencial
6806,525,97,13.92,2026-03-02 14:25:00,presencial
6807,276,16,164.45,2026-03-02 14:32:00,online
6808,437,14,123.93,2026-03-02 14:33:00,online
6809,112,104,27.36,2026-03-02 15:13:00,presencial
6810,530,6,23.13,2026-03-02 15:29:00,online
6811,118,4,15.83,2026-03-02 15:31:00,online
6812,69,191,32.52,2026-03-02 15:33:00,presencial
6813,498,107,137.26,2026-03-02 15:33:00,presencial
6814,455,95,46.79,2026-03-02 15:36:00,presencial
6815,84,21,184.27,2026-03-02 15:38:00,online
6816,580,158,20.24,2026-03-02 15:46:00,online
6817,67,103,3.51,2026-03-02 16:25:00,presencial
6818,30,45,785.15,2026-03-02 16:54:00,online
6819,574,151,56.6,2026-03-02 17:01:00,presencial
6820,134,48,105.25,2026-03-02 17:16:00,presencial
6821,141,101,18.8,2026-03-02 17:54:00,presencial
6822,477,113,9.99,2026-03-02 17:57:00,presencial
6823,365,56,53.0,2026-03-02 18:11:00,online
6824,313,176,5.0,2026-03-02 18:18:00,online
6825,593,141,33.32,2026-03-02 18:39:00,presencial
6826,52,58,137.63,2026-03-02 19:25:00,presencial
6827,556,32,73.21,2026-03-02 19:54:00,presencial
6828,161,66,59.17,2026-03-02 20:13:00,presencial
6829,374,94,304.33,2026-03-02 20:17:00,online
6830,195,111,67.55,2026-03-02 20:19:00,presencial
6831,176,81,5.5,2026-03-02 20:31:00,presencial
6832,193,9,37.94,2026-03-02 20:32:00,presencial
6833,336,136,371.61,2026-03-02 21:28:00,presencial
6834,527,76,31.8,2026-03-02 21:47:00,online
6835,68,68,347.41,2026-03-02 22:09:00,online
6836,398,112,137.83,2026-03-02 22:42:00,online
6837,517,168,28.52,2026-03-02 22:51:00,presencial
6838,441,1,13.62,2026-03-02 23:01:00,presencial
6839,589,193,64.97,2026-03-02 23:07:00,online
6840,9,128,180.83,2026-03-02 23:09:00,presencial
6841,218,110,7.87,2026-03-02 23:10:00,presencial
6842,257,11,51.03,2026-03-02 23:45:00,online
6843,322,143,4.73,2026-03-03 00:17:00,online
6844,191,144,30.77,2026-03-03 00:30:00,presencial
6845,152,113,7.24,2026-03-03 00:32:00,online
6846,512,161,82.97,2026-03-03 00:34:00,online
6847,140,168,20.95,2026-03-03 00:37:00,online
6848,573,168,159.79,2026-03-03 00:39:00,online
6849,23,66,24.67,2026-03-03 00:56:00,online
6850,255,135,22.32,2026-03-03 01:02:00,presencial
6851,366,12,7.56,2026-03-03 01:05:00,presencial
6852,584,113,68.73,2026-03-03 01:23:00,online
6853,459,30,76.81,2026-03-03 01:33:00,online
6854,9,62,125.68,2026-03-03 01:45:00,online
6855,450,136,91.9,2026-03-03 01:48:00,presencial
6856,196,85,69.5,2026-03-03 01:52:00,online
6857,516,173,86.09,2026-03-03 01:56:00,presencial
6858,465,18,96.21,2026-03-03 01:57:00,online
6859,116,195,121.32,2026-03-03 02:16:00,presencial
6860,217,142,8.33,2026-03-03 02:19:00,presencial
6861,493,87,26.9,2026-03-03 02:28:00,presencial
6862,553,5,7.5,2026-03-03 02:32:00,online
6863,363,9,64.42,2026-03-03 02:39:00,online
6864,132,83,268.53,2026-03-03 02:50:00,presencial
6865,234,115,119.82,2026-03-03 03:05:00,online
6866,478,102,22.93,2026-03-03 03:11:00,online
6867,360,60,77.94,2026-03-03 03:14:00,presencial
6868,122,131,65.62,2026-03-03 03:17:00,presencial
6869,172,123,57.77,2026-03-03 03:19:00,online
6870,119,69,10.66,2026-03-03 03:20:00,presencial
6871,282,66,189.93,2026-03-03 03:26:00,presencial
6872,268,89,12.23,2026-03-03 03:34:00,presencial
6873,326,149,29.86,2026-03-03 03:39:00,presencial
6874,567,118,128.39,2026-03-03 03:59:00,presencial
6875,391,26,29.64,2026-03-03 04:31:00,presencial
6876,352,185,48.78,2026-03-03 04:37:00,presencial
6877,220,41,50.99,2026-03-03 04:48:00,presencial
6878,382,135,48.06,2026-03-03 05:01:00,presencial
6879,574,4,50.73,2026-03-03 05:03:00,presencial
6880,6,51,56.56,2026-03-03 05:20:00,presencial
6881,210,113,48.53,2026-03-03 05:24:00,online
6882,34,170,16.69,2026-03-03 05:24:00,online
6883,123,113,8.13,2026-03-03 05:54:00,presencial
6884,41,12,134.01,2026-03-03 06:05:00,presencial
6885,356,192,140.91,2026-03-03 06:10:00,presencial
6886,492,55,64.79,2026-03-03 06:17:00,presencial
6887,565,73,64.2,2026-03-03 06:17:00,presencial
6888,143,22,16.33,2026-03-03 06:22:00,online
6889,420,140,3.06,2026-03-03 06:30:00,online
6890,198,90,34.0,2026-03-03 06:41:00,presencial
6891,190,44,5.55,2026-03-03 07:14:00,presencial
6892,366,128,54.75,2026-03-03 07:16:00,online
6893,408,40,187.67,2026-03-03 07:17:00,presencial
6894,351,107,22.7,2026-03-03 07:30:00,online
6895,60,133,24.18,2026-03-03 07:32:00,online
6896,247,163,14.78,2026-03-03 07:51:00,online
6897,172,139,46.93,2026-03-03 08:02:00,online
6898,3,114,43.1,2026-03-03 08:38:00,presencial
6899,25,7,14.57,2026-03-03 08:43:00,online
6900,270,47,121.98,2026-03-03 08:52:00,presencial
6901,61,116,873.59,2026-03-03 09:28:00,online
6902,444,108,165.48,2026-03-03 09:33:00,presencial
6903,34,107,39.58,2026-03-03 09:40:00,online
6904,142,148,39.06,2026-03-03 09:50:00,presencial
6905,592,181,25.41,2026-03-03 10:09:00,presencial
6906,426,101,24.84,2026-03-03 10:18:00,presencial
6907,335,27,128.25,2026-03-03 10:38:00,presencial
6908,10,89,134.54,2026-03-03 10:41:00,presencial
6909,27,51,12.35,2026-03-03 10:45:00,presencial
6910,545,106,66.88,2026-03-03 10:47:00,online
6911,480,118,151.75,2026-03-03 10:54:00,online
6912,571,110,30.41,2026-03-03 11:01:00,presencial
6913,485,117,35.42,2026-03-03 11:22:00,online
6914,2,63,96.12,2026-03-03 11:26:00,presencial
6915,484,36,99.17,2026-03-03 11:30:00,online
6916,275,171,71.66,2026-03-03 12:05:00,presencial
6917,416,81,59.12,2026-03-03 12:09:00,presencial
6918,249,42,68.54,2026-03-03 12:37:00,online
6919,433,200,32.93,2026-03-03 12:49:00,online
6920,506,7,13.07,2026-03-03 13:01:00,presencial
6921,585,70,8.07,2026-03-03 13:16:00,presencial
6922,325,149,86.07,2026-03-03 13:25:00,online
6923,168,83,50.35,2026-03-03 13:25:00,presencial
6924,367,169,73.78,2026-03-03 14:19:00,presencial
6925,300,72,17.96,2026-03-03 14:23:00,presencial
6926,122,129,50.04,2026-03-03 14:23:00,presencial
6927,435,86,48.74,2026-03-03 14:29:00,online
6928,47,94,182.53,2026-03-03 14:30:00,online
6929,242,100,114.08,2026-03-03 14:33:00,presencial
6930,416,196,19.81,2026-03-03 14:36:00,online
6931,553,152,77.87,2026-03-03 14:48:00,presencial
6932,373,75,19.66,2026-03-03 15:00:00,presencial
6933,588,84,2.52,2026-03-03 15:11:00,presencial
6934,500,82,298.43,2026-03-03 15:11:00,presencial
6935,142,148,29.59,2026-03-03 15:19:00,online
6936,507,119,140.25,2026-03-03 15:50:00,online
6937,202,107,21.6,2026-03-03 16:02:00,presencial
6938,379,87,18.39,2026-03-03 16:12:00,online
6939,121,80,24.5,2026-03-03 16:14:00,presencial
6940,324,112,59.02,2026-03-03 16:15:00,presencial
6941,408,167,54.26,2026-03-03 16:22:00,presencial
6942,549,194,77.28,2026-03-03 16:24:00,presencial
6943,567,13,25.89,2026-03-03 16:31:00,online
6944,481,48,46.73,2026-03-03 16:36:00,online
6945,336,138,17.68,2026-03-03 17:00:00,online
6946,530,30,225.03,2026-03-03 17:13:00,online
6947,64,123,10.53,2026-03-03 17:25:00,online
6948,598,85,18.1,2026-03-03 18:02:00,presencial
6949,123,39,28.06,2026-03-03 18:06:00,online
6950,243,101,618.83,2026-03-03 18:09:00,presencial
6951,545,102,103.91,2026-03-03 18:21:00,presencial
6952,431,143,17.48,2026-03-03 18:33:00,online
6953,510,166,110.43,2026-03-03 18:49:00,presencial
6954,413,192,78.84,2026-03-03 18:53:00,presencial
6955,361,88,60.41,2026-03-03 19:00:00,presencial
6956,105,138,96.1,2026-03-03 19:02:00,presencial
6957,598,158,47.65,2026-03-03 19:09:00,online
6958,382,198,53.94,2026-03-03 19:17:00,online
6959,401,131,8.1,2026-03-03 19:30:00,presencial
6960,257,50,218.64,2026-03-03 19:36:00,online
6961,572,69,27.32,2026-03-03 19:55:00,presencial
6962,271,42,11.46,2026-03-03 20:33:00,online
6963,115,40,25.67,2026-03-03 20:38:00,online
6964,109,62,26.83,2026-03-03 20:39:00,online
6965,420,100,18.52,2026-03-03 20:39:00,presencial
6966,447,158,105.15,2026-03-03 20:42:00,presencial
6967,124,59,130.53,2026-03-03 20:49:00,online
6968,419,38,5.18,2026-03-03 21:14:00,online
6969,599,26,25.37,2026-03-03 21:16:00,presencial
6970,320,40,27.46,2026-03-03 21:17:00,online
6971,583,87,36.99,2026-03-03 21:17:00,presencial
6972,95,83,292.06,2026-03-03 21:18:00,online
6973,242,80,18.27,2026-03-03 21:23:00,online
6974,335,64,249.3,2026-03-03 21:41:00,presencial
6975,215,91,38.06,2026-03-03 21:58:00,presencial
6976,61,130,251.87,2026-03-03 22:00:00,online
6977,275,9,31.75,2026-03-03 22:14:00,online
6978,204,179,27.91,2026-03-03 22:41:00,presencial
6979,123,62,43.6,2026-03-03 22:45:00,online
6980,224,28,185.21,2026-03-03 23:11:00,online
6981,251,35,53.2,2026-03-03 23:31:00,presencial
6982,531,110,56.27,2026-03-03 23:56:00,presencial
6983,295,105,90.05,2026-03-04 00:08:00,online
6984,250,18,16.98,2026-03-04 00:11:00,presencial
6985,234,100,64.74,2026-03-04 00:13:00,online
6986,360,45,22.4,2026-03-04 00:15:00,presencial
6987,166,183,225.52,2026-03-04 00:34:00,presencial
6988,525,62,70.85,2026-03-04 00:50:00,online
6989,252,200,95.77,2026-03-04 00:53:00,online
6990,256,116,4.74,2026-03-04 01:23:00,presencial
6991,39,193,97.26,2026-03-04 01:25:00,presencial
6992,531,111,36.77,2026-03-04 01:30:00,online
6993,283,26,9.2,2026-03-04 01:40:00,online
6994,82,129,49.62,2026-03-04 01:49:00,presencial
6995,103,96,8.41,2026-03-04 01:50:00,presencial
6996,219,164,87.54,2026-03-04 01:59:00,online
6997,469,79,216.45,2026-03-04 02:11:00,online
6998,57,38,6.24,2026-03-04 02:12:00,online
6999,73,23,43.25,2026-03-04 02:23:00,online
7000,337,149,37.29,2026-03-04 02:31:00,online
7001,300,47,5.01,2026-03-04 02:42:00,online
7002,575,134,122.51,2026-03-04 02:47:00,presencial
7003,452,27,88.97,2026-03-04 02:49:00,presencial
7004,395,16,415.17,2026-03-04 03:36:00,online
7005,202,143,77.15,2026-03-04 03:39:00,presencial
7006,376,69,17.0,2026-03-04 04:03:00,presencial
7007,351,114,78.71,2026-03-04 04:26:00,presencial
7008,167,6,183.7,2026-03-04 04:43:00,online
7009,223,38,26.81,2026-03-04 04:54:00,online
7010,559,19,114.17,2026-03-04 05:07:00,presencial
7011,323,56,3.35,2026-03-04 05:18:00,online
7012,283,57,226.46,2026-03-04 05:24:00,online
7013,478,75,107.82,2026-03-04 05:33:00,online
7014,161,49,2.72,2026-03-04 06:04:00,online
7015,132,92,68.1,2026-03-04 06:05:00,online
7016,593,181,5.03,2026-03-04 06:09:00,presencial
7017,482,18,22.82,2026-03-04 06:09:00,online
7018,254,179,94.33,2026-03-04 06:21:00,online
7019,568,83,38.49,2026-03-04 06:40:00,online
7020,223,116,178.09,2026-03-04 06:43:00,online
7021,406,135,47.95,2026-03-04 06:46:00,online
7022,21,148,42.9,2026-03-04 06:59:00,online
7023,419,189,149.66,2026-03-04 07:09:00,presencial
7024,107,200,30.83,2026-03-04 07:28:00,presencial
7025,145,20,43.48,2026-03-04 07:38:00,presencial
7026,486,83,50.27,2026-03-04 08:13:00,presencial
7027,124,108,41.5,2026-03-04 08:23:00,presencial
7028,290,105,160.17,2026-03-04 08:28:00,online
7029,553,199,21.47,2026-03-04 08:52:00,online
7030,573,131,17.93,2026-03-04 09:12:00,online
7031,267,81,13.9,2026-03-04 09:19:00,online
7032,51,185,4.24,2026-03-04 09:43:00,presencial
7033,173,147,228.63,2026-03-04 09:58:00,online
7034,370,160,16.6,2026-03-04 09:58:00,online
7035,203,126,34.38,2026-03-04 10:49:00,online
7036,432,13,248.09,2026-03-04 10:52:00,presencial
7037,596,195,38.24,2026-03-04 11:07:00,online
7038,373,143,78.72,2026-03-04 11:10:00,presencial
7039,375,30,9.37,2026-03-04 11:20:00,presencial
7040,318,51,208.14,2026-03-04 11:36:00,presencial
7041,112,69,39.1,2026-03-04 12:00:00,online
7042,347,51,14.58,2026-03-04 13:52:00,online
7043,560,125,14.57,2026-03-04 13:56:00,online
7044,414,110,286.85,2026-03-04 13:57:00,presencial
7045,452,43,23.46,2026-03-04 13:57:00,presencial
7046,518,140,14.94,2026-03-04 14:47:00,online
7047,233,58,27.76,2026-03-04 14:48:00,online
7048,202,32,46.99,2026-03-04 14:50:00,online
7049,582,192,52.83,2026-03-04 14:55:00,online
7050,276,63,72.88,2026-03-04 14:56:00,presencial
7051,441,47,57.87,2026-03-04 15:24:00,presencial
7052,382,144,91.09,2026-03-04 15:28:00,presencial
7053,75,153,33.11,2026-03-04 15:45:00,presencial
7054,189,31,436.77,2026-03-04 15:53:00,presencial
7055,196,12,26.12,2026-03-04 16:12:00,presencial
7056,108,170,197.87,2026-03-04 16:16:00,online
7057,468,101,23.13,2026-03-04 16:18:00,online
7058,580,92,9.29,2026-03-04 16:19:00,presencial
7059,580,85,7.14,2026-03-04 16:33:00,online
7060,117,118,62.45,2026-03-04 16:49:00,presencial
7061,270,135,160.48,2026-03-04 16:58:00,online
7062,140,17,12.6,2026-03-04 16:59:00,presencial
7063,38,54,17.03,2026-03-04 17:25:00,presencial
7064,372,191,68.36,2026-03-04 17:32:00,online
7065,516,34,44.58,2026-03-04 17:33:00,presencial
7066,47,182,23.47,2026-03-04 17:38:00,online
7067,386,81,10.94,2026-03-04 18:03:00,online
7068,21,39,62.8,2026-03-04 18:31:00,presencial
7069,506,119,91.67,2026-03-04 18:33:00,online
7070,39,133,76.78,2026-03-04 19:04:00,presencial
7071,262,70,46.02,2026-03-04 19:07:00,presencial
7072,74,159,14.0,2026-03-04 19:34:00,online
7073,248,13,63.18,2026-03-04 19:41:00,online
7074,258,25,58.2,2026-03-04 19:41:00,presencial
7075,324,125,10.54,2026-03-04 19:41:00,presencial
7076,498,116,32.05,2026-03-04 20:02:00,presencial
7077,598,140,66.89,2026-03-04 20:50:00,online
7078,206,171,41.01,2026-03-04 20:57:00,online
7079,554,187,5.17,2026-03-04 20:59:00,online
7080,257,102,22.1,2026-03-04 21:04:00,online
7081,71,101,20.54,2026-03-04 21:12:00,presencial
7082,361,185,82.7,2026-03-04 21:13:00,online
7083,434,193,779.16,2026-03-04 21:23:00,presencial
7084,182,10,51.8,2026-03-04 21:34:00,presencial
7085,354,102,11.97,2026-03-04 22:06:00,presencial
7086,260,184,37.47,2026-03-04 22:14:00,presencial
7087,88,11,45.23,2026-03-04 22:15:00,online
7088,232,196,102.75,2026-03-04 22:35:00,online
7089,257,150,175.27,2026-03-04 22:36:00,presencial
7090,206,32,206.46,2026-03-04 22:57:00,presencial
7091,550,129,80.72,2026-03-04 23:06:00,online
7092,234,87,44.66,2026-03-04 23:18:00,presencial
7093,376,67,228.55,2026-03-04 23:33:00,presencial
7094,7,125,30.5,2026-03-04 23:48:00,online
7095,188,148,47.46,2026-03-04 23:56:00,online
7096,532,179,34.2,2026-03-04 23:59:00,online
7097,536,84,4.29,2026-03-05 00:04:00,online
7098,587,32,181.08,2026-03-05 00:11:00,online
7099,35,173,93.98,2026-03-05 00:32:00,presencial
7100,518,67,3.3,2026-03-05 00:36:00,presencial
7101,161,152,134.55,2026-03-05 00:46:00,presencial
7102,4,160,32.02,2026-03-05 00:47:00,presencial
7103,56,12,132.61,2026-03-05 00:51:00,online
7104,451,83,48.59,2026-03-05 00:51:00,presencial
7105,356,17,10.04,2026-03-05 00:59:00,presencial
7106,344,121,46.02,2026-03-05 01:15:00,presencial
7107,530,159,16.64,2026-03-05 01:17:00,online
7108,57,113,11.64,2026-03-05 01:32:00,presencial
7109,50,65,116.02,2026-03-05 01:35:00,presencial
7110,560,195,68.77,2026-03-05 01:48:00,online
7111,364,18,232.14,2026-03-05 01:50:00,presencial
7112,466,29,28.97,2026-03-05 02:10:00,presencial
7113,315,74,15.5,2026-03-05 02:14:00,presencial
7114,88,190,90.26,2026-03-05 02:24:00,online
7115,314,179,17.87,2026-03-05 02:35:00,presencial
7116,579,113,31.78,2026-03-05 03:10:00,presencial
7117,71,191,79.65,2026-03-05 03:28:00,presencial
7118,76,181,38.92,2026-03-05 04:19:00,online
7119,208,118,26.11,2026-03-05 04:19:00,presencial
7120,273,24,9.56,2026-03-05 05:10:00,presencial
7121,378,180,125.28,2026-03-05 05:16:00,presencial
7122,96,129,29.81,2026-03-05 05:49:00,online
7123,561,29,88.23,2026-03-05 05:49:00,presencial
7124,91,169,76.29,2026-03-05 06:05:00,presencial
7125,121,80,148.47,2026-03-05 06:13:00,presencial
7126,581,158,34.5,2026-03-05 06:23:00,online
7127,226,53,30.49,2026-03-05 06:44:00,presencial
7128,344,2,13.21,2026-03-05 07:02:00,presencial
7129,261,91,24.61,2026-03-05 07:21:00,presencial
7130,156,91,65.06,2026-03-05 07:46:00,online
7131,305,173,18.2,2026-03-05 07:46:00,online
7132,466,24,63.27,2026-03-05 08:20:00,online
7133,7,183,224.53,2026-03-05 08:46:00,presencial
7134,526,31,27.39,2026-03-05 08:48:00,presencial
7135,111,187,10.53,2026-03-05 08:48:00,online
7136,551,142,28.37,2026-03-05 08:51:00,presencial
7137,578,72,9.35,2026-03-05 08:59:00,presencial
7138,560,192,193.96,2026-03-05 09:09:00,presencial
7139,391,72,49.07,2026-03-05 09:11:00,online
7140,544,127,20.06,2026-03-05 09:12:00,online
7141,516,4,24.15,2026-03-05 09:22:00,presencial
7142,384,21,12.18,2026-03-05 09:33:00,online
7143,536,71,135.95,2026-03-05 09:50:00,online
7144,206,49,337.28,2026-03-05 09:51:00,presencial
7145,501,46,8.64,2026-03-05 09:53:00,presencial
7146,556,76,140.83,2026-03-05 10:16:00,online
7147,382,122,34.11,2026-03-05 11:07:00,presencial
7148,74,26,180.23,2026-03-05 11:26:00,presencial
7149,129,151,5.95,2026-03-05 11:37:00,presencial
7150,102,170,57.28,2026-03-05 11:48:00,presencial
7151,320,168,28.54,2026-03-05 11:51:00,online
7152,261,39,92.3,2026-03-05 12:06:00,presencial
7153,497,177,47.81,2026-03-05 12:08:00,online
7154,171,26,45.81,2026-03-05 12:11:00,presencial
7155,100,22,39.78,2026-03-05 12:13:00,presencial
7156,370,146,249.27,2026-03-05 13:03:00,presencial
7157,84,153,36.87,2026-03-05 13:35:00,presencial
7158,544,26,115.67,2026-03-05 13:46:00,presencial
7159,49,84,89.24,2026-03-05 13:47:00,presencial
7160,295,83,118.83,2026-03-05 13:58:00,presencial
7161,570,145,14.64,2026-03-05 14:02:00,presencial
7162,333,104,97.31,2026-03-05 14:12:00,online
7163,485,121,64.75,2026-03-05 14:25:00,online
7164,254,17,12.08,2026-03-05 14:43:00,presencial
7165,453,196,35.39,2026-03-05 14:53:00,presencial
7166,425,112,557.64,2026-03-05 15:00:00,online
7167,309,134,29.05,2026-03-05 15:43:00,presencial
7168,61,97,29.83,2026-03-05 16:40:00,presencial
7169,583,50,73.39,2026-03-05 17:18:00,presencial
7170,30,134,24.66,2026-03-05 17:57:00,presencial
7171,215,58,52.17,2026-03-05 17:59:00,online
7172,385,44,27.28,2026-03-05 18:13:00,presencial
7173,462,111,69.59,2026-03-05 18:15:00,presencial
7174,321,72,41.76,2026-03-05 18:21:00,presencial
7175,241,179,382.68,2026-03-05 18:51:00,presencial
7176,245,132,47.02,2026-03-05 19:29:00,online
7177,586,75,34.99,2026-03-05 19:40:00,presencial
7178,201,8,138.71,2026-03-05 20:06:00,presencial
7179,513,69,9.68,2026-03-05 20:17:00,online
7180,32,24,287.41,2026-03-05 20:22:00,online
7181,396,44,15.07,2026-03-05 20:24:00,online
7182,409,57,165.95,2026-03-05 20:24:00,presencial
7183,406,131,221.91,2026-03-05 20:42:00,online
7184,253,22,25.07,2026-03-05 20:44:00,presencial
7185,415,33,27.86,2026-03-05 20:49:00,presencial
7186,268,8,39.64,2026-03-05 20:51:00,online
7187,357,184,88.56,2026-03-05 20:55:00,presencial
7188,537,198,14.91,2026-03-05 20:59:00,presencial
7189,404,60,39.64,2026-03-05 21:13:00,presencial
7190,443,92,31.67,2026-03-05 21:33:00,presencial
7191,582,61,12.6,2026-03-05 21:48:00,online
7192,132,107,14.16,2026-03-05 21:51:00,presencial
7193,353,111,51.47,2026-03-05 22:18:00,presencial
7194,395,51,50.48,2026-03-05 22:22:00,online
7195,418,129,19.29,2026-03-05 22:26:00,presencial
7196,80,2,48.77,2026-03-05 22:28:00,presencial
7197,457,129,21.94,2026-03-05 22:32:00,presencial
7198,117,151,188.26,2026-03-05 22:48:00,presencial
7199,246,11,39.91,2026-03-05 23:03:00,online
7200,429,145,149.5,2026-03-05 23:04:00,online
7201,158,148,6.95,2026-03-05 23:09:00,presencial
7202,76,195,63.75,2026-03-05 23:10:00,presencial
7203,406,162,86.12,2026-03-05 23:18:00,online
7204,169,5,38.41,2026-03-05 23:42:00,online
7205,496,17,24.71,2026-03-05 23:49:00,presencial
7206,539,28,37.74,2026-03-05 23:50:00,online
7207,210,117,101.16,2026-03-05 23:56:00,presencial
7208,443,143,11.8,2026-03-05 23:56:00,online
7209,135,132,96.6,2026-03-06 01:03:00,presencial
7210,558,67,63.45,2026-03-06 01:41:00,presencial
7211,148,41,33.55,2026-03-06 02:01:00,presencial
7212,530,13,35.17,2026-03-06 02:39:00,presencial
7213,472,75,47.85,2026-03-06 02:43:00,presencial
7214,188,61,277.13,2026-03-06 03:13:00,online
7215,495,61,65.55,2026-03-06 03:17:00,presencial
7216,380,18,15.85,2026-03-06 03:18:00,presencial
7217,402,59,27.69,2026-03-06 03:52:00,presencial
7218,228,168,12.69,2026-03-06 04:19:00,presencial
7219,141,49,5.59,2026-03-06 04:26:00,online
7220,419,176,12.45,2026-03-06 04:36:00,online
7221,32,18,51.01,2026-03-06 04:54:00,presencial
7222,210,128,181.52,2026-03-06 05:08:00,presencial
7223,85,22,133.67,2026-03-06 05:16:00,presencial
7224,1,78,12.54,2026-03-06 05:20:00,presencial
7225,5,191,18.59,2026-03-06 05:29:00,online
7226,57,154,15.92,2026-03-06 05:41:00,presencial
7227,564,103,2.61,2026-03-06 05:44:00,online
7228,463,127,37.17,2026-03-06 05:46:00,online
7229,594,133,108.16,2026-03-06 05:46:00,presencial
7230,51,159,33.86,2026-03-06 06:00:00,presencial
7231,599,119,11.08,2026-03-06 06:13:00,presencial
7232,360,103,17.64,2026-03-06 06:18:00,online
7233,477,16,31.13,2026-03-06 06:40:00,presencial
7234,515,192,104.3,2026-03-06 06:44:00,online
7235,158,114,36.56,2026-03-06 07:34:00,presencial
7236,445,59,89.87,2026-03-06 07:46:00,presencial
7237,389,27,40.88,2026-03-06 07:50:00,presencial
7238,249,121,58.0,2026-03-06 07:50:00,presencial
7239,296,157,15.89,2026-03-06 08:20:00,presencial
7240,126,162,21.02,2026-03-06 08:49:00,online
7241,112,178,11.23,2026-03-06 09:10:00,presencial
7242,554,179,86.65,2026-03-06 09:11:00,presencial
7243,439,125,32.45,2026-03-06 09:24:00,online
7244,340,190,0.85,2026-03-06 09:27:00,online
7245,417,15,75.89,2026-03-06 09:29:00,presencial
7246,244,80,130.52,2026-03-06 09:31:00,online
7247,150,97,18.3,2026-03-06 09:40:00,presencial
7248,566,140,75.82,2026-03-06 09:44:00,presencial
7249,594,60,35.49,2026-03-06 10:28:00,online
7250,130,59,4.35,2026-03-06 10:40:00,online
7251,482,181,383.09,2026-03-06 10:45:00,online
7252,266,130,35.73,2026-03-06 10:50:00,online
7253,425,128,55.79,2026-03-06 11:20:00,online
7254,66,37,22.49,2026-03-06 11:34:00,presencial
7255,288,101,32.3,2026-03-06 11:41:00,presencial
7256,75,85,53.4,2026-03-06 12:16:00,online
7257,489,125,14.2,2026-03-06 12:19:00,presencial
7258,240,185,288.12,2026-03-06 12:25:00,online
7259,159,56,112.39,2026-03-06 12:31:00,presencial
7260,420,163,78.93,2026-03-06 12:42:00,presencial
7261,573,127,38.25,2026-03-06 12:44:00,presencial
7262,204,100,19.35,2026-03-06 13:20:00,online
7263,431,191,138.81,2026-03-06 13:27:00,online
7264,414,30,87.51,2026-03-06 13:28:00,presencial
7265,294,136,28.81,2026-03-06 13:59:00,presencial
7266,484,80,13.56,2026-03-06 14:12:00,presencial
7267,77,137,7.9,2026-03-06 14:45:00,presencial
7268,527,28,46.13,2026-03-06 14:54:00,presencial
7269,243,148,33.99,2026-03-06 14:56:00,presencial
7270,27,14,164.71,2026-03-06 15:06:00,online
7271,594,70,133.14,2026-03-06 15:40:00,presencial
7272,465,182,46.66,2026-03-06 15:45:00,presencial
7273,490,127,40.89,2026-03-06 15:48:00,presencial
7274,89,99,12.59,2026-03-06 16:04:00,online
7275,451,67,143.61,2026-03-06 16:10:00,presencial
7276,419,18,42.0,2026-03-06 16:20:00,presencial
7277,542,23,86.99,2026-03-06 16:21:00,presencial
7278,223,144,163.12,2026-03-06 16:30:00,presencial
7279,557,55,23.99,2026-03-06 16:55:00,online
7280,425,15,17.98,2026-03-06 16:59:00,online
7281,153,88,675.58,2026-03-06 17:16:00,online
7282,129,80,85.96,2026-03-06 17:41:00,presencial
7283,542,192,32.9,2026-03-06 17:44:00,presencial
7284,387,47,174.84,2026-03-06 17:45:00,presencial
7285,71,54,31.85,2026-03-06 17:57:00,online
7286,76,33,63.95,2026-03-06 17:58:00,online
7287,497,38,23.93,2026-03-06 18:04:00,online
7288,102,107,43.87,2026-03-06 18:09:00,online
7289,132,45,33.07,2026-03-06 18:17:00,online
7290,369,144,19.55,2026-03-06 18:21:00,presencial
7291,519,164,58.39,2026-03-06 18:24:00,online
7292,203,98,22.14,2026-03-06 18:28:00,presencial
7293,400,48,84.23,2026-03-06 18:47:00,presencial
7294,423,165,31.98,2026-03-06 18:51:00,online
7295,361,194,6.74,2026-03-06 18:54:00,presencial
7296,412,184,88.49,2026-03-06 19:08:00,presencial
7297,137,185,90.14,2026-03-06 19:10:00,presencial
7298,373,162,533.21,2026-03-06 19:10:00,online
7299,3,148,45.58,2026-03-06 19:25:00,presencial
7300,439,192,54.69,2026-03-06 19:46:00,presencial
7301,476,68,75.68,2026-03-06 19:57:00,presencial
7302,477,186,137.23,2026-03-06 19:59:00,presencial
7303,18,5,128.11,2026-03-06 20:05:00,presencial
7304,547,167,63.48,2026-03-06 20:50:00,online
7305,261,67,43.11,2026-03-06 20:53:00,presencial
7306,49,59,112.95,2026-03-06 21:17:00,presencial
7307,321,136,41.18,2026-03-06 21:35:00,online
7308,343,35,10.83,2026-03-06 21:35:00,presencial
7309,242,199,8.57,2026-03-06 21:38:00,online
7310,450,146,32.38,2026-03-06 21:44:00,presencial
7311,327,4,51.01,2026-03-06 21:52:00,presencial
7312,131,170,678.06,2026-03-06 21:54:00,online
7313,373,22,39.17,2026-03-06 21:58:00,online
7314,159,165,47.05,2026-03-06 22:02:00,online
7315,72,163,28.65,2026-03-06 22:28:00,online
7316,161,129,88.3,2026-03-06 22:42:00,presencial
7317,544,121,60.85,2026-03-06 22:47:00,presencial
7318,344,166,22.15,2026-03-06 23:02:00,online
7319,191,171,14.69,2026-03-06 23:06:00,online
7320,220,142,28.71,2026-03-06 23:25:00,presencial
7321,516,35,17.68,2026-03-06 23:30:00,presencial
7322,400,134,34.66,2026-03-07 00:02:00,presencial
7323,465,41,52.23,2026-03-07 00:05:00,online
7324,367,10,25.76,2026-03-07 00:16:00,online
7325,596,31,221.4,2026-03-07 00:19:00,presencial
7326,395,93,160.03,2026-03-07 00:31:00,presencial
7327,241,193,34.73,2026-03-07 00:42:00,online
7328,152,7,15.48,2026-03-07 00:48:00,presencial
7329,28,15,43.26,2026-03-07 01:08:00,online
7330,461,19,38.59,2026-03-07 01:20:00,online
7331,560,39,41.72,2026-03-07 01:58:00,online
7332,399,109,28.85,2026-03-07 02:06:00,presencial
7333,293,165,14.09,2026-03-07 02:06:00,online
7334,79,10,46.45,2026-03-07 02:24:00,presencial
7335,387,161,30.39,2026-03-07 02:28:00,presencial
7336,121,183,33.51,2026-03-07 03:31:00,presencial
7337,374,16,49.57,2026-03-07 03:40:00,presencial
7338,181,91,41.42,2026-03-07 03:58:00,presencial
7339,520,163,48.4,2026-03-07 04:00:00,presencial
7340,562,140,28.88,2026-03-07 04:22:00,presencial
7341,141,38,66.43,2026-03-07 04:26:00,online
7342,196,30,20.3,2026-03-07 04:35:00,online
7343,554,90,13.51,2026-03-07 04:38:00,online
7344,12,170,16.79,2026-03-07 04:43:00,online
7345,310,190,21.23,2026-03-07 04:52:00,presencial
7346,85,96,10.84,2026-03-07 05:14:00,presencial
7347,260,106,6.95,2026-03-07 05:53:00,presencial
7348,20,112,77.77,2026-03-07 06:04:00,presencial
7349,85,99,181.57,2026-03-07 06:09:00,online
7350,242,130,82.56,2026-03-07 06:16:00,online
7351,37,55,26.27,2026-03-07 06:42:00,presencial
7352,479,108,6.77,2026-03-07 06:43:00,presencial
7353,347,123,55.21,2026-03-07 06:48:00,presencial
7354,271,113,7.63,2026-03-07 06:53:00,online
7355,284,195,40.64,2026-03-07 07:03:00,presencial
7356,504,149,18.55,2026-03-07 07:08:00,presencial
7357,508,147,3.64,2026-03-07 07:18:00,presencial
7358,29,162,227.83,2026-03-07 07:25:00,presencial
7359,412,106,11.23,2026-03-07 09:11:00,online
7360,282,62,30.22,2026-03-07 09:43:00,online
7361,470,108,38.79,2026-03-07 09:45:00,online
7362,473,185,26.64,2026-03-07 10:10:00,online
7363,425,176,74.52,2026-03-07 10:14:00,presencial
7364,405,71,19.79,2026-03-07 10:18:00,online
7365,128,97,68.04,2026-03-07 10:53:00,presencial
7366,512,55,63.46,2026-03-07 11:19:00,presencial
7367,421,3,9.82,2026-03-07 11:35:00,online
7368,165,63,57.94,2026-03-07 11:36:00,online
7369,140,21,14.02,2026-03-07 11:49:00,presencial
7370,301,72,12.4,2026-03-07 12:56:00,online
7371,206,11,61.54,2026-03-07 13:19:00,online
7372,407,64,28.53,2026-03-07 13:32:00,presencial
7373,244,143,67.37,2026-03-07 13:58:00,online
7374,102,169,68.03,2026-03-07 14:01:00,presencial
7375,238,178,9.29,2026-03-07 14:02:00,presencial
7376,490,113,100.96,2026-03-07 14:08:00,presencial
7377,499,110,61.16,2026-03-07 14:14:00,online
7378,187,194,23.45,2026-03-07 14:22:00,online
7379,478,112,38.5,2026-03-07 14:23:00,presencial
7380,56,17,104.17,2026-03-07 14:31:00,presencial
7381,591,188,31.45,2026-03-07 14:43:00,presencial
7382,460,123,457.96,2026-03-07 14:50:00,presencial
7383,25,134,230.39,2026-03-07 14:58:00,presencial
7384,424,20,50.83,2026-03-07 15:24:00,online
7385,297,94,34.79,2026-03-07 15:33:00,presencial
7386,531,92,36.48,2026-03-07 15:34:00,online
7387,144,163,23.09,2026-03-07 15:42:00,online
7388,536,77,51.3,2026-03-07 15:52:00,presencial
7389,523,69,95.23,2026-03-07 16:04:00,online
7390,168,137,10.13,2026-03-07 16:05:00,online
7391,260,4,90.65,2026-03-07 16:13:00,presencial
7392,385,150,124.82,2026-03-07 16:37:00,presencial
7393,145,2,83.88,2026-03-07 16:43:00,online
7394,600,48,38.75,2026-03-07 17:00:00,online
7395,115,100,80.13,2026-03-07 17:24:00,online
7396,147,39,186.65,2026-03-07 17:35:00,presencial
7397,301,8,41.93,2026-03-07 17:46:00,online
7398,284,84,45.88,2026-03-07 17:51:00,presencial
7399,31,142,466.75,2026-03-07 18:16:00,presencial
7400,547,49,62.68,2026-03-07 18:39:00,presencial
7401,145,55,14.76,2026-03-07 18:56:00,online
7402,62,136,116.78,2026-03-07 18:58:00,presencial
7403,312,190,69.56,2026-03-07 19:45:00,presencial
7404,557,104,21.74,2026-03-07 20:12:00,online
7405,2,112,13.27,2026-03-07 20:30:00,presencial
7406,293,166,58.12,2026-03-07 20:48:00,presencial
7407,547,14,41.84,2026-03-07 21:06:00,presencial
7408,536,197,11.37,2026-03-07 21:25:00,online
7409,103,96,40.56,2026-03-07 21:34:00,presencial
7410,373,76,37.84,2026-03-07 21:47:00,online
7411,502,124,41.74,2026-03-07 21:56:00,online
7412,403,183,76.76,2026-03-07 21:58:00,online
7413,395,188,6.44,2026-03-07 22:03:00,presencial
7414,464,156,13.15,2026-03-07 22:34:00,online
7415,272,97,26.16,2026-03-07 22:43:00,online
7416,41,30,192.25,2026-03-07 22:52:00,online
7417,384,39,604.6,2026-03-07 22:56:00,online
7418,377,168,44.94,2026-03-07 23:05:00,online
7419,511,26,47.0,2026-03-07 23:12:00,presencial
7420,555,97,3.04,2026-03-07 23:37:00,presencial
7421,203,82,120.89,2026-03-08 00:05:00,presencial
7422,574,142,73.3,2026-03-08 00:11:00,presencial
7423,6,69,61.04,2026-03-08 00:14:00,online
7424,581,141,11.35,2026-03-08 00:19:00,presencial
7425,83,102,394.6,2026-03-08 00:39:00,presencial
7426,388,178,238.08,2026-03-08 00:47:00,presencial
7427,410,38,61.79,2026-03-08 00:54:00,online
7428,380,153,133.11,2026-03-08 01:18:00,presencial
7429,595,145,47.29,2026-03-08 01:30:00,online
7430,332,165,110.3,2026-03-08 02:59:00,online
7431,79,99,10.61,2026-03-08 03:21:00,presencial
7432,365,65,3.67,2026-03-08 03:30:00,presencial
7433,175,104,11.06,2026-03-08 03:38:00,presencial
7434,368,195,18.41,2026-03-08 03:55:00,presencial
7435,229,39,22.02,2026-03-08 03:59:00,presencial
7436,26,133,73.18,2026-03-08 04:07:00,presencial
7437,383,45,33.68,2026-03-08 04:31:00,presencial
7438,54,155,43.31,2026-03-08 04:38:00,presencial
7439,197,85,12.15,2026-03-08 04:41:00,online
7440,372,172,11.04,2026-03-08 05:08:00,online
7441,529,33,46.77,2026-03-08 05:20:00,online
7442,189,25,24.62,2026-03-08 05:25:00,online
7443,180,191,44.93,2026-03-08 05:48:00,online
7444,181,68,81.36,2026-03-08 06:09:00,online
7445,346,17,271.36,2026-03-08 06:21:00,presencial
7446,117,168,43.71,2026-03-08 06:42:00,presencial
7447,317,83,328.55,2026-03-08 06:45:00,presencial
7448,481,185,69.89,2026-03-08 06:48:00,presencial
7449,49,88,95.44,2026-03-08 07:14:00,online
7450,579,152,142.36,2026-03-08 07:21:00,presencial
7451,320,116,98.66,2026-03-08 07:25:00,online
7452,377,97,18.51,2026-03-08 07:30:00,online
7453,371,98,147.14,2026-03-08 07:46:00,presencial
7454,568,51,29.62,2026-03-08 08:04:00,presencial
7455,399,148,62.29,2026-03-08 08:26:00,presencial
7456,531,106,51.74,2026-03-08 08:27:00,online
7457,172,1,157.36,2026-03-08 08:35:00,online
7458,131,80,68.88,2026-03-08 08:43:00,online
7459,387,82,9.73,2026-03-08 08:56:00,presencial
7460,93,178,446.22,2026-03-08 09:00:00,online
7461,67,86,111.99,2026-03-08 09:24:00,presencial
7462,127,114,24.4,2026-03-08 09:33:00,presencial
7463,163,17,12.79,2026-03-08 10:00:00,online
7464,58,79,127.0,2026-03-08 10:01:00,online
7465,438,57,14.57,2026-03-08 10:41:00,online
7466,350,100,107.86,2026-03-08 10:54:00,presencial
7467,121,180,144.89,2026-03-08 10:55:00,presencial
7468,170,187,21.87,2026-03-08 11:15:00,presencial
7469,558,58,19.83,2026-03-08 11:30:00,presencial
7470,548,123,26.65,2026-03-08 11:33:00,online
7471,74,191,15.06,2026-03-08 11:45:00,presencial
7472,369,46,57.54,2026-03-08 11:54:00,presencial
7473,194,88,67.32,2026-03-08 12:06:00,presencial
7474,216,101,99.51,2026-03-08 12:16:00,presencial
7475,360,1,17.87,2026-03-08 12:26:00,presencial
7476,591,94,112.61,2026-03-08 12:32:00,presencial
7477,350,25,15.08,2026-03-08 12:53:00,presencial
7478,572,63,112.54,2026-03-08 13:20:00,presencial
7479,493,24,8.71,2026-03-08 13:36:00,presencial
7480,468,148,250.76,2026-03-08 14:08:00,presencial
7481,475,167,25.19,2026-03-08 14:13:00,presencial
7482,476,54,86.4,2026-03-08 14:14:00,presencial
7483,154,9,94.28,2026-03-08 14:19:00,online
7484,587,99,11.06,2026-03-08 14:36:00,presencial
7485,551,23,112.02,2026-03-08 14:48:00,online
7486,361,89,24.39,2026-03-08 15:02:00,online
7487,427,109,31.92,2026-03-08 15:23:00,online
7488,529,94,21.39,2026-03-08 15:41:00,online
7489,92,105,263.8,2026-03-08 15:48:00,online
7490,39,114,12.34,2026-03-08 15:53:00,presencial
7491,598,33,71.76,2026-03-08 15:54:00,presencial
7492,333,137,22.51,2026-03-08 15:59:00,online
7493,434,134,148.44,2026-03-08 16:12:00,presencial
7494,302,29,574.49,2026-03-08 16:20:00,online
7495,311,87,22.35,2026-03-08 16:30:00,presencial
7496,23,58,52.15,2026-03-08 16:35:00,presencial
7497,174,80,29.26,2026-03-08 16:55:00,online
7498,53,155,140.03,2026-03-08 16:58:00,online
7499,260,120,34.0,2026-03-08 17:05:00,presencial
7500,14,182,121.03,2026-03-08 17:06:00,presencial
7501,482,114,28.86,2026-03-08 17:14:00,online
7502,177,9,527.48,2026-03-08 17:23:00,online
7503,445,143,4.01,2026-03-08 17:35:00,presencial
7504,33,15,67.66,2026-03-08 18:01:00,online
7505,20,69,44.19,2026-03-08 18:11:00,presencial
7506,254,187,42.46,2026-03-08 18:20:00,presencial
7507,473,198,61.19,2026-03-08 18:22:00,presencial
7508,488,30,47.67,2026-03-08 18:24:00,presencial
7509,327,198,56.88,2026-03-08 18:26:00,presencial
7510,369,196,70.03,2026-03-08 18:52:00,presencial
7511,414,176,306.09,2026-03-08 19:16:00,online
7512,405,166,2.13,2026-03-08 19:29:00,presencial
7513,445,16,340.97,2026-03-08 19:45:00,presencial
7514,19,25,746.79,2026-03-08 19:48:00,presencial
7515,258,123,6.51,2026-03-08 19:55:00,online
7516,504,21,47.12,2026-03-08 20:40:00,online
7517,264,51,202.03,2026-03-08 20:45:00,online
7518,88,196,122.78,2026-03-08 20:53:00,presencial
7519,400,183,282.54,2026-03-08 20:56:00,presencial
7520,182,51,67.3,2026-03-08 21:03:00,presencial
7521,307,108,4.78,2026-03-08 21:12:00,online
7522,311,108,187.75,2026-03-08 21:25:00,online
7523,418,53,89.93,2026-03-08 21:29:00,online
7524,558,48,224.3,2026-03-08 21:47:00,online
7525,417,88,8.27,2026-03-08 23:01:00,presencial
7526,599,121,11.73,2026-03-08 23:03:00,presencial
7527,12,161,45.52,2026-03-08 23:10:00,presencial
7528,470,169,193.72,2026-03-08 23:22:00,presencial
7529,251,5,263.16,2026-03-08 23:23:00,online
7530,438,132,20.12,2026-03-08 23:41:00,presencial
7531,52,124,28.59,2026-03-08 23:49:00,online
7532,317,10,1052.75,2026-03-09 00:21:00,presencial
7533,18,167,24.34,2026-03-09 01:13:00,presencial
7534,400,120,93.96,2026-03-09 01:37:00,presencial
7535,130,144,27.19,2026-03-09 02:07:00,presencial
7536,87,133,75.36,2026-03-09 02:10:00,presencial
7537,48,67,17.24,2026-03-09 02:13:00,presencial
7538,162,41,17.79,2026-03-09 02:49:00,online
7539,576,76,29.73,2026-03-09 02:53:00,presencial
7540,591,153,24.54,2026-03-09 03:05:00,online
7541,49,128,31.99,2026-03-09 03:25:00,online
7542,588,126,79.71,2026-03-09 03:29:00,presencial
7543,353,27,357.6,2026-03-09 03:37:00,online
7544,194,2,23.35,2026-03-09 04:19:00,online
7545,566,134,15.07,2026-03-09 04:30:00,online
7546,145,191,45.17,2026-03-09 04:30:00,presencial
7547,110,72,17.52,2026-03-09 04:43:00,presencial
7548,138,90,7.4,2026-03-09 04:56:00,presencial
7549,88,192,144.13,2026-03-09 05:01:00,presencial
7550,291,47,48.84,2026-03-09 05:07:00,presencial
7551,85,105,54.4,2026-03-09 05:15:00,presencial
7552,135,18,5.37,2026-03-09 05:50:00,online
7553,223,53,23.49,2026-03-09 05:54:00,online
7554,390,75,9.42,2026-03-09 06:27:00,presencial
7555,515,138,43.71,2026-03-09 06:46:00,presencial
7556,45,62,51.82,2026-03-09 07:02:00,presencial
7557,379,93,51.78,2026-03-09 07:13:00,online
7558,63,60,21.46,2026-03-09 07:20:00,presencial
7559,595,29,17.49,2026-03-09 07:21:00,presencial
7560,167,159,36.14,2026-03-09 07:25:00,presencial
7561,515,135,66.2,2026-03-09 07:37:00,presencial
7562,467,130,23.64,2026-03-09 07:41:00,online
7563,195,117,15.94,2026-03-09 07:52:00,presencial
7564,194,27,16.71,2026-03-09 08:01:00,presencial
7565,191,104,21.67,2026-03-09 08:04:00,presencial
7566,283,142,27.17,2026-03-09 08:13:00,online
7567,266,99,13.36,2026-03-09 08:58:00,presencial
7568,394,145,27.38,2026-03-09 09:16:00,presencial
7569,279,66,174.12,2026-03-09 09:41:00,online
7570,474,103,32.33,2026-03-09 09:42:00,online
7571,280,77,11.44,2026-03-09 10:01:00,presencial
7572,185,200,3.73,2026-03-09 10:03:00,presencial
7573,197,36,336.98,2026-03-09 11:00:00,online
7574,439,57,156.53,2026-03-09 11:08:00,online
7575,85,137,61.13,2026-03-09 11:13:00,presencial
7576,172,12,160.61,2026-03-09 11:54:00,presencial
7577,188,103,79.87,2026-03-09 11:59:00,online
7578,387,6,41.13,2026-03-09 12:11:00,presencial
7579,78,106,11.42,2026-03-09 12:20:00,presencial
7580,271,65,364.85,2026-03-09 12:22:00,presencial
7581,405,38,27.64,2026-03-09 12:29:00,online
7582,556,100,29.35,2026-03-09 12:45:00,presencial
7583,263,67,46.58,2026-03-09 13:00:00,presencial
7584,590,16,47.47,2026-03-09 13:12:00,online
7585,365,107,84.11,2026-03-09 13:17:00,presencial
7586,465,114,74.11,2026-03-09 13:47:00,presencial
7587,146,133,23.7,2026-03-09 14:24:00,presencial
7588,550,181,45.99,2026-03-09 14:25:00,presencial
7589,156,141,81.24,2026-03-09 14:26:00,online
7590,82,160,21.58,2026-03-09 14:37:00,presencial
7591,48,130,219.49,2026-03-09 15:15:00,online
7592,393,135,43.72,2026-03-09 15:26:00,online
7593,377,159,259.39,2026-03-09 15:50:00,online
7594,120,133,9.67,2026-03-09 16:04:00,presencial
7595,528,101,91.84,2026-03-09 17:29:00,presencial
7596,167,147,16.79,2026-03-09 17:31:00,online
7597,366,194,22.24,2026-03-09 17:35:00,presencial
7598,314,99,120.95,2026-03-09 18:06:00,online
7599,356,46,34.77,2026-03-09 18:09:00,online
7600,446,81,778.33,2026-03-09 18:19:00,online
7601,557,3,79.03,2026-03-09 18:20:00,online
7602,433,62,20.79,2026-03-09 18:37:00,online
7603,545,178,79.18,2026-03-09 18:38:00,presencial
7604,522,20,34.44,2026-03-09 19:05:00,online
7605,216,178,111.64,2026-03-09 19:17:00,presencial
7606,336,113,32.27,2026-03-09 19:29:00,online
7607,119,64,69.92,2026-03-09 19:29:00,online
7608,556,95,55.61,2026-03-09 19:34:00,presencial
7609,581,176,48.73,2026-03-09 19:38:00,presencial
7610,533,24,140.61,2026-03-09 19:41:00,online
7611,446,114,6.15,2026-03-09 20:16:00,presencial
7612,510,54,49.76,2026-03-09 20:25:00,online
7613,477,109,20.67,2026-03-09 20:36:00,presencial
7614,138,158,10.14,2026-03-09 20:38:00,presencial
7615,159,185,17.79,2026-03-09 20:49:00,online
7616,319,52,22.61,2026-03-09 20:53:00,presencial
7617,253,133,34.51,2026-03-09 21:15:00,online
7618,442,86,64.78,2026-03-09 21:20:00,presencial
7619,442,101,81.17,2026-03-09 21:22:00,online
7620,586,33,28.5,2026-03-09 21:31:00,online
7621,474,172,255.47,2026-03-09 21:31:00,online
7622,7,34,29.71,2026-03-09 21:36:00,presencial
7623,205,8,5.25,2026-03-09 21:48:00,presencial
7624,197,152,30.6,2026-03-09 21:51:00,presencial
7625,381,82,47.08,2026-03-09 21:56:00,online
7626,206,14,1.22,2026-03-09 22:07:00,presencial
7627,588,137,168.69,2026-03-09 22:19:00,presencial
7628,174,58,40.09,2026-03-09 22:40:00,presencial
7629,263,196,12.58,2026-03-09 23:48:00,presencial
7630,491,197,15.55,2026-03-10 00:06:00,online
7631,221,111,103.33,2026-03-10 00:15:00,presencial
7632,28,96,118.19,2026-03-10 00:47:00,presencial
7633,200,89,21.9,2026-03-10 00:54:00,presencial
7634,216,122,10.07,2026-03-10 01:01:00,presencial
7635,368,182,51.62,2026-03-10 01:49:00,presencial
7636,428,129,63.17,2026-03-10 02:02:00,online
7637,330,20,83.25,2026-03-10 02:09:00,online
7638,245,40,24.06,2026-03-10 02:17:00,online
7639,302,126,39.08,2026-03-10 02:20:00,presencial
7640,87,74,45.7,2026-03-10 02:33:00,presencial
7641,109,96,129.48,2026-03-10 02:34:00,presencial
7642,367,81,192.91,2026-03-10 02:35:00,online
7643,520,120,260.02,2026-03-10 02:38:00,online
7644,314,47,187.3,2026-03-10 02:42:00,online
7645,37,15,328.59,2026-03-10 02:51:00,online
7646,590,47,136.25,2026-03-10 02:59:00,presencial
7647,195,134,23.38,2026-03-10 03:08:00,online
7648,450,122,241.5,2026-03-10 03:31:00,presencial
7649,539,162,9.83,2026-03-10 03:38:00,presencial
7650,592,22,602.39,2026-03-10 03:42:00,presencial
7651,70,29,15.29,2026-03-10 04:34:00,presencial
7652,112,26,118.68,2026-03-10 04:35:00,online
7653,388,113,218.91,2026-03-10 04:42:00,online
7654,457,115,74.09,2026-03-10 04:58:00,online
7655,501,32,4.69,2026-03-10 04:59:00,online
7656,331,90,15.76,2026-03-10 05:15:00,online
7657,96,11,66.19,2026-03-10 05:23:00,presencial
7658,428,123,89.94,2026-03-10 05:24:00,presencial
7659,402,114,36.72,2026-03-10 05:28:00,presencial
7660,281,6,48.51,2026-03-10 05:29:00,presencial
7661,383,18,8.88,2026-03-10 05:30:00,online
7662,128,141,314.75,2026-03-10 05:49:00,online
7663,487,180,29.5,2026-03-10 05:51:00,online
7664,28,170,106.45,2026-03-10 05:57:00,presencial
7665,504,114,209.33,2026-03-10 06:06:00,online
7666,503,105,12.55,2026-03-10 06:25:00,online
7667,413,162,51.46,2026-03-10 06:56:00,presencial
7668,489,169,60.69,2026-03-10 06:57:00,presencial
7669,548,182,33.65,2026-03-10 07:05:00,online
7670,98,80,123.98,2026-03-10 07:39:00,presencial
7671,327,96,21.46,2026-03-10 07:50:00,presencial
7672,388,16,47.49,2026-03-10 08:23:00,online
7673,566,36,29.73,2026-03-10 08:26:00,presencial
7674,443,76,577.15,2026-03-10 08:38:00,presencial
7675,357,162,21.56,2026-03-10 09:35:00,presencial
7676,335,90,101.44,2026-03-10 09:35:00,presencial
7677,87,118,322.56,2026-03-10 09:35:00,online
7678,191,174,16.28,2026-03-10 09:47:00,presencial
7679,260,96,49.64,2026-03-10 09:49:00,presencial
7680,529,67,15.1,2026-03-10 10:04:00,presencial
7681,518,147,4.88,2026-03-10 10:10:00,online
7682,386,64,18.85,2026-03-10 10:16:00,presencial
7683,64,78,23.87,2026-03-10 10:37:00,presencial
7684,433,178,25.48,2026-03-10 10:38:00,presencial
7685,276,88,32.15,2026-03-10 10:56:00,presencial
7686,392,51,45.0,2026-03-10 11:26:00,presencial
7687,260,167,11.98,2026-03-10 12:27:00,presencial
7688,433,129,65.81,2026-03-10 12:43:00,online
7689,131,154,169.81,2026-03-10 12:45:00,online
7690,88,66,193.2,2026-03-10 12:51:00,online
7691,132,157,33.58,2026-03-10 12:59:00,online
7692,554,191,119.5,2026-03-10 13:05:00,presencial
7693,46,33,21.13,2026-03-10 13:10:00,online
7694,172,38,30.64,2026-03-10 13:29:00,online
7695,206,113,69.3,2026-03-10 13:39:00,online
7696,502,145,30.93,2026-03-10 13:51:00,presencial
7697,216,1,11.13,2026-03-10 14:04:00,online
7698,537,111,111.79,2026-03-10 15:00:00,online
7699,593,26,17.97,2026-03-10 15:14:00,presencial
7700,391,196,25.23,2026-03-10 15:15:00,presencial
7701,206,146,143.17,2026-03-10 15:25:00,presencial
7702,359,199,80.71,2026-03-10 15:36:00,online
7703,402,44,54.26,2026-03-10 15:41:00,online
7704,66,159,8.88,2026-03-10 16:12:00,presencial
7705,500,77,12.43,2026-03-10 16:15:00,presencial
7706,262,21,69.2,2026-03-10 16:20:00,presencial
7707,508,97,89.39,2026-03-10 16:56:00,online
7708,367,94,59.05,2026-03-10 17:22:00,presencial
7709,517,101,26.55,2026-03-10 17:42:00,online
7710,50,171,25.6,2026-03-10 17:53:00,presencial
7711,26,56,56.68,2026-03-10 18:11:00,presencial
7712,67,128,11.28,2026-03-10 18:22:00,presencial
7713,525,40,49.44,2026-03-10 18:52:00,presencial
7714,597,176,9.7,2026-03-10 19:09:00,online
7715,600,92,14.04,2026-03-10 19:45:00,presencial
7716,200,160,54.38,2026-03-10 20:06:00,online
7717,159,54,84.91,2026-03-10 20:06:00,online
7718,210,63,65.1,2026-03-10 20:10:00,online
7719,491,197,13.12,2026-03-10 20:49:00,online
7720,151,40,5.71,2026-03-10 20:57:00,presencial
7721,329,113,44.29,2026-03-10 21:03:00,online
7722,388,65,5.53,2026-03-10 21:04:00,presencial
7723,217,79,126.33,2026-03-10 21:17:00,online
7724,284,140,13.61,2026-03-10 21:18:00,online
7725,400,157,521.97,2026-03-10 21:21:00,online
7726,475,97,15.52,2026-03-10 21:37:00,presencial
7727,114,128,74.38,2026-03-10 21:39:00,online
7728,308,9,19.88,2026-03-10 21:48:00,online
7729,93,47,37.15,2026-03-10 22:02:00,presencial
7730,10,149,54.73,2026-03-10 22:17:00,presencial
7731,388,134,115.16,2026-03-10 22:33:00,presencial
7732,290,9,137.2,2026-03-10 23:00:00,online
7733,156,179,99.49,2026-03-10 23:12:00,presencial
7734,34,82,139.97,2026-03-10 23:47:00,presencial
7735,568,61,22.7,2026-03-11 00:02:00,online
7736,497,93,91.26,2026-03-11 00:03:00,presencial
7737,562,79,30.72,2026-03-11 00:15:00,online
7738,69,101,132.27,2026-03-11 00:30:00,online
7739,9,33,50.76,2026-03-11 00:37:00,presencial
7740,131,28,88.44,2026-03-11 00:37:00,presencial
7741,61,198,61.6,2026-03-11 00:54:00,presencial
7742,276,150,103.17,2026-03-11 00:56:00,presencial
7743,388,73,18.39,2026-03-11 01:26:00,presencial
7744,118,170,7.93,2026-03-11 01:33:00,presencial
7745,239,160,132.67,2026-03-11 01:47:00,presencial
7746,324,140,196.27,2026-03-11 02:14:00,online
7747,191,145,39.35,2026-03-11 02:23:00,presencial
7748,277,191,109.09,2026-03-11 02:24:00,presencial
7749,355,167,7.45,2026-03-11 02:40:00,online
7750,572,52,22.56,2026-03-11 02:40:00,presencial
7751,187,146,48.92,2026-03-11 02:41:00,presencial
7752,54,33,6.63,2026-03-11 03:30:00,presencial
7753,522,101,8.31,2026-03-11 03:42:00,presencial
7754,347,14,53.18,2026-03-11 03:46:00,presencial
7755,284,34,22.96,2026-03-11 03:46:00,presencial
7756,433,145,30.53,2026-03-11 04:12:00,presencial
7757,589,75,28.59,2026-03-11 04:16:00,online
7758,77,33,10.89,2026-03-11 04:34:00,presencial
7759,517,196,35.19,2026-03-11 05:10:00,presencial
7760,382,188,44.03,2026-03-11 05:19:00,presencial
7761,352,46,23.55,2026-03-11 05:47:00,online
7762,519,120,25.75,2026-03-11 05:49:00,online
7763,183,59,35.72,2026-03-11 05:54:00,presencial
7764,473,161,110.14,2026-03-11 06:18:00,presencial
7765,343,138,40.29,2026-03-11 06:19:00,online
7766,562,87,5.37,2026-03-11 06:39:00,presencial
7767,281,187,12.02,2026-03-11 06:44:00,presencial
7768,433,147,124.59,2026-03-11 06:45:00,online
7769,299,31,21.03,2026-03-11 06:49:00,presencial
7770,237,89,40.56,2026-03-11 07:12:00,presencial
7771,226,166,371.44,2026-03-11 07:16:00,online
7772,553,108,89.57,2026-03-11 07:26:00,presencial
7773,503,20,4.21,2026-03-11 07:44:00,presencial
7774,136,155,219.07,2026-03-11 07:55:00,online
7775,520,97,52.7,2026-03-11 07:56:00,presencial
7776,351,48,67.1,2026-03-11 08:16:00,presencial
7777,63,164,62.46,2026-03-11 08:47:00,presencial
7778,460,177,122.08,2026-03-11 08:59:00,online
7779,98,118,40.95,2026-03-11 09:36:00,online
7780,524,144,8.76,2026-03-11 10:27:00,presencial
7781,273,49,63.81,2026-03-11 10:32:00,presencial
7782,550,150,9.78,2026-03-11 10:53:00,presencial
7783,290,181,329.72,2026-03-11 10:55:00,online
7784,51,48,30.01,2026-03-11 11:10:00,online
7785,461,189,42.23,2026-03-11 11:14:00,online
7786,436,19,21.25,2026-03-11 11:39:00,online
7787,182,90,64.92,2026-03-11 12:03:00,presencial
7788,123,15,73.69,2026-03-11 12:33:00,presencial
7789,519,90,21.19,2026-03-11 12:59:00,online
7790,468,130,73.58,2026-03-11 13:08:00,online
7791,179,175,48.16,2026-03-11 13:13:00,presencial
7792,421,31,40.23,2026-03-11 13:34:00,presencial
7793,145,178,19.56,2026-03-11 13:41:00,presencial
7794,109,200,570.11,2026-03-11 14:00:00,online
7795,399,14,164.2,2026-03-11 14:04:00,online
7796,500,193,99.6,2026-03-11 14:18:00,presencial
7797,552,182,154.34,2026-03-11 14:20:00,online
7798,278,6,62.17,2026-03-11 14:34:00,presencial
7799,87,13,30.44,2026-03-11 15:04:00,online
7800,327,146,2.44,2026-03-11 15:07:00,presencial
7801,409,84,11.69,2026-03-11 15:07:00,presencial
7802,583,53,483.73,2026-03-11 15:12:00,online
7803,68,81,160.17,2026-03-11 15:39:00,online
7804,394,69,55.84,2026-03-11 15:53:00,online
7805,308,196,7.88,2026-03-11 15:54:00,online
7806,354,49,89.86,2026-03-11 15:54:00,presencial
7807,56,18,32.92,2026-03-11 16:14:00,presencial
7808,11,167,96.33,2026-03-11 16:20:00,presencial
7809,364,168,13.16,2026-03-11 17:09:00,presencial
7810,120,179,26.08,2026-03-11 17:32:00,online
7811,369,195,118.35,2026-03-11 17:39:00,presencial
7812,16,9,372.63,2026-03-11 17:54:00,presencial
7813,481,154,21.67,2026-03-11 17:55:00,online
7814,200,55,14.89,2026-03-11 18:00:00,online
7815,271,85,137.71,2026-03-11 18:08:00,presencial
7816,207,90,11.18,2026-03-11 18:20:00,online
7817,252,198,12.1,2026-03-11 18:22:00,presencial
7818,319,105,59.89,2026-03-11 18:35:00,online
7819,388,45,443.3,2026-03-11 18:46:00,presencial
7820,414,18,17.57,2026-03-11 19:31:00,online
7821,595,118,29.76,2026-03-11 19:34:00,presencial
7822,108,167,50.52,2026-03-11 19:49:00,online
7823,523,143,26.58,2026-03-11 20:23:00,presencial
7824,361,187,6.4,2026-03-11 20:25:00,presencial
7825,186,9,108.0,2026-03-11 20:30:00,presencial
7826,551,81,54.87,2026-03-11 20:49:00,online
7827,425,123,66.92,2026-03-11 20:54:00,presencial
7828,112,172,38.25,2026-03-11 21:05:00,presencial
7829,105,63,236.16,2026-03-11 21:12:00,online
7830,396,136,25.66,2026-03-11 21:16:00,online
7831,438,42,13.67,2026-03-11 21:58:00,online
7832,28,119,278.68,2026-03-11 22:16:00,online
7833,377,156,3.98,2026-03-11 22:17:00,online
7834,319,164,37.74,2026-03-11 22:24:00,online
7835,582,91,41.14,2026-03-11 22:28:00,presencial
7836,445,95,39.41,2026-03-11 22:52:00,presencial
7837,546,177,8.11,2026-03-11 22:57:00,presencial
7838,21,110,12.14,2026-03-11 23:13:00,online
7839,459,71,128.23,2026-03-12 00:06:00,online
7840,201,55,205.18,2026-03-12 00:15:00,presencial
7841,333,143,28.25,2026-03-12 00:40:00,online
7842,527,143,16.06,2026-03-12 00:41:00,presencial
7843,522,108,6.28,2026-03-12 00:49:00,online
7844,136,32,125.79,2026-03-12 00:50:00,presencial
7845,145,33,134.24,2026-03-12 00:53:00,online
7846,434,49,2.03,2026-03-12 01:25:00,presencial
7847,527,3,3.11,2026-03-12 01:42:00,presencial
7848,368,96,51.96,2026-03-12 01:53:00,online
7849,33,83,59.91,2026-03-12 01:55:00,presencial
7850,99,78,26.44,2026-03-12 02:00:00,presencial
7851,450,187,43.11,2026-03-12 02:07:00,presencial
7852,446,48,34.06,2026-03-12 02:24:00,presencial
7853,538,162,46.02,2026-03-12 02:35:00,presencial
7854,320,39,16.59,2026-03-12 02:50:00,presencial
7855,257,123,44.1,2026-03-12 03:22:00,presencial
7856,68,173,21.29,2026-03-12 03:32:00,presencial
7857,470,168,19.42,2026-03-12 03:35:00,online
7858,570,119,5.73,2026-03-12 03:38:00,presencial
7859,28,42,36.85,2026-03-12 03:49:00,online
7860,296,76,108.12,2026-03-12 03:57:00,online
7861,214,85,31.24,2026-03-12 04:01:00,online
7862,448,170,30.3,2026-03-12 04:11:00,online
7863,459,76,177.91,2026-03-12 04:19:00,presencial
7864,131,166,138.03,2026-03-12 04:25:00,presencial
7865,572,191,301.28,2026-03-12 04:55:00,online
7866,83,23,535.28,2026-03-12 05:04:00,online
7867,469,188,47.72,2026-03-12 05:16:00,presencial
7868,445,114,12.52,2026-03-12 05:34:00,online
7869,98,121,25.2,2026-03-12 05:52:00,presencial
7870,405,62,83.96,2026-03-12 05:55:00,online
7871,163,67,217.92,2026-03-12 05:59:00,online
7872,165,109,14.1,2026-03-12 06:03:00,online
7873,52,40,59.19,2026-03-12 06:09:00,presencial
7874,448,144,18.69,2026-03-12 06:16:00,online
7875,485,134,38.04,2026-03-12 06:43:00,online
7876,303,2,37.42,2026-03-12 06:49:00,online
7877,466,43,67.99,2026-03-12 06:53:00,presencial
7878,210,103,418.03,2026-03-12 07:18:00,presencial
7879,340,149,75.38,2026-03-12 07:30:00,online
7880,473,59,27.86,2026-03-12 08:42:00,online
7881,259,178,23.23,2026-03-12 08:53:00,online
7882,371,107,36.24,2026-03-12 08:56:00,presencial
7883,88,108,17.14,2026-03-12 08:56:00,presencial
7884,305,22,52.12,2026-03-12 09:13:00,online
7885,511,126,3.15,2026-03-12 09:23:00,online
7886,464,164,35.43,2026-03-12 10:17:00,presencial
7887,181,43,38.66,2026-03-12 10:19:00,presencial
7888,327,109,12.47,2026-03-12 10:31:00,online
7889,372,2,29.36,2026-03-12 10:47:00,presencial
7890,564,43,153.22,2026-03-12 11:03:00,presencial
7891,498,15,165.88,2026-03-12 11:14:00,online
7892,491,154,24.87,2026-03-12 11:18:00,online
7893,452,200,79.51,2026-03-12 11:20:00,presencial
7894,215,8,8.6,2026-03-12 11:40:00,online
7895,227,141,32.27,2026-03-12 12:15:00,online
7896,279,119,57.62,2026-03-12 12:44:00,online
7897,256,141,239.76,2026-03-12 12:47:00,presencial
7898,575,101,166.02,2026-03-12 13:02:00,online
7899,526,199,56.25,2026-03-12 13:04:00,presencial
7900,538,8,16.4,2026-03-12 13:07:00,presencial
7901,365,30,199.21,2026-03-12 13:09:00,online
7902,115,50,30.74,2026-03-12 13:10:00,presencial
7903,87,157,73.21,2026-03-12 13:11:00,presencial
7904,165,16,39.06,2026-03-12 13:13:00,presencial
7905,391,25,400.0,2026-03-12 13:15:00,presencial
7906,219,147,22.85,2026-03-12 13:35:00,online
7907,394,84,122.47,2026-03-12 13:37:00,online
7908,528,142,40.65,2026-03-12 13:39:00,presencial
7909,201,74,83.6,2026-03-12 13:41:00,online
7910,557,18,265.61,2026-03-12 14:10:00,online
7911,308,120,4.93,2026-03-12 14:19:00,presencial
7912,482,22,41.6,2026-03-12 14:38:00,online
7913,36,96,16.72,2026-03-12 14:39:00,presencial
7914,166,177,72.99,2026-03-12 14:42:00,online
7915,559,37,95.63,2026-03-12 14:46:00,presencial
7916,533,41,26.64,2026-03-12 15:05:00,online
7917,343,190,25.17,2026-03-12 15:05:00,presencial
7918,20,61,55.93,2026-03-12 15:14:00,online
7919,36,75,11.02,2026-03-12 15:32:00,presencial
7920,254,137,64.49,2026-03-12 15:32:00,presencial
7921,539,26,18.18,2026-03-12 15:45:00,online
7922,227,13,100.18,2026-03-12 16:16:00,presencial
7923,531,169,10.49,2026-03-12 16:30:00,presencial
7924,322,190,23.95,2026-03-12 16:34:00,online
7925,81,198,19.57,2026-03-12 16:35:00,presencial
7926,337,5,32.2,2026-03-12 16:36:00,presencial
7927,219,106,203.16,2026-03-12 16:41:00,presencial
7928,136,170,113.36,2026-03-12 17:08:00,presencial
7929,406,169,26.37,2026-03-12 17:09:00,online
7930,123,73,26.35,2026-03-12 17:15:00,online
7931,544,99,118.37,2026-03-12 17:24:00,presencial
7932,483,31,12.42,2026-03-12 17:26:00,presencial
7933,470,28,45.82,2026-03-12 17:36:00,online
7934,46,76,22.96,2026-03-12 17:42:00,online
7935,577,47,37.01,2026-03-12 18:14:00,presencial
7936,296,195,108.86,2026-03-12 18:31:00,presencial
7937,440,17,21.41,2026-03-12 18:44:00,online
7938,115,106,130.52,2026-03-12 18:50:00,presencial
7939,461,112,502.47,2026-03-12 18:58:00,online
7940,192,12,86.87,2026-03-12 19:03:00,presencial
7941,425,89,40.75,2026-03-12 19:13:00,presencial
7942,167,189,159.63,2026-03-12 19:14:00,presencial
7943,560,22,13.2,2026-03-12 19:17:00,online
7944,426,29,238.22,2026-03-12 19:18:00,presencial
7945,272,34,19.52,2026-03-12 19:44:00,online
7946,274,11,485.37,2026-03-12 19:54:00,online
7947,1,177,20.31,2026-03-12 19:55:00,presencial
7948,180,10,92.56,2026-03-12 20:12:00,presencial
7949,474,57,8.04,2026-03-12 20:19:00,online
7950,499,166,35.35,2026-03-12 20:35:00,presencial
7951,600,200,13.63,2026-03-12 20:42:00,online
7952,52,31,9.16,2026-03-12 21:05:00,online
7953,151,73,168.35,2026-03-12 21:09:00,online
7954,460,36,11.58,2026-03-12 21:21:00,presencial
7955,217,39,19.91,2026-03-12 21:28:00,online
7956,149,189,17.52,2026-03-12 22:12:00,online
7957,169,68,156.59,2026-03-12 22:16:00,online
7958,551,123,136.9,2026-03-12 22:18:00,online
7959,515,32,180.79,2026-03-12 22:21:00,presencial
7960,4,58,18.82,2026-03-12 22:23:00,online
7961,505,73,197.27,2026-03-12 22:26:00,presencial
7962,334,118,18.64,2026-03-12 22:28:00,presencial
7963,507,181,19.49,2026-03-12 22:32:00,online
7964,374,49,20.73,2026-03-12 22:59:00,online
7965,414,130,21.57,2026-03-12 23:02:00,online
7966,347,99,40.45,2026-03-12 23:16:00,online
7967,441,160,17.77,2026-03-12 23:28:00,presencial
7968,490,67,57.66,2026-03-12 23:31:00,online
7969,305,85,2.53,2026-03-12 23:55:00,presencial
7970,68,125,57.45,2026-03-13 00:09:00,online
7971,56,89,13.48,2026-03-13 00:32:00,presencial
7972,250,152,21.41,2026-03-13 00:47:00,presencial
7973,285,3,21.98,2026-03-13 00:48:00,presencial
7974,519,70,126.15,2026-03-13 00:55:00,online
7975,20,35,77.87,2026-03-13 00:58:00,online
7976,534,29,37.26,2026-03-13 01:11:00,online
7977,34,11,20.35,2026-03-13 01:42:00,online
7978,300,72,105.76,2026-03-13 02:06:00,presencial
7979,254,44,321.88,2026-03-13 02:23:00,presencial
7980,335,152,43.35,2026-03-13 02:25:00,presencial
7981,26,101,7.7,2026-03-13 02:26:00,online
7982,459,158,20.63,2026-03-13 02:50:00,presencial
7983,81,178,82.69,2026-03-13 02:51:00,online
7984,468,158,27.47,2026-03-13 02:53:00,online
7985,341,85,17.38,2026-03-13 02:55:00,presencial
7986,533,195,16.57,2026-03-13 03:05:00,presencial
7987,588,78,49.44,2026-03-13 03:24:00,presencial
7988,507,165,8.27,2026-03-13 03:25:00,online
7989,272,35,43.03,2026-03-13 03:35:00,presencial
7990,249,194,49.27,2026-03-13 03:38:00,presencial
7991,398,61,27.26,2026-03-13 03:48:00,presencial
7992,390,126,14.19,2026-03-13 05:08:00,online
7993,475,71,137.04,2026-03-13 05:17:00,online
7994,290,46,10.32,2026-03-13 05:42:00,online
7995,278,66,54.06,2026-03-13 05:48:00,presencial
7996,71,122,99.54,2026-03-13 06:13:00,presencial
7997,102,23,53.27,2026-03-13 06:15:00,presencial
7998,494,40,173.17,2026-03-13 06:16:00,online
7999,594,184,12.82,2026-03-13 06:20:00,presencial
8000,362,18,18.73,2026-03-13 06:34:00,presencial
8001,207,145,26.91,2026-03-13 06:36:00,online
8002,35,61,1668.64,2026-03-13 06:40:00,online
8003,27,64,78.15,2026-03-13 06:41:00,presencial
8004,407,73,96.02,2026-03-13 06:57:00,online
8005,386,77,91.71,2026-03-13 06:58:00,online
8006,170,142,48.75,2026-03-13 07:00:00,presencial
8007,114,161,141.79,2026-03-13 07:03:00,online
8008,42,73,5.71,2026-03-13 07:21:00,presencial
8009,410,35,60.62,2026-03-13 07:26:00,online
8010,364,1,71.6,2026-03-13 08:16:00,presencial
8011,200,145,137.07,2026-03-13 08:17:00,presencial
8012,440,184,12.54,2026-03-13 08:23:00,presencial
8013,508,7,13.6,2026-03-13 08:36:00,presencial
8014,311,118,14.57,2026-03-13 08:48:00,presencial
8015,158,44,79.4,2026-03-13 08:53:00,presencial
8016,4,43,80.66,2026-03-13 08:54:00,online
8017,478,166,15.72,2026-03-13 09:06:00,presencial
8018,347,51,367.13,2026-03-13 09:35:00,online
8019,209,61,61.25,2026-03-13 09:37:00,presencial
8020,4,25,51.25,2026-03-13 09:37:00,online
8021,489,181,35.57,2026-03-13 09:41:00,presencial
8022,556,182,124.41,2026-03-13 10:33:00,presencial
8023,289,183,68.61,2026-03-13 10:35:00,presencial
8024,161,47,357.39,2026-03-13 10:40:00,online
8025,372,38,11.76,2026-03-13 10:50:00,presencial
8026,523,189,8.17,2026-03-13 11:08:00,online
8027,353,123,19.81,2026-03-13 11:17:00,presencial
8028,8,53,82.16,2026-03-13 11:23:00,online
8029,118,10,27.91,2026-03-13 11:38:00,presencial
8030,59,160,180.93,2026-03-13 12:02:00,presencial
8031,247,161,28.99,2026-03-13 12:04:00,online
8032,271,3,146.95,2026-03-13 12:12:00,presencial
8033,322,96,17.92,2026-03-13 12:28:00,presencial
8034,456,97,164.24,2026-03-13 12:39:00,online
8035,68,93,201.56,2026-03-13 12:41:00,online
8036,566,74,24.02,2026-03-13 12:55:00,presencial
8037,159,66,76.59,2026-03-13 13:05:00,presencial
8038,313,67,60.01,2026-03-13 13:17:00,presencial
8039,127,185,78.92,2026-03-13 13:18:00,presencial
8040,214,199,183.62,2026-03-13 13:28:00,online
8041,500,23,130.39,2026-03-13 13:56:00,presencial
8042,27,145,78.69,2026-03-13 14:05:00,online
8043,290,115,92.7,2026-03-13 14:17:00,online
8044,351,52,11.07,2026-03-13 14:19:00,online
8045,342,38,42.73,2026-03-13 14:23:00,presencial
8046,229,151,13.31,2026-03-13 14:25:00,presencial
8047,227,73,43.82,2026-03-13 14:30:00,presencial
8048,546,26,152.7,2026-03-13 14:48:00,presencial
8049,145,194,44.36,2026-03-13 15:04:00,presencial
8050,289,186,2.84,2026-03-13 15:08:00,online
8051,219,84,14.13,2026-03-13 15:38:00,online
8052,460,86,84.71,2026-03-13 15:51:00,presencial
8053,484,85,24.7,2026-03-13 16:32:00,presencial
8054,509,39,105.87,2026-03-13 16:38:00,online
8055,51,22,11.85,2026-03-13 16:44:00,presencial
8056,59,55,68.03,2026-03-13 16:51:00,presencial
8057,226,78,71.89,2026-03-13 16:59:00,online
8058,265,32,106.58,2026-03-13 17:11:00,online
8059,38,8,21.74,2026-03-13 17:23:00,presencial
8060,537,187,105.4,2026-03-13 17:24:00,online
8061,539,176,234.44,2026-03-13 17:32:00,online
8062,255,62,3.67,2026-03-13 17:42:00,online
8063,462,123,47.32,2026-03-13 18:08:00,online
8064,340,29,6.13,2026-03-13 18:13:00,presencial
8065,395,186,17.35,2026-03-13 18:23:00,presencial
8066,524,163,18.98,2026-03-13 18:32:00,online
8067,56,36,41.55,2026-03-13 19:00:00,presencial
8068,140,43,67.71,2026-03-13 19:00:00,presencial
8069,257,67,120.96,2026-03-13 19:38:00,presencial
8070,537,19,59.77,2026-03-13 19:50:00,online
8071,356,70,93.78,2026-03-13 20:05:00,online
8072,239,134,13.65,2026-03-13 20:10:00,online
8073,18,146,142.93,2026-03-13 20:21:00,online
8074,356,2,1.19,2026-03-13 20:31:00,online
8075,162,71,239.69,2026-03-13 20:38:00,presencial
8076,197,167,196.75,2026-03-13 22:04:00,presencial
8077,598,175,102.01,2026-03-13 22:16:00,presencial
8078,317,113,518.98,2026-03-13 22:24:00,presencial
8079,84,148,6.15,2026-03-13 22:36:00,presencial
8080,30,50,105.36,2026-03-13 22:48:00,presencial
8081,233,174,51.86,2026-03-13 23:18:00,presencial
8082,40,95,58.47,2026-03-13 23:32:00,online
8083,258,139,12.43,2026-03-13 23:47:00,online
8084,249,53,69.01,2026-03-13 23:51:00,online
8085,528,35,65.54,2026-03-14 00:06:00,presencial
8086,201,107,20.94,2026-03-14 00:14:00,presencial
8087,166,105,41.45,2026-03-14 00:15:00,presencial
8088,370,115,10.53,2026-03-14 00:17:00,presencial
8089,384,162,28.94,2026-03-14 00:53:00,presencial
8090,23,155,128.62,2026-03-14 00:54:00,presencial
8091,51,61,131.48,2026-03-14 01:05:00,presencial
8092,101,94,104.12,2026-03-14 01:09:00,online
8093,467,18,128.56,2026-03-14 01:32:00,online
8094,126,158,130.43,2026-03-14 01:56:00,presencial
8095,596,28,22.02,2026-03-14 01:58:00,presencial
8096,265,14,64.94,2026-03-14 02:12:00,presencial
8097,561,105,147.74,2026-03-14 02:53:00,online
8098,149,185,9.8,2026-03-14 03:02:00,presencial
8099,255,76,9.74,2026-03-14 03:05:00,presencial
8100,83,38,9.16,2026-03-14 03:06:00,presencial
8101,508,37,6.27,2026-03-14 03:14:00,presencial
8102,359,168,14.07,2026-03-14 03:15:00,presencial
8103,46,133,25.08,2026-03-14 04:00:00,online
8104,447,99,235.93,2026-03-14 04:27:00,online
8105,533,186,27.63,2026-03-14 04:28:00,online
8106,412,21,8.43,2026-03-14 04:38:00,presencial
8107,486,124,53.67,2026-03-14 04:40:00,online
8108,166,72,36.31,2026-03-14 04:45:00,presencial
8109,260,47,18.91,2026-03-14 04:55:00,presencial
8110,513,184,23.4,2026-03-14 05:27:00,presencial
8111,365,192,144.57,2026-03-14 05:38:00,presencial
8112,368,167,9.48,2026-03-14 05:40:00,online
8113,461,30,7.15,2026-03-14 06:07:00,online
8114,369,145,74.7,2026-03-14 06:24:00,presencial
8115,76,72,22.75,2026-03-14 06:34:00,online
8116,128,76,246.52,2026-03-14 06:47:00,presencial
8117,468,39,37.72,2026-03-14 06:58:00,online
8118,146,118,40.03,2026-03-14 07:08:00,presencial
8119,400,172,106.19,2026-03-14 07:10:00,presencial
8120,285,47,7.1,2026-03-14 07:20:00,online
8121,373,108,64.8,2026-03-14 07:22:00,presencial
8122,143,130,29.9,2026-03-14 07:32:00,presencial
8123,187,127,138.31,2026-03-14 08:28:00,online
8124,413,53,21.95,2026-03-14 08:33:00,presencial
8125,104,6,54.3,2026-03-14 08:50:00,presencial
8126,186,166,30.12,2026-03-14 08:58:00,presencial
8127,599,120,70.4,2026-03-14 09:14:00,online
8128,92,141,33.91,2026-03-14 09:22:00,presencial
8129,347,107,59.65,2026-03-14 09:26:00,online
8130,91,78,307.53,2026-03-14 09:35:00,presencial
8131,425,51,32.64,2026-03-14 10:03:00,presencial
8132,77,132,69.62,2026-03-14 10:14:00,presencial
8133,345,167,552.87,2026-03-14 10:49:00,presencial
8134,264,66,68.64,2026-03-14 10:55:00,presencial
8135,416,5,3.07,2026-03-14 11:02:00,presencial
8136,2,32,21.48,2026-03-14 11:14:00,online
8137,310,116,11.89,2026-03-14 11:17:00,online
8138,326,48,123.24,2026-03-14 11:29:00,online
8139,145,163,40.32,2026-03-14 11:43:00,online
8140,179,55,144.01,2026-03-14 11:55:00,presencial
8141,424,99,87.59,2026-03-14 12:04:00,presencial
8142,332,46,87.18,2026-03-14 12:12:00,presencial
8143,348,91,11.64,2026-03-14 12:15:00,presencial
8144,562,136,77.9,2026-03-14 12:16:00,online
8145,244,160,200.99,2026-03-14 12:17:00,presencial
8146,522,148,9.1,2026-03-14 12:23:00,online
8147,585,102,31.54,2026-03-14 12:24:00,presencial
8148,346,92,66.01,2026-03-14 12:26:00,presencial
8149,128,66,49.79,2026-03-14 12:39:00,online
8150,251,198,217.08,2026-03-14 12:46:00,presencial
8151,28,147,99.62,2026-03-14 12:47:00,online
8152,420,179,69.87,2026-03-14 12:57:00,presencial
8153,165,148,109.88,2026-03-14 13:10:00,presencial
8154,554,18,103.62,2026-03-14 13:29:00,presencial
8155,392,54,46.77,2026-03-14 13:33:00,presencial
8156,294,93,30.26,2026-03-14 13:34:00,online
8157,112,63,132.87,2026-03-14 13:52:00,presencial
8158,60,182,19.74,2026-03-14 14:00:00,presencial
8159,404,99,41.28,2026-03-14 14:08:00,presencial
8160,460,45,12.52,2026-03-14 14:29:00,presencial
8161,160,120,99.97,2026-03-14 14:34:00,online
8162,7,76,173.43,2026-03-14 15:12:00,presencial
8163,192,26,15.97,2026-03-14 15:14:00,online
8164,459,190,37.74,2026-03-14 15:19:00,presencial
8165,349,190,26.36,2026-03-14 15:32:00,online
8166,51,156,145.89,2026-03-14 15:36:00,presencial
8167,69,63,212.44,2026-03-14 15:48:00,online
8168,64,167,26.39,2026-03-14 15:48:00,presencial
8169,455,58,1.49,2026-03-14 16:47:00,online
8170,470,176,158.87,2026-03-14 16:48:00,presencial
8171,245,177,46.97,2026-03-14 16:49:00,presencial
8172,414,35,47.17,2026-03-14 17:15:00,presencial
8173,13,63,129.04,2026-03-14 17:18:00,online
8174,338,140,29.95,2026-03-14 17:31:00,presencial
8175,164,47,22.35,2026-03-14 17:56:00,presencial
8176,493,161,30.23,2026-03-14 17:56:00,online
8177,294,136,76.55,2026-03-14 18:09:00,presencial
8178,511,46,117.55,2026-03-14 18:16:00,presencial
8179,338,156,269.47,2026-03-14 18:28:00,presencial
8180,275,9,69.67,2026-03-14 18:50:00,presencial
8181,569,77,38.13,2026-03-14 18:51:00,online
8182,598,36,118.49,2026-03-14 18:54:00,online
8183,274,1,15.36,2026-03-14 19:02:00,presencial
8184,215,149,213.01,2026-03-14 19:12:00,presencial
8185,388,31,56.4,2026-03-14 19:27:00,online
8186,103,139,34.76,2026-03-14 19:27:00,online
8187,232,16,15.41,2026-03-14 19:49:00,presencial
8188,508,179,89.09,2026-03-14 20:06:00,online
8189,539,196,32.83,2026-03-14 20:17:00,online
8190,250,64,40.3,2026-03-14 20:29:00,presencial
8191,235,98,7.11,2026-03-14 20:30:00,online
8192,525,125,27.71,2026-03-14 20:58:00,online
8193,122,118,23.92,2026-03-14 21:03:00,online
8194,37,6,70.84,2026-03-14 21:34:00,presencial
8195,44,196,33.3,2026-03-14 21:42:00,presencial
8196,67,188,2.43,2026-03-14 22:16:00,presencial
8197,528,98,28.32,2026-03-14 22:38:00,presencial
8198,25,111,9.03,2026-03-14 22:38:00,presencial
8199,200,34,14.19,2026-03-14 22:45:00,presencial
8200,362,150,134.86,2026-03-14 22:57:00,presencial
8201,366,103,6.97,2026-03-14 23:18:00,online
8202,500,57,61.83,2026-03-15 00:13:00,presencial
8203,589,62,25.59,2026-03-15 00:43:00,online
8204,242,17,20.7,2026-03-15 00:53:00,presencial
8205,140,158,15.22,2026-03-15 01:02:00,presencial
8206,55,13,63.53,2026-03-15 01:40:00,online
8207,535,113,71.88,2026-03-15 01:44:00,presencial
8208,225,163,6.7,2026-03-15 01:56:00,presencial
8209,540,11,158.47,2026-03-15 02:02:00,presencial
8210,209,31,12.12,2026-03-15 02:18:00,online
8211,454,153,68.54,2026-03-15 02:32:00,online
8212,387,165,12.19,2026-03-15 02:50:00,presencial
8213,429,17,26.98,2026-03-15 03:26:00,presencial
8214,392,54,10.95,2026-03-15 04:05:00,online
8215,185,122,24.99,2026-03-15 04:30:00,online
8216,62,109,35.84,2026-03-15 04:40:00,presencial
8217,7,104,12.63,2026-03-15 05:25:00,online
8218,253,53,63.17,2026-03-15 05:27:00,presencial
8219,535,108,72.96,2026-03-15 05:37:00,online
8220,386,11,877.11,2026-03-15 05:44:00,presencial
8221,405,175,124.16,2026-03-15 05:47:00,presencial
8222,156,109,163.05,2026-03-15 06:33:00,presencial
8223,292,75,6.39,2026-03-15 06:36:00,online
8224,245,74,5.18,2026-03-15 06:55:00,online
8225,82,74,32.24,2026-03-15 07:19:00,presencial
8226,369,88,319.1,2026-03-15 07:24:00,presencial
8227,219,39,679.8,2026-03-15 07:38:00,presencial
8228,242,121,20.98,2026-03-15 07:48:00,presencial
8229,359,37,23.46,2026-03-15 07:50:00,online
8230,19,63,81.31,2026-03-15 08:04:00,online
8231,562,175,35.99,2026-03-15 08:08:00,presencial
8232,134,113,37.0,2026-03-15 08:28:00,presencial
8233,408,181,89.87,2026-03-15 08:41:00,presencial
8234,466,132,886.31,2026-03-15 08:58:00,presencial
8235,93,157,187.73,2026-03-15 09:14:00,online
8236,150,18,349.34,2026-03-15 09:21:00,presencial
8237,248,101,5.88,2026-03-15 09:24:00,online
8238,491,71,145.8,2026-03-15 09:33:00,online
8239,382,4,15.72,2026-03-15 09:34:00,online
8240,281,18,282.62,2026-03-15 10:07:00,online
8241,510,38,198.95,2026-03-15 10:14:00,online
8242,284,2,86.85,2026-03-15 10:23:00,presencial
8243,532,88,19.74,2026-03-15 11:14:00,presencial
8244,463,11,26.25,2026-03-15 11:57:00,presencial
8245,104,165,28.7,2026-03-15 12:05:00,presencial
8246,230,119,103.4,2026-03-15 12:05:00,online
8247,16,193,69.71,2026-03-15 12:37:00,presencial
8248,144,17,213.16,2026-03-15 12:47:00,presencial
8249,14,16,262.93,2026-03-15 13:09:00,presencial
8250,64,174,17.64,2026-03-15 13:27:00,presencial
8251,3,79,75.39,2026-03-15 13:30:00,presencial
8252,404,152,74.39,2026-03-15 13:54:00,online
8253,246,38,40.26,2026-03-15 14:13:00,presencial
8254,282,2,125.96,2026-03-15 14:19:00,presencial
8255,459,100,76.71,2026-03-15 14:39:00,presencial
8256,486,115,23.76,2026-03-15 15:01:00,online
8257,320,23,38.23,2026-03-15 15:22:00,online
8258,275,3,30.44,2026-03-15 15:29:00,presencial
8259,390,43,20.08,2026-03-15 15:29:00,presencial
8260,249,22,40.7,2026-03-15 16:18:00,online
8261,266,200,10.73,2026-03-15 16:31:00,online
8262,180,198,75.28,2026-03-15 17:03:00,online
8263,114,4,209.46,2026-03-15 17:11:00,online
8264,120,92,47.25,2026-03-15 17:54:00,online
8265,394,77,126.6,2026-03-15 17:55:00,online
8266,499,6,53.03,2026-03-15 18:19:00,online
8267,255,134,14.52,2026-03-15 18:34:00,online
8268,58,171,406.58,2026-03-15 18:38:00,online
8269,367,123,3.11,2026-03-15 18:41:00,online
8270,542,184,45.21,2026-03-15 19:07:00,online
8271,317,128,19.19,2026-03-15 19:19:00,presencial
8272,17,110,254.64,2026-03-15 19:24:00,online
8273,50,190,56.69,2026-03-15 19:25:00,presencial
8274,314,142,743.24,2026-03-15 19:39:00,presencial
8275,517,153,46.51,2026-03-15 19:41:00,presencial
8276,35,157,19.36,2026-03-15 19:44:00,presencial
8277,453,7,6.81,2026-03-15 20:24:00,presencial
8278,468,147,151.0,2026-03-15 20:40:00,online
8279,31,150,17.85,2026-03-15 21:05:00,presencial
8280,127,99,28.17,2026-03-15 21:06:00,online
8281,3,113,172.59,2026-03-15 21:20:00,presencial
8282,340,167,142.41,2026-03-15 21:53:00,presencial
8283,105,29,22.86,2026-03-15 22:05:00,presencial
8284,550,106,27.13,2026-03-15 22:12:00,presencial
8285,55,155,6.48,2026-03-15 22:27:00,online
8286,390,52,4.66,2026-03-15 22:43:00,presencial
8287,473,53,103.55,2026-03-15 23:12:00,presencial
8288,107,1,116.91,2026-03-15 23:19:00,online
8289,152,63,66.22,2026-03-15 23:33:00,presencial
8290,479,72,54.92,2026-03-15 23:34:00,presencial
8291,56,191,20.56,2026-03-16 00:07:00,presencial
8292,265,17,224.74,2026-03-16 00:10:00,online
8293,151,130,6.28,2026-03-16 00:23:00,presencial
8294,8,13,26.7,2026-03-16 00:43:00,online
8295,271,160,53.34,2026-03-16 00:45:00,online
8296,293,94,44.68,2026-03-16 01:34:00,presencial
8297,209,86,44.6,2026-03-16 02:03:00,online
8298,488,189,25.25,2026-03-16 02:04:00,online
8299,58,150,81.04,2026-03-16 02:11:00,presencial
8300,258,22,11.74,2026-03-16 02:18:00,presencial
8301,109,54,38.15,2026-03-16 02:21:00,online
8302,456,55,71.89,2026-03-16 02:24:00,online
8303,335,122,31.01,2026-03-16 02:48:00,presencial
8304,424,167,44.94,2026-03-16 03:09:00,online
8305,65,128,56.66,2026-03-16 03:19:00,presencial
8306,275,81,6.44,2026-03-16 03:31:00,presencial
8307,31,150,7.14,2026-03-16 03:34:00,presencial
8308,194,152,51.8,2026-03-16 03:43:00,online
8309,568,17,22.89,2026-03-16 03:44:00,presencial
8310,436,109,24.46,2026-03-16 03:44:00,online
8311,48,143,83.59,2026-03-16 03:48:00,online
8312,222,121,15.06,2026-03-16 04:17:00,presencial
8313,523,49,3.14,2026-03-16 04:50:00,presencial
8314,103,33,276.64,2026-03-16 04:57:00,online
8315,455,59,169.16,2026-03-16 05:04:00,presencial
8316,193,71,166.82,2026-03-16 05:10:00,presencial
8317,287,185,13.03,2026-03-16 05:27:00,presencial
8318,527,125,41.05,2026-03-16 05:41:00,online
8319,404,168,11.08,2026-03-16 05:46:00,presencial
8320,171,6,41.85,2026-03-16 06:14:00,online
8321,6,157,30.48,2026-03-16 06:37:00,online
8322,141,38,13.66,2026-03-16 06:39:00,presencial
8323,251,114,77.76,2026-03-16 07:06:00,presencial
8324,81,78,33.63,2026-03-16 07:07:00,online
8325,530,173,297.37,2026-03-16 07:36:00,presencial
8326,34,135,49.12,2026-03-16 07:49:00,presencial
8327,325,93,2.71,2026-03-16 07:54:00,presencial
8328,587,102,6.09,2026-03-16 08:05:00,online
8329,201,142,448.18,2026-03-16 08:09:00,presencial
8330,323,144,30.12,2026-03-16 08:19:00,presencial
8331,45,115,58.21,2026-03-16 08:22:00,online
8332,438,146,45.18,2026-03-16 08:56:00,online
8333,587,158,212.29,2026-03-16 09:09:00,presencial
8334,464,7,5.49,2026-03-16 09:25:00,online
8335,90,74,192.9,2026-03-16 09:25:00,presencial
8336,212,181,178.83,2026-03-16 09:32:00,presencial
8337,435,65,45.01,2026-03-16 09:36:00,presencial
8338,480,165,70.43,2026-03-16 09:55:00,online
8339,243,110,29.74,2026-03-16 10:19:00,presencial
8340,577,55,7.0,2026-03-16 10:19:00,online
8341,123,71,84.63,2026-03-16 10:21:00,presencial
8342,446,97,58.63,2026-03-16 10:23:00,online
8343,298,25,59.99,2026-03-16 10:36:00,presencial
8344,428,62,75.98,2026-03-16 10:45:00,online
8345,358,137,22.99,2026-03-16 11:00:00,online
8346,260,182,231.04,2026-03-16 11:01:00,online
8347,490,191,45.1,2026-03-16 11:02:00,online
8348,505,77,81.12,2026-03-16 11:16:00,presencial
8349,491,159,33.14,2026-03-16 11:22:00,online
8350,54,80,141.92,2026-03-16 11:36:00,online
8351,254,162,50.12,2026-03-16 11:57:00,presencial
8352,450,183,40.71,2026-03-16 12:06:00,presencial
8353,521,90,168.7,2026-03-16 12:07:00,presencial
8354,218,121,6.72,2026-03-16 12:10:00,online
8355,445,174,32.85,2026-03-16 12:11:00,presencial
8356,340,28,22.78,2026-03-16 12:12:00,presencial
8357,133,50,67.44,2026-03-16 12:25:00,presencial
8358,536,126,63.27,2026-03-16 12:34:00,online
8359,267,36,44.12,2026-03-16 12:35:00,presencial
8360,364,159,20.38,2026-03-16 12:42:00,online
8361,174,54,43.54,2026-03-16 13:14:00,presencial
8362,16,68,63.8,2026-03-16 13:31:00,presencial
8363,272,163,36.73,2026-03-16 13:39:00,online
8364,434,106,151.15,2026-03-16 14:00:00,presencial
8365,197,159,87.64,2026-03-16 14:00:00,online
8366,558,126,45.65,2026-03-16 14:16:00,online
8367,451,103,3.39,2026-03-16 14:19:00,presencial
8368,386,103,35.16,2026-03-16 14:20:00,presencial
8369,484,161,89.4,2026-03-16 14:50:00,presencial
8370,517,200,32.87,2026-03-16 14:52:00,presencial
8371,433,5,62.4,2026-03-16 15:42:00,presencial
8372,496,102,34.92,2026-03-16 15:44:00,online
8373,428,157,57.73,2026-03-16 15:58:00,presencial
8374,517,129,208.74,2026-03-16 16:09:00,online
8375,63,97,106.21,2026-03-16 16:19:00,presencial
8376,207,159,10.75,2026-03-16 16:22:00,presencial
8377,533,94,7.22,2026-03-16 16:23:00,presencial
8378,285,28,72.73,2026-03-16 16:38:00,presencial
8379,9,55,161.52,2026-03-16 17:00:00,presencial
8380,509,9,7.19,2026-03-16 17:03:00,online
8381,394,141,35.49,2026-03-16 17:15:00,online
8382,547,195,608.22,2026-03-16 17:19:00,presencial
8383,10,76,33.26,2026-03-16 17:27:00,online
8384,89,147,719.42,2026-03-16 17:44:00,presencial
8385,307,197,18.07,2026-03-16 17:56:00,online
8386,109,79,21.94,2026-03-16 17:59:00,presencial
8387,313,177,20.63,2026-03-16 18:00:00,presencial
8388,209,4,10.95,2026-03-16 18:34:00,online
8389,127,136,6.96,2026-03-16 18:34:00,presencial
8390,463,34,35.05,2026-03-16 18:39:00,online
8391,24,157,52.42,2026-03-16 18:58:00,online
8392,525,2,20.32,2026-03-16 19:22:00,presencial
8393,93,167,26.47,2026-03-16 19:43:00,presencial
8394,349,80,219.35,2026-03-16 19:45:00,presencial
8395,595,48,130.18,2026-03-16 19:53:00,presencial
8396,68,111,33.63,2026-03-16 20:29:00,online
8397,557,198,71.73,2026-03-16 20:32:00,presencial
8398,183,33,7.39,2026-03-16 20:47:00,presencial
8399,445,63,60.13,2026-03-16 20:47:00,presencial
8400,515,128,41.74,2026-03-16 20:52:00,online
8401,140,19,29.62,2026-03-16 21:00:00,presencial
8402,209,191,46.34,2026-03-16 21:38:00,online
8403,517,105,38.79,2026-03-16 21:49:00,presencial
8404,62,199,10.54,2026-03-16 22:02:00,presencial
8405,66,84,283.65,2026-03-16 22:28:00,online
8406,182,167,127.22,2026-03-16 22:36:00,presencial
8407,362,67,29.18,2026-03-16 22:42:00,online
8408,485,89,6.45,2026-03-16 22:49:00,presencial
8409,338,70,3.0,2026-03-16 22:52:00,presencial
8410,297,110,405.52,2026-03-16 22:58:00,online
8411,523,45,36.93,2026-03-16 23:20:00,presencial
8412,103,101,103.47,2026-03-16 23:43:00,presencial
8413,542,168,15.74,2026-03-16 23:53:00,presencial
8414,188,32,31.88,2026-03-16 23:59:00,online
8415,166,159,33.72,2026-03-17 00:00:00,online
8416,573,171,58.3,2026-03-17 00:08:00,presencial
8417,388,7,49.35,2026-03-17 00:09:00,presencial
8418,260,136,16.21,2026-03-17 00:17:00,online
8419,199,98,16.02,2026-03-17 01:03:00,online
8420,265,128,40.87,2026-03-17 01:08:00,online
8421,475,59,6.49,2026-03-17 01:27:00,presencial
8422,92,45,18.08,2026-03-17 01:29:00,presencial
8423,105,58,37.73,2026-03-17 01:38:00,presencial
8424,183,31,69.22,2026-03-17 01:40:00,presencial
8425,290,82,233.64,2026-03-17 02:00:00,online
8426,489,175,26.47,2026-03-17 02:32:00,online
8427,127,156,46.51,2026-03-17 02:41:00,online
8428,472,36,5.73,2026-03-17 02:53:00,presencial
8429,545,112,64.61,2026-03-17 03:00:00,presencial
8430,262,15,16.44,2026-03-17 03:07:00,presencial
8431,577,12,31.85,2026-03-17 03:14:00,presencial
8432,537,126,75.45,2026-03-17 03:46:00,presencial
8433,479,61,79.0,2026-03-17 03:57:00,online
8434,229,141,9.03,2026-03-17 04:06:00,online
8435,181,32,108.0,2026-03-17 04:34:00,online
8436,519,24,42.83,2026-03-17 04:39:00,presencial
8437,265,144,180.17,2026-03-17 05:17:00,presencial
8438,19,42,223.14,2026-03-17 06:38:00,presencial
8439,431,12,261.58,2026-03-17 06:57:00,online
8440,209,158,9.33,2026-03-17 07:12:00,presencial
8441,562,142,69.58,2026-03-17 07:26:00,presencial
8442,514,186,7.88,2026-03-17 07:27:00,presencial
8443,63,120,187.09,2026-03-17 07:30:00,online
8444,541,96,218.8,2026-03-17 07:53:00,presencial
8445,570,135,131.09,2026-03-17 07:55:00,presencial
8446,454,159,28.02,2026-03-17 08:03:00,online
8447,166,126,81.34,2026-03-17 08:12:00,presencial
8448,402,64,24.35,2026-03-17 08:14:00,presencial
8449,521,178,45.38,2026-03-17 08:17:00,presencial
8450,490,141,40.39,2026-03-17 08:35:00,presencial
8451,259,176,4.96,2026-03-17 08:44:00,presencial
8452,425,112,18.35,2026-03-17 09:24:00,online
8453,232,90,543.45,2026-03-17 09:28:00,presencial
8454,153,169,40.64,2026-03-17 09:32:00,presencial
8455,404,123,53.32,2026-03-17 09:33:00,presencial
8456,280,156,44.28,2026-03-17 09:40:00,presencial
8457,135,178,28.46,2026-03-17 09:47:00,presencial
8458,397,57,46.51,2026-03-17 09:55:00,online
8459,194,39,28.57,2026-03-17 10:04:00,online
8460,353,30,3.63,2026-03-17 10:15:00,presencial
8461,217,120,106.15,2026-03-17 10:41:00,online
8462,532,162,263.53,2026-03-17 11:11:00,presencial
8463,511,196,12.42,2026-03-17 11:15:00,presencial
8464,285,7,28.39,2026-03-17 11:22:00,presencial
8465,427,1,232.75,2026-03-17 11:41:00,presencial
8466,107,136,19.13,2026-03-17 11:41:00,presencial
8467,599,54,68.48,2026-03-17 11:49:00,online
8468,129,96,5216.66,2026-03-17 11:51:00,online
8469,521,16,89.61,2026-03-17 12:05:00,online
8470,508,16,48.22,2026-03-17 12:27:00,presencial
8471,107,106,117.91,2026-03-17 12:55:00,online
8472,6,138,105.05,2026-03-17 13:22:00,online
8473,443,178,21.57,2026-03-17 13:23:00,presencial
8474,522,97,6.62,2026-03-17 13:34:00,presencial
8475,430,130,85.91,2026-03-17 13:37:00,online
8476,34,173,101.32,2026-03-17 13:59:00,presencial
8477,388,87,32.22,2026-03-17 14:19:00,online
8478,235,42,273.07,2026-03-17 14:24:00,presencial
8479,550,166,219.03,2026-03-17 14:31:00,presencial
8480,481,1,104.79,2026-03-17 14:38:00,online
8481,480,56,32.9,2026-03-17 14:45:00,presencial
8482,245,27,4.48,2026-03-17 14:56:00,online
8483,194,129,36.9,2026-03-17 15:06:00,online
8484,494,54,5.93,2026-03-17 15:07:00,presencial
8485,70,69,3.34,2026-03-17 15:21:00,presencial
8486,61,131,91.09,2026-03-17 15:33:00,online
8487,38,60,162.31,2026-03-17 16:23:00,presencial
8488,307,73,5.23,2026-03-17 16:35:00,presencial
8489,46,100,33.71,2026-03-17 16:51:00,presencial
8490,350,24,43.85,2026-03-17 17:27:00,online
8491,101,188,32.41,2026-03-17 17:33:00,presencial
8492,535,197,9.81,2026-03-17 17:34:00,presencial
8493,260,143,193.28,2026-03-17 17:37:00,online
8494,57,22,10.12,2026-03-17 17:40:00,presencial
8495,417,95,5.24,2026-03-17 17:43:00,presencial
8496,204,72,9.86,2026-03-17 17:55:00,presencial
8497,158,34,75.9,2026-03-17 18:20:00,presencial
8498,396,176,33.32,2026-03-17 18:20:00,presencial
8499,574,84,19.16,2026-03-17 18:22:00,presencial
8500,588,131,79.87,2026-03-17 18:43:00,online
8501,262,139,64.45,2026-03-17 18:46:00,presencial
8502,509,64,3.53,2026-03-17 18:47:00,online
8503,126,70,78.99,2026-03-17 18:57:00,presencial
8504,508,195,163.92,2026-03-17 19:05:00,presencial
8505,566,165,39.04,2026-03-17 19:29:00,online
8506,311,101,34.52,2026-03-17 19:40:00,online
8507,314,107,358.98,2026-03-17 19:47:00,online
8508,339,2,20.47,2026-03-17 19:53:00,online
8509,44,41,37.25,2026-03-17 19:54:00,online
8510,516,2,64.33,2026-03-17 19:55:00,presencial
8511,443,162,47.15,2026-03-17 20:43:00,online
8512,522,189,33.13,2026-03-17 20:56:00,presencial
8513,70,33,49.31,2026-03-17 21:09:00,online
8514,482,57,251.1,2026-03-17 21:26:00,presencial
8515,218,71,108.68,2026-03-17 21:34:00,online
8516,492,163,41.17,2026-03-17 21:41:00,presencial
8517,597,82,17.28,2026-03-17 22:01:00,presencial
8518,528,9,20.0,2026-03-17 22:06:00,presencial
8519,550,118,127.13,2026-03-17 22:43:00,presencial
8520,69,30,7.75,2026-03-17 22:44:00,presencial
8521,198,130,628.61,2026-03-17 22:45:00,online
8522,176,172,43.17,2026-03-17 23:05:00,presencial
8523,309,14,9.81,2026-03-17 23:07:00,presencial
8524,586,199,54.61,2026-03-17 23:11:00,online
8525,412,133,18.53,2026-03-17 23:16:00,presencial
8526,327,11,28.19,2026-03-17 23:23:00,online
8527,483,45,8.48,2026-03-17 23:36:00,online
8528,106,34,34.38,2026-03-17 23:48:00,online
8529,397,177,4.33,2026-03-18 00:02:00,online
8530,302,145,23.11,2026-03-18 00:17:00,presencial
8531,122,75,17.99,2026-03-18 00:33:00,presencial
8532,388,106,25.72,2026-03-18 00:51:00,online
8533,505,70,19.29,2026-03-18 01:07:00,presencial
8534,497,82,46.4,2026-03-18 01:07:00,online
8535,506,128,118.72,2026-03-18 01:10:00,online
8536,488,39,66.46,2026-03-18 01:16:00,presencial
8537,282,152,186.64,2026-03-18 01:57:00,online
8538,30,190,25.83,2026-03-18 02:06:00,online
8539,580,195,63.89,2026-03-18 02:12:00,online
8540,273,35,66.72,2026-03-18 02:18:00,presencial
8541,380,83,158.67,2026-03-18 02:29:00,presencial
8542,13,54,20.02,2026-03-18 02:31:00,online
8543,534,127,106.45,2026-03-18 02:37:00,online
8544,533,65,17.41,2026-03-18 02:42:00,presencial
8545,557,79,23.88,2026-03-18 02:50:00,presencial
8546,105,28,30.13,2026-03-18 02:53:00,presencial
8547,506,112,73.59,2026-03-18 02:57:00,presencial
8548,375,108,13.52,2026-03-18 02:59:00,presencial
8549,88,111,15.76,2026-03-18 03:13:00,online
8550,343,69,21.99,2026-03-18 03:25:00,presencial
8551,286,152,47.15,2026-03-18 03:30:00,presencial
8552,376,122,15.96,2026-03-18 03:43:00,online
8553,51,36,59.76,2026-03-18 04:40:00,online
8554,339,74,30.16,2026-03-18 04:46:00,online
8555,407,133,92.18,2026-03-18 05:02:00,presencial
8556,430,24,47.91,2026-03-18 05:06:00,presencial
8557,462,71,307.15,2026-03-18 05:26:00,presencial
8558,376,175,51.07,2026-03-18 05:30:00,online
8559,421,89,11.7,2026-03-18 05:35:00,online
8560,55,102,35.37,2026-03-18 05:39:00,presencial
8561,479,137,45.75,2026-03-18 05:53:00,online
8562,221,65,16.45,2026-03-18 05:59:00,online
8563,329,166,237.18,2026-03-18 06:04:00,presencial
8564,328,4,31.79,2026-03-18 06:11:00,presencial
8565,586,95,22.0,2026-03-18 06:43:00,presencial
8566,196,120,54.58,2026-03-18 06:46:00,online
8567,231,48,16.5,2026-03-18 06:50:00,presencial
8568,457,157,129.41,2026-03-18 07:02:00,presencial
8569,381,16,103.74,2026-03-18 07:30:00,presencial
8570,191,131,51.61,2026-03-18 07:44:00,online
8571,207,127,85.69,2026-03-18 07:45:00,presencial
8572,498,158,25.8,2026-03-18 07:53:00,presencial
8573,502,42,8.56,2026-03-18 08:00:00,presencial
8574,89,31,31.24,2026-03-18 08:00:00,presencial
8575,240,117,25.75,2026-03-18 08:39:00,presencial
8576,462,195,4.76,2026-03-18 08:59:00,presencial
8577,72,157,13.96,2026-03-18 09:04:00,presencial
8578,111,43,11.55,2026-03-18 09:08:00,presencial
8579,96,82,14.02,2026-03-18 09:12:00,online
8580,317,54,193.76,2026-03-18 09:14:00,presencial
8581,271,156,78.5,2026-03-18 09:15:00,presencial
8582,193,103,129.21,2026-03-18 09:34:00,presencial
8583,82,88,78.3,2026-03-18 09:45:00,presencial
8584,383,2,147.13,2026-03-18 09:46:00,online
8585,485,127,46.05,2026-03-18 09:49:00,online
8586,128,89,236.81,2026-03-18 10:04:00,presencial
8587,400,8,11.54,2026-03-18 10:57:00,online
8588,478,40,41.49,2026-03-18 10:57:00,online
8589,335,146,14.48,2026-03-18 11:02:00,online
8590,345,150,175.19,2026-03-18 11:04:00,online
8591,101,99,70.94,2026-03-18 11:21:00,presencial
8592,575,152,164.9,2026-03-18 11:49:00,presencial
8593,574,148,9.55,2026-03-18 11:54:00,presencial
8594,428,124,23.04,2026-03-18 11:55:00,presencial
8595,542,42,6.28,2026-03-18 12:21:00,presencial
8596,365,85,66.51,2026-03-18 12:26:00,online
8597,397,164,27.91,2026-03-18 12:41:00,presencial
8598,498,63,102.63,2026-03-18 13:17:00,online
8599,23,133,46.29,2026-03-18 13:23:00,presencial
8600,132,166,4.29,2026-03-18 13:47:00,online
8601,123,107,7.2,2026-03-18 13:49:00,presencial
8602,380,102,48.94,2026-03-18 13:55:00,presencial
8603,146,38,74.61,2026-03-18 13:56:00,online
8604,235,100,3.9,2026-03-18 14:01:00,presencial
8605,297,9,40.78,2026-03-18 14:20:00,online
8606,447,23,14.6,2026-03-18 14:31:00,presencial
8607,311,109,13.18,2026-03-18 14:33:00,presencial
8608,15,44,21.75,2026-03-18 14:43:00,online
8609,413,70,51.21,2026-03-18 14:49:00,presencial
8610,257,73,20.55,2026-03-18 14:49:00,online
8611,69,95,5.03,2026-03-18 14:53:00,presencial
8612,392,140,50.76,2026-03-18 15:04:00,online
8613,163,90,30.39,2026-03-18 15:07:00,online
8614,277,170,15.92,2026-03-18 15:10:00,online
8615,581,97,31.86,2026-03-18 15:28:00,presencial
8616,143,199,30.49,2026-03-18 15:42:00,presencial
8617,532,200,46.92,2026-03-18 15:44:00,presencial
8618,279,86,34.03,2026-03-18 16:08:00,online
8619,560,154,53.62,2026-03-18 16:11:00,presencial
8620,510,91,42.37,2026-03-18 16:14:00,online
8621,500,176,110.13,2026-03-18 16:17:00,online
8622,125,154,255.5,2026-03-18 16:37:00,online
8623,475,68,43.96,2026-03-18 17:11:00,presencial
8624,221,65,22.56,2026-03-18 17:22:00,presencial
8625,547,177,9.2,2026-03-18 17:38:00,presencial
8626,595,109,91.01,2026-03-18 17:49:00,online
8627,368,139,16.56,2026-03-18 17:50:00,online
8628,548,136,591.29,2026-03-18 18:03:00,presencial
8629,320,34,950.6,2026-03-18 19:03:00,presencial
8630,21,48,35.36,2026-03-18 19:28:00,online
8631,525,181,7.16,2026-03-18 19:45:00,presencial
8632,319,56,91.76,2026-03-18 19:48:00,presencial
8633,27,174,449.74,2026-03-18 19:53:00,online
8634,40,72,10.55,2026-03-18 20:16:00,presencial
8635,434,170,360.63,2026-03-18 20:20:00,presencial
8636,555,116,5.85,2026-03-18 20:42:00,online
8637,419,20,9.03,2026-03-18 20:43:00,presencial
8638,265,55,62.79,2026-03-18 21:37:00,online
8639,185,191,136.78,2026-03-18 22:28:00,online
8640,252,42,41.55,2026-03-18 22:28:00,presencial
8641,194,46,73.29,2026-03-18 22:29:00,presencial
8642,164,30,150.63,2026-03-18 22:38:00,online
8643,78,122,171.09,2026-03-18 22:49:00,presencial
8644,342,162,22.54,2026-03-18 22:55:00,presencial
8645,132,188,17.29,2026-03-18 23:15:00,presencial
8646,87,178,142.44,2026-03-19 00:09:00,online
8647,166,177,73.67,2026-03-19 00:18:00,online
8648,480,181,85.42,2026-03-19 00:29:00,presencial
8649,344,114,21.6,2026-03-19 00:30:00,presencial
8650,295,165,90.18,2026-03-19 00:35:00,online
8651,356,127,13.41,2026-03-19 00:43:00,online
8652,340,28,58.67,2026-03-19 00:49:00,presencial
8653,299,5,50.55,2026-03-19 01:00:00,online
8654,505,20,50.93,2026-03-19 01:04:00,presencial
8655,439,70,105.56,2026-03-19 01:22:00,presencial
8656,112,100,14.55,2026-03-19 01:27:00,online
8657,491,128,94.12,2026-03-19 01:40:00,presencial
8658,106,105,45.73,2026-03-19 01:41:00,presencial
8659,47,74,18.71,2026-03-19 01:48:00,presencial
8660,253,147,10.44,2026-03-19 01:52:00,presencial
8661,236,173,356.93,2026-03-19 01:55:00,online
8662,472,45,41.41,2026-03-19 01:57:00,presencial
8663,418,53,30.25,2026-03-19 02:16:00,online
8664,36,187,12.7,2026-03-19 02:30:00,online
8665,300,195,148.05,2026-03-19 02:35:00,online
8666,478,62,135.94,2026-03-19 02:39:00,online
8667,440,102,109.99,2026-03-19 02:41:00,online
8668,301,116,41.8,2026-03-19 03:02:00,presencial
8669,370,127,102.14,2026-03-19 03:26:00,presencial
8670,338,173,18.06,2026-03-19 03:29:00,online
8671,139,22,56.79,2026-03-19 03:31:00,presencial
8672,339,105,42.11,2026-03-19 03:32:00,presencial
8673,406,44,59.96,2026-03-19 03:42:00,presencial
8674,34,151,6.08,2026-03-19 03:45:00,presencial
8675,418,120,349.55,2026-03-19 04:02:00,presencial
8676,150,150,265.17,2026-03-19 04:11:00,presencial
8677,5,182,12.62,2026-03-19 04:14:00,presencial
8678,454,159,84.36,2026-03-19 04:31:00,online
8679,234,171,8.71,2026-03-19 05:23:00,online
8680,248,163,49.02,2026-03-19 05:36:00,presencial
8681,375,126,3.99,2026-03-19 05:37:00,online
8682,337,79,32.41,2026-03-19 05:42:00,presencial
8683,373,68,26.14,2026-03-19 05:56:00,presencial
8684,567,73,159.56,2026-03-19 06:09:00,presencial
8685,391,122,280.15,2026-03-19 06:17:00,presencial
8686,28,161,287.17,2026-03-19 06:19:00,online
8687,134,74,159.83,2026-03-19 06:27:00,presencial
8688,270,116,48.94,2026-03-19 06:47:00,online
8689,284,83,68.52,2026-03-19 06:52:00,online
8690,217,122,68.15,2026-03-19 06:55:00,presencial
8691,111,164,12.2,2026-03-19 06:58:00,presencial
8692,64,83,157.67,2026-03-19 07:06:00,presencial
8693,87,80,95.49,2026-03-19 07:11:00,presencial
8694,571,41,100.5,2026-03-19 07:46:00,online
8695,238,100,3.63,2026-03-19 07:59:00,presencial
8696,577,92,73.55,2026-03-19 08:02:00,online
8697,201,33,135.13,2026-03-19 08:17:00,online
8698,187,194,43.96,2026-03-19 08:47:00,presencial
8699,294,172,25.77,2026-03-19 09:03:00,presencial
8700,569,59,9.99,2026-03-19 09:05:00,online
8701,338,189,9.23,2026-03-19 09:24:00,online
8702,22,55,52.97,2026-03-19 09:42:00,presencial
8703,163,84,34.53,2026-03-19 09:59:00,presencial
8704,589,27,34.0,2026-03-19 10:29:00,online
8705,93,123,240.28,2026-03-19 10:34:00,presencial
8706,502,97,11.23,2026-03-19 11:41:00,online
8707,558,54,30.56,2026-03-19 11:46:00,presencial
8708,129,58,288.16,2026-03-19 12:14:00,presencial
8709,336,188,31.71,2026-03-19 12:19:00,presencial
8710,360,138,48.08,2026-03-19 12:32:00,presencial
8711,477,31,36.87,2026-03-19 13:02:00,presencial
8712,479,28,97.16,2026-03-19 13:04:00,online
8713,37,15,4.66,2026-03-19 13:23:00,presencial
8714,192,50,35.74,2026-03-19 13:25:00,presencial
8715,565,148,47.46,2026-03-19 13:48:00,presencial
8716,213,13,14.91,2026-03-19 14:01:00,presencial
8717,148,50,65.23,2026-03-19 14:14:00,online
8718,378,9,106.17,2026-03-19 14:30:00,presencial
8719,118,130,73.49,2026-03-19 14:34:00,online
8720,89,163,316.46,2026-03-19 14:50:00,presencial
8721,479,106,27.75,2026-03-19 15:14:00,presencial
8722,71,182,77.36,2026-03-19 15:17:00,online
8723,535,138,75.46,2026-03-19 15:28:00,presencial
8724,150,153,34.5,2026-03-19 15:36:00,online
8725,65,63,155.51,2026-03-19 15:53:00,presencial
8726,445,174,61.38,2026-03-19 16:09:00,presencial
8727,106,127,11.93,2026-03-19 16:43:00,presencial
8728,220,18,102.07,2026-03-19 16:48:00,presencial
8729,211,17,25.81,2026-03-19 16:51:00,online
8730,305,180,31.34,2026-03-19 16:52:00,presencial
8731,285,56,34.0,2026-03-19 17:34:00,presencial
8732,118,94,100.37,2026-03-19 17:35:00,presencial
8733,141,153,146.48,2026-03-19 17:36:00,presencial
8734,117,154,37.51,2026-03-19 18:00:00,presencial
8735,34,6,35.22,2026-03-19 18:05:00,presencial
8736,391,124,4.7,2026-03-19 18:23:00,presencial
8737,283,183,20.47,2026-03-19 18:24:00,presencial
8738,66,70,15.78,2026-03-19 18:37:00,presencial
8739,199,109,62.95,2026-03-19 19:01:00,online
8740,401,53,39.73,2026-03-19 19:38:00,presencial
8741,172,145,16.45,2026-03-19 19:41:00,presencial
8742,241,24,52.88,2026-03-19 19:44:00,presencial
8743,447,104,41.5,2026-03-19 20:02:00,online
8744,403,83,2.73,2026-03-19 20:14:00,presencial
8745,421,129,151.22,2026-03-19 20:28:00,online
8746,230,99,135.91,2026-03-19 20:44:00,presencial
8747,291,197,34.41,2026-03-19 21:16:00,online
8748,508,197,65.88,2026-03-19 21:50:00,online
8749,524,57,31.26,2026-03-19 22:33:00,presencial
8750,34,8,7.65,2026-03-19 23:01:00,presencial
8751,503,99,483.04,2026-03-19 23:05:00,presencial
8752,536,119,101.98,2026-03-19 23:10:00,presencial
8753,566,151,125.8,2026-03-19 23:22:00,presencial
8754,162,105,32.69,2026-03-19 23:25:00,presencial
8755,301,118,154.25,2026-03-19 23:40:00,presencial
8756,26,5,9.9,2026-03-20 00:10:00,online
8757,66,153,34.12,2026-03-20 00:22:00,online
8758,338,66,100.87,2026-03-20 00:34:00,online
8759,124,77,22.43,2026-03-20 00:58:00,online
8760,135,85,121.73,2026-03-20 01:01:00,presencial
8761,179,15,62.44,2026-03-20 01:12:00,online
8762,276,99,56.29,2026-03-20 01:20:00,presencial
8763,92,77,20.25,2026-03-20 01:22:00,online
8764,482,47,69.74,2026-03-20 01:25:00,presencial
8765,401,50,374.58,2026-03-20 01:44:00,online
8766,475,7,54.21,2026-03-20 01:47:00,presencial
8767,556,178,82.4,2026-03-20 01:47:00,online
8768,361,59,96.92,2026-03-20 01:56:00,presencial
8769,218,175,12.69,2026-03-20 02:33:00,presencial
8770,587,168,38.64,2026-03-20 02:48:00,online
8771,340,92,37.36,2026-03-20 02:52:00,presencial
8772,279,162,4.32,2026-03-20 02:54:00,online
8773,250,43,106.47,2026-03-20 03:02:00,online
8774,24,37,16.04,2026-03-20 03:08:00,online
8775,574,180,94.41,2026-03-20 03:31:00,online
8776,492,130,19.42,2026-03-20 03:56:00,presencial
8777,420,138,422.56,2026-03-20 03:56:00,online
8778,133,185,32.9,2026-03-20 04:09:00,online
8779,557,3,369.92,2026-03-20 04:14:00,presencial
8780,106,35,36.97,2026-03-20 04:23:00,online
8781,145,193,42.15,2026-03-20 04:38:00,presencial
8782,43,26,250.45,2026-03-20 04:40:00,presencial
8783,173,90,16.29,2026-03-20 04:43:00,presencial
8784,197,5,47.23,2026-03-20 05:12:00,online
8785,477,66,80.92,2026-03-20 05:18:00,presencial
8786,196,35,69.7,2026-03-20 05:29:00,online
8787,574,52,46.87,2026-03-20 05:29:00,presencial
8788,182,163,40.3,2026-03-20 05:31:00,presencial
8789,315,56,113.42,2026-03-20 05:39:00,online
8790,356,163,54.3,2026-03-20 06:02:00,presencial
8791,498,179,129.41,2026-03-20 06:09:00,presencial
8792,451,109,68.79,2026-03-20 06:19:00,presencial
8793,521,108,91.4,2026-03-20 06:20:00,presencial
8794,563,67,155.54,2026-03-20 06:25:00,online
8795,71,134,31.78,2026-03-20 06:25:00,presencial
8796,57,162,150.97,2026-03-20 06:36:00,online
8797,270,173,37.62,2026-03-20 06:41:00,presencial
8798,91,40,9.58,2026-03-20 06:59:00,online
8799,297,138,31.12,2026-03-20 07:05:00,presencial
8800,354,28,20.19,2026-03-20 07:06:00,presencial
8801,166,99,67.55,2026-03-20 07:17:00,online
8802,59,18,32.64,2026-03-20 07:25:00,presencial
8803,579,111,51.45,2026-03-20 07:30:00,presencial
8804,223,171,136.41,2026-03-20 07:34:00,online
8805,504,164,229.14,2026-03-20 07:34:00,online
8806,375,143,61.68,2026-03-20 07:58:00,presencial
8807,398,116,147.56,2026-03-20 08:26:00,online
8808,469,125,36.79,2026-03-20 08:54:00,online
8809,160,20,8.01,2026-03-20 09:03:00,online
8810,131,146,12.22,2026-03-20 09:09:00,online
8811,599,137,36.04,2026-03-20 09:30:00,presencial
8812,401,29,107.25,2026-03-20 09:31:00,online
8813,176,127,36.16,2026-03-20 10:02:00,presencial
8814,388,77,164.76,2026-03-20 10:10:00,presencial
8815,237,102,335.23,2026-03-20 10:18:00,presencial
8816,516,163,16.83,2026-03-20 10:33:00,presencial
8817,305,65,462.82,2026-03-20 10:35:00,presencial
8818,189,184,7.4,2026-03-20 10:58:00,presencial
8819,415,84,341.63,2026-03-20 11:27:00,online
8820,451,103,43.08,2026-03-20 11:44:00,online
8821,224,6,34.6,2026-03-20 12:06:00,presencial
8822,452,25,44.31,2026-03-20 12:35:00,online
8823,141,57,18.54,2026-03-20 12:38:00,online
8824,144,196,233.16,2026-03-20 12:46:00,presencial
8825,496,52,20.88,2026-03-20 12:53:00,presencial
8826,373,80,24.02,2026-03-20 13:04:00,online
8827,22,171,9.8,2026-03-20 13:19:00,presencial
8828,406,64,20.01,2026-03-20 13:21:00,presencial
8829,184,163,20.69,2026-03-20 13:23:00,presencial
8830,165,24,19.22,2026-03-20 13:25:00,online
8831,255,27,36.85,2026-03-20 13:36:00,presencial
8832,272,3,13.12,2026-03-20 14:05:00,online
8833,536,25,258.26,2026-03-20 14:24:00,online
8834,262,121,37.79,2026-03-20 14:30:00,presencial
8835,179,19,67.45,2026-03-20 14:35:00,online
8836,465,123,115.35,2026-03-20 14:55:00,presencial
8837,326,120,414.65,2026-03-20 14:59:00,online
8838,1,47,121.62,2026-03-20 15:00:00,presencial
8839,380,8,34.03,2026-03-20 15:10:00,online
8840,301,33,13.74,2026-03-20 15:12:00,presencial
8841,345,29,64.84,2026-03-20 15:42:00,presencial
8842,111,106,143.81,2026-03-20 15:44:00,online
8843,288,187,52.25,2026-03-20 15:47:00,online
8844,389,88,48.03,2026-03-20 15:59:00,online
8845,407,127,56.53,2026-03-20 16:22:00,presencial
8846,409,61,5.72,2026-03-20 16:23:00,presencial
8847,599,19,52.52,2026-03-20 16:27:00,presencial
8848,301,44,100.03,2026-03-20 16:29:00,presencial
8849,258,96,42.51,2026-03-20 16:30:00,online
8850,326,172,153.83,2026-03-20 16:58:00,online
8851,198,50,159.58,2026-03-20 17:19:00,presencial
8852,190,197,25.68,2026-03-20 17:41:00,presencial
8853,415,128,72.67,2026-03-20 17:45:00,presencial
8854,188,72,46.85,2026-03-20 17:54:00,presencial
8855,450,125,4.8,2026-03-20 18:09:00,online
8856,448,140,36.38,2026-03-20 18:22:00,presencial
8857,573,138,14.38,2026-03-20 18:29:00,presencial
8858,80,174,51.8,2026-03-20 18:44:00,presencial
8859,218,133,94.73,2026-03-20 19:09:00,presencial
8860,463,6,35.18,2026-03-20 19:13:00,presencial
8861,258,76,16.61,2026-03-20 19:15:00,presencial
8862,394,182,57.82,2026-03-20 19:24:00,presencial
8863,442,42,657.26,2026-03-20 19:28:00,online
8864,531,100,4.1,2026-03-20 19:30:00,presencial
8865,136,101,57.75,2026-03-20 19:44:00,online
8866,157,112,24.58,2026-03-20 19:47:00,presencial
8867,283,174,27.97,2026-03-20 19:55:00,presencial
8868,304,108,39.84,2026-03-20 20:04:00,online
8869,544,1,30.62,2026-03-20 20:06:00,presencial
8870,24,49,86.66,2026-03-20 20:16:00,presencial
8871,148,127,34.26,2026-03-20 20:35:00,presencial
8872,548,157,4.15,2026-03-20 20:51:00,presencial
8873,369,130,182.66,2026-03-20 20:55:00,online
8874,406,147,154.81,2026-03-20 20:58:00,presencial
8875,150,49,22.93,2026-03-20 21:11:00,presencial
8876,374,20,47.22,2026-03-20 21:29:00,online
8877,222,190,170.6,2026-03-20 21:31:00,presencial
8878,440,113,139.28,2026-03-20 21:36:00,presencial
8879,55,148,198.96,2026-03-20 21:55:00,presencial
8880,171,192,67.49,2026-03-20 21:57:00,online
8881,387,37,104.22,2026-03-20 22:00:00,online
8882,363,175,210.53,2026-03-20 22:30:00,online
8883,505,74,30.64,2026-03-20 22:36:00,presencial
8884,481,126,72.58,2026-03-20 23:17:00,presencial
8885,9,78,4.22,2026-03-20 23:25:00,online
8886,55,40,7.86,2026-03-20 23:40:00,online
8887,213,176,77.48,2026-03-20 23:42:00,presencial
8888,576,70,91.65,2026-03-20 23:42:00,presencial
8889,287,5,29.19,2026-03-21 00:28:00,presencial
8890,536,31,22.94,2026-03-21 00:37:00,presencial
8891,36,193,30.23,2026-03-21 00:54:00,presencial
8892,578,165,55.21,2026-03-21 01:02:00,online
8893,37,133,3.51,2026-03-21 01:11:00,online
8894,486,156,74.6,2026-03-21 01:15:00,presencial
8895,527,130,46.32,2026-03-21 01:23:00,presencial
8896,177,183,58.68,2026-03-21 01:30:00,presencial
8897,181,20,39.01,2026-03-21 01:31:00,presencial
8898,349,13,9.76,2026-03-21 01:39:00,presencial
8899,434,139,13.36,2026-03-21 01:45:00,presencial
8900,73,193,238.85,2026-03-21 01:59:00,online
8901,143,117,22.05,2026-03-21 02:05:00,online
8902,453,194,108.7,2026-03-21 02:07:00,online
8903,485,81,13.59,2026-03-21 02:20:00,online
8904,93,135,43.97,2026-03-21 02:33:00,online
8905,534,102,27.53,2026-03-21 02:53:00,online
8906,521,177,32.58,2026-03-21 03:01:00,online
8907,521,130,30.75,2026-03-21 03:28:00,presencial
8908,145,88,218.83,2026-03-21 03:34:00,presencial
8909,402,49,372.5,2026-03-21 03:48:00,presencial
8910,97,63,58.06,2026-03-21 03:58:00,online
8911,118,15,28.39,2026-03-21 03:59:00,presencial
8912,43,31,10.36,2026-03-21 04:04:00,presencial
8913,296,102,9.6,2026-03-21 04:09:00,online
8914,427,7,220.15,2026-03-21 04:16:00,presencial
8915,120,95,8.89,2026-03-21 04:19:00,presencial
8916,112,9,27.54,2026-03-21 04:39:00,online
8917,167,33,53.03,2026-03-21 04:46:00,presencial
8918,119,139,2.56,2026-03-21 04:47:00,presencial
8919,500,6,11.29,2026-03-21 05:00:00,online
8920,102,68,10.25,2026-03-21 05:19:00,online
8921,168,39,21.49,2026-03-21 05:22:00,presencial
8922,184,11,59.42,2026-03-21 05:29:00,presencial
8923,122,42,138.46,2026-03-21 05:31:00,presencial
8924,565,23,21.54,2026-03-21 06:03:00,presencial
8925,126,17,26.9,2026-03-21 06:06:00,online
8926,292,134,39.19,2026-03-21 06:12:00,online
8927,340,25,18.43,2026-03-21 06:20:00,online
8928,157,188,70.78,2026-03-21 06:25:00,presencial
8929,283,98,73.23,2026-03-21 06:25:00,online
8930,103,82,2.24,2026-03-21 06:45:00,online
8931,290,176,90.32,2026-03-21 06:58:00,presencial
8932,12,156,51.41,2026-03-21 06:59:00,online
8933,264,85,59.42,2026-03-21 07:17:00,presencial
8934,219,195,163.62,2026-03-21 07:25:00,online
8935,211,107,6.27,2026-03-21 07:29:00,online
8936,67,142,11.23,2026-03-21 07:33:00,presencial
8937,600,194,41.38,2026-03-21 07:52:00,online
8938,17,145,3.48,2026-03-21 08:06:00,presencial
8939,88,119,35.42,2026-03-21 08:08:00,presencial
8940,62,124,113.37,2026-03-21 08:32:00,presencial
8941,587,131,69.15,2026-03-21 08:57:00,online
8942,192,196,48.76,2026-03-21 09:05:00,presencial
8943,259,141,34.61,2026-03-21 09:12:00,online
8944,451,60,27.92,2026-03-21 09:12:00,presencial
8945,31,5,26.21,2026-03-21 09:18:00,presencial
8946,41,157,57.49,2026-03-21 09:23:00,presencial
8947,110,98,8.12,2026-03-21 09:27:00,presencial
8948,408,84,223.5,2026-03-21 09:41:00,online
8949,588,188,19.86,2026-03-21 10:03:00,presencial
8950,373,32,82.55,2026-03-21 10:04:00,online
8951,524,8,48.83,2026-03-21 10:06:00,online
8952,530,148,12.57,2026-03-21 10:45:00,presencial
8953,166,185,185.29,2026-03-21 11:21:00,presencial
8954,111,166,146.88,2026-03-21 11:31:00,presencial
8955,97,175,7.94,2026-03-21 11:47:00,online
8956,477,173,41.23,2026-03-21 11:48:00,online
8957,402,138,56.15,2026-03-21 12:35:00,presencial
8958,519,185,4.58,2026-03-21 13:00:00,presencial
8959,305,69,4.34,2026-03-21 13:20:00,online
8960,586,149,17.87,2026-03-21 13:53:00,online
8961,537,19,10.54,2026-03-21 14:04:00,presencial
8962,486,106,14.18,2026-03-21 14:21:00,presencial
8963,482,59,10.54,2026-03-21 14:39:00,presencial
8964,75,188,39.07,2026-03-21 15:07:00,online
8965,447,88,16.75,2026-03-21 15:43:00,online
8966,569,42,152.23,2026-03-21 15:52:00,presencial
8967,176,114,54.51,2026-03-21 16:03:00,online
8968,489,16,107.1,2026-03-21 16:11:00,online
8969,211,26,6.98,2026-03-21 16:16:00,presencial
8970,128,87,22.4,2026-03-21 16:17:00,presencial
8971,439,127,51.93,2026-03-21 16:31:00,presencial
8972,100,117,73.57,2026-03-21 16:38:00,online
8973,289,12,21.92,2026-03-21 16:46:00,presencial
8974,562,136,25.76,2026-03-21 17:07:00,online
8975,95,12,29.06,2026-03-21 17:16:00,presencial
8976,94,164,32.21,2026-03-21 17:21:00,online
8977,566,8,483.29,2026-03-21 17:23:00,online
8978,467,6,63.09,2026-03-21 17:59:00,presencial
8979,277,104,46.71,2026-03-21 18:31:00,online
8980,244,161,11.19,2026-03-21 18:32:00,online
8981,579,154,11.49,2026-03-21 19:09:00,presencial
8982,435,121,35.36,2026-03-21 20:13:00,presencial
8983,545,36,155.0,2026-03-21 20:17:00,online
8984,56,191,35.91,2026-03-21 20:39:00,online
8985,319,5,37.64,2026-03-21 20:51:00,presencial
8986,436,70,19.71,2026-03-21 21:00:00,presencial
8987,22,151,6.58,2026-03-21 21:07:00,presencial
8988,308,124,72.28,2026-03-21 21:10:00,presencial
8989,34,159,33.79,2026-03-21 21:49:00,online
8990,541,154,73.01,2026-03-21 22:09:00,online
8991,409,188,52.99,2026-03-21 22:40:00,online
8992,114,104,15.48,2026-03-21 23:21:00,online
8993,313,165,57.28,2026-03-21 23:39:00,presencial
8994,66,32,10.8,2026-03-21 23:44:00,presencial
8995,483,35,56.79,2026-03-21 23:55:00,presencial
8996,118,10,41.72,2026-03-22 00:03:00,online
8997,365,41,243.39,2026-03-22 00:54:00,online
8998,48,23,17.23,2026-03-22 00:58:00,online
8999,95,165,10.39,2026-03-22 01:03:00,presencial
9000,589,99,28.38,2026-03-22 01:26:00,online
9001,232,89,87.36,2026-03-22 01:41:00,presencial
9002,74,128,2.06,2026-03-22 01:54:00,presencial
9003,420,72,117.11,2026-03-22 01:58:00,online
9004,121,115,35.54,2026-03-22 02:04:00,presencial
9005,354,1,12.73,2026-03-22 02:07:00,online
9006,486,143,29.83,2026-03-22 02:18:00,presencial
9007,411,175,19.78,2026-03-22 02:28:00,presencial
9008,149,8,11.62,2026-03-22 02:33:00,presencial
9009,143,17,5.3,2026-03-22 02:54:00,online
9010,134,28,99.84,2026-03-22 03:30:00,presencial
9011,380,122,24.16,2026-03-22 03:32:00,presencial
9012,404,153,29.06,2026-03-22 03:33:00,online
9013,313,165,113.21,2026-03-22 04:25:00,presencial
9014,240,157,47.53,2026-03-22 04:26:00,presencial
9015,38,116,8.04,2026-03-22 04:33:00,online
9016,502,141,93.7,2026-03-22 04:39:00,presencial
9017,397,56,228.66,2026-03-22 04:59:00,presencial
9018,383,150,77.74,2026-03-22 05:13:00,online
9019,63,37,17.26,2026-03-22 05:33:00,presencial
9020,173,193,8.85,2026-03-22 05:33:00,presencial
9021,183,9,16.58,2026-03-22 05:41:00,presencial
9022,359,189,50.07,2026-03-22 06:13:00,presencial
9023,473,93,214.62,2026-03-22 06:24:00,online
9024,520,129,19.39,2026-03-22 06:35:00,online
9025,314,32,21.89,2026-03-22 06:51:00,presencial
9026,219,64,137.5,2026-03-22 06:59:00,presencial
9027,245,173,27.73,2026-03-22 07:02:00,presencial
9028,442,3,294.53,2026-03-22 07:20:00,presencial
9029,191,39,37.98,2026-03-22 07:31:00,online
9030,250,127,161.51,2026-03-22 07:48:00,online
9031,472,161,68.11,2026-03-22 07:54:00,presencial
9032,326,87,97.3,2026-03-22 07:56:00,presencial
9033,281,18,36.79,2026-03-22 08:14:00,presencial
9034,441,30,39.53,2026-03-22 08:24:00,online
9035,174,179,70.87,2026-03-22 08:32:00,presencial
9036,37,44,107.55,2026-03-22 09:05:00,presencial
9037,474,116,79.73,2026-03-22 09:09:00,online
9038,273,188,6.4,2026-03-22 09:13:00,presencial
9039,196,76,59.35,2026-03-22 09:17:00,online
9040,58,14,21.71,2026-03-22 09:56:00,presencial
9041,556,163,24.52,2026-03-22 09:56:00,presencial
9042,436,158,73.94,2026-03-22 10:09:00,presencial
9043,165,131,289.37,2026-03-22 10:09:00,online
9044,365,181,34.63,2026-03-22 10:12:00,online
9045,279,156,391.57,2026-03-22 10:20:00,presencial
9046,197,138,13.37,2026-03-22 10:47:00,presencial
9047,187,67,173.28,2026-03-22 10:55:00,online
9048,46,13,71.79,2026-03-22 10:57:00,online
9049,585,146,56.23,2026-03-22 11:01:00,presencial
9050,556,170,204.69,2026-03-22 11:03:00,online
9051,523,140,22.19,2026-03-22 11:07:00,presencial
9052,190,131,182.24,2026-03-22 11:27:00,online
9053,599,144,35.55,2026-03-22 11:34:00,online
9054,166,56,22.06,2026-03-22 11:49:00,presencial
9055,495,24,10.39,2026-03-22 11:53:00,presencial
9056,61,126,255.67,2026-03-22 12:02:00,presencial
9057,187,189,156.87,2026-03-22 12:13:00,presencial
9058,347,28,26.42,2026-03-22 12:29:00,presencial
9059,581,15,81.45,2026-03-22 12:41:00,online
9060,160,142,51.38,2026-03-22 12:44:00,presencial
9061,260,85,30.32,2026-03-22 13:10:00,presencial
9062,506,181,129.18,2026-03-22 13:23:00,online
9063,284,95,22.47,2026-03-22 13:23:00,presencial
9064,410,105,4.01,2026-03-22 13:41:00,presencial
9065,251,13,59.49,2026-03-22 14:06:00,presencial
9066,3,191,48.11,2026-03-22 14:56:00,online
9067,170,67,23.28,2026-03-22 14:56:00,online
9068,340,88,16.75,2026-03-22 15:07:00,presencial
9069,12,126,8.04,2026-03-22 15:22:00,presencial
9070,140,172,29.99,2026-03-22 15:38:00,online
9071,572,160,17.07,2026-03-22 15:52:00,online
9072,10,155,129.13,2026-03-22 16:17:00,presencial
9073,149,22,78.9,2026-03-22 16:23:00,presencial
9074,372,18,26.23,2026-03-22 16:27:00,presencial
9075,338,167,79.44,2026-03-22 16:40:00,presencial
9076,123,183,39.72,2026-03-22 16:41:00,presencial
9077,36,125,33.24,2026-03-22 16:50:00,presencial
9078,540,183,42.09,2026-03-22 16:54:00,presencial
9079,331,64,313.7,2026-03-22 16:55:00,presencial
9080,345,71,90.78,2026-03-22 17:20:00,presencial
9081,35,35,32.19,2026-03-22 17:37:00,presencial
9082,126,159,119.49,2026-03-22 17:40:00,presencial
9083,44,134,114.85,2026-03-22 17:56:00,presencial
9084,588,45,59.48,2026-03-22 18:04:00,presencial
9085,462,200,31.14,2026-03-22 18:15:00,online
9086,328,7,28.96,2026-03-22 18:16:00,online
9087,409,155,13.7,2026-03-22 18:19:00,online
9088,100,42,54.52,2026-03-22 18:24:00,online
9089,593,157,22.85,2026-03-22 18:30:00,presencial
9090,311,97,27.65,2026-03-22 18:31:00,online
9091,310,47,88.8,2026-03-22 18:33:00,online
9092,576,12,285.97,2026-03-22 18:35:00,presencial
9093,58,125,67.47,2026-03-22 18:46:00,presencial
9094,255,33,39.82,2026-03-22 18:50:00,presencial
9095,53,90,43.79,2026-03-22 18:56:00,online
9096,256,191,156.3,2026-03-22 19:00:00,presencial
9097,161,178,68.48,2026-03-22 19:33:00,presencial
9098,277,99,55.32,2026-03-22 19:51:00,online
9099,422,147,59.8,2026-03-22 19:54:00,online
9100,169,165,9.29,2026-03-22 20:04:00,online
9101,31,122,68.68,2026-03-22 20:13:00,presencial
9102,98,42,17.07,2026-03-22 20:19:00,presencial
9103,430,163,68.98,2026-03-22 20:56:00,online
9104,348,18,19.91,2026-03-22 20:57:00,online
9105,588,105,85.65,2026-03-22 21:12:00,presencial
9106,537,157,37.77,2026-03-22 21:22:00,online
9107,97,115,12.68,2026-03-22 21:31:00,presencial
9108,442,70,32.47,2026-03-22 21:37:00,presencial
9109,55,84,505.97,2026-03-22 21:39:00,presencial
9110,58,92,3.67,2026-03-22 21:58:00,online
9111,476,149,53.68,2026-03-22 22:24:00,presencial
9112,241,199,14.71,2026-03-22 23:01:00,presencial
9113,599,156,203.28,2026-03-22 23:23:00,presencial
9114,4,64,109.72,2026-03-23 00:08:00,online
9115,302,23,54.84,2026-03-23 01:53:00,online
9116,185,95,122.63,2026-03-23 01:55:00,online
9117,592,172,58.5,2026-03-23 01:59:00,presencial
9118,402,127,45.0,2026-03-23 02:02:00,online
9119,464,65,23.13,2026-03-23 02:02:00,online
9120,175,18,30.05,2026-03-23 02:19:00,presencial
9121,537,51,26.83,2026-03-23 02:20:00,presencial
9122,505,144,45.21,2026-03-23 02:29:00,presencial
9123,471,134,5.58,2026-03-23 02:35:00,presencial
9124,287,91,138.74,2026-03-23 02:48:00,presencial
9125,554,67,380.53,2026-03-23 02:59:00,presencial
9126,402,36,27.79,2026-03-23 03:04:00,online
9127,40,195,162.79,2026-03-23 03:11:00,online
9128,531,87,38.57,2026-03-23 03:28:00,online
9129,13,154,23.05,2026-03-23 03:46:00,presencial
9130,410,93,29.37,2026-03-23 03:48:00,presencial
9131,150,114,49.12,2026-03-23 03:57:00,presencial
9132,539,129,20.22,2026-03-23 03:59:00,presencial
9133,438,72,87.08,2026-03-23 04:02:00,presencial
9134,485,188,25.25,2026-03-23 04:06:00,online
9135,420,92,13.73,2026-03-23 04:15:00,presencial
9136,341,154,43.73,2026-03-23 04:31:00,online
9137,519,184,20.84,2026-03-23 04:36:00,presencial
9138,179,77,31.19,2026-03-23 04:42:00,presencial
9139,318,47,42.11,2026-03-23 04:56:00,online
9140,179,194,10.24,2026-03-23 05:00:00,presencial
9141,69,158,222.46,2026-03-23 05:06:00,presencial
9142,526,159,109.28,2026-03-23 05:08:00,online
9143,299,190,22.35,2026-03-23 05:15:00,presencial
9144,33,6,43.77,2026-03-23 05:31:00,online
9145,496,189,89.96,2026-03-23 05:36:00,online
9146,565,24,56.24,2026-03-23 05:51:00,online
9147,398,30,353.48,2026-03-23 05:59:00,online
9148,197,44,34.38,2026-03-23 06:18:00,presencial
9149,516,23,165.32,2026-03-23 06:33:00,online
9150,444,17,10.3,2026-03-23 06:44:00,online
9151,171,26,12.2,2026-03-23 06:47:00,presencial
9152,199,98,285.12,2026-03-23 07:12:00,online
9153,593,75,27.79,2026-03-23 07:16:00,presencial
9154,572,69,12.38,2026-03-23 07:29:00,online
9155,406,35,42.42,2026-03-23 07:42:00,presencial
9156,22,195,179.54,2026-03-23 08:06:00,presencial
9157,138,67,19.3,2026-03-23 08:14:00,presencial
9158,212,95,42.7,2026-03-23 08:37:00,presencial
9159,322,29,5.81,2026-03-23 08:49:00,online
9160,521,43,26.69,2026-03-23 09:09:00,online
9161,509,47,133.88,2026-03-23 09:23:00,presencial
9162,165,195,18.86,2026-03-23 09:40:00,presencial
9163,66,36,11.03,2026-03-23 09:42:00,online
9164,166,103,19.03,2026-03-23 09:43:00,presencial
9165,142,109,22.86,2026-03-23 09:43:00,presencial
9166,540,15,103.67,2026-03-23 09:44:00,presencial
9167,9,71,67.88,2026-03-23 10:17:00,presencial
9168,499,17,83.95,2026-03-23 10:25:00,presencial
9169,395,35,46.12,2026-03-23 10:34:00,presencial
9170,64,136,22.6,2026-03-23 10:35:00,online
9171,412,114,19.03,2026-03-23 10:38:00,presencial
9172,349,99,71.92,2026-03-23 10:49:00,presencial
9173,3,43,256.7,2026-03-23 10:50:00,online
9174,135,125,15.88,2026-03-23 10:50:00,presencial
9175,209,181,14.59,2026-03-23 11:11:00,presencial
9176,130,170,12.81,2026-03-23 11:24:00,presencial
9177,348,35,111.57,2026-03-23 11:53:00,presencial
9178,370,137,42.68,2026-03-23 11:58:00,online
9179,102,49,82.35,2026-03-23 12:23:00,online
9180,75,173,25.57,2026-03-23 12:23:00,presencial
9181,394,95,88.24,2026-03-23 12:37:00,presencial
9182,282,149,32.58,2026-03-23 12:38:00,presencial
9183,160,108,8.17,2026-03-23 13:04:00,online
9184,154,135,123.37,2026-03-23 13:18:00,presencial
9185,24,187,42.95,2026-03-23 13:47:00,presencial
9186,513,27,31.77,2026-03-23 14:11:00,online
9187,506,181,60.91,2026-03-23 14:11:00,presencial
9188,333,97,9.13,2026-03-23 14:12:00,online
9189,210,29,71.79,2026-03-23 14:15:00,online
9190,130,87,23.21,2026-03-23 14:20:00,presencial
9191,185,12,37.65,2026-03-23 15:23:00,online
9192,556,109,156.53,2026-03-23 15:36:00,online
9193,54,95,90.6,2026-03-23 16:01:00,presencial
9194,494,79,36.82,2026-03-23 16:22:00,presencial
9195,183,89,40.0,2026-03-23 16:36:00,presencial
9196,160,125,2.67,2026-03-23 16:45:00,presencial
9197,486,166,18.1,2026-03-23 17:07:00,online
9198,577,79,53.72,2026-03-23 17:13:00,presencial
9199,595,4,19.29,2026-03-23 17:44:00,presencial
9200,161,112,10.39,2026-03-23 17:57:00,online
9201,355,189,75.81,2026-03-23 18:00:00,presencial
9202,176,79,188.12,2026-03-23 18:03:00,presencial
9203,117,25,20.22,2026-03-23 18:25:00,presencial
9204,232,181,117.04,2026-03-23 18:30:00,online
9205,38,84,99.21,2026-03-23 18:43:00,presencial
9206,99,75,15.26,2026-03-23 18:44:00,presencial
9207,358,60,20.08,2026-03-23 18:48:00,presencial
9208,413,147,324.87,2026-03-23 19:02:00,presencial
9209,163,30,13.08,2026-03-23 19:16:00,presencial
9210,335,123,22.88,2026-03-23 19:16:00,online
9211,459,70,388.51,2026-03-23 19:23:00,presencial
9212,537,78,23.91,2026-03-23 19:24:00,presencial
9213,342,44,198.0,2026-03-23 19:30:00,online
9214,145,162,14.52,2026-03-23 20:04:00,presencial
9215,428,91,52.04,2026-03-23 20:18:00,online
9216,103,186,147.6,2026-03-23 20:20:00,online
9217,84,166,26.73,2026-03-23 20:24:00,online
9218,216,153,49.88,2026-03-23 20:36:00,presencial
9219,198,91,101.38,2026-03-23 20:42:00,presencial
9220,88,190,16.57,2026-03-23 20:42:00,presencial
9221,32,117,525.52,2026-03-23 20:44:00,presencial
9222,568,88,139.98,2026-03-23 20:57:00,online
9223,407,70,30.17,2026-03-23 21:05:00,presencial
9224,431,183,34.53,2026-03-23 21:08:00,presencial
9225,40,51,366.09,2026-03-23 21:16:00,presencial
9226,478,176,30.26,2026-03-23 21:28:00,presencial
9227,219,46,26.59,2026-03-23 21:36:00,presencial
9228,449,153,157.71,2026-03-23 21:41:00,online
9229,295,57,9.58,2026-03-23 21:53:00,presencial
9230,146,168,41.01,2026-03-23 22:35:00,presencial
9231,158,168,49.04,2026-03-23 22:37:00,online
9232,85,147,20.61,2026-03-23 22:47:00,presencial
9233,498,199,7.99,2026-03-23 22:51:00,online
9234,258,103,48.23,2026-03-23 23:07:00,online
9235,469,168,95.3,2026-03-23 23:10:00,presencial
9236,498,111,21.18,2026-03-23 23:34:00,presencial
9237,101,8,12.21,2026-03-23 23:36:00,online
9238,199,84,177.98,2026-03-23 23:39:00,online
9239,75,7,79.91,2026-03-23 23:44:00,online
9240,6,133,30.02,2026-03-23 23:53:00,presencial
9241,592,31,123.09,2026-03-24 00:36:00,online
9242,397,65,58.32,2026-03-24 00:37:00,online
9243,272,175,319.94,2026-03-24 00:47:00,presencial
9244,121,148,92.81,2026-03-24 01:05:00,presencial
9245,355,68,9.69,2026-03-24 01:30:00,presencial
9246,326,102,21.66,2026-03-24 01:51:00,presencial
9247,134,117,22.83,2026-03-24 01:55:00,presencial
9248,9,71,62.84,2026-03-24 02:03:00,presencial
9249,282,150,32.01,2026-03-24 02:09:00,online
9250,306,30,12.94,2026-03-24 02:55:00,presencial
9251,479,86,85.46,2026-03-24 02:59:00,online
9252,237,52,134.31,2026-03-24 03:00:00,presencial
9253,59,136,39.92,2026-03-24 03:15:00,online
9254,529,129,56.28,2026-03-24 03:15:00,presencial
9255,249,162,15.42,2026-03-24 03:39:00,presencial
9256,434,74,25.16,2026-03-24 03:52:00,online
9257,26,47,26.32,2026-03-24 03:52:00,presencial
9258,22,7,82.64,2026-03-24 03:57:00,presencial
9259,14,173,59.24,2026-03-24 04:07:00,presencial
9260,474,66,31.1,2026-03-24 04:17:00,online
9261,145,151,29.78,2026-03-24 04:45:00,online
9262,475,74,5.13,2026-03-24 04:49:00,presencial
9263,567,67,261.51,2026-03-24 05:08:00,online
9264,399,47,4.51,2026-03-24 05:42:00,presencial
9265,592,157,71.1,2026-03-24 06:07:00,online
9266,558,58,46.59,2026-03-24 06:21:00,online
9267,434,60,33.37,2026-03-24 06:28:00,presencial
9268,482,141,44.3,2026-03-24 06:45:00,presencial
9269,363,104,21.56,2026-03-24 07:05:00,presencial
9270,132,150,91.66,2026-03-24 07:42:00,online
9271,62,21,10.54,2026-03-24 08:47:00,online
9272,229,192,64.11,2026-03-24 09:12:00,presencial
9273,286,48,21.21,2026-03-24 09:24:00,online
9274,210,24,27.95,2026-03-24 09:32:00,presencial
9275,62,22,28.79,2026-03-24 09:37:00,online
9276,303,63,37.27,2026-03-24 09:37:00,presencial
9277,300,85,77.66,2026-03-24 09:52:00,online
9278,573,16,42.98,2026-03-24 10:06:00,online
9279,573,125,124.75,2026-03-24 10:23:00,presencial
9280,370,123,141.09,2026-03-24 10:29:00,online
9281,511,156,62.78,2026-03-24 10:46:00,online
9282,188,4,94.71,2026-03-24 10:48:00,online
9283,582,20,414.65,2026-03-24 11:41:00,presencial
9284,565,42,9.44,2026-03-24 11:41:00,online
9285,76,88,146.02,2026-03-24 11:55:00,presencial
9286,421,118,244.53,2026-03-24 12:11:00,online
9287,275,41,72.03,2026-03-24 12:14:00,presencial
9288,160,72,363.02,2026-03-24 12:39:00,presencial
9289,248,103,314.55,2026-03-24 13:04:00,online
9290,544,109,30.85,2026-03-24 13:04:00,presencial
9291,555,106,33.57,2026-03-24 13:20:00,presencial
9292,207,129,80.13,2026-03-24 14:12:00,online
9293,278,152,22.5,2026-03-24 14:27:00,presencial
9294,310,168,882.13,2026-03-24 14:28:00,presencial
9295,441,194,106.45,2026-03-24 14:46:00,online
9296,288,79,47.05,2026-03-24 14:46:00,presencial
9297,238,66,9.48,2026-03-24 15:18:00,presencial
9298,555,56,58.97,2026-03-24 15:24:00,presencial
9299,224,71,12.13,2026-03-24 15:38:00,presencial
9300,160,108,103.12,2026-03-24 15:43:00,presencial
9301,197,121,2.85,2026-03-24 16:04:00,presencial
9302,200,14,204.81,2026-03-24 17:06:00,online
9303,334,200,28.03,2026-03-24 17:14:00,presencial
9304,397,9,6.95,2026-03-24 17:42:00,online
9305,81,81,43.9,2026-03-24 17:56:00,presencial
9306,532,91,45.54,2026-03-24 18:28:00,online
9307,153,70,41.65,2026-03-24 18:47:00,presencial
9308,69,44,203.91,2026-03-24 18:58:00,presencial
9309,401,107,67.96,2026-03-24 19:21:00,presencial
9310,126,2,107.31,2026-03-24 19:27:00,online
9311,451,149,34.0,2026-03-24 19:39:00,presencial
9312,569,136,71.5,2026-03-24 20:05:00,presencial
9313,416,155,10.6,2026-03-24 20:14:00,online
9314,467,164,59.38,2026-03-24 20:14:00,online
9315,297,178,19.41,2026-03-24 20:21:00,presencial
9316,208,30,190.87,2026-03-24 20:54:00,online
9317,368,168,48.57,2026-03-24 20:58:00,online
9318,215,113,92.68,2026-03-24 21:17:00,presencial
9319,526,25,59.65,2026-03-24 21:18:00,online
9320,282,197,326.01,2026-03-24 22:25:00,presencial
9321,300,163,8.03,2026-03-24 22:29:00,presencial
9322,405,54,39.44,2026-03-24 22:54:00,online
9323,114,179,15.55,2026-03-24 23:11:00,online
9324,337,147,4.69,2026-03-24 23:13:00,presencial
9325,453,90,14.48,2026-03-24 23:26:00,online
9326,466,33,162.27,2026-03-24 23:33:00,presencial
9327,135,147,43.24,2026-03-24 23:56:00,online
9328,33,187,35.1,2026-03-25 00:25:00,presencial
9329,117,39,104.67,2026-03-25 00:40:00,presencial
9330,492,1,50.75,2026-03-25 00:46:00,online
9331,160,46,87.77,2026-03-25 00:53:00,presencial
9332,35,59,63.76,2026-03-25 01:00:00,presencial
9333,359,76,81.2,2026-03-25 01:32:00,presencial
9334,529,196,27.26,2026-03-25 01:35:00,presencial
9335,135,193,141.43,2026-03-25 01:55:00,online
9336,26,135,11.78,2026-03-25 02:05:00,online
9337,85,44,40.67,2026-03-25 02:05:00,online
9338,77,43,149.4,2026-03-25 02:13:00,online
9339,123,17,37.73,2026-03-25 02:24:00,presencial
9340,109,159,27.83,2026-03-25 02:37:00,online
9341,383,45,554.07,2026-03-25 02:39:00,presencial
9342,134,180,212.82,2026-03-25 02:52:00,online
9343,329,121,52.24,2026-03-25 03:01:00,online
9344,242,98,15.37,2026-03-25 03:03:00,online
9345,393,186,4.77,2026-03-25 03:30:00,presencial
9346,394,32,97.47,2026-03-25 04:13:00,online
9347,356,93,179.91,2026-03-25 04:17:00,presencial
9348,536,52,69.09,2026-03-25 04:18:00,online
9349,118,37,6.81,2026-03-25 04:49:00,presencial
9350,315,189,53.32,2026-03-25 05:01:00,presencial
9351,237,122,26.17,2026-03-25 05:20:00,online
9352,320,33,53.4,2026-03-25 05:26:00,online
9353,84,22,379.09,2026-03-25 05:42:00,presencial
9354,192,63,106.52,2026-03-25 05:48:00,presencial
9355,565,167,84.24,2026-03-25 05:58:00,presencial
9356,481,30,42.53,2026-03-25 06:25:00,online
9357,256,149,70.52,2026-03-25 06:26:00,presencial
9358,67,22,20.18,2026-03-25 06:33:00,presencial
9359,390,68,82.3,2026-03-25 06:40:00,presencial
9360,181,105,36.14,2026-03-25 06:54:00,presencial
9361,198,26,18.09,2026-03-25 07:08:00,presencial
9362,59,80,109.56,2026-03-25 07:10:00,online
9363,174,54,3.84,2026-03-25 07:17:00,online
9364,129,10,24.55,2026-03-25 07:23:00,presencial
9365,21,1,87.76,2026-03-25 07:56:00,online
9366,352,30,171.92,2026-03-25 08:13:00,online
9367,582,150,75.1,2026-03-25 08:16:00,online
9368,76,8,21.34,2026-03-25 08:20:00,presencial
9369,32,102,42.27,2026-03-25 08:21:00,online
9370,61,5,61.58,2026-03-25 08:30:00,online
9371,328,44,248.78,2026-03-25 08:48:00,online
9372,496,36,123.06,2026-03-25 09:36:00,presencial
9373,186,68,124.05,2026-03-25 10:10:00,presencial
9374,71,149,48.04,2026-03-25 10:11:00,presencial
9375,58,85,13.76,2026-03-25 10:23:00,online
9376,365,3,9.52,2026-03-25 10:28:00,presencial
9377,215,29,32.09,2026-03-25 10:46:00,presencial
9378,212,61,96.48,2026-03-25 10:51:00,online
9379,144,56,25.74,2026-03-25 11:00:00,online
9380,538,113,83.88,2026-03-25 11:04:00,online
9381,225,71,18.65,2026-03-25 11:12:00,online
9382,425,149,22.1,2026-03-25 11:13:00,presencial
9383,446,51,210.36,2026-03-25 11:16:00,online
9384,36,136,103.91,2026-03-25 11:39:00,online
9385,150,21,31.91,2026-03-25 11:44:00,presencial
9386,538,198,17.93,2026-03-25 11:52:00,online
9387,530,198,126.95,2026-03-25 11:57:00,presencial
9388,249,56,117.23,2026-03-25 12:02:00,online
9389,94,47,90.3,2026-03-25 12:08:00,online
9390,179,1,36.76,2026-03-25 12:08:00,online
9391,570,196,13.41,2026-03-25 12:15:00,presencial
9392,404,8,43.98,2026-03-25 12:23:00,presencial
9393,46,1,210.26,2026-03-25 12:30:00,online
9394,431,20,16.45,2026-03-25 12:45:00,presencial
9395,89,59,47.1,2026-03-25 12:52:00,presencial
9396,182,196,270.26,2026-03-25 12:54:00,presencial
9397,289,34,31.99,2026-03-25 12:55:00,online
9398,211,115,38.85,2026-03-25 13:01:00,online
9399,419,131,10.12,2026-03-25 13:05:00,presencial
9400,94,160,88.72,2026-03-25 13:29:00,presencial
9401,527,140,19.79,2026-03-25 14:04:00,online
9402,357,198,8.08,2026-03-25 14:12:00,online
9403,184,133,15.66,2026-03-25 14:21:00,presencial
9404,575,169,56.22,2026-03-25 14:40:00,online
9405,288,64,7.86,2026-03-25 14:41:00,online
9406,250,82,9.73,2026-03-25 15:04:00,presencial
9407,13,148,82.7,2026-03-25 15:15:00,online
9408,598,176,41.28,2026-03-25 15:24:00,online
9409,508,2,16.36,2026-03-25 15:26:00,presencial
9410,106,87,31.39,2026-03-25 15:28:00,online
9411,569,161,302.47,2026-03-25 16:10:00,presencial
9412,478,23,183.08,2026-03-25 16:14:00,presencial
9413,253,71,39.72,2026-03-25 16:14:00,online
9414,557,110,109.71,2026-03-25 16:34:00,presencial
9415,336,17,51.07,2026-03-25 16:43:00,online
9416,413,184,6.35,2026-03-25 16:47:00,online
9417,110,74,5.21,2026-03-25 16:51:00,presencial
9418,66,157,16.44,2026-03-25 17:05:00,presencial
9419,317,86,7.9,2026-03-25 17:14:00,presencial
9420,196,81,60.26,2026-03-25 17:31:00,online
9421,590,194,24.41,2026-03-25 17:43:00,presencial
9422,52,171,71.37,2026-03-25 17:52:00,presencial
9423,458,104,72.59,2026-03-25 17:54:00,online
9424,362,93,95.49,2026-03-25 18:28:00,online
9425,528,157,16.06,2026-03-25 18:31:00,online
9426,599,137,78.83,2026-03-25 18:42:00,presencial
9427,523,196,15.63,2026-03-25 18:57:00,presencial
9428,225,67,97.76,2026-03-25 19:25:00,presencial
9429,418,23,171.56,2026-03-25 20:02:00,presencial
9430,98,39,99.03,2026-03-25 20:04:00,online
9431,292,106,36.79,2026-03-25 20:18:00,online
9432,162,63,83.38,2026-03-25 20:33:00,presencial
9433,151,162,8.28,2026-03-25 20:35:00,presencial
9434,343,176,6.46,2026-03-25 20:58:00,presencial
9435,77,38,74.7,2026-03-25 21:32:00,presencial
9436,342,198,188.39,2026-03-25 21:37:00,presencial
9437,241,127,11.54,2026-03-25 22:06:00,online
9438,138,53,45.45,2026-03-25 22:09:00,presencial
9439,338,41,72.44,2026-03-25 22:27:00,online
9440,451,34,22.74,2026-03-25 23:16:00,presencial
9441,367,95,30.77,2026-03-25 23:19:00,presencial
9442,53,15,87.76,2026-03-25 23:24:00,presencial
9443,338,27,50.35,2026-03-25 23:30:00,presencial
9444,374,151,50.59,2026-03-25 23:50:00,presencial
9445,411,98,15.17,2026-03-26 00:10:00,online
9446,256,106,43.2,2026-03-26 00:11:00,presencial
9447,57,65,28.86,2026-03-26 00:18:00,online
9448,77,112,30.61,2026-03-26 00:22:00,online
9449,200,69,24.64,2026-03-26 01:02:00,online
9450,381,10,43.38,2026-03-26 01:31:00,online
9451,444,114,17.2,2026-03-26 01:37:00,presencial
9452,404,17,45.3,2026-03-26 02:37:00,presencial
9453,188,138,29.92,2026-03-26 02:59:00,online
9454,265,183,16.03,2026-03-26 03:08:00,online
9455,29,134,5.24,2026-03-26 03:31:00,online
9456,479,116,126.75,2026-03-26 04:01:00,online
9457,213,193,101.59,2026-03-26 04:02:00,online
9458,306,44,18.44,2026-03-26 04:12:00,presencial
9459,270,155,94.62,2026-03-26 04:15:00,presencial
9460,172,42,14.48,2026-03-26 04:34:00,presencial
9461,101,1,31.89,2026-03-26 04:57:00,presencial
9462,573,49,24.95,2026-03-26 05:07:00,online
9463,72,101,32.94,2026-03-26 05:31:00,presencial
9464,567,13,90.99,2026-03-26 05:32:00,online
9465,68,56,28.73,2026-03-26 05:43:00,online
9466,58,10,30.77,2026-03-26 06:07:00,online
9467,542,49,101.25,2026-03-26 06:09:00,online
9468,568,144,47.84,2026-03-26 06:18:00,online
9469,538,31,23.31,2026-03-26 06:45:00,online
9470,466,53,58.25,2026-03-26 06:48:00,online
9471,296,28,133.21,2026-03-26 06:57:00,presencial
9472,64,77,142.81,2026-03-26 07:08:00,online
9473,355,153,10.41,2026-03-26 07:13:00,online
9474,312,108,11.0,2026-03-26 07:20:00,presencial
9475,442,41,134.15,2026-03-26 07:30:00,presencial
9476,21,65,32.58,2026-03-26 07:30:00,presencial
9477,47,135,3.97,2026-03-26 07:33:00,presencial
9478,354,96,20.03,2026-03-26 07:39:00,online
9479,514,92,27.58,2026-03-26 07:59:00,online
9480,560,174,31.7,2026-03-26 08:06:00,presencial
9481,342,164,103.69,2026-03-26 08:32:00,presencial
9482,221,49,16.09,2026-03-26 08:41:00,online
9483,284,141,125.1,2026-03-26 08:48:00,online
9484,306,159,61.17,2026-03-26 09:02:00,presencial
9485,372,180,10.86,2026-03-26 09:12:00,presencial
9486,137,53,31.46,2026-03-26 09:21:00,presencial
9487,234,146,77.03,2026-03-26 09:31:00,presencial
9488,325,38,46.69,2026-03-26 09:46:00,presencial
9489,511,89,67.82,2026-03-26 09:53:00,presencial
9490,482,15,23.43,2026-03-26 10:06:00,presencial
9491,453,121,82.29,2026-03-26 10:27:00,presencial
9492,130,137,28.84,2026-03-26 10:33:00,presencial
9493,244,90,735.67,2026-03-26 10:33:00,online
9494,333,83,10.47,2026-03-26 10:36:00,online
9495,581,49,869.35,2026-03-26 10:39:00,online
9496,213,155,15.7,2026-03-26 10:39:00,presencial
9497,552,183,180.97,2026-03-26 11:08:00,presencial
9498,449,27,111.07,2026-03-26 11:08:00,presencial
9499,381,56,16.44,2026-03-26 11:33:00,presencial
9500,422,121,86.44,2026-03-26 11:43:00,online
9501,476,74,25.91,2026-03-26 12:00:00,online
9502,420,3,60.48,2026-03-26 12:11:00,presencial
9503,404,5,52.6,2026-03-26 12:23:00,presencial
9504,227,47,30.44,2026-03-26 12:28:00,presencial
9505,257,194,27.78,2026-03-26 12:55:00,online
9506,360,122,65.04,2026-03-26 13:16:00,online
9507,507,52,16.54,2026-03-26 13:31:00,presencial
9508,391,12,17.24,2026-03-26 13:32:00,presencial
9509,593,152,127.8,2026-03-26 13:32:00,presencial
9510,409,76,71.61,2026-03-26 13:33:00,online
9511,245,79,10.62,2026-03-26 13:58:00,presencial
9512,346,113,14.83,2026-03-26 14:09:00,online
9513,374,46,4.26,2026-03-26 14:12:00,presencial
9514,521,146,121.59,2026-03-26 14:15:00,presencial
9515,154,63,95.34,2026-03-26 14:21:00,online
9516,150,142,13.5,2026-03-26 14:27:00,online
9517,122,104,91.34,2026-03-26 14:28:00,online
9518,34,30,397.05,2026-03-26 15:07:00,online
9519,406,125,8.22,2026-03-26 15:11:00,online
9520,578,16,22.72,2026-03-26 15:13:00,presencial
9521,369,144,8.03,2026-03-26 15:24:00,online
9522,37,76,126.9,2026-03-26 15:50:00,presencial
9523,219,135,40.22,2026-03-26 17:17:00,online
9524,542,49,28.85,2026-03-26 18:03:00,presencial
9525,32,82,57.41,2026-03-26 18:08:00,online
9526,368,62,24.22,2026-03-26 18:30:00,online
9527,265,51,28.74,2026-03-26 18:32:00,presencial
9528,552,69,60.48,2026-03-26 18:41:00,online
9529,308,11,22.85,2026-03-26 18:55:00,presencial
9530,339,80,26.69,2026-03-26 19:21:00,presencial
9531,434,25,37.63,2026-03-26 19:44:00,presencial
9532,493,104,49.43,2026-03-26 19:56:00,presencial
9533,310,19,86.64,2026-03-26 19:56:00,online
9534,433,2,84.91,2026-03-26 20:04:00,presencial
9535,484,88,8.59,2026-03-26 20:37:00,online
9536,316,60,210.34,2026-03-26 20:44:00,presencial
9537,430,176,47.7,2026-03-26 20:46:00,presencial
9538,218,53,31.04,2026-03-26 20:48:00,online
9539,214,80,16.55,2026-03-26 20:56:00,presencial
9540,2,48,398.65,2026-03-26 21:19:00,presencial
9541,402,178,599.35,2026-03-26 21:24:00,presencial
9542,151,158,348.21,2026-03-26 21:27:00,presencial
9543,489,35,51.09,2026-03-26 21:29:00,online
9544,572,51,65.27,2026-03-26 21:43:00,presencial
9545,526,38,230.47,2026-03-26 21:50:00,online
9546,166,31,34.3,2026-03-26 21:54:00,online
9547,392,49,81.08,2026-03-26 22:06:00,online
9548,452,171,57.39,2026-03-26 22:08:00,online
9549,304,92,368.94,2026-03-26 22:11:00,presencial
9550,306,77,217.01,2026-03-26 22:31:00,online
9551,263,39,38.41,2026-03-26 22:47:00,presencial
9552,186,37,239.26,2026-03-26 22:59:00,online
9553,344,112,44.51,2026-03-26 23:12:00,presencial
9554,595,151,24.52,2026-03-26 23:12:00,online
9555,132,112,32.66,2026-03-26 23:17:00,online
9556,29,132,52.57,2026-03-26 23:39:00,presencial
9557,34,53,18.85,2026-03-26 23:52:00,online
9558,350,190,25.3,2026-03-27 00:48:00,presencial
9559,162,165,9.14,2026-03-27 01:01:00,online
9560,277,176,18.09,2026-03-27 01:03:00,presencial
9561,571,134,57.86,2026-03-27 01:12:00,presencial
9562,46,139,140.66,2026-03-27 01:12:00,presencial
9563,105,15,122.17,2026-03-27 01:26:00,presencial
9564,129,33,71.72,2026-03-27 01:31:00,presencial
9565,275,27,8.31,2026-03-27 01:32:00,online
9566,417,97,17.34,2026-03-27 01:36:00,presencial
9567,110,118,35.97,2026-03-27 01:47:00,presencial
9568,65,24,128.91,2026-03-27 01:48:00,presencial
9569,52,151,24.23,2026-03-27 02:00:00,online
9570,481,110,11.68,2026-03-27 02:25:00,presencial
9571,18,120,219.89,2026-03-27 02:38:00,online
9572,376,184,19.92,2026-03-27 02:46:00,online
9573,347,117,12.93,2026-03-27 02:50:00,online
9574,61,1,57.4,2026-03-27 02:52:00,presencial
9575,332,154,42.31,2026-03-27 03:11:00,presencial
9576,173,176,25.79,2026-03-27 03:16:00,presencial
9577,309,17,44.72,2026-03-27 03:19:00,online
9578,83,108,16.14,2026-03-27 03:22:00,presencial
9579,401,94,25.46,2026-03-27 03:53:00,presencial
9580,479,31,42.96,2026-03-27 03:55:00,presencial
9581,2,56,4.76,2026-03-27 04:01:00,presencial
9582,320,172,127.81,2026-03-27 04:19:00,presencial
9583,389,79,9.87,2026-03-27 04:29:00,presencial
9584,2,108,15.91,2026-03-27 04:38:00,online
9585,435,156,134.31,2026-03-27 04:45:00,online
9586,326,90,83.62,2026-03-27 04:55:00,presencial
9587,184,179,49.21,2026-03-27 05:14:00,presencial
9588,290,100,6.83,2026-03-27 05:24:00,presencial
9589,410,198,22.96,2026-03-27 05:59:00,online
9590,386,30,35.24,2026-03-27 06:40:00,presencial
9591,466,178,38.17,2026-03-27 06:57:00,presencial
9592,21,23,156.89,2026-03-27 07:02:00,presencial
9593,473,163,400.9,2026-03-27 07:22:00,presencial
9594,22,133,87.91,2026-03-27 07:23:00,presencial
9595,391,112,24.83,2026-03-27 07:23:00,online
9596,210,177,170.01,2026-03-27 07:36:00,presencial
9597,39,129,23.37,2026-03-27 07:41:00,presencial
9598,414,139,2.49,2026-03-27 07:55:00,online
9599,332,151,11.31,2026-03-27 08:10:00,presencial
9600,400,169,3.29,2026-03-27 08:43:00,presencial
9601,226,47,29.31,2026-03-27 09:03:00,presencial
9602,167,169,36.74,2026-03-27 09:12:00,presencial
9603,375,118,7.75,2026-03-27 09:19:00,presencial
9604,130,7,17.47,2026-03-27 09:28:00,online
9605,488,184,9.31,2026-03-27 09:28:00,online
9606,410,155,38.87,2026-03-27 09:54:00,presencial
9607,600,179,17.48,2026-03-27 09:57:00,presencial
9608,17,155,135.77,2026-03-27 09:58:00,presencial
9609,352,70,53.87,2026-03-27 10:33:00,online
9610,335,70,261.19,2026-03-27 10:53:00,presencial
9611,515,56,27.11,2026-03-27 11:03:00,presencial
9612,255,82,472.86,2026-03-27 11:11:00,online
9613,562,7,44.83,2026-03-27 11:24:00,presencial
9614,144,150,25.0,2026-03-27 11:28:00,presencial
9615,513,151,632.46,2026-03-27 11:29:00,presencial
9616,313,198,5.98,2026-03-27 11:48:00,online
9617,567,111,24.34,2026-03-27 11:59:00,online
9618,131,198,7.16,2026-03-27 12:02:00,online
9619,157,42,5.92,2026-03-27 12:05:00,presencial
9620,339,95,4.6,2026-03-27 12:06:00,presencial
9621,332,157,88.1,2026-03-27 12:16:00,online
9622,90,158,10.36,2026-03-27 12:27:00,online
9623,391,155,33.78,2026-03-27 12:28:00,presencial
9624,244,94,119.24,2026-03-27 12:53:00,presencial
9625,91,15,74.42,2026-03-27 13:09:00,presencial
9626,307,174,70.48,2026-03-27 13:19:00,presencial
9627,419,77,169.9,2026-03-27 13:26:00,presencial
9628,20,130,262.53,2026-03-27 13:42:00,presencial
9629,553,27,11.28,2026-03-27 13:58:00,presencial
9630,367,188,76.06,2026-03-27 14:06:00,online
9631,157,52,33.13,2026-03-27 14:24:00,presencial
9632,451,200,38.04,2026-03-27 14:25:00,presencial
9633,507,144,8.48,2026-03-27 14:44:00,online
9634,574,67,24.9,2026-03-27 14:49:00,presencial
9635,475,74,28.08,2026-03-27 14:56:00,online
9636,122,196,215.57,2026-03-27 14:58:00,presencial
9637,99,119,12.54,2026-03-27 15:20:00,presencial
9638,126,139,3.24,2026-03-27 15:24:00,presencial
9639,526,123,44.4,2026-03-27 15:26:00,online
9640,183,48,11.22,2026-03-27 15:35:00,presencial
9641,199,27,38.34,2026-03-27 15:37:00,presencial
9642,535,1,92.47,2026-03-27 15:39:00,presencial
9643,123,81,40.05,2026-03-27 15:56:00,online
9644,245,137,27.82,2026-03-27 16:42:00,presencial
9645,178,61,37.63,2026-03-27 16:45:00,presencial
9646,182,45,113.54,2026-03-27 16:53:00,online
9647,358,78,12.55,2026-03-27 16:59:00,presencial
9648,445,47,99.62,2026-03-27 17:00:00,presencial
9649,160,87,14.81,2026-03-27 17:02:00,presencial
9650,23,111,86.68,2026-03-27 17:04:00,presencial
9651,384,55,8.19,2026-03-27 17:05:00,presencial
9652,330,7,81.19,2026-03-27 17:13:00,presencial
9653,396,21,39.96,2026-03-27 17:32:00,online
9654,271,84,49.71,2026-03-27 17:38:00,online
9655,467,36,128.36,2026-03-27 18:03:00,online
9656,375,160,18.12,2026-03-27 18:23:00,presencial
9657,455,33,43.49,2026-03-27 18:31:00,presencial
9658,439,6,62.4,2026-03-27 18:36:00,online
9659,299,124,32.17,2026-03-27 18:41:00,online
9660,195,125,98.34,2026-03-27 18:52:00,presencial
9661,350,135,64.25,2026-03-27 18:53:00,online
9662,382,32,23.62,2026-03-27 19:29:00,online
9663,343,137,178.9,2026-03-27 19:31:00,online
9664,315,173,82.94,2026-03-27 19:42:00,presencial
9665,206,121,17.69,2026-03-27 20:01:00,online
9666,81,79,17.5,2026-03-27 20:28:00,presencial
9667,257,97,35.11,2026-03-27 20:37:00,presencial
9668,530,163,73.13,2026-03-27 20:59:00,presencial
9669,431,29,3.92,2026-03-27 21:08:00,online
9670,453,145,18.53,2026-03-27 21:11:00,online
9671,443,54,23.68,2026-03-27 21:13:00,presencial
9672,553,176,9.19,2026-03-27 21:30:00,presencial
9673,136,28,14.53,2026-03-27 21:31:00,online
9674,433,104,51.99,2026-03-27 21:35:00,online
9675,42,81,26.11,2026-03-27 21:38:00,presencial
9676,147,98,28.46,2026-03-27 22:15:00,presencial
9677,18,77,9.81,2026-03-27 22:28:00,presencial
9678,259,8,35.34,2026-03-27 22:29:00,presencial
9679,85,172,8.55,2026-03-27 22:38:00,presencial
9680,233,107,222.5,2026-03-27 23:06:00,presencial
9681,81,121,304.19,2026-03-27 23:22:00,presencial
9682,22,105,26.56,2026-03-27 23:26:00,presencial
9683,287,106,13.0,2026-03-27 23:27:00,presencial
9684,247,122,114.44,2026-03-27 23:46:00,presencial
9685,251,84,85.76,2026-03-27 23:53:00,online
9686,208,27,351.5,2026-03-28 00:03:00,presencial
9687,246,6,471.15,2026-03-28 00:34:00,online
9688,3,108,4.81,2026-03-28 00:39:00,presencial
9689,287,38,159.9,2026-03-28 00:40:00,presencial
9690,509,91,35.0,2026-03-28 00:43:00,presencial
9691,84,122,81.78,2026-03-28 00:56:00,presencial
9692,87,120,105.18,2026-03-28 01:05:00,presencial
9693,469,34,100.43,2026-03-28 01:10:00,presencial
9694,301,133,134.34,2026-03-28 01:11:00,presencial
9695,155,189,24.14,2026-03-28 01:40:00,online
9696,471,73,15.67,2026-03-28 01:41:00,online
9697,195,24,164.94,2026-03-28 02:21:00,presencial
9698,363,101,17.13,2026-03-28 02:42:00,presencial
9699,334,124,346.38,2026-03-28 03:04:00,online
9700,102,80,19.28,2026-03-28 03:05:00,presencial
9701,454,120,29.4,2026-03-28 03:10:00,online
9702,371,154,36.25,2026-03-28 03:14:00,online
9703,126,116,8.21,2026-03-28 03:26:00,presencial
9704,455,160,8.23,2026-03-28 03:43:00,presencial
9705,373,30,121.9,2026-03-28 04:02:00,presencial
9706,513,59,6.74,2026-03-28 04:05:00,presencial
9707,493,112,714.53,2026-03-28 04:11:00,presencial
9708,192,52,40.3,2026-03-28 04:42:00,online
9709,563,199,14.41,2026-03-28 04:45:00,presencial
9710,21,136,70.97,2026-03-28 04:55:00,presencial
9711,201,83,2.98,2026-03-28 04:57:00,presencial
9712,365,155,30.97,2026-03-28 05:21:00,presencial
9713,321,197,35.66,2026-03-28 05:24:00,online
9714,136,3,11.1,2026-03-28 05:33:00,presencial
9715,120,112,22.31,2026-03-28 05:51:00,presencial
9716,469,86,239.52,2026-03-28 06:12:00,online
9717,526,152,54.68,2026-03-28 06:14:00,online
9718,408,62,69.37,2026-03-28 06:14:00,presencial
9719,319,66,18.81,2026-03-28 06:27:00,presencial
9720,464,154,10.43,2026-03-28 06:35:00,online
9721,145,179,34.29,2026-03-28 07:04:00,presencial
9722,581,29,2.99,2026-03-28 07:06:00,presencial
9723,75,123,13.38,2026-03-28 07:07:00,presencial
9724,351,156,11.27,2026-03-28 08:07:00,presencial
9725,205,33,4.75,2026-03-28 08:43:00,presencial
9726,543,133,91.3,2026-03-28 08:55:00,online
9727,147,196,38.72,2026-03-28 09:44:00,online
9728,386,169,22.61,2026-03-28 09:49:00,online
9729,94,39,93.51,2026-03-28 09:56:00,online
9730,110,199,7.33,2026-03-28 10:12:00,presencial
9731,250,72,10.2,2026-03-28 10:25:00,presencial
9732,480,96,152.79,2026-03-28 10:43:00,online
9733,167,59,549.8,2026-03-28 11:11:00,online
9734,417,140,94.88,2026-03-28 11:11:00,online
9735,343,26,75.09,2026-03-28 11:16:00,presencial
9736,587,142,23.57,2026-03-28 11:32:00,presencial
9737,181,12,24.17,2026-03-28 11:41:00,online
9738,147,169,57.4,2026-03-28 11:49:00,presencial
9739,542,66,202.39,2026-03-28 12:01:00,online
9740,200,104,71.46,2026-03-28 12:13:00,presencial
9741,129,46,128.22,2026-03-28 12:13:00,online
9742,493,22,16.32,2026-03-28 12:53:00,presencial
9743,488,5,88.11,2026-03-28 13:28:00,online
9744,38,196,21.36,2026-03-28 13:31:00,presencial
9745,514,28,52.15,2026-03-28 13:31:00,online
9746,380,12,88.01,2026-03-28 13:50:00,presencial
9747,168,103,24.92,2026-03-28 13:55:00,presencial
9748,322,193,14.6,2026-03-28 14:27:00,presencial
9749,144,17,66.61,2026-03-28 14:30:00,online
9750,102,52,38.54,2026-03-28 14:46:00,presencial
9751,80,112,51.92,2026-03-28 15:32:00,online
9752,100,99,92.1,2026-03-28 15:37:00,presencial
9753,350,30,188.3,2026-03-28 15:59:00,online
9754,487,191,92.72,2026-03-28 16:02:00,presencial
9755,292,72,80.25,2026-03-28 16:28:00,online
9756,10,136,25.78,2026-03-28 17:13:00,presencial
9757,258,92,30.52,2026-03-28 17:52:00,online
9758,449,118,73.7,2026-03-28 18:05:00,presencial
9759,502,181,29.98,2026-03-28 18:19:00,presencial
9760,440,66,73.36,2026-03-28 18:22:00,online
9761,222,163,18.23,2026-03-28 18:23:00,presencial
9762,390,59,373.26,2026-03-28 18:27:00,online
9763,42,64,55.32,2026-03-28 18:29:00,presencial
9764,246,7,51.46,2026-03-28 18:43:00,online
9765,323,70,26.29,2026-03-28 19:04:00,presencial
9766,17,118,366.62,2026-03-28 19:07:00,presencial
9767,9,128,11.26,2026-03-28 19:22:00,online
9768,482,87,20.63,2026-03-28 19:51:00,presencial
9769,133,72,114.31,2026-03-28 19:51:00,online
9770,76,45,58.18,2026-03-28 20:33:00,online
9771,356,181,23.7,2026-03-28 20:51:00,presencial
9772,169,77,24.46,2026-03-28 21:16:00,presencial
9773,588,62,32.46,2026-03-28 21:29:00,presencial
9774,569,189,50.02,2026-03-28 21:54:00,online
9775,495,128,246.9,2026-03-28 22:06:00,online
9776,182,170,86.98,2026-03-28 22:09:00,online
9777,526,78,137.78,2026-03-28 22:17:00,presencial
9778,154,87,27.72,2026-03-28 22:22:00,presencial
9779,144,146,78.83,2026-03-28 23:21:00,online
9780,585,196,8.08,2026-03-28 23:41:00,online
9781,405,158,54.62,2026-03-28 23:55:00,presencial
9782,52,93,50.89,2026-03-28 23:58:00,presencial
9783,532,120,331.48,2026-03-29 00:00:00,presencial
9784,97,70,247.98,2026-03-29 00:01:00,online
9785,409,92,33.64,2026-03-29 00:17:00,presencial
9786,263,78,18.19,2026-03-29 00:24:00,presencial
9787,11,20,18.75,2026-03-29 00:29:00,online
9788,473,175,32.33,2026-03-29 00:35:00,presencial
9789,412,28,187.15,2026-03-29 00:46:00,presencial
9790,531,54,70.56,2026-03-29 00:56:00,online
9791,368,51,79.03,2026-03-29 01:10:00,online
9792,454,45,109.11,2026-03-29 01:13:00,presencial
9793,544,100,14.98,2026-03-29 02:12:00,online
9794,586,193,20.49,2026-03-29 02:46:00,online
9795,337,66,79.22,2026-03-29 02:48:00,presencial
9796,11,147,18.98,2026-03-29 03:12:00,presencial
9797,208,147,8.34,2026-03-29 03:48:00,presencial
9798,372,153,13.59,2026-03-29 03:48:00,presencial
9799,66,125,142.56,2026-03-29 04:14:00,online
9800,70,149,29.62,2026-03-29 04:32:00,online
9801,237,153,57.31,2026-03-29 04:47:00,presencial
9802,547,137,14.36,2026-03-29 05:32:00,presencial
9803,194,112,67.85,2026-03-29 05:59:00,presencial
9804,562,19,33.23,2026-03-29 06:01:00,presencial
9805,482,102,73.03,2026-03-29 06:14:00,presencial
9806,182,151,26.43,2026-03-29 07:01:00,presencial
9807,139,69,77.84,2026-03-29 07:11:00,online
9808,497,50,25.04,2026-03-29 07:49:00,presencial
9809,454,119,40.92,2026-03-29 08:28:00,presencial
9810,379,27,33.15,2026-03-29 08:57:00,presencial
9811,587,144,46.01,2026-03-29 09:21:00,online
9812,61,197,60.76,2026-03-29 09:23:00,online
9813,232,97,25.94,2026-03-29 09:32:00,presencial
9814,362,6,39.19,2026-03-29 10:11:00,presencial
9815,44,55,54.88,2026-03-29 10:41:00,online
9816,586,7,78.14,2026-03-29 11:05:00,presencial
9817,344,92,41.11,2026-03-29 11:22:00,online
9818,185,62,16.85,2026-03-29 11:23:00,presencial
9819,144,155,49.16,2026-03-29 11:42:00,online
9820,1,169,93.45,2026-03-29 11:57:00,online
9821,356,87,10.31,2026-03-29 12:12:00,presencial
9822,587,196,10.45,2026-03-29 12:13:00,online
9823,22,90,21.58,2026-03-29 12:17:00,presencial
9824,249,24,36.18,2026-03-29 12:20:00,presencial
9825,398,182,3.99,2026-03-29 12:43:00,presencial
9826,259,80,84.06,2026-03-29 13:04:00,presencial
9827,391,178,36.57,2026-03-29 13:08:00,online
9828,428,147,3.37,2026-03-29 13:33:00,presencial
9829,580,188,13.14,2026-03-29 13:41:00,presencial
9830,363,130,32.12,2026-03-29 13:45:00,presencial
9831,426,119,6.36,2026-03-29 13:52:00,presencial
9832,182,47,130.0,2026-03-29 14:26:00,presencial
9833,91,56,54.9,2026-03-29 14:35:00,online
9834,60,66,94.26,2026-03-29 14:37:00,presencial
9835,66,62,14.41,2026-03-29 15:45:00,online
9836,497,119,70.28,2026-03-29 16:02:00,online
9837,25,175,21.61,2026-03-29 16:18:00,presencial
9838,291,8,36.17,2026-03-29 16:20:00,presencial
9839,369,124,65.9,2026-03-29 17:27:00,presencial
9840,404,152,41.39,2026-03-29 17:30:00,presencial
9841,40,89,108.77,2026-03-29 18:04:00,presencial
9842,517,56,52.09,2026-03-29 18:07:00,presencial
9843,263,87,26.86,2026-03-29 18:23:00,presencial
9844,11,166,112.98,2026-03-29 18:48:00,presencial
9845,80,183,142.45,2026-03-29 19:16:00,presencial
9846,516,137,49.22,2026-03-29 19:36:00,presencial
9847,566,98,194.36,2026-03-29 19:47:00,presencial
9848,452,130,34.5,2026-03-29 19:55:00,presencial
9849,201,136,38.83,2026-03-29 20:03:00,online
9850,569,154,44.92,2026-03-29 20:54:00,online
9851,166,29,38.75,2026-03-29 21:10:00,online
9852,141,16,31.77,2026-03-29 21:14:00,online
9853,459,70,20.36,2026-03-29 21:38:00,presencial
9854,194,52,14.98,2026-03-29 21:44:00,online
9855,312,123,50.49,2026-03-29 22:00:00,presencial
9856,397,105,167.03,2026-03-29 22:26:00,online
9857,100,184,109.47,2026-03-29 22:27:00,presencial
9858,556,156,68.5,2026-03-29 22:56:00,presencial
9859,100,30,176.64,2026-03-29 23:07:00,online
9860,596,170,45.66,2026-03-29 23:12:00,presencial
9861,167,155,15.06,2026-03-29 23:21:00,presencial
9862,251,77,30.44,2026-03-30 00:02:00,presencial
9863,152,12,41.82,2026-03-30 00:06:00,presencial
9864,324,159,25.44,2026-03-30 00:07:00,online
9865,1,39,87.45,2026-03-30 00:11:00,online
9866,103,45,125.1,2026-03-30 00:18:00,online
9867,312,95,6.65,2026-03-30 00:19:00,presencial
9868,417,17,38.09,2026-03-30 00:22:00,presencial
9869,578,80,1.83,2026-03-30 01:07:00,online
9870,503,50,40.42,2026-03-30 01:28:00,presencial
9871,554,11,39.92,2026-03-30 01:37:00,presencial
9872,480,181,315.4,2026-03-30 01:37:00,presencial
9873,466,53,226.76,2026-03-30 02:01:00,presencial
9874,208,109,124.66,2026-03-30 02:05:00,online
9875,544,164,15.55,2026-03-30 02:20:00,presencial
9876,578,97,14.6,2026-03-30 02:45:00,presencial
9877,309,59,13.39,2026-03-30 02:54:00,presencial
9878,73,149,239.67,2026-03-30 03:03:00,presencial
9879,26,139,16.42,2026-03-30 03:14:00,presencial
9880,297,3,29.25,2026-03-30 03:16:00,online
9881,381,164,16.61,2026-03-30 03:31:00,presencial
9882,333,24,11.2,2026-03-30 03:47:00,presencial
9883,538,148,64.45,2026-03-30 03:59:00,presencial
9884,322,20,52.91,2026-03-30 04:02:00,online
9885,397,14,3.87,2026-03-30 04:07:00,presencial
9886,455,25,10.67,2026-03-30 04:09:00,online
9887,537,149,59.19,2026-03-30 04:18:00,presencial
9888,366,91,41.29,2026-03-30 04:31:00,presencial
9889,335,121,28.76,2026-03-30 04:42:00,online
9890,47,57,87.03,2026-03-30 05:18:00,presencial
9891,386,24,9.14,2026-03-30 05:36:00,presencial
9892,108,158,23.23,2026-03-30 06:02:00,presencial
9893,222,167,79.03,2026-03-30 06:31:00,online
9894,320,168,21.88,2026-03-30 06:57:00,presencial
9895,50,13,63.04,2026-03-30 07:20:00,online
9896,417,185,12.67,2026-03-30 07:25:00,online
9897,169,109,18.06,2026-03-30 07:56:00,online
9898,309,40,6.29,2026-03-30 08:07:00,online
9899,211,40,4.65,2026-03-30 08:11:00,online
9900,214,101,26.48,2026-03-30 08:23:00,presencial
9901,237,121,73.33,2026-03-30 08:24:00,online
9902,31,10,39.4,2026-03-30 08:36:00,presencial
9903,118,100,160.18,2026-03-30 08:49:00,online
9904,472,48,29.02,2026-03-30 09:01:00,presencial
9905,74,184,4.34,2026-03-30 09:01:00,presencial
9906,299,124,65.28,2026-03-30 09:04:00,online
9907,85,75,13.65,2026-03-30 09:08:00,online
9908,324,85,51.34,2026-03-30 09:22:00,online
9909,387,168,3.62,2026-03-30 09:28:00,presencial
9910,282,139,33.03,2026-03-30 09:33:00,online
9911,463,78,96.83,2026-03-30 09:37:00,presencial
9912,160,168,84.65,2026-03-30 09:59:00,presencial
9913,335,125,33.93,2026-03-30 10:06:00,presencial
9914,166,12,42.25,2026-03-30 10:09:00,presencial
9915,306,127,25.87,2026-03-30 10:13:00,online
9916,39,188,32.2,2026-03-30 10:25:00,online
9917,162,173,89.07,2026-03-30 10:49:00,online
9918,425,9,19.59,2026-03-30 11:08:00,online
9919,467,177,21.82,2026-03-30 11:20:00,online
9920,164,197,7.87,2026-03-30 11:28:00,online
9921,155,33,91.05,2026-03-30 11:33:00,online
9922,180,128,31.44,2026-03-30 11:43:00,presencial
9923,168,152,11.14,2026-03-30 11:45:00,presencial
9924,597,9,110.45,2026-03-30 11:45:00,online
9925,391,166,40.0,2026-03-30 12:37:00,presencial
9926,232,79,18.61,2026-03-30 13:09:00,presencial
9927,278,60,112.38,2026-03-30 13:32:00,presencial
9928,307,52,28.92,2026-03-30 13:34:00,presencial
9929,332,102,7.49,2026-03-30 13:49:00,online
9930,232,160,120.83,2026-03-30 13:49:00,online
9931,585,165,16.71,2026-03-30 14:17:00,online
9932,175,46,1167.09,2026-03-30 14:28:00,online
9933,257,166,25.79,2026-03-30 14:34:00,online
9934,4,166,4.59,2026-03-30 14:52:00,presencial
9935,295,13,290.01,2026-03-30 15:26:00,presencial
9936,513,63,39.57,2026-03-30 15:33:00,online
9937,599,4,55.79,2026-03-30 15:35:00,online
9938,284,198,64.08,2026-03-30 15:54:00,presencial
9939,84,95,9.43,2026-03-30 16:00:00,online
9940,432,55,3.88,2026-03-30 16:29:00,online
9941,385,179,361.16,2026-03-30 16:58:00,presencial
9942,576,137,7.54,2026-03-30 17:03:00,presencial
9943,304,189,255.19,2026-03-30 17:10:00,presencial
9944,2,161,75.14,2026-03-30 17:35:00,presencial
9945,541,192,51.06,2026-03-30 18:04:00,presencial
9946,406,44,25.16,2026-03-30 18:39:00,presencial
9947,481,41,533.83,2026-03-30 18:43:00,online
9948,72,16,19.65,2026-03-30 18:49:00,online
9949,275,69,20.27,2026-03-30 19:04:00,online
9950,275,111,88.3,2026-03-30 19:47:00,online
9951,161,114,20.09,2026-03-30 19:51:00,online
9952,509,136,13.85,2026-03-30 19:56:00,presencial
9953,113,147,39.55,2026-03-30 20:30:00,presencial
9954,43,164,89.83,2026-03-30 20:39:00,presencial
9955,141,104,333.33,2026-03-30 20:49:00,online
9956,594,55,417.17,2026-03-30 20:54:00,presencial
9957,69,88,5.88,2026-03-30 21:15:00,online
9958,349,175,132.79,2026-03-30 21:41:00,online
9959,110,164,14.29,2026-03-30 21:44:00,presencial
9960,237,184,15.1,2026-03-30 22:21:00,presencial
9961,332,109,23.31,2026-03-30 22:24:00,online
9962,12,156,21.73,2026-03-30 22:39:00,presencial
9963,145,83,13.01,2026-03-30 22:39:00,presencial
9964,353,2,3.27,2026-03-30 22:42:00,presencial
9965,9,149,207.32,2026-03-30 22:45:00,presencial
9966,297,18,113.47,2026-03-30 22:47:00,presencial
9967,363,128,41.49,2026-03-30 23:12:00,online
9968,130,200,14.57,2026-03-30 23:15:00,presencial
9969,98,6,164.41,2026-03-30 23:18:00,presencial
9970,295,147,39.4,2026-03-30 23:26:00,online
9971,432,174,22.45,2026-03-30 23:40:00,presencial
9972,8,126,6.93,2026-03-30 23:42:00,presencial
9973,203,138,76.39,2026-03-31 00:23:00,presencial
9974,600,181,29.26,2026-03-31 00:40:00,online
9975,202,156,56.33,2026-03-31 01:25:00,online
9976,200,8,50.88,2026-03-31 01:38:00,presencial
9977,443,155,85.05,2026-03-31 01:44:00,online
9978,289,152,53.69,2026-03-31 01:56:00,presencial
9979,235,46,30.23,2026-03-31 02:56:00,presencial
9980,471,131,77.83,2026-03-31 03:41:00,online
9981,19,169,120.36,2026-03-31 03:59:00,online
9982,428,170,231.73,2026-03-31 04:31:00,presencial
9983,229,175,12.33,2026-03-31 04:35:00,presencial
9984,534,156,143.75,2026-03-31 04:42:00,presencial
9985,435,25,7.37,2026-03-31 05:00:00,presencial
9986,565,97,129.12,2026-03-31 05:13:00,presencial
9987,78,47,22.09,2026-03-31 05:17:00,presencial
9988,114,15,106.77,2026-03-31 05:20:00,presencial
9989,542,53,218.52,2026-03-31 05:49:00,presencial
9990,235,182,54.45,2026-03-31 06:28:00,online
9991,490,120,42.43,2026-03-31 06:40:00,presencial
9992,413,153,40.12,2026-03-31 06:47:00,presencial
9993,300,101,26.64,2026-03-31 06:49:00,presencial
9994,28,72,153.98,2026-03-31 06:57:00,presencial
9995,45,97,39.7,2026-03-31 07:08:00,online
9996,431,197,4.08,2026-03-31 07:14:00,presencial
9997,59,58,118.22,2026-03-31 07:28:00,presencial
9998,3,63,111.59,2026-03-31 07:58:00,online
9999,132,170,46.87,2026-03-31 08:12:00,online
10000,549,75,18.78,2026-03-31 08:19:00,online
10001,376,181,12.48,2026-03-31 08:21:00,presencial
10002,431,195,18.84,2026-03-31 08:28:00,presencial
10003,392,14,55.63,2026-03-31 08:31:00,online
10004,340,134,5.88,2026-03-31 08:34:00,online
10005,154,19,71.3,2026-03-31 09:08:00,online
10006,258,176,48.42,2026-03-31 09:09:00,presencial
10007,327,24,184.2,2026-03-31 09:16:00,presencial
10008,593,178,96.68,2026-03-31 09:28:00,presencial
10009,540,154,20.18,2026-03-31 09:42:00,online
10010,442,108,6.96,2026-03-31 09:54:00,presencial
10011,488,42,18.11,2026-03-31 09:54:00,presencial
10012,485,54,204.25,2026-03-31 10:13:00,online
10013,401,87,61.79,2026-03-31 10:15:00,online
10014,496,170,86.23,2026-03-31 10:15:00,presencial
10015,44,180,22.37,2026-03-31 10:26:00,presencial
10016,14,101,76.19,2026-03-31 10:33:00,online
10017,267,47,8.4,2026-03-31 10:42:00,presencial
10018,33,113,125.05,2026-03-31 10:49:00,presencial
10019,204,167,12.54,2026-03-31 10:57:00,online
10020,120,109,5.09,2026-03-31 11:09:00,presencial
10021,575,179,538.38,2026-03-31 11:25:00,presencial
10022,394,2,51.85,2026-03-31 12:16:00,online
10023,26,101,50.3,2026-03-31 12:32:00,online
10024,375,10,5.71,2026-03-31 12:36:00,presencial
10025,440,123,88.66,2026-03-31 12:49:00,presencial
10026,196,124,118.47,2026-03-31 12:57:00,online
10027,530,63,35.9,2026-03-31 13:14:00,presencial
10028,584,159,118.97,2026-03-31 13:27:00,online
10029,589,191,161.99,2026-03-31 13:50:00,presencial
10030,56,92,79.7,2026-03-31 13:55:00,presencial
10031,270,87,4.13,2026-03-31 14:03:00,presencial
10032,467,39,12.59,2026-03-31 14:05:00,online
10033,266,6,285.88,2026-03-31 14:32:00,presencial
10034,289,82,48.94,2026-03-31 14:39:00,online
10035,197,89,49.18,2026-03-31 14:43:00,online
10036,252,154,17.91,2026-03-31 14:49:00,presencial
10037,417,173,22.17,2026-03-31 15:02:00,online
10038,16,22,165.99,2026-03-31 15:03:00,online
10039,480,31,232.37,2026-03-31 15:13:00,presencial
10040,437,113,107.44,2026-03-31 15:21:00,online
10041,84,76,82.0,2026-03-31 15:33:00,online
10042,463,141,89.06,2026-03-31 16:33:00,presencial
10043,313,65,41.37,2026-03-31 16:45:00,online
10044,192,84,11.89,2026-03-31 16:58:00,presencial
10045,274,89,9.38,2026-03-31 17:22:00,online
10046,311,121,189.85,2026-03-31 17:24:00,presencial
10047,127,14,43.11,2026-03-31 17:49:00,online
10048,364,177,75.55,2026-03-31 17:57:00,online
10049,378,68,56.36,2026-03-31 18:07:00,online
10050,221,43,59.6,2026-03-31 18:14:00,presencial
10051,277,129,65.33,2026-03-31 18:55:00,online
10052,370,28,96.27,2026-03-31 18:56:00,online
10053,303,119,19.21,2026-03-31 19:45:00,online
10054,261,13,164.13,2026-03-31 19:48:00,online
10055,574,53,19.86,2026-03-31 20:21:00,presencial
10056,527,146,58.17,2026-03-31 20:21:00,online
10057,228,75,12.17,2026-03-31 20:24:00,presencial
10058,432,181,37.21,2026-03-31 20:31:00,online
10059,487,72,21.63,2026-03-31 20:38:00,presencial
10060,67,139,45.91,2026-03-31 20:43:00,online
10061,356,6,100.38,2026-03-31 20:46:00,presencial
10062,480,196,48.6,2026-03-31 20:53:00,presencial
10063,35,124,386.43,2026-03-31 21:11:00,online
10064,203,142,107.29,2026-03-31 21:16:00,presencial
10065,479,66,34.77,2026-03-31 21:26:00,presencial
10066,562,58,40.66,2026-03-31 21:42:00,online
10067,596,88,67.73,2026-03-31 21:43:00,presencial
10068,363,52,97.0,2026-03-31 22:09:00,presencial
10069,26,5,11.5,2026-03-31 22:35:00,online
10070,17,134,90.05,2026-03-31 22:42:00,online
10071,487,144,11.84,2026-03-31 23:25:00,presencial
10072,441,136,80.95,2026-03-31 23:29:00,presencial
10073,117,111,149.92,2026-03-31 23:48:00,presencial
10074,79,105,62.16,2026-04-01 00:03:00,online
10075,88,198,3.46,2026-04-01 00:09:00,presencial
10076,527,106,6.29,2026-04-01 00:17:00,presencial
10077,459,142,83.01,2026-04-01 00:42:00,online
10078,569,84,3.01,2026-04-01 00:49:00,online
10079,69,7,87.43,2026-04-01 00:49:00,online
10080,418,70,132.07,2026-04-01 00:54:00,online
10081,555,145,155.82,2026-04-01 01:21:00,presencial
10082,320,127,34.27,2026-04-01 01:24:00,presencial
10083,465,139,72.41,2026-04-01 01:48:00,online
10084,362,150,56.25,2026-04-01 01:58:00,presencial
10085,5,44,8.85,2026-04-01 01:59:00,presencial
10086,258,163,101.45,2026-04-01 02:27:00,online
10087,157,143,206.34,2026-04-01 02:34:00,online
10088,51,62,95.43,2026-04-01 02:36:00,online
10089,358,101,25.71,2026-04-01 02:37:00,online
10090,558,172,100.88,2026-04-01 02:44:00,presencial
10091,33,34,186.31,2026-04-01 02:48:00,presencial
10092,198,61,161.23,2026-04-01 02:51:00,presencial
10093,402,39,138.32,2026-04-01 02:51:00,presencial
10094,188,61,7.76,2026-04-01 03:06:00,online
10095,70,41,69.27,2026-04-01 03:18:00,presencial
10096,115,162,90.94,2026-04-01 03:45:00,presencial
10097,15,199,140.12,2026-04-01 03:49:00,online
10098,596,194,78.82,2026-04-01 04:07:00,presencial
10099,295,72,246.45,2026-04-01 04:14:00,presencial
10100,566,187,5.99,2026-04-01 04:42:00,online
10101,412,17,82.61,2026-04-01 04:57:00,presencial
10102,210,23,75.71,2026-04-01 05:13:00,online
10103,566,66,120.66,2026-04-01 05:19:00,presencial
10104,157,58,243.8,2026-04-01 05:21:00,online
10105,109,184,16.83,2026-04-01 05:37:00,presencial
10106,484,152,234.96,2026-04-01 05:38:00,presencial
10107,333,151,109.55,2026-04-01 05:41:00,presencial
10108,254,162,36.38,2026-04-01 06:01:00,presencial
10109,353,146,16.45,2026-04-01 06:39:00,online
10110,581,101,55.48,2026-04-01 06:56:00,presencial
10111,169,12,61.21,2026-04-01 07:10:00,presencial
10112,541,4,65.06,2026-04-01 07:16:00,presencial
10113,547,196,22.43,2026-04-01 07:24:00,presencial
10114,456,101,87.38,2026-04-01 07:38:00,presencial
10115,95,191,28.61,2026-04-01 07:46:00,online
10116,54,7,170.41,2026-04-01 07:47:00,online
10117,73,128,293.31,2026-04-01 08:09:00,presencial
10118,422,57,18.29,2026-04-01 08:38:00,presencial
10119,240,73,47.75,2026-04-01 09:01:00,presencial
10120,593,132,130.24,2026-04-01 09:05:00,presencial
10121,4,100,60.55,2026-04-01 09:06:00,presencial
10122,224,27,10.1,2026-04-01 09:12:00,presencial
10123,159,200,115.73,2026-04-01 09:13:00,presencial
10124,529,143,22.96,2026-04-01 09:14:00,online
10125,73,73,55.73,2026-04-01 09:27:00,presencial
10126,245,125,14.98,2026-04-01 09:50:00,presencial
10127,521,31,107.13,2026-04-01 10:12:00,presencial
10128,583,86,28.13,2026-04-01 10:25:00,presencial
10129,550,85,120.36,2026-04-01 10:32:00,presencial
10130,393,75,35.29,2026-04-01 10:34:00,presencial
10131,98,97,26.33,2026-04-01 10:49:00,presencial
10132,58,183,70.35,2026-04-01 10:51:00,online
10133,247,2,13.71,2026-04-01 11:34:00,presencial
10134,288,111,323.13,2026-04-01 12:25:00,online
10135,309,189,54.83,2026-04-01 12:26:00,presencial
10136,30,178,23.98,2026-04-01 12:30:00,presencial
10137,406,180,28.81,2026-04-01 12:56:00,presencial
10138,238,83,45.57,2026-04-01 13:09:00,presencial
10139,66,114,133.67,2026-04-01 13:32:00,presencial
10140,550,119,16.71,2026-04-01 13:38:00,presencial
10141,215,168,29.79,2026-04-01 13:43:00,online
10142,140,191,42.33,2026-04-01 13:43:00,presencial
10143,296,51,243.89,2026-04-01 13:50:00,presencial
10144,571,25,134.16,2026-04-01 14:11:00,presencial
10145,495,53,257.03,2026-04-01 14:14:00,presencial
10146,60,53,46.25,2026-04-01 15:21:00,presencial
10147,413,61,216.16,2026-04-01 15:53:00,online
10148,399,184,180.19,2026-04-01 16:04:00,presencial
10149,532,44,96.2,2026-04-01 16:12:00,presencial
10150,580,85,105.08,2026-04-01 16:13:00,presencial
10151,448,72,23.24,2026-04-01 16:13:00,online
10152,393,55,334.0,2026-04-01 16:22:00,online
10153,213,40,34.14,2026-04-01 16:25:00,online
10154,540,200,82.74,2026-04-01 16:46:00,online
10155,566,126,94.1,2026-04-01 16:59:00,online
10156,595,21,9.89,2026-04-01 17:03:00,online
10157,573,131,42.26,2026-04-01 17:33:00,presencial
10158,386,123,55.91,2026-04-01 18:03:00,presencial
10159,574,72,39.46,2026-04-01 18:03:00,online
10160,470,158,42.81,2026-04-01 18:11:00,presencial
10161,145,161,230.89,2026-04-01 18:13:00,online
10162,20,158,18.0,2026-04-01 18:29:00,online
10163,589,128,11.07,2026-04-01 18:29:00,presencial
10164,257,89,23.45,2026-04-01 18:35:00,presencial
10165,525,42,101.36,2026-04-01 18:46:00,online
10166,173,9,112.83,2026-04-01 19:38:00,presencial
10167,217,184,87.06,2026-04-01 19:52:00,presencial
10168,495,169,121.87,2026-04-01 19:55:00,presencial
10169,316,41,59.24,2026-04-01 20:05:00,online
10170,407,161,25.28,2026-04-01 20:09:00,presencial
10171,193,10,15.81,2026-04-01 20:13:00,presencial
10172,369,48,11.15,2026-04-01 20:39:00,online
10173,293,31,34.82,2026-04-01 21:13:00,presencial
10174,559,69,106.4,2026-04-01 21:28:00,online
10175,296,64,58.01,2026-04-01 22:12:00,online
10176,54,103,45.84,2026-04-01 22:15:00,online
10177,442,92,14.0,2026-04-01 22:47:00,online
10178,573,23,762.95,2026-04-01 23:05:00,online
10179,530,30,18.03,2026-04-01 23:19:00,presencial
10180,61,165,51.04,2026-04-01 23:40:00,presencial
10181,600,110,134.74,2026-04-01 23:46:00,presencial
10182,209,185,46.83,2026-04-02 00:04:00,presencial
10183,501,27,18.4,2026-04-02 00:26:00,presencial
10184,379,62,108.8,2026-04-02 00:43:00,presencial
10185,584,32,10.24,2026-04-02 00:46:00,presencial
10186,205,185,303.76,2026-04-02 00:52:00,presencial
10187,365,32,60.97,2026-04-02 00:53:00,online
10188,410,161,33.83,2026-04-02 01:07:00,presencial
10189,93,39,9.41,2026-04-02 01:11:00,online
10190,466,146,12.59,2026-04-02 01:34:00,presencial
10191,87,92,42.21,2026-04-02 01:44:00,presencial
10192,498,194,358.53,2026-04-02 01:45:00,presencial
10193,76,14,57.76,2026-04-02 01:48:00,presencial
10194,108,65,65.48,2026-04-02 01:51:00,presencial
10195,297,145,68.36,2026-04-02 01:52:00,presencial
10196,110,184,602.11,2026-04-02 01:56:00,presencial
10197,47,108,27.51,2026-04-02 02:02:00,online
10198,32,20,250.14,2026-04-02 02:28:00,presencial
10199,172,126,28.83,2026-04-02 02:33:00,presencial
10200,295,96,20.62,2026-04-02 02:58:00,online
10201,27,155,40.95,2026-04-02 03:30:00,presencial
10202,83,111,40.73,2026-04-02 03:32:00,online
10203,367,180,82.95,2026-04-02 03:43:00,presencial
10204,192,25,3.47,2026-04-02 03:57:00,online
10205,455,125,52.6,2026-04-02 03:57:00,presencial
10206,505,148,23.14,2026-04-02 03:58:00,online
10207,19,82,20.16,2026-04-02 03:59:00,presencial
10208,570,96,10.75,2026-04-02 04:06:00,online
10209,411,140,29.93,2026-04-02 04:11:00,presencial
10210,494,92,25.32,2026-04-02 04:16:00,presencial
10211,287,79,27.96,2026-04-02 04:21:00,presencial
10212,1,117,7.37,2026-04-02 04:33:00,presencial
10213,532,161,49.8,2026-04-02 04:49:00,presencial
10214,341,27,18.71,2026-04-02 04:58:00,online
10215,23,175,7.4,2026-04-02 05:04:00,online
10216,100,41,24.46,2026-04-02 05:13:00,presencial
10217,124,20,19.08,2026-04-02 05:14:00,online
10218,226,37,46.77,2026-04-02 05:22:00,online
10219,266,16,24.1,2026-04-02 05:29:00,online
10220,257,191,9.07,2026-04-02 05:40:00,online
10221,521,59,16.82,2026-04-02 05:50:00,online
10222,566,155,6.69,2026-04-02 06:03:00,online
10223,408,37,156.15,2026-04-02 06:14:00,presencial
10224,381,106,186.35,2026-04-02 06:31:00,online
10225,519,86,212.9,2026-04-02 06:41:00,presencial
10226,161,132,23.36,2026-04-02 07:02:00,presencial
10227,335,198,186.2,2026-04-02 07:03:00,presencial
10228,386,130,69.94,2026-04-02 07:15:00,presencial
10229,172,141,18.09,2026-04-02 07:18:00,presencial
10230,572,53,22.39,2026-04-02 07:30:00,presencial
10231,142,25,37.0,2026-04-02 07:38:00,online
10232,36,18,50.03,2026-04-02 08:06:00,online
10233,195,61,66.63,2026-04-02 08:12:00,presencial
10234,490,111,44.61,2026-04-02 08:25:00,presencial
10235,225,13,30.47,2026-04-02 08:28:00,online
10236,131,53,197.81,2026-04-02 08:56:00,presencial
10237,524,127,39.44,2026-04-02 09:09:00,online
10238,92,175,37.04,2026-04-02 09:09:00,online
10239,96,198,35.2,2026-04-02 09:12:00,presencial
10240,540,48,39.47,2026-04-02 09:14:00,presencial
10241,193,21,9.99,2026-04-02 09:18:00,online
10242,2,115,14.83,2026-04-02 09:21:00,presencial
10243,261,188,658.91,2026-04-02 09:22:00,presencial
10244,445,85,7.28,2026-04-02 09:37:00,presencial
10245,455,181,60.28,2026-04-02 09:45:00,online
10246,53,149,65.16,2026-04-02 09:52:00,online
10247,169,180,136.18,2026-04-02 10:05:00,presencial
10248,371,191,66.92,2026-04-02 10:13:00,online
10249,397,22,357.79,2026-04-02 10:24:00,online
10250,373,83,58.18,2026-04-02 11:23:00,online
10251,203,10,196.89,2026-04-02 11:26:00,presencial
10252,518,9,140.33,2026-04-02 11:32:00,presencial
10253,47,96,243.76,2026-04-02 11:37:00,online
10254,494,133,45.94,2026-04-02 12:02:00,presencial
10255,564,178,69.25,2026-04-02 12:44:00,online
10256,412,26,29.78,2026-04-02 12:54:00,online
10257,258,7,53.29,2026-04-02 13:24:00,presencial
10258,229,21,56.63,2026-04-02 13:26:00,presencial
10259,262,186,4.55,2026-04-02 13:27:00,presencial
10260,100,133,38.19,2026-04-02 13:40:00,online
10261,134,97,118.97,2026-04-02 13:44:00,presencial
10262,382,21,10.12,2026-04-02 13:50:00,online
10263,331,75,15.1,2026-04-02 13:59:00,online
10264,299,26,159.37,2026-04-02 14:10:00,presencial
10265,285,7,195.87,2026-04-02 14:20:00,presencial
10266,47,88,22.58,2026-04-02 14:30:00,online
10267,521,101,54.13,2026-04-02 14:35:00,online
10268,574,91,41.02,2026-04-02 14:42:00,online
10269,148,175,163.15,2026-04-02 14:55:00,online
10270,189,183,24.86,2026-04-02 14:59:00,presencial
10271,379,25,29.47,2026-04-02 15:22:00,presencial
10272,2,56,195.36,2026-04-02 15:40:00,presencial
10273,62,101,14.83,2026-04-02 15:47:00,online
10274,542,81,25.85,2026-04-02 15:50:00,online
10275,104,88,51.74,2026-04-02 16:03:00,presencial
10276,347,142,238.92,2026-04-02 16:03:00,presencial
10277,530,36,12.03,2026-04-02 16:10:00,online
10278,440,166,20.46,2026-04-02 16:33:00,presencial
10279,164,53,85.78,2026-04-02 16:35:00,presencial
10280,92,70,101.66,2026-04-02 16:44:00,online
10281,431,45,56.41,2026-04-02 16:55:00,presencial
10282,243,127,39.32,2026-04-02 17:02:00,presencial
10283,581,140,51.55,2026-04-02 17:19:00,online
10284,388,125,8.52,2026-04-02 17:45:00,presencial
10285,7,99,49.98,2026-04-02 18:03:00,presencial
10286,151,61,228.23,2026-04-02 18:06:00,online
10287,447,138,10.46,2026-04-02 18:28:00,online
10288,421,24,18.87,2026-04-02 18:56:00,online
10289,446,63,28.89,2026-04-02 18:57:00,online
10290,141,137,30.96,2026-04-02 19:09:00,presencial
10291,150,139,338.83,2026-04-02 19:14:00,online
10292,126,54,16.04,2026-04-02 19:16:00,online
10293,418,69,12.87,2026-04-02 19:19:00,presencial
10294,7,64,104.39,2026-04-02 19:55:00,online
10295,489,178,21.94,2026-04-02 20:26:00,presencial
10296,170,115,106.32,2026-04-02 20:36:00,online
10297,293,24,35.99,2026-04-02 20:42:00,presencial
10298,149,33,74.06,2026-04-02 20:59:00,presencial
10299,256,14,7.97,2026-04-02 21:02:00,online
10300,459,49,73.79,2026-04-02 21:05:00,presencial
10301,120,45,56.8,2026-04-02 21:13:00,presencial
10302,342,90,33.75,2026-04-02 21:59:00,presencial
10303,35,150,11.52,2026-04-02 22:02:00,presencial
10304,107,176,56.74,2026-04-02 22:02:00,presencial
10305,411,112,99.13,2026-04-02 22:03:00,presencial
10306,341,155,24.92,2026-04-02 22:28:00,online
10307,367,131,25.47,2026-04-02 22:36:00,presencial
10308,136,64,107.05,2026-04-02 22:59:00,online
10309,124,123,293.31,2026-04-02 23:26:00,presencial
10310,256,61,125.66,2026-04-02 23:31:00,presencial
10311,78,62,57.54,2026-04-02 23:32:00,presencial
10312,533,198,34.21,2026-04-03 00:08:00,presencial
10313,161,183,43.37,2026-04-03 00:16:00,presencial
10314,432,131,10.4,2026-04-03 00:30:00,online
10315,95,119,37.72,2026-04-03 00:32:00,presencial
10316,391,138,153.22,2026-04-03 00:41:00,presencial
10317,123,151,46.69,2026-04-03 00:48:00,online
10318,169,12,22.46,2026-04-03 00:50:00,presencial
10319,248,72,20.29,2026-04-03 01:00:00,presencial
10320,75,21,43.17,2026-04-03 01:11:00,presencial
10321,75,106,11.49,2026-04-03 01:33:00,online
10322,452,59,16.45,2026-04-03 01:36:00,presencial
10323,208,67,241.31,2026-04-03 01:48:00,presencial
10324,341,169,14.3,2026-04-03 01:50:00,presencial
10325,388,41,18.51,2026-04-03 01:59:00,online
10326,374,183,61.59,2026-04-03 02:33:00,presencial
10327,377,85,27.5,2026-04-03 02:35:00,presencial
10328,586,39,49.28,2026-04-03 03:04:00,presencial
10329,379,29,115.49,2026-04-03 03:15:00,online
10330,209,143,8.15,2026-04-03 04:01:00,presencial
10331,171,181,102.48,2026-04-03 04:03:00,presencial
10332,481,175,23.56,2026-04-03 04:10:00,online
10333,254,35,32.63,2026-04-03 04:27:00,presencial
10334,336,176,370.3,2026-04-03 04:38:00,presencial
10335,489,46,9.56,2026-04-03 04:39:00,presencial
10336,142,92,85.61,2026-04-03 04:44:00,presencial
10337,134,2,154.6,2026-04-03 04:53:00,presencial
10338,32,52,21.08,2026-04-03 05:05:00,online
10339,44,64,21.45,2026-04-03 05:34:00,presencial
10340,370,192,29.8,2026-04-03 05:46:00,presencial
10341,303,56,20.94,2026-04-03 05:54:00,online
10342,179,56,48.09,2026-04-03 05:57:00,presencial
10343,127,55,119.33,2026-04-03 06:13:00,presencial
10344,418,51,29.98,2026-04-03 06:14:00,online
10345,52,108,124.14,2026-04-03 06:20:00,online
10346,421,42,208.74,2026-04-03 06:25:00,online
10347,543,59,71.82,2026-04-03 06:29:00,presencial
10348,274,107,79.68,2026-04-03 06:30:00,presencial
10349,297,152,23.26,2026-04-03 07:08:00,presencial
10350,322,22,2.5,2026-04-03 07:23:00,presencial
10351,58,70,85.14,2026-04-03 07:29:00,online
10352,376,115,107.35,2026-04-03 07:49:00,presencial
10353,220,184,58.36,2026-04-03 07:49:00,presencial
10354,282,189,121.6,2026-04-03 07:57:00,presencial
10355,14,175,24.46,2026-04-03 08:14:00,presencial
10356,527,101,79.07,2026-04-03 08:25:00,presencial
10357,201,20,225.73,2026-04-03 08:34:00,presencial
10358,46,194,92.97,2026-04-03 08:40:00,presencial
10359,470,125,195.79,2026-04-03 09:48:00,presencial
10360,588,182,197.17,2026-04-03 09:58:00,presencial
10361,312,185,11.66,2026-04-03 10:29:00,presencial
10362,21,159,98.6,2026-04-03 10:51:00,presencial
10363,596,85,22.31,2026-04-03 11:03:00,presencial
10364,125,122,13.22,2026-04-03 11:10:00,presencial
10365,145,139,32.65,2026-04-03 11:15:00,online
10366,425,177,307.84,2026-04-03 11:26:00,presencial
10367,200,46,24.58,2026-04-03 11:49:00,online
10368,51,111,6.46,2026-04-03 12:12:00,presencial
10369,410,120,9.12,2026-04-03 12:29:00,online
10370,158,42,75.66,2026-04-03 12:39:00,online
10371,517,81,19.4,2026-04-03 12:41:00,presencial
10372,93,186,4.72,2026-04-03 13:17:00,presencial
10373,544,4,9.53,2026-04-03 13:22:00,online
10374,435,101,53.71,2026-04-03 13:23:00,online
10375,144,122,105.37,2026-04-03 13:36:00,online
10376,348,182,27.38,2026-04-03 13:46:00,online
10377,564,57,91.27,2026-04-03 13:51:00,presencial
10378,39,79,122.29,2026-04-03 14:08:00,online
10379,492,17,18.88,2026-04-03 14:40:00,online
10380,277,68,39.12,2026-04-03 14:53:00,online
10381,570,200,23.09,2026-04-03 14:59:00,presencial
10382,126,154,80.86,2026-04-03 15:11:00,online
10383,432,86,22.8,2026-04-03 15:14:00,presencial
10384,581,127,11.77,2026-04-03 15:59:00,online
10385,207,193,47.36,2026-04-03 16:11:00,online
10386,65,88,151.62,2026-04-03 16:15:00,presencial
10387,236,59,78.38,2026-04-03 16:16:00,presencial
10388,359,176,135.3,2026-04-03 16:20:00,presencial
10389,379,171,122.85,2026-04-03 16:25:00,presencial
10390,290,104,46.82,2026-04-03 16:32:00,presencial
10391,560,3,23.17,2026-04-03 17:09:00,presencial
10392,347,3,17.17,2026-04-03 17:22:00,presencial
10393,385,24,7.8,2026-04-03 17:31:00,presencial
10394,574,139,165.42,2026-04-03 17:38:00,presencial
10395,564,36,31.07,2026-04-03 17:50:00,online
10396,205,13,6.85,2026-04-03 18:22:00,presencial
10397,172,137,173.77,2026-04-03 18:40:00,online
10398,450,97,49.59,2026-04-03 19:10:00,presencial
10399,316,107,129.61,2026-04-03 19:18:00,presencial
10400,269,39,33.53,2026-04-03 19:46:00,presencial
10401,419,43,18.68,2026-04-03 19:57:00,online
10402,397,49,72.99,2026-04-03 20:03:00,presencial
10403,549,129,79.96,2026-04-03 20:26:00,presencial
10404,220,196,32.86,2026-04-03 20:30:00,online
10405,453,184,189.59,2026-04-03 20:38:00,presencial
10406,137,23,126.47,2026-04-03 20:40:00,online
10407,563,136,83.2,2026-04-03 21:38:00,presencial
10408,51,152,13.18,2026-04-03 21:42:00,presencial
10409,451,9,11.29,2026-04-03 21:43:00,presencial
10410,62,128,167.15,2026-04-03 22:36:00,presencial
10411,529,89,4.03,2026-04-03 22:48:00,online
10412,576,40,40.44,2026-04-03 23:01:00,presencial
10413,491,158,52.53,2026-04-03 23:06:00,presencial
10414,474,188,26.08,2026-04-03 23:08:00,presencial
10415,287,120,43.0,2026-04-03 23:15:00,online
10416,147,41,70.97,2026-04-03 23:35:00,presencial
10417,592,86,23.43,2026-04-03 23:36:00,presencial
10418,318,104,117.87,2026-04-04 00:20:00,presencial
10419,490,181,84.84,2026-04-04 00:20:00,online
10420,429,159,36.67,2026-04-04 00:25:00,online
10421,421,135,18.01,2026-04-04 00:27:00,online
10422,212,153,40.46,2026-04-04 00:55:00,online
10423,257,139,455.66,2026-04-04 00:57:00,online
10424,264,64,19.43,2026-04-04 01:07:00,presencial
10425,362,27,240.77,2026-04-04 01:16:00,online
10426,432,168,6.48,2026-04-04 01:20:00,presencial
10427,120,111,17.34,2026-04-04 01:31:00,online
10428,137,193,24.61,2026-04-04 02:33:00,presencial
10429,30,137,126.98,2026-04-04 03:28:00,online
10430,316,95,47.51,2026-04-04 03:37:00,presencial
10431,402,130,188.87,2026-04-04 04:02:00,presencial
10432,127,131,31.0,2026-04-04 04:03:00,online
10433,428,197,42.13,2026-04-04 04:17:00,presencial
10434,2,73,31.14,2026-04-04 04:38:00,presencial
10435,520,77,415.32,2026-04-04 04:40:00,presencial
10436,415,71,13.04,2026-04-04 04:42:00,online
10437,410,22,25.56,2026-04-04 05:02:00,presencial
10438,425,94,15.24,2026-04-04 05:14:00,online
10439,216,90,83.99,2026-04-04 05:16:00,online
10440,598,40,12.74,2026-04-04 05:39:00,online
10441,448,164,331.74,2026-04-04 05:43:00,presencial
10442,109,138,48.85,2026-04-04 06:34:00,presencial
10443,554,49,70.36,2026-04-04 06:43:00,presencial
10444,444,34,74.4,2026-04-04 06:49:00,presencial
10445,187,124,43.73,2026-04-04 06:50:00,online
10446,569,2,51.1,2026-04-04 07:04:00,online
10447,150,31,49.07,2026-04-04 07:16:00,online
10448,387,88,79.14,2026-04-04 07:24:00,online
10449,403,199,18.09,2026-04-04 07:29:00,online
10450,578,16,15.01,2026-04-04 07:58:00,presencial
10451,343,106,110.28,2026-04-04 08:00:00,presencial
10452,597,113,44.61,2026-04-04 08:08:00,presencial
10453,171,51,4.92,2026-04-04 08:16:00,presencial
10454,481,105,26.5,2026-04-04 08:19:00,presencial
10455,148,127,240.56,2026-04-04 08:29:00,presencial
10456,600,28,37.47,2026-04-04 08:35:00,presencial
10457,459,191,24.93,2026-04-04 08:37:00,presencial
10458,376,50,8.63,2026-04-04 08:47:00,presencial
10459,40,74,23.94,2026-04-04 09:01:00,presencial
10460,299,5,12.43,2026-04-04 09:05:00,online
10461,87,119,71.67,2026-04-04 09:16:00,presencial
10462,551,119,47.19,2026-04-04 09:17:00,online
10463,228,24,29.97,2026-04-04 09:26:00,presencial
10464,499,59,19.33,2026-04-04 09:42:00,presencial
10465,544,154,239.63,2026-04-04 09:46:00,presencial
10466,67,143,20.58,2026-04-04 09:50:00,online
10467,456,62,20.66,2026-04-04 10:23:00,online
10468,182,126,34.22,2026-04-04 10:28:00,presencial
10469,66,150,39.91,2026-04-04 10:41:00,presencial
10470,157,75,75.96,2026-04-04 10:43:00,presencial
10471,330,36,124.4,2026-04-04 10:48:00,presencial
10472,514,5,114.56,2026-04-04 11:03:00,online
10473,415,191,647.35,2026-04-04 11:23:00,presencial
10474,140,65,6.94,2026-04-04 11:26:00,presencial
10475,178,162,57.62,2026-04-04 11:42:00,presencial
10476,183,65,25.22,2026-04-04 11:49:00,online
10477,442,143,407.78,2026-04-04 11:51:00,presencial
10478,312,67,54.23,2026-04-04 12:13:00,presencial
10479,15,122,4.79,2026-04-04 12:27:00,presencial
10480,46,191,72.07,2026-04-04 12:31:00,presencial
10481,46,151,59.95,2026-04-04 12:35:00,presencial
10482,577,33,102.88,2026-04-04 12:36:00,online
10483,303,105,20.17,2026-04-04 12:41:00,online
10484,295,55,64.11,2026-04-04 12:48:00,presencial
10485,457,44,33.2,2026-04-04 13:06:00,presencial
10486,115,167,21.36,2026-04-04 13:16:00,presencial
10487,19,197,65.17,2026-04-04 13:20:00,presencial
10488,163,186,52.88,2026-04-04 13:21:00,online
10489,126,168,141.89,2026-04-04 14:36:00,presencial
10490,479,94,46.05,2026-04-04 14:37:00,presencial
10491,492,106,86.86,2026-04-04 14:42:00,presencial
10492,381,109,11.84,2026-04-04 15:10:00,presencial
10493,546,148,207.26,2026-04-04 15:14:00,presencial
10494,279,11,19.01,2026-04-04 15:14:00,online
10495,145,166,120.69,2026-04-04 15:23:00,online
10496,199,162,59.71,2026-04-04 15:49:00,presencial
10497,85,200,51.93,2026-04-04 15:51:00,presencial
10498,541,119,103.17,2026-04-04 15:56:00,online
10499,363,92,4.25,2026-04-04 16:17:00,presencial
10500,464,96,23.79,2026-04-04 16:22:00,presencial
10501,169,125,101.57,2026-04-04 16:41:00,online
10502,431,61,370.3,2026-04-04 16:49:00,online
10503,199,156,43.52,2026-04-04 17:19:00,presencial
10504,268,89,3.06,2026-04-04 17:24:00,online
10505,392,57,31.53,2026-04-04 17:43:00,online
10506,589,148,41.84,2026-04-04 17:46:00,presencial
10507,335,68,151.47,2026-04-04 17:48:00,online
10508,427,17,47.14,2026-04-04 17:55:00,presencial
10509,357,105,10.97,2026-04-04 18:06:00,presencial
10510,255,102,129.0,2026-04-04 18:09:00,online
10511,560,59,83.53,2026-04-04 18:12:00,presencial
10512,577,7,20.72,2026-04-04 18:22:00,presencial
10513,187,96,98.68,2026-04-04 18:36:00,online
10514,538,155,24.5,2026-04-04 18:42:00,presencial
10515,271,161,32.2,2026-04-04 18:43:00,presencial
10516,444,43,24.96,2026-04-04 18:56:00,online
10517,311,87,31.79,2026-04-04 19:07:00,presencial
10518,461,181,121.2,2026-04-04 19:36:00,presencial
10519,523,69,6.27,2026-04-04 19:56:00,online
10520,255,96,150.59,2026-04-04 20:17:00,online
10521,421,136,54.27,2026-04-04 20:21:00,presencial
10522,305,92,29.1,2026-04-04 20:31:00,presencial
10523,480,169,45.73,2026-04-04 20:37:00,online
10524,115,73,16.45,2026-04-04 20:38:00,presencial
10525,438,99,7.43,2026-04-04 20:49:00,presencial
10526,358,104,16.96,2026-04-04 20:56:00,online
10527,271,149,5.56,2026-04-04 21:04:00,online
10528,222,68,10.1,2026-04-04 21:26:00,online
10529,422,56,7.5,2026-04-04 21:37:00,presencial
10530,209,72,171.78,2026-04-04 21:48:00,online
10531,20,47,10.88,2026-04-04 21:55:00,online
10532,569,40,42.72,2026-04-04 22:27:00,online
10533,269,164,152.69,2026-04-04 22:30:00,presencial
10534,99,70,113.87,2026-04-04 22:33:00,online
10535,136,55,32.31,2026-04-04 22:41:00,online
10536,498,163,32.47,2026-04-04 22:57:00,online
10537,199,158,54.5,2026-04-04 23:01:00,online
10538,169,50,456.44,2026-04-04 23:05:00,presencial
10539,293,61,70.41,2026-04-04 23:11:00,online
10540,18,165,93.23,2026-04-04 23:15:00,online
10541,337,56,540.79,2026-04-04 23:19:00,online
10542,25,173,60.68,2026-04-04 23:24:00,presencial
10543,502,124,158.01,2026-04-04 23:29:00,presencial
10544,258,134,75.6,2026-04-04 23:34:00,online
10545,131,107,74.4,2026-04-04 23:39:00,presencial
10546,273,7,15.49,2026-04-04 23:41:00,online
10547,106,165,12.91,2026-04-04 23:48:00,online
10548,193,113,25.44,2026-04-04 23:49:00,presencial
10549,79,35,117.93,2026-04-05 00:07:00,presencial
10550,402,167,111.93,2026-04-05 00:40:00,presencial
10551,586,59,193.74,2026-04-05 00:43:00,presencial
10552,292,74,44.16,2026-04-05 00:47:00,presencial
10553,60,128,80.76,2026-04-05 01:06:00,presencial
10554,45,57,81.14,2026-04-05 01:25:00,online
10555,500,2,39.72,2026-04-05 02:27:00,online
10556,209,65,31.38,2026-04-05 02:31:00,online
10557,178,137,8.73,2026-04-05 03:28:00,presencial
10558,62,85,37.8,2026-04-05 03:28:00,presencial
10559,399,143,39.87,2026-04-05 03:41:00,online
10560,38,15,155.68,2026-04-05 03:45:00,presencial
10561,543,52,173.52,2026-04-05 04:03:00,online
10562,125,48,52.47,2026-04-05 04:05:00,online
10563,42,13,432.56,2026-04-05 04:20:00,presencial
10564,421,130,55.09,2026-04-05 04:55:00,online
10565,213,43,139.24,2026-04-05 05:11:00,online
10566,418,95,40.04,2026-04-05 05:16:00,online
10567,24,199,12.75,2026-04-05 05:18:00,presencial
10568,517,50,28.0,2026-04-05 05:22:00,presencial
10569,186,39,226.21,2026-04-05 05:39:00,presencial
10570,454,187,33.43,2026-04-05 06:04:00,presencial
10571,562,72,26.76,2026-04-05 06:43:00,online
10572,322,60,44.5,2026-04-05 06:44:00,presencial
10573,201,144,29.12,2026-04-05 06:44:00,presencial
10574,188,26,166.19,2026-04-05 06:56:00,presencial
10575,412,76,355.67,2026-04-05 07:00:00,presencial
10576,4,40,44.99,2026-04-05 07:01:00,presencial
10577,89,179,81.0,2026-04-05 07:21:00,presencial
10578,389,60,130.2,2026-04-05 07:22:00,presencial
10579,16,114,50.37,2026-04-05 07:24:00,online
10580,174,105,17.02,2026-04-05 07:28:00,presencial
10581,389,99,28.49,2026-04-05 07:43:00,presencial
10582,151,14,70.33,2026-04-05 07:48:00,online
10583,559,53,68.94,2026-04-05 09:25:00,presencial
10584,585,171,6.23,2026-04-05 10:01:00,online
10585,21,110,27.65,2026-04-05 10:06:00,presencial
10586,105,176,19.87,2026-04-05 10:09:00,presencial
10587,545,112,117.98,2026-04-05 10:16:00,presencial
10588,20,64,20.74,2026-04-05 10:25:00,presencial
10589,292,70,26.92,2026-04-05 10:33:00,online
10590,570,156,25.9,2026-04-05 10:42:00,presencial
10591,354,48,106.75,2026-04-05 10:58:00,presencial
10592,184,120,129.77,2026-04-05 11:02:00,presencial
10593,4,188,76.93,2026-04-05 11:06:00,presencial
10594,237,170,150.97,2026-04-05 11:11:00,online
10595,326,78,173.98,2026-04-05 11:22:00,presencial
10596,49,56,6.1,2026-04-05 11:36:00,online
10597,317,125,85.72,2026-04-05 11:39:00,presencial
10598,243,123,29.76,2026-04-05 11:46:00,presencial
10599,196,145,11.22,2026-04-05 12:00:00,presencial
10600,584,15,31.45,2026-04-05 12:19:00,presencial
10601,537,108,99.88,2026-04-05 12:24:00,online
10602,417,2,221.58,2026-04-05 12:24:00,presencial
10603,355,199,10.18,2026-04-05 12:29:00,presencial
10604,285,175,88.26,2026-04-05 12:33:00,presencial
10605,43,148,388.46,2026-04-05 12:36:00,presencial
10606,185,59,334.9,2026-04-05 12:40:00,presencial
10607,7,150,1.0,2026-04-05 12:42:00,presencial
10608,220,90,491.16,2026-04-05 12:56:00,online
10609,285,130,128.66,2026-04-05 13:06:00,online
10610,367,47,3.53,2026-04-05 13:13:00,presencial
10611,213,95,19.26,2026-04-05 13:40:00,presencial
10612,153,176,178.31,2026-04-05 13:48:00,presencial
10613,427,38,66.44,2026-04-05 13:58:00,online
10614,92,77,23.78,2026-04-05 14:25:00,presencial
10615,76,59,48.09,2026-04-05 14:37:00,online
10616,418,36,81.49,2026-04-05 14:39:00,presencial
10617,352,80,23.64,2026-04-05 14:52:00,presencial
10618,522,122,38.87,2026-04-05 15:44:00,presencial
10619,444,11,119.89,2026-04-05 16:05:00,presencial
10620,541,42,20.68,2026-04-05 16:16:00,online
10621,399,164,10.05,2026-04-05 16:34:00,online
10622,505,53,22.17,2026-04-05 16:52:00,presencial
10623,102,68,16.81,2026-04-05 17:06:00,presencial
10624,319,135,22.98,2026-04-05 17:08:00,presencial
10625,567,150,6.68,2026-04-05 17:13:00,presencial
10626,474,192,57.93,2026-04-05 17:17:00,online
10627,242,32,116.09,2026-04-05 17:34:00,online
10628,556,151,18.3,2026-04-05 17:46:00,presencial
10629,188,145,21.82,2026-04-05 17:55:00,online
10630,15,25,36.37,2026-04-05 18:12:00,online
10631,478,176,16.4,2026-04-05 18:18:00,presencial
10632,248,63,131.92,2026-04-05 18:24:00,presencial
10633,21,85,16.82,2026-04-05 18:39:00,presencial
10634,123,160,25.07,2026-04-05 18:53:00,online
10635,44,105,19.31,2026-04-05 18:56:00,presencial
10636,599,56,135.4,2026-04-05 19:02:00,online
10637,509,65,34.67,2026-04-05 19:03:00,online
10638,558,149,400.38,2026-04-05 19:04:00,presencial
10639,110,37,65.97,2026-04-05 19:04:00,presencial
10640,482,95,159.86,2026-04-05 19:32:00,online
10641,339,150,31.29,2026-04-05 19:33:00,presencial
10642,178,177,15.85,2026-04-05 19:35:00,presencial
10643,402,166,43.1,2026-04-05 19:39:00,online
10644,572,72,21.18,2026-04-05 19:55:00,presencial
10645,277,40,4.96,2026-04-05 20:39:00,online
10646,18,187,136.3,2026-04-05 20:44:00,presencial
10647,506,120,46.34,2026-04-05 20:48:00,presencial
10648,113,82,20.69,2026-04-05 21:02:00,presencial
10649,110,181,67.62,2026-04-05 21:03:00,presencial
10650,371,146,47.07,2026-04-05 21:19:00,presencial
10651,480,96,210.77,2026-04-05 21:42:00,online
10652,476,40,71.96,2026-04-05 21:58:00,presencial
10653,521,17,37.61,2026-04-05 22:22:00,presencial
10654,531,107,95.85,2026-04-05 22:37:00,online
10655,77,23,42.97,2026-04-05 22:41:00,online
10656,181,63,54.72,2026-04-05 22:46:00,online
10657,433,137,172.22,2026-04-05 22:55:00,presencial
10658,235,3,12.36,2026-04-05 22:59:00,presencial
10659,430,198,17.29,2026-04-05 22:59:00,online
10660,273,88,28.18,2026-04-05 23:13:00,online
10661,271,175,33.1,2026-04-05 23:23:00,presencial
10662,17,35,159.52,2026-04-05 23:39:00,online
10663,365,93,9.43,2026-04-05 23:40:00,online
10664,519,192,43.27,2026-04-05 23:47:00,presencial
10665,492,127,24.39,2026-04-05 23:57:00,online
10666,203,162,290.19,2026-04-06 00:02:00,presencial
10667,407,138,118.18,2026-04-06 00:10:00,presencial
10668,120,148,58.12,2026-04-06 00:11:00,presencial
10669,381,73,129.77,2026-04-06 00:29:00,presencial
10670,246,91,10.47,2026-04-06 00:30:00,presencial
10671,557,10,415.82,2026-04-06 00:36:00,online
10672,427,52,17.71,2026-04-06 00:52:00,online
10673,44,13,178.15,2026-04-06 00:59:00,presencial
10674,523,65,82.01,2026-04-06 01:07:00,presencial
10675,435,146,59.79,2026-04-06 01:10:00,presencial
10676,130,41,170.16,2026-04-06 01:57:00,presencial
10677,170,96,133.79,2026-04-06 01:59:00,presencial
10678,104,111,50.31,2026-04-06 02:09:00,presencial
10679,187,33,28.11,2026-04-06 02:13:00,presencial
10680,567,163,51.18,2026-04-06 02:19:00,online
10681,542,155,39.92,2026-04-06 02:22:00,presencial
10682,331,38,65.98,2026-04-06 02:32:00,online
10683,218,8,137.37,2026-04-06 02:34:00,online
10684,220,1,74.85,2026-04-06 02:47:00,online
10685,575,59,54.78,2026-04-06 02:54:00,online
10686,120,26,21.77,2026-04-06 02:57:00,presencial
10687,455,4,63.89,2026-04-06 03:10:00,presencial
10688,598,93,6.92,2026-04-06 03:11:00,presencial
10689,514,106,18.59,2026-04-06 03:18:00,presencial
10690,432,4,87.08,2026-04-06 03:23:00,presencial
10691,540,120,118.36,2026-04-06 03:26:00,presencial
10692,131,81,43.7,2026-04-06 03:33:00,online
10693,591,41,55.76,2026-04-06 03:41:00,presencial
10694,55,23,67.17,2026-04-06 03:48:00,online
10695,9,152,94.59,2026-04-06 03:49:00,presencial
10696,120,22,35.82,2026-04-06 03:56:00,online
10697,366,41,15.16,2026-04-06 04:03:00,online
10698,149,143,68.44,2026-04-06 04:16:00,presencial
10699,381,126,385.34,2026-04-06 04:28:00,presencial
10700,67,200,16.2,2026-04-06 04:37:00,online
10701,419,9,38.88,2026-04-06 05:09:00,online
10702,138,39,29.23,2026-04-06 05:13:00,online
10703,315,133,635.57,2026-04-06 05:16:00,presencial
10704,71,46,15.54,2026-04-06 05:16:00,presencial
10705,583,77,37.47,2026-04-06 05:19:00,online
10706,227,60,29.93,2026-04-06 05:25:00,presencial
10707,363,162,11.25,2026-04-06 05:27:00,online
10708,292,158,10.6,2026-04-06 06:02:00,online
10709,358,162,83.53,2026-04-06 06:22:00,presencial
10710,274,102,97.47,2026-04-06 06:36:00,presencial
10711,44,98,24.16,2026-04-06 06:52:00,presencial
10712,498,115,210.59,2026-04-06 06:53:00,presencial
10713,386,14,3.76,2026-04-06 06:58:00,presencial
10714,153,110,11.2,2026-04-06 06:59:00,presencial
10715,51,56,18.04,2026-04-06 07:03:00,presencial
10716,533,188,44.26,2026-04-06 07:35:00,presencial
10717,200,37,27.22,2026-04-06 07:58:00,presencial
10718,545,7,35.83,2026-04-06 08:07:00,presencial
10719,460,193,76.22,2026-04-06 08:30:00,presencial
10720,576,32,222.02,2026-04-06 08:42:00,online
10721,396,104,108.06,2026-04-06 08:44:00,presencial
10722,109,77,47.55,2026-04-06 08:51:00,presencial
10723,22,54,40.93,2026-04-06 08:52:00,online
10724,148,98,150.14,2026-04-06 09:55:00,presencial
10725,264,147,355.19,2026-04-06 10:12:00,online
10726,375,23,90.21,2026-04-06 10:34:00,presencial
10727,538,133,26.07,2026-04-06 11:05:00,presencial
10728,85,179,59.45,2026-04-06 11:05:00,presencial
10729,381,59,84.63,2026-04-06 11:19:00,online
10730,52,136,24.27,2026-04-06 11:30:00,presencial
10731,289,185,115.85,2026-04-06 11:39:00,presencial
10732,45,187,59.77,2026-04-06 11:49:00,presencial
10733,225,130,160.95,2026-04-06 11:53:00,online
10734,364,189,15.27,2026-04-06 12:00:00,online
10735,444,156,6.58,2026-04-06 12:43:00,presencial
10736,483,103,29.02,2026-04-06 12:52:00,presencial
10737,315,26,45.88,2026-04-06 13:04:00,presencial
10738,156,171,6.17,2026-04-06 13:07:00,presencial
10739,548,58,22.89,2026-04-06 13:14:00,online
10740,561,148,183.44,2026-04-06 13:16:00,online
10741,581,129,80.37,2026-04-06 13:56:00,presencial
10742,476,73,52.04,2026-04-06 13:56:00,presencial
10743,467,155,13.99,2026-04-06 14:02:00,presencial
10744,47,132,176.85,2026-04-06 14:15:00,online
10745,344,150,28.25,2026-04-06 14:48:00,presencial
10746,245,191,49.62,2026-04-06 15:02:00,online
10747,156,55,69.98,2026-04-06 15:11:00,presencial
10748,41,153,53.97,2026-04-06 15:18:00,online
10749,128,8,230.66,2026-04-06 15:24:00,presencial
10750,550,142,84.15,2026-04-06 15:25:00,presencial
10751,546,32,64.86,2026-04-06 15:29:00,presencial
10752,446,45,40.65,2026-04-06 15:42:00,presencial
10753,61,40,71.89,2026-04-06 15:46:00,presencial
10754,412,167,35.48,2026-04-06 16:04:00,online
10755,77,75,55.05,2026-04-06 16:05:00,online
10756,410,78,30.7,2026-04-06 16:06:00,online
10757,21,73,25.81,2026-04-06 16:25:00,online
10758,172,125,16.32,2026-04-06 16:34:00,presencial
10759,74,184,33.17,2026-04-06 16:34:00,presencial
10760,561,136,30.86,2026-04-06 16:45:00,presencial
10761,342,21,334.39,2026-04-06 16:57:00,presencial
10762,554,104,133.13,2026-04-06 17:17:00,presencial
10763,13,22,38.57,2026-04-06 17:20:00,presencial
10764,444,34,28.06,2026-04-06 17:28:00,online
10765,288,40,87.93,2026-04-06 17:36:00,presencial
10766,282,140,378.61,2026-04-06 17:42:00,online
10767,524,176,107.36,2026-04-06 17:44:00,presencial
10768,29,50,6.74,2026-04-06 18:01:00,presencial
10769,567,189,115.52,2026-04-06 18:51:00,presencial
10770,17,54,140.38,2026-04-06 19:09:00,presencial
10771,218,62,502.28,2026-04-06 19:59:00,presencial
10772,83,26,34.02,2026-04-06 20:02:00,online
10773,314,10,52.06,2026-04-06 20:06:00,online
10774,358,124,73.35,2026-04-06 20:06:00,online
10775,386,82,19.29,2026-04-06 20:18:00,presencial
10776,479,24,17.46,2026-04-06 20:22:00,online
10777,451,113,69.36,2026-04-06 20:29:00,online
10778,570,70,8.19,2026-04-06 20:31:00,presencial
10779,270,79,10.5,2026-04-06 20:31:00,online
10780,106,178,109.64,2026-04-06 20:48:00,presencial
10781,94,81,77.29,2026-04-06 20:57:00,presencial
10782,166,91,176.75,2026-04-06 20:57:00,online
10783,362,138,74.41,2026-04-06 21:02:00,presencial
10784,33,179,45.22,2026-04-06 21:04:00,presencial
10785,573,148,184.56,2026-04-06 21:18:00,presencial
10786,594,99,28.07,2026-04-06 21:19:00,online
10787,99,62,30.98,2026-04-06 21:26:00,presencial
10788,469,36,41.64,2026-04-06 21:44:00,online
10789,358,25,73.37,2026-04-06 22:44:00,online
10790,289,152,41.54,2026-04-06 22:47:00,presencial
10791,441,148,8.73,2026-04-06 23:07:00,presencial
10792,346,71,33.34,2026-04-06 23:23:00,online
10793,195,188,43.18,2026-04-06 23:24:00,online
10794,338,194,50.72,2026-04-06 23:38:00,presencial
10795,82,125,27.27,2026-04-06 23:50:00,presencial
10796,153,53,77.96,2026-04-07 00:06:00,presencial
10797,584,102,7.6,2026-04-07 00:14:00,presencial
10798,112,165,70.62,2026-04-07 00:14:00,presencial
10799,359,102,321.23,2026-04-07 00:55:00,presencial
10800,179,99,22.93,2026-04-07 00:59:00,presencial
10801,279,107,47.63,2026-04-07 01:11:00,presencial
10802,149,169,34.07,2026-04-07 01:14:00,presencial
10803,342,83,34.7,2026-04-07 01:56:00,presencial
10804,335,37,14.42,2026-04-07 02:07:00,presencial
10805,371,103,399.7,2026-04-07 02:11:00,presencial
10806,185,127,68.33,2026-04-07 02:28:00,presencial
10807,348,187,21.37,2026-04-07 02:37:00,online
10808,438,23,18.86,2026-04-07 02:47:00,online
10809,432,189,47.83,2026-04-07 03:13:00,presencial
10810,341,162,4.12,2026-04-07 03:22:00,online
10811,180,143,142.32,2026-04-07 03:27:00,online
10812,320,48,25.4,2026-04-07 03:40:00,online
10813,323,42,68.56,2026-04-07 04:02:00,online
10814,571,86,72.18,2026-04-07 04:06:00,online
10815,227,37,129.26,2026-04-07 04:22:00,presencial
10816,194,132,76.85,2026-04-07 04:29:00,online
10817,450,151,101.24,2026-04-07 04:30:00,presencial
10818,382,96,137.14,2026-04-07 04:32:00,presencial
10819,257,139,31.09,2026-04-07 04:41:00,presencial
10820,1,156,476.53,2026-04-07 04:48:00,presencial
10821,423,183,65.9,2026-04-07 05:07:00,online
10822,443,138,43.35,2026-04-07 05:15:00,presencial
10823,559,47,17.72,2026-04-07 05:28:00,online
10824,302,27,35.6,2026-04-07 05:47:00,online
10825,310,189,69.55,2026-04-07 05:58:00,online
10826,126,155,49.64,2026-04-07 06:20:00,online
10827,276,170,333.68,2026-04-07 06:23:00,presencial
10828,1,85,29.11,2026-04-07 06:37:00,online
10829,301,32,94.37,2026-04-07 06:45:00,online
10830,425,120,12.96,2026-04-07 06:51:00,online
10831,472,128,493.5,2026-04-07 07:25:00,presencial
10832,398,44,12.03,2026-04-07 08:42:00,presencial
10833,484,94,437.78,2026-04-07 09:03:00,presencial
10834,400,85,38.5,2026-04-07 09:07:00,presencial
10835,468,52,3.83,2026-04-07 09:20:00,presencial
10836,263,164,197.8,2026-04-07 09:57:00,presencial
10837,362,98,48.94,2026-04-07 10:00:00,online
10838,384,186,27.15,2026-04-07 10:07:00,online
10839,344,1,90.55,2026-04-07 10:10:00,presencial
10840,343,188,92.84,2026-04-07 10:13:00,online
10841,470,133,70.53,2026-04-07 11:39:00,online
10842,144,141,155.8,2026-04-07 11:49:00,online
10843,191,58,59.02,2026-04-07 12:08:00,online
10844,312,16,91.35,2026-04-07 12:10:00,online
10845,388,47,25.18,2026-04-07 12:14:00,presencial
10846,309,89,103.76,2026-04-07 12:23:00,presencial
10847,120,68,25.3,2026-04-07 12:26:00,presencial
10848,495,39,12.97,2026-04-07 12:32:00,presencial
10849,328,3,35.63,2026-04-07 12:43:00,online
10850,261,140,33.0,2026-04-07 12:51:00,presencial
10851,527,134,124.03,2026-04-07 12:54:00,presencial
10852,262,33,9.04,2026-04-07 12:58:00,online
10853,97,157,148.86,2026-04-07 13:06:00,online
10854,591,196,22.53,2026-04-07 13:29:00,presencial
10855,230,200,2.97,2026-04-07 13:37:00,online
10856,537,39,11.84,2026-04-07 13:37:00,presencial
10857,311,86,31.87,2026-04-07 13:58:00,presencial
10858,146,11,72.87,2026-04-07 14:04:00,online
10859,226,3,38.6,2026-04-07 14:10:00,online
10860,547,169,11.82,2026-04-07 14:44:00,online
10861,567,194,18.98,2026-04-07 14:56:00,presencial
10862,83,41,12.04,2026-04-07 15:05:00,presencial
10863,593,93,59.42,2026-04-07 15:50:00,online
10864,513,5,40.46,2026-04-07 16:07:00,presencial
10865,389,164,87.81,2026-04-07 16:09:00,online
10866,110,110,6.38,2026-04-07 16:10:00,presencial
10867,352,59,24.84,2026-04-07 16:20:00,online
10868,256,194,416.41,2026-04-07 16:35:00,presencial
10869,75,28,90.48,2026-04-07 16:38:00,online
10870,591,54,32.27,2026-04-07 16:47:00,online
10871,363,150,15.09,2026-04-07 16:52:00,online
10872,59,82,151.19,2026-04-07 17:00:00,online
10873,206,141,241.28,2026-04-07 17:03:00,presencial
10874,504,48,12.63,2026-04-07 17:17:00,presencial
10875,266,132,14.02,2026-04-07 17:21:00,presencial
10876,297,112,60.74,2026-04-07 17:33:00,presencial
10877,86,10,67.32,2026-04-07 17:43:00,presencial
10878,67,65,76.02,2026-04-07 17:53:00,presencial
10879,587,60,339.58,2026-04-07 18:01:00,presencial
10880,572,119,15.35,2026-04-07 18:09:00,online
10881,58,88,46.7,2026-04-07 18:44:00,online
10882,330,96,98.82,2026-04-07 18:51:00,online
10883,409,34,97.66,2026-04-07 18:53:00,online
10884,529,186,21.92,2026-04-07 19:25:00,online
10885,336,150,22.89,2026-04-07 19:29:00,presencial
10886,522,135,26.97,2026-04-07 20:03:00,presencial
10887,73,56,291.14,2026-04-07 20:08:00,presencial
10888,9,137,15.24,2026-04-07 20:22:00,presencial
10889,279,47,31.29,2026-04-07 21:12:00,presencial
10890,159,98,104.9,2026-04-07 21:38:00,presencial
10891,454,54,13.49,2026-04-07 21:43:00,online
10892,203,61,59.37,2026-04-07 21:51:00,online
10893,245,130,5.53,2026-04-07 21:53:00,online
10894,321,63,55.25,2026-04-07 22:15:00,presencial
10895,577,147,47.35,2026-04-07 22:51:00,presencial
10896,44,101,53.52,2026-04-07 22:53:00,presencial
10897,332,197,17.19,2026-04-07 23:23:00,presencial
10898,234,39,57.43,2026-04-07 23:23:00,presencial
10899,22,189,42.82,2026-04-07 23:34:00,presencial
10900,489,27,186.61,2026-04-07 23:49:00,presencial
10901,549,110,90.16,2026-04-07 23:51:00,presencial
10902,104,75,9.08,2026-04-08 00:13:00,presencial
10903,456,151,17.89,2026-04-08 00:29:00,presencial
10904,421,27,22.69,2026-04-08 00:33:00,presencial
10905,424,51,54.51,2026-04-08 01:12:00,presencial
10906,277,47,37.11,2026-04-08 01:15:00,presencial
10907,193,185,36.94,2026-04-08 01:18:00,presencial
10908,43,108,991.79,2026-04-08 01:23:00,online
10909,21,33,25.43,2026-04-08 01:28:00,presencial
10910,107,159,206.43,2026-04-08 01:31:00,presencial
10911,317,58,38.01,2026-04-08 01:34:00,online
10912,85,45,4.07,2026-04-08 01:37:00,online
10913,412,99,55.17,2026-04-08 01:40:00,online
10914,372,159,153.11,2026-04-08 01:55:00,presencial
10915,207,168,89.73,2026-04-08 02:12:00,online
10916,53,4,59.25,2026-04-08 02:22:00,presencial
10917,311,180,45.88,2026-04-08 02:22:00,online
10918,494,200,25.94,2026-04-08 02:38:00,online
10919,237,65,119.8,2026-04-08 02:46:00,presencial
10920,484,104,27.73,2026-04-08 03:16:00,presencial
10921,172,76,22.1,2026-04-08 03:54:00,presencial
10922,49,96,70.22,2026-04-08 04:08:00,online
10923,390,131,32.13,2026-04-08 04:24:00,online
10924,533,131,182.9,2026-04-08 04:26:00,online
10925,531,95,74.74,2026-04-08 04:58:00,online
10926,576,96,19.0,2026-04-08 05:08:00,presencial
10927,65,98,12.69,2026-04-08 05:24:00,presencial
10928,27,82,23.78,2026-04-08 05:24:00,online
10929,342,25,585.08,2026-04-08 05:38:00,presencial
10930,571,75,34.42,2026-04-08 05:49:00,presencial
10931,599,144,102.94,2026-04-08 05:56:00,presencial
10932,168,196,10.63,2026-04-08 06:02:00,presencial
10933,226,163,13.58,2026-04-08 06:26:00,online
10934,399,173,36.33,2026-04-08 06:36:00,presencial
10935,549,157,290.39,2026-04-08 06:45:00,presencial
10936,105,101,10.81,2026-04-08 06:51:00,presencial
10937,586,137,22.36,2026-04-08 06:57:00,online
10938,491,168,120.53,2026-04-08 07:00:00,presencial
10939,41,45,257.71,2026-04-08 07:16:00,presencial
10940,506,30,72.32,2026-04-08 07:20:00,presencial
10941,385,54,94.02,2026-04-08 07:22:00,presencial
10942,588,106,16.67,2026-04-08 07:23:00,online
10943,126,158,10.43,2026-04-08 07:55:00,presencial
10944,596,91,12.67,2026-04-08 08:02:00,online
10945,29,197,17.1,2026-04-08 08:13:00,online
10946,46,65,57.29,2026-04-08 08:52:00,presencial
10947,269,93,11.69,2026-04-08 09:20:00,online
10948,395,184,58.88,2026-04-08 09:39:00,presencial
10949,101,35,31.6,2026-04-08 11:03:00,presencial
10950,164,167,24.08,2026-04-08 11:08:00,online
10951,234,31,118.34,2026-04-08 11:12:00,presencial
10952,76,182,15.57,2026-04-08 11:14:00,online
10953,106,65,216.86,2026-04-08 11:19:00,presencial
10954,90,128,111.49,2026-04-08 12:12:00,presencial
10955,573,143,15.04,2026-04-08 12:15:00,presencial
10956,562,76,167.75,2026-04-08 12:18:00,presencial
10957,378,111,13.21,2026-04-08 12:47:00,presencial
10958,411,152,185.38,2026-04-08 13:12:00,presencial
10959,83,176,64.47,2026-04-08 13:15:00,online
10960,31,22,7.87,2026-04-08 13:41:00,online
10961,227,100,10.75,2026-04-08 13:46:00,online
10962,591,171,28.63,2026-04-08 13:47:00,online
10963,287,112,116.11,2026-04-08 14:08:00,online
10964,485,6,37.05,2026-04-08 14:21:00,online
10965,222,26,36.05,2026-04-08 14:47:00,presencial
10966,186,164,46.72,2026-04-08 14:48:00,online
10967,488,85,4.98,2026-04-08 14:54:00,presencial
10968,283,141,110.68,2026-04-08 15:00:00,online
10969,440,179,195.12,2026-04-08 15:47:00,online
10970,436,18,106.52,2026-04-08 16:11:00,online
10971,437,92,28.05,2026-04-08 16:17:00,presencial
10972,406,30,16.89,2026-04-08 16:24:00,presencial
10973,486,169,13.6,2026-04-08 16:24:00,presencial
10974,278,91,12.85,2026-04-08 16:35:00,online
10975,182,176,539.7,2026-04-08 17:13:00,online
10976,308,60,40.99,2026-04-08 17:14:00,presencial
10977,195,30,120.92,2026-04-08 17:18:00,online
10978,26,174,113.82,2026-04-08 17:20:00,presencial
10979,218,123,52.29,2026-04-08 17:29:00,online
10980,301,39,16.04,2026-04-08 17:30:00,online
10981,313,139,79.09,2026-04-08 17:58:00,online
10982,205,84,13.59,2026-04-08 18:02:00,online
10983,436,10,86.71,2026-04-08 18:09:00,online
10984,172,53,14.29,2026-04-08 19:05:00,presencial
10985,389,151,27.67,2026-04-08 19:16:00,presencial
10986,162,26,27.62,2026-04-08 19:27:00,presencial
10987,592,68,208.27,2026-04-08 19:37:00,presencial
10988,390,52,3.07,2026-04-08 19:40:00,presencial
10989,335,147,580.49,2026-04-08 19:49:00,presencial
10990,258,172,18.42,2026-04-08 19:54:00,presencial
10991,454,158,39.03,2026-04-08 20:47:00,online
10992,256,144,70.43,2026-04-08 20:52:00,presencial
10993,482,18,64.1,2026-04-08 21:02:00,presencial
10994,96,183,113.07,2026-04-08 21:04:00,online
10995,493,33,87.48,2026-04-08 21:08:00,online
10996,578,82,420.18,2026-04-08 21:15:00,presencial
10997,146,166,99.96,2026-04-08 21:36:00,online
10998,135,49,39.29,2026-04-08 21:38:00,presencial
10999,573,44,24.33,2026-04-08 21:53:00,online
11000,244,6,23.65,2026-04-08 22:15:00,online
11001,418,72,185.41,2026-04-08 22:18:00,presencial
11002,115,100,308.19,2026-04-08 22:29:00,online
11003,257,94,134.9,2026-04-08 22:30:00,online
11004,422,8,1.38,2026-04-08 22:31:00,online
11005,537,41,3.77,2026-04-08 22:33:00,presencial
11006,262,1,44.33,2026-04-08 22:47:00,presencial
11007,46,45,37.21,2026-04-08 22:59:00,online
11008,249,121,45.69,2026-04-09 00:07:00,presencial
11009,386,2,177.14,2026-04-09 00:26:00,online
11010,526,33,167.68,2026-04-09 00:29:00,presencial
11011,501,109,54.19,2026-04-09 00:41:00,presencial
11012,456,112,8.36,2026-04-09 01:09:00,presencial
11013,100,180,11.56,2026-04-09 01:17:00,online
11014,312,115,48.14,2026-04-09 01:27:00,presencial
11015,346,186,70.7,2026-04-09 01:45:00,presencial
11016,282,145,11.72,2026-04-09 01:55:00,online
11017,554,111,92.44,2026-04-09 02:19:00,online
11018,576,77,6.5,2026-04-09 02:33:00,presencial
11019,127,23,2.39,2026-04-09 02:38:00,presencial
11020,574,142,17.07,2026-04-09 02:47:00,online
11021,508,188,202.43,2026-04-09 02:54:00,presencial
11022,423,74,238.53,2026-04-09 03:10:00,online
11023,229,72,7.73,2026-04-09 03:10:00,presencial
11024,457,20,8.41,2026-04-09 03:17:00,online
11025,352,120,103.24,2026-04-09 03:31:00,presencial
11026,540,62,27.53,2026-04-09 03:51:00,presencial
11027,427,3,200.94,2026-04-09 03:53:00,presencial
11028,579,2,101.41,2026-04-09 04:02:00,presencial
11029,252,68,122.49,2026-04-09 04:31:00,online
11030,50,93,18.1,2026-04-09 04:41:00,presencial
11031,296,92,72.83,2026-04-09 04:48:00,presencial
11032,599,149,410.77,2026-04-09 04:54:00,online
11033,394,106,52.27,2026-04-09 04:58:00,presencial
11034,422,157,42.54,2026-04-09 05:10:00,online
11035,376,60,27.68,2026-04-09 05:19:00,online
11036,356,47,7.67,2026-04-09 05:28:00,online
11037,37,108,13.35,2026-04-09 05:50:00,online
11038,248,22,16.76,2026-04-09 05:57:00,presencial
11039,52,153,7.32,2026-04-09 06:34:00,online
11040,202,38,8.18,2026-04-09 06:50:00,presencial
11041,432,184,3.03,2026-04-09 06:56:00,presencial
11042,483,197,18.9,2026-04-09 06:57:00,presencial
11043,135,108,93.95,2026-04-09 07:19:00,presencial
11044,393,63,31.56,2026-04-09 07:45:00,online
11045,136,68,31.72,2026-04-09 07:48:00,online
11046,121,86,103.9,2026-04-09 09:20:00,presencial
11047,576,96,286.54,2026-04-09 09:26:00,presencial
11048,366,16,544.93,2026-04-09 09:40:00,online
11049,119,40,52.4,2026-04-09 10:14:00,presencial
11050,85,158,32.79,2026-04-09 10:14:00,online
11051,30,11,28.38,2026-04-09 10:59:00,presencial
11052,299,90,85.65,2026-04-09 11:02:00,presencial
11053,61,176,37.64,2026-04-09 11:06:00,presencial
11054,351,18,37.79,2026-04-09 11:18:00,presencial
11055,261,186,40.65,2026-04-09 11:25:00,online
11056,382,95,15.86,2026-04-09 11:29:00,presencial
11057,125,85,3.44,2026-04-09 11:32:00,presencial
11058,88,143,21.41,2026-04-09 11:44:00,presencial
11059,61,156,222.12,2026-04-09 11:45:00,online
11060,58,95,210.93,2026-04-09 12:06:00,presencial
11061,44,17,125.68,2026-04-09 12:07:00,presencial
11062,156,194,25.97,2026-04-09 12:13:00,online
11063,481,2,18.74,2026-04-09 12:15:00,online
11064,365,175,266.95,2026-04-09 12:27:00,online
11065,151,87,13.58,2026-04-09 12:39:00,presencial
11066,560,103,46.68,2026-04-09 12:45:00,presencial
11067,457,154,286.7,2026-04-09 12:53:00,online
11068,468,189,51.23,2026-04-09 13:52:00,presencial
11069,540,31,32.37,2026-04-09 14:25:00,online
11070,448,163,160.1,2026-04-09 14:26:00,online
11071,575,133,48.39,2026-04-09 14:31:00,presencial
11072,199,74,55.47,2026-04-09 14:47:00,online
11073,514,86,236.56,2026-04-09 15:06:00,online
11074,68,155,2.72,2026-04-09 15:37:00,online
11075,181,29,66.34,2026-04-09 16:02:00,presencial
11076,536,102,19.24,2026-04-09 16:15:00,presencial
11077,81,145,35.59,2026-04-09 16:18:00,presencial
11078,301,108,50.62,2026-04-09 16:28:00,online
11079,205,90,21.26,2026-04-09 16:29:00,presencial
11080,61,105,57.48,2026-04-09 16:32:00,online
11081,142,103,68.3,2026-04-09 16:32:00,online
11082,321,161,55.91,2026-04-09 16:41:00,online
11083,379,165,50.53,2026-04-09 16:56:00,presencial
11084,406,184,39.28,2026-04-09 17:04:00,online
11085,79,15,40.14,2026-04-09 17:09:00,presencial
11086,192,64,48.78,2026-04-09 17:32:00,online
11087,63,176,15.85,2026-04-09 17:38:00,presencial
11088,6,129,180.75,2026-04-09 17:44:00,presencial
11089,235,76,40.44,2026-04-09 17:58:00,online
11090,373,126,28.68,2026-04-09 18:00:00,presencial
11091,223,93,69.09,2026-04-09 18:36:00,online
11092,25,178,39.4,2026-04-09 18:51:00,presencial
11093,132,112,175.37,2026-04-09 18:57:00,presencial
11094,260,90,119.6,2026-04-09 19:06:00,presencial
11095,214,125,49.51,2026-04-09 19:11:00,presencial
11096,495,39,125.56,2026-04-09 19:13:00,online
11097,359,155,57.9,2026-04-09 19:29:00,presencial
11098,600,41,12.56,2026-04-09 19:35:00,online
11099,106,5,118.97,2026-04-09 19:35:00,online
11100,223,11,5.53,2026-04-09 20:08:00,online
11101,53,14,0.93,2026-04-09 20:17:00,online
11102,13,21,96.33,2026-04-09 20:49:00,presencial
11103,555,11,72.81,2026-04-09 20:50:00,presencial
11104,296,61,67.66,2026-04-09 21:03:00,online
11105,396,193,206.13,2026-04-09 21:03:00,online
11106,166,21,43.5,2026-04-09 21:18:00,online
11107,31,136,29.49,2026-04-09 21:26:00,presencial
11108,536,175,107.37,2026-04-09 21:30:00,online
11109,396,162,20.39,2026-04-09 21:38:00,presencial
11110,427,73,34.4,2026-04-09 21:42:00,presencial
11111,321,11,59.02,2026-04-09 21:48:00,presencial
11112,243,74,64.44,2026-04-09 21:52:00,presencial
11113,254,121,30.99,2026-04-09 22:19:00,presencial
11114,458,152,26.06,2026-04-09 22:23:00,presencial
11115,137,29,13.04,2026-04-09 22:25:00,online
11116,205,61,18.8,2026-04-09 22:31:00,online
11117,185,121,330.63,2026-04-09 22:35:00,presencial
11118,314,144,33.38,2026-04-09 22:44:00,online
11119,581,63,55.05,2026-04-09 23:17:00,online
11120,554,165,8.67,2026-04-09 23:56:00,online
11121,327,161,749.59,2026-04-10 00:09:00,online
11122,121,73,17.33,2026-04-10 00:32:00,online
11123,565,108,12.27,2026-04-10 00:35:00,presencial
11124,188,96,41.79,2026-04-10 00:52:00,presencial
11125,214,134,16.75,2026-04-10 00:53:00,presencial
11126,532,65,66.79,2026-04-10 01:02:00,presencial
11127,158,66,8.48,2026-04-10 01:18:00,presencial
11128,278,85,156.14,2026-04-10 01:20:00,presencial
11129,551,44,125.69,2026-04-10 01:23:00,presencial
11130,191,117,39.23,2026-04-10 01:33:00,presencial
11131,375,192,7.23,2026-04-10 01:59:00,presencial
11132,23,70,18.29,2026-04-10 02:05:00,online
11133,598,173,47.88,2026-04-10 02:07:00,presencial
11134,252,93,11.8,2026-04-10 02:18:00,presencial
11135,403,34,14.12,2026-04-10 02:46:00,presencial
11136,301,100,141.77,2026-04-10 02:48:00,online
11137,261,100,53.01,2026-04-10 03:16:00,presencial
11138,244,5,51.2,2026-04-10 03:24:00,presencial
11139,11,96,79.85,2026-04-10 03:35:00,presencial
11140,167,33,37.33,2026-04-10 03:44:00,online
11141,229,159,41.87,2026-04-10 03:55:00,presencial
11142,222,109,73.82,2026-04-10 04:09:00,online
11143,165,61,108.84,2026-04-10 04:28:00,presencial
11144,386,1,77.32,2026-04-10 04:34:00,presencial
11145,498,115,222.83,2026-04-10 04:39:00,online
11146,535,141,45.93,2026-04-10 05:05:00,presencial
11147,584,85,10.16,2026-04-10 05:15:00,online
11148,390,182,147.98,2026-04-10 05:16:00,online
11149,247,40,34.14,2026-04-10 05:34:00,online
11150,388,151,19.19,2026-04-10 05:49:00,online
11151,80,100,97.86,2026-04-10 06:00:00,presencial
11152,491,63,67.21,2026-04-10 06:10:00,presencial
11153,321,58,10.95,2026-04-10 06:21:00,presencial
11154,100,90,93.47,2026-04-10 06:44:00,online
11155,256,17,351.34,2026-04-10 07:14:00,online
11156,181,131,63.81,2026-04-10 07:29:00,presencial
11157,210,82,33.72,2026-04-10 07:48:00,presencial
11158,31,137,7.13,2026-04-10 08:06:00,online
11159,10,104,426.81,2026-04-10 08:51:00,online
11160,210,196,25.31,2026-04-10 09:20:00,presencial
11161,182,17,9.5,2026-04-10 09:26:00,presencial
11162,600,99,50.5,2026-04-10 09:26:00,presencial
11163,158,108,135.51,2026-04-10 09:36:00,presencial
11164,198,50,174.08,2026-04-10 09:44:00,presencial
11165,550,135,21.34,2026-04-10 10:04:00,online
11166,516,73,40.11,2026-04-10 10:11:00,presencial
11167,35,153,44.72,2026-04-10 10:18:00,online
11168,52,185,130.87,2026-04-10 10:59:00,presencial
11169,57,171,85.81,2026-04-10 11:00:00,online
11170,276,127,60.2,2026-04-10 11:05:00,presencial
11171,344,144,122.28,2026-04-10 11:23:00,presencial
11172,211,173,9.99,2026-04-10 11:29:00,presencial
11173,8,197,71.02,2026-04-10 11:32:00,online
11174,121,145,57.04,2026-04-10 11:53:00,online
11175,369,183,42.31,2026-04-10 12:17:00,online
11176,224,194,33.97,2026-04-10 12:18:00,presencial
11177,75,36,51.81,2026-04-10 12:21:00,presencial
11178,391,101,23.87,2026-04-10 12:26:00,online
11179,369,72,897.87,2026-04-10 12:27:00,presencial
11180,295,190,199.31,2026-04-10 12:31:00,presencial
11181,565,149,148.74,2026-04-10 12:50:00,presencial
11182,507,178,24.96,2026-04-10 12:54:00,online
11183,24,70,15.6,2026-04-10 12:56:00,online
11184,543,169,35.4,2026-04-10 13:00:00,online
11185,30,17,50.68,2026-04-10 13:13:00,presencial
11186,290,188,9.09,2026-04-10 13:20:00,online
11187,542,46,75.79,2026-04-10 13:38:00,presencial
11188,590,106,146.99,2026-04-10 13:49:00,presencial
11189,14,144,3.82,2026-04-10 14:17:00,presencial
11190,44,149,16.6,2026-04-10 14:28:00,online
11191,145,43,172.54,2026-04-10 14:30:00,online
11192,166,112,67.45,2026-04-10 14:34:00,presencial
11193,168,107,17.24,2026-04-10 14:40:00,presencial
11194,251,156,100.37,2026-04-10 14:49:00,online
11195,192,65,23.25,2026-04-10 14:51:00,online
11196,350,153,34.48,2026-04-10 15:10:00,presencial
11197,513,124,12.77,2026-04-10 15:17:00,online
11198,328,152,45.54,2026-04-10 15:47:00,presencial
11199,200,176,137.0,2026-04-10 15:57:00,presencial
11200,341,86,26.44,2026-04-10 16:15:00,presencial
11201,373,87,90.92,2026-04-10 16:29:00,online
11202,538,160,42.31,2026-04-10 16:41:00,presencial
11203,569,157,146.48,2026-04-10 16:45:00,presencial
11204,167,176,26.86,2026-04-10 16:59:00,online
11205,551,111,247.28,2026-04-10 17:11:00,presencial
11206,491,128,94.61,2026-04-10 17:21:00,online
11207,77,12,58.46,2026-04-10 17:35:00,online
11208,335,91,60.86,2026-04-10 17:39:00,online
11209,92,50,26.8,2026-04-10 18:30:00,presencial
11210,295,171,24.97,2026-04-10 18:34:00,online
11211,27,25,59.65,2026-04-10 19:00:00,presencial
11212,180,156,11.96,2026-04-10 19:04:00,presencial
11213,353,168,23.06,2026-04-10 19:05:00,online
11214,183,94,15.94,2026-04-10 19:13:00,presencial
11215,7,134,83.85,2026-04-10 19:15:00,online
11216,234,116,85.26,2026-04-10 19:29:00,presencial
11217,325,138,180.3,2026-04-10 20:07:00,online
11218,459,138,30.93,2026-04-10 20:20:00,online
11219,82,51,18.38,2026-04-10 20:23:00,online
11220,287,138,8.88,2026-04-10 20:23:00,presencial
11221,120,181,60.22,2026-04-10 20:39:00,online
11222,93,63,207.78,2026-04-10 20:50:00,online
11223,74,62,41.18,2026-04-10 20:52:00,presencial
11224,456,59,46.03,2026-04-10 21:13:00,online
11225,552,183,44.4,2026-04-10 21:38:00,presencial
11226,399,178,59.11,2026-04-10 21:46:00,presencial
11227,227,70,133.85,2026-04-10 21:48:00,presencial
11228,570,188,369.11,2026-04-10 21:57:00,presencial
11229,299,153,77.33,2026-04-10 22:09:00,presencial
11230,318,81,83.15,2026-04-10 22:42:00,online
11231,381,166,34.36,2026-04-10 23:06:00,presencial
11232,393,183,39.7,2026-04-10 23:16:00,presencial
11233,296,174,39.12,2026-04-10 23:48:00,online
11234,288,95,29.88,2026-04-10 23:50:00,presencial
11235,191,44,51.43,2026-04-10 23:51:00,online
11236,409,34,88.89,2026-04-11 00:00:00,online
11237,404,166,47.94,2026-04-11 00:01:00,presencial
11238,262,147,32.83,2026-04-11 00:05:00,online
11239,428,142,51.35,2026-04-11 00:10:00,presencial
11240,83,10,15.55,2026-04-11 00:14:00,online
11241,250,194,108.17,2026-04-11 00:15:00,presencial
11242,593,23,28.38,2026-04-11 00:17:00,online
11243,441,117,12.55,2026-04-11 00:40:00,presencial
11244,433,189,74.29,2026-04-11 00:58:00,online
11245,518,49,78.45,2026-04-11 01:01:00,presencial
11246,366,104,17.36,2026-04-11 01:23:00,online
11247,398,169,88.76,2026-04-11 01:47:00,presencial
11248,289,54,89.77,2026-04-11 02:20:00,online
11249,496,21,392.43,2026-04-11 02:36:00,presencial
11250,427,97,34.52,2026-04-11 02:43:00,presencial
11251,315,160,42.11,2026-04-11 02:44:00,presencial
11252,77,116,22.93,2026-04-11 02:51:00,online
11253,484,89,76.94,2026-04-11 03:34:00,presencial
11254,196,128,44.48,2026-04-11 04:01:00,presencial
11255,216,11,132.52,2026-04-11 04:15:00,online
11256,75,70,27.73,2026-04-11 04:19:00,online
11257,131,176,75.12,2026-04-11 04:40:00,online
11258,76,78,34.41,2026-04-11 04:46:00,presencial
11259,59,194,5.89,2026-04-11 04:46:00,online
11260,13,110,89.2,2026-04-11 04:48:00,presencial
11261,177,187,6.53,2026-04-11 04:57:00,online
11262,454,126,37.51,2026-04-11 05:04:00,presencial
11263,519,84,38.16,2026-04-11 05:30:00,online
11264,137,185,44.29,2026-04-11 05:39:00,presencial
11265,255,54,47.09,2026-04-11 05:44:00,presencial
11266,500,79,46.58,2026-04-11 05:57:00,presencial
11267,425,145,66.64,2026-04-11 06:04:00,presencial
11268,543,175,39.66,2026-04-11 06:14:00,online
11269,253,39,794.15,2026-04-11 06:15:00,presencial
11270,102,199,30.67,2026-04-11 06:21:00,presencial
11271,86,87,11.65,2026-04-11 06:33:00,presencial
11272,426,68,9.48,2026-04-11 06:41:00,presencial
11273,16,26,92.21,2026-04-11 07:31:00,presencial
11274,277,6,7.76,2026-04-11 07:54:00,online
11275,212,112,11.81,2026-04-11 07:54:00,presencial
11276,552,121,10.08,2026-04-11 08:15:00,presencial
11277,599,19,73.91,2026-04-11 08:45:00,presencial
11278,291,181,193.21,2026-04-11 08:49:00,online
11279,349,109,15.83,2026-04-11 09:04:00,presencial
11280,228,11,71.11,2026-04-11 09:58:00,online
11281,467,169,2.46,2026-04-11 10:04:00,online
11282,177,40,19.7,2026-04-11 10:07:00,presencial
11283,447,135,86.72,2026-04-11 10:21:00,online
11284,543,136,31.7,2026-04-11 10:25:00,presencial
11285,104,163,133.41,2026-04-11 10:32:00,online
11286,136,162,3.83,2026-04-11 10:36:00,presencial
11287,227,198,19.92,2026-04-11 11:01:00,online
11288,497,18,73.55,2026-04-11 11:33:00,online
11289,385,73,72.55,2026-04-11 11:58:00,presencial
11290,117,73,78.94,2026-04-11 12:02:00,online
11291,221,76,56.16,2026-04-11 12:21:00,online
11292,387,48,12.7,2026-04-11 12:23:00,online
11293,579,47,18.97,2026-04-11 12:36:00,online
11294,271,193,571.36,2026-04-11 12:38:00,presencial
11295,45,180,11.19,2026-04-11 12:59:00,online
11296,63,137,9.42,2026-04-11 13:08:00,presencial
11297,18,111,94.43,2026-04-11 13:28:00,online
11298,76,96,13.94,2026-04-11 13:52:00,presencial
11299,248,137,321.0,2026-04-11 13:59:00,online
11300,169,173,904.96,2026-04-11 15:31:00,presencial
11301,181,86,34.29,2026-04-11 15:31:00,presencial
11302,460,108,62.83,2026-04-11 15:43:00,online
11303,287,183,6.01,2026-04-11 15:55:00,presencial
11304,438,183,139.04,2026-04-11 16:16:00,presencial
11305,326,46,3.81,2026-04-11 17:00:00,online
11306,124,48,10.24,2026-04-11 17:04:00,presencial
11307,569,41,50.93,2026-04-11 17:12:00,presencial
11308,286,6,81.65,2026-04-11 17:16:00,online
11309,502,139,8.74,2026-04-11 17:19:00,presencial
11310,59,86,24.61,2026-04-11 17:19:00,presencial
11311,510,7,7.19,2026-04-11 18:00:00,presencial
11312,430,41,31.54,2026-04-11 18:49:00,presencial
11313,150,107,18.53,2026-04-11 18:58:00,presencial
11314,476,168,22.21,2026-04-11 18:58:00,online
11315,446,133,91.5,2026-04-11 19:26:00,presencial
11316,537,107,60.93,2026-04-11 19:57:00,online
11317,126,38,82.87,2026-04-11 20:00:00,presencial
11318,532,58,38.78,2026-04-11 20:06:00,online
11319,458,157,98.36,2026-04-11 20:07:00,presencial
11320,203,155,43.01,2026-04-11 20:43:00,online
11321,211,174,26.04,2026-04-11 20:48:00,online
11322,153,106,83.73,2026-04-11 21:18:00,presencial
11323,287,55,28.06,2026-04-11 21:28:00,online
11324,538,101,31.11,2026-04-11 21:31:00,presencial
11325,503,180,144.76,2026-04-11 21:47:00,presencial
11326,88,37,130.52,2026-04-11 21:57:00,online
11327,79,170,32.24,2026-04-11 22:01:00,presencial
11328,36,200,116.76,2026-04-11 22:02:00,presencial
11329,369,164,10.96,2026-04-11 22:05:00,presencial
11330,189,132,32.44,2026-04-11 22:19:00,online
11331,457,82,19.55,2026-04-11 22:20:00,online
11332,457,171,44.62,2026-04-11 22:33:00,presencial
11333,119,33,100.29,2026-04-11 22:55:00,presencial
11334,417,152,82.37,2026-04-11 23:03:00,presencial
11335,459,81,70.92,2026-04-11 23:10:00,online
11336,593,101,52.0,2026-04-11 23:43:00,presencial
11337,434,93,37.51,2026-04-12 00:16:00,presencial
11338,216,2,167.55,2026-04-12 00:18:00,online
11339,600,198,8.16,2026-04-12 00:27:00,presencial
11340,166,134,21.47,2026-04-12 00:29:00,presencial
11341,484,121,70.27,2026-04-12 00:52:00,online
11342,227,21,240.01,2026-04-12 01:38:00,online
11343,562,156,30.56,2026-04-12 01:39:00,presencial
11344,470,193,33.55,2026-04-12 02:00:00,online
11345,360,163,10.82,2026-04-12 02:23:00,presencial
11346,129,50,24.64,2026-04-12 02:38:00,online
11347,114,37,97.42,2026-04-12 02:48:00,presencial
11348,569,74,253.97,2026-04-12 03:03:00,presencial
11349,482,5,32.37,2026-04-12 03:10:00,presencial
11350,308,111,18.56,2026-04-12 03:18:00,presencial
11351,527,92,48.27,2026-04-12 03:35:00,presencial
11352,470,101,7.57,2026-04-12 03:50:00,presencial
11353,233,198,174.01,2026-04-12 03:52:00,online
11354,497,132,11.54,2026-04-12 04:02:00,presencial
11355,478,84,63.13,2026-04-12 04:28:00,online
11356,288,157,62.11,2026-04-12 04:28:00,online
11357,12,74,89.17,2026-04-12 04:49:00,presencial
11358,445,152,59.21,2026-04-12 05:15:00,presencial
11359,204,187,44.83,2026-04-12 05:33:00,presencial
11360,219,182,71.63,2026-04-12 05:41:00,presencial
11361,429,104,111.96,2026-04-12 06:07:00,online
11362,487,94,322.5,2026-04-12 06:17:00,presencial
11363,53,80,13.29,2026-04-12 06:18:00,presencial
11364,495,107,5.91,2026-04-12 06:38:00,presencial
11365,176,188,8.15,2026-04-12 06:43:00,presencial
11366,340,175,6.08,2026-04-12 06:44:00,presencial
11367,522,122,11.95,2026-04-12 06:52:00,online
11368,131,57,10.39,2026-04-12 07:02:00,presencial
11369,133,76,28.28,2026-04-12 07:33:00,presencial
11370,583,50,114.51,2026-04-12 07:58:00,presencial
11371,224,38,89.04,2026-04-12 08:00:00,presencial
11372,569,2,22.55,2026-04-12 08:04:00,online
11373,215,155,24.79,2026-04-12 08:09:00,online
11374,372,148,408.24,2026-04-12 08:12:00,presencial
11375,307,36,85.99,2026-04-12 08:14:00,presencial
11376,591,138,54.05,2026-04-12 08:24:00,online
11377,331,34,51.09,2026-04-12 08:27:00,presencial
11378,302,56,32.52,2026-04-12 08:28:00,presencial
11379,280,52,404.82,2026-04-12 08:29:00,presencial
11380,226,26,36.28,2026-04-12 08:44:00,online
11381,265,146,52.68,2026-04-12 09:06:00,online
11382,277,9,7.29,2026-04-12 09:08:00,presencial
11383,459,82,22.2,2026-04-12 09:15:00,presencial
11384,28,98,24.39,2026-04-12 09:31:00,online
11385,301,116,76.32,2026-04-12 09:59:00,presencial
11386,330,39,19.05,2026-04-12 10:11:00,presencial
11387,452,95,47.14,2026-04-12 10:13:00,presencial
11388,400,159,22.94,2026-04-12 10:17:00,presencial
11389,260,75,13.32,2026-04-12 10:25:00,presencial
11390,66,191,12.74,2026-04-12 10:25:00,presencial
11391,224,86,36.94,2026-04-12 10:30:00,online
11392,154,156,50.07,2026-04-12 11:02:00,presencial
11393,123,23,36.12,2026-04-12 11:38:00,online
11394,433,171,17.88,2026-04-12 11:43:00,online
11395,287,96,38.42,2026-04-12 11:53:00,online
11396,477,199,31.34,2026-04-12 12:06:00,presencial
11397,84,141,14.21,2026-04-12 12:47:00,online
11398,592,149,48.98,2026-04-12 12:53:00,presencial
11399,285,30,327.46,2026-04-12 13:28:00,presencial
11400,152,114,37.92,2026-04-12 13:37:00,presencial
11401,218,148,8.96,2026-04-12 13:45:00,online
11402,505,163,224.84,2026-04-12 13:56:00,presencial
11403,426,76,178.19,2026-04-12 14:00:00,presencial
11404,104,113,216.11,2026-04-12 14:05:00,presencial
11405,595,35,42.67,2026-04-12 14:10:00,presencial
11406,79,87,18.88,2026-04-12 14:51:00,presencial
11407,166,96,16.74,2026-04-12 14:59:00,online
11408,438,7,156.86,2026-04-12 15:12:00,online
11409,318,184,261.51,2026-04-12 15:17:00,online
11410,268,129,16.24,2026-04-12 15:32:00,online
11411,556,37,2.8,2026-04-12 15:38:00,presencial
11412,477,180,43.84,2026-04-12 15:51:00,presencial
11413,578,139,16.53,2026-04-12 16:03:00,presencial
11414,170,139,20.53,2026-04-12 16:07:00,online
11415,511,187,34.4,2026-04-12 16:20:00,presencial
11416,128,81,70.17,2026-04-12 16:27:00,presencial
11417,484,72,18.93,2026-04-12 16:52:00,presencial
11418,330,124,51.92,2026-04-12 16:56:00,presencial
11419,359,178,38.91,2026-04-12 17:00:00,presencial
11420,70,163,3.54,2026-04-12 17:05:00,online
11421,528,158,81.41,2026-04-12 17:08:00,presencial
11422,168,153,27.22,2026-04-12 17:17:00,online
11423,359,7,11.13,2026-04-12 17:24:00,online
11424,100,99,20.11,2026-04-12 17:26:00,online
11425,556,72,55.88,2026-04-12 17:38:00,presencial
11426,193,73,47.03,2026-04-12 18:10:00,presencial
11427,458,172,90.82,2026-04-12 18:30:00,presencial
11428,460,80,72.26,2026-04-12 18:40:00,online
11429,331,168,12.32,2026-04-12 18:48:00,presencial
11430,73,182,1.73,2026-04-12 18:54:00,presencial
11431,168,92,51.06,2026-04-12 18:56:00,presencial
11432,368,34,89.48,2026-04-12 18:59:00,presencial
11433,322,140,35.78,2026-04-12 19:00:00,presencial
11434,351,173,92.45,2026-04-12 19:02:00,presencial
11435,150,82,14.85,2026-04-12 20:05:00,presencial
11436,323,40,30.55,2026-04-12 20:12:00,online
11437,52,105,16.24,2026-04-12 20:39:00,online
11438,291,197,96.26,2026-04-12 20:45:00,presencial
11439,55,104,16.42,2026-04-12 20:50:00,online
11440,399,90,430.88,2026-04-12 21:11:00,presencial
11441,341,88,25.73,2026-04-12 21:54:00,presencial
11442,512,147,107.55,2026-04-12 22:20:00,online
11443,278,69,26.1,2026-04-12 22:34:00,presencial
11444,98,146,194.69,2026-04-12 22:38:00,online
11445,142,198,186.69,2026-04-12 22:41:00,presencial
11446,489,155,31.31,2026-04-12 22:50:00,presencial
11447,575,186,60.47,2026-04-12 22:52:00,presencial
11448,37,158,181.52,2026-04-12 22:56:00,online
11449,406,169,62.47,2026-04-12 23:22:00,online
11450,290,8,16.24,2026-04-12 23:23:00,online
11451,155,71,48.28,2026-04-13 00:05:00,presencial
11452,307,55,19.63,2026-04-13 00:29:00,online
11453,562,173,52.78,2026-04-13 00:56:00,presencial
11454,119,46,18.8,2026-04-13 00:59:00,presencial
11455,503,194,67.36,2026-04-13 01:08:00,presencial
11456,54,140,6.25,2026-04-13 01:10:00,presencial
11457,433,25,13.01,2026-04-13 01:13:00,presencial
11458,45,137,18.68,2026-04-13 01:48:00,online
11459,37,69,37.48,2026-04-13 01:54:00,presencial
11460,23,60,8.47,2026-04-13 02:26:00,online
11461,483,199,16.91,2026-04-13 02:30:00,online
11462,345,159,105.21,2026-04-13 02:32:00,online
11463,415,153,119.93,2026-04-13 02:33:00,presencial
11464,94,63,2.75,2026-04-13 02:50:00,presencial
11465,553,133,23.44,2026-04-13 02:54:00,online
11466,486,69,181.69,2026-04-13 02:59:00,presencial
11467,294,121,68.35,2026-04-13 02:59:00,presencial
11468,540,80,69.97,2026-04-13 03:09:00,online
11469,86,122,83.14,2026-04-13 03:09:00,online
11470,176,149,15.57,2026-04-13 03:11:00,presencial
11471,30,64,56.57,2026-04-13 03:14:00,presencial
11472,99,3,75.11,2026-04-13 03:14:00,presencial
11473,505,20,50.29,2026-04-13 03:22:00,presencial
11474,246,182,28.99,2026-04-13 03:49:00,presencial
11475,388,192,42.4,2026-04-13 04:18:00,online
11476,529,139,12.75,2026-04-13 04:39:00,online
11477,459,22,87.84,2026-04-13 04:42:00,presencial
11478,240,118,9.22,2026-04-13 04:46:00,presencial
11479,209,87,18.21,2026-04-13 04:46:00,online
11480,66,48,94.63,2026-04-13 04:56:00,online
11481,498,76,61.52,2026-04-13 04:56:00,presencial
11482,591,158,26.24,2026-04-13 04:57:00,online
11483,301,200,6.8,2026-04-13 05:28:00,online
11484,300,175,42.49,2026-04-13 05:45:00,presencial
11485,510,41,22.35,2026-04-13 05:50:00,online
11486,206,101,75.83,2026-04-13 05:50:00,online
11487,244,106,25.32,2026-04-13 05:54:00,online
11488,537,59,6.52,2026-04-13 06:28:00,presencial
11489,228,88,9.76,2026-04-13 06:34:00,online
11490,557,77,27.95,2026-04-13 06:37:00,presencial
11491,97,14,50.38,2026-04-13 06:38:00,presencial
11492,299,84,12.43,2026-04-13 07:36:00,presencial
11493,294,73,19.41,2026-04-13 07:38:00,presencial
11494,185,62,106.88,2026-04-13 07:46:00,online
11495,578,123,151.5,2026-04-13 08:07:00,presencial
11496,290,143,60.62,2026-04-13 08:13:00,online
11497,528,10,32.67,2026-04-13 08:23:00,online
11498,132,69,22.57,2026-04-13 08:25:00,presencial
11499,210,7,80.89,2026-04-13 08:36:00,online
11500,287,165,31.56,2026-04-13 08:45:00,online
11501,339,186,122.99,2026-04-13 08:56:00,presencial
11502,138,93,130.31,2026-04-13 09:19:00,online
11503,188,190,70.18,2026-04-13 09:21:00,online
11504,374,126,25.86,2026-04-13 09:46:00,presencial
11505,168,174,28.15,2026-04-13 09:47:00,presencial
11506,456,190,7.33,2026-04-13 10:15:00,presencial
11507,287,118,42.19,2026-04-13 10:29:00,presencial
11508,582,90,40.77,2026-04-13 10:40:00,online
11509,143,149,9.82,2026-04-13 10:49:00,presencial
11510,506,35,602.19,2026-04-13 11:26:00,presencial
11511,295,60,82.42,2026-04-13 11:34:00,presencial
11512,52,110,17.73,2026-04-13 12:15:00,online
11513,424,41,428.21,2026-04-13 12:28:00,presencial
11514,127,100,25.9,2026-04-13 12:50:00,presencial
11515,84,172,111.43,2026-04-13 12:50:00,online
11516,320,157,49.22,2026-04-13 12:52:00,presencial
11517,472,179,26.9,2026-04-13 13:10:00,online
11518,155,173,30.86,2026-04-13 13:21:00,online
11519,374,67,217.09,2026-04-13 13:42:00,presencial
11520,9,143,117.2,2026-04-13 13:48:00,online
11521,111,75,39.07,2026-04-13 14:01:00,presencial
11522,453,195,4.69,2026-04-13 14:06:00,online
11523,8,36,62.48,2026-04-13 14:19:00,online
11524,215,54,11.35,2026-04-13 14:20:00,presencial
11525,305,189,80.84,2026-04-13 14:48:00,presencial
11526,40,48,20.38,2026-04-13 14:52:00,online
11527,588,124,22.87,2026-04-13 15:01:00,presencial
11528,306,59,22.16,2026-04-13 15:14:00,presencial
11529,204,57,137.35,2026-04-13 16:00:00,online
11530,587,135,6.41,2026-04-13 16:09:00,presencial
11531,336,159,100.64,2026-04-13 16:29:00,presencial
11532,408,47,65.14,2026-04-13 16:35:00,presencial
11533,55,197,41.27,2026-04-13 16:43:00,online
11534,96,18,27.31,2026-04-13 17:07:00,online
11535,28,21,76.33,2026-04-13 17:22:00,online
11536,309,196,27.55,2026-04-13 17:31:00,presencial
11537,502,12,27.28,2026-04-13 17:31:00,presencial
11538,542,63,47.95,2026-04-13 17:33:00,online
11539,345,25,296.41,2026-04-13 18:20:00,online
11540,33,45,8.46,2026-04-13 18:37:00,presencial
11541,376,15,77.54,2026-04-13 18:59:00,presencial
11542,383,72,38.19,2026-04-13 19:08:00,presencial
11543,359,60,35.07,2026-04-13 19:11:00,presencial
11544,433,32,8.33,2026-04-13 19:13:00,online
11545,335,144,6.48,2026-04-13 19:26:00,presencial
11546,423,8,64.97,2026-04-13 19:32:00,online
11547,292,95,11.06,2026-04-13 19:38:00,presencial
11548,91,62,136.73,2026-04-13 19:39:00,presencial
11549,48,131,14.62,2026-04-13 20:06:00,presencial
11550,545,68,81.95,2026-04-13 20:15:00,presencial
11551,265,95,23.72,2026-04-13 20:18:00,online
11552,194,163,22.5,2026-04-13 20:26:00,presencial
11553,176,29,16.36,2026-04-13 20:32:00,presencial
11554,32,88,72.28,2026-04-13 20:40:00,online
11555,568,113,98.21,2026-04-13 20:46:00,presencial
11556,50,148,31.59,2026-04-13 20:56:00,presencial
11557,132,108,85.65,2026-04-13 21:10:00,presencial
11558,275,148,45.33,2026-04-13 21:36:00,online
11559,215,160,10.3,2026-04-13 22:00:00,online
11560,24,158,67.79,2026-04-13 22:19:00,presencial
11561,198,124,32.12,2026-04-13 22:21:00,online
11562,468,184,2.52,2026-04-13 22:37:00,online
11563,151,5,29.08,2026-04-13 22:49:00,online
11564,520,100,6.94,2026-04-13 22:52:00,online
11565,217,161,11.53,2026-04-13 23:02:00,presencial
11566,9,21,33.99,2026-04-13 23:29:00,presencial
11567,66,164,41.15,2026-04-13 23:31:00,online
11568,487,8,17.84,2026-04-13 23:34:00,presencial
11569,244,158,79.84,2026-04-13 23:44:00,presencial
11570,589,38,39.41,2026-04-13 23:44:00,presencial
11571,474,134,28.04,2026-04-13 23:50:00,presencial
11572,19,166,46.89,2026-04-13 23:59:00,presencial
11573,188,163,168.27,2026-04-14 00:12:00,presencial
11574,435,115,4.2,2026-04-14 00:52:00,presencial
11575,38,182,186.7,2026-04-14 00:54:00,presencial
11576,600,29,22.68,2026-04-14 00:57:00,online
11577,100,48,18.98,2026-04-14 01:09:00,online
11578,479,27,28.72,2026-04-14 01:31:00,online
11579,505,144,16.85,2026-04-14 01:43:00,presencial
11580,304,179,14.23,2026-04-14 01:48:00,online
11581,483,187,113.47,2026-04-14 02:01:00,presencial
11582,531,105,53.28,2026-04-14 02:02:00,presencial
11583,441,27,5.42,2026-04-14 02:04:00,presencial
11584,425,35,93.83,2026-04-14 02:12:00,online
11585,234,126,79.94,2026-04-14 02:29:00,presencial
11586,176,180,8.73,2026-04-14 02:57:00,presencial
11587,521,198,54.5,2026-04-14 03:11:00,presencial
11588,135,145,88.46,2026-04-14 03:15:00,presencial
11589,249,177,7.65,2026-04-14 03:33:00,presencial
11590,308,96,61.18,2026-04-14 03:46:00,presencial
11591,235,40,21.27,2026-04-14 03:56:00,presencial
11592,224,94,81.16,2026-04-14 04:29:00,presencial
11593,360,20,16.01,2026-04-14 04:42:00,online
11594,198,135,140.68,2026-04-14 04:48:00,online
11595,594,66,34.2,2026-04-14 05:26:00,online
11596,107,68,22.73,2026-04-14 05:36:00,presencial
11597,234,1,20.19,2026-04-14 05:37:00,presencial
11598,508,200,116.91,2026-04-14 06:07:00,online
11599,286,86,20.18,2026-04-14 06:10:00,presencial
11600,424,157,143.52,2026-04-14 06:23:00,presencial
11601,389,104,56.53,2026-04-14 06:30:00,presencial
11602,199,129,9.74,2026-04-14 06:36:00,online
11603,447,94,46.0,2026-04-14 06:41:00,online
11604,143,138,47.07,2026-04-14 06:43:00,presencial
11605,450,40,9.39,2026-04-14 07:00:00,presencial
11606,77,200,45.11,2026-04-14 07:05:00,online
11607,417,86,81.16,2026-04-14 07:15:00,presencial
11608,68,3,154.62,2026-04-14 07:35:00,online
11609,522,191,147.34,2026-04-14 07:36:00,presencial
11610,376,5,618.9,2026-04-14 07:55:00,presencial
11611,25,95,44.73,2026-04-14 08:15:00,online
11612,66,158,82.2,2026-04-14 08:16:00,online
11613,113,75,22.95,2026-04-14 08:40:00,online
11614,577,42,355.19,2026-04-14 08:51:00,presencial
11615,354,49,16.78,2026-04-14 08:51:00,online
11616,168,138,338.04,2026-04-14 08:57:00,online
11617,167,115,293.55,2026-04-14 09:00:00,presencial
11618,16,101,18.85,2026-04-14 09:10:00,online
11619,122,103,139.76,2026-04-14 09:17:00,online
11620,514,64,73.88,2026-04-14 09:40:00,online
11621,360,188,28.41,2026-04-14 09:42:00,presencial
11622,221,47,38.5,2026-04-14 10:02:00,online
11623,13,168,59.86,2026-04-14 10:02:00,online
11624,206,156,66.47,2026-04-14 10:16:00,presencial
11625,230,2,231.28,2026-04-14 10:36:00,online
11626,72,35,83.79,2026-04-14 10:48:00,presencial
11627,365,111,19.17,2026-04-14 10:52:00,online
11628,397,32,101.29,2026-04-14 11:10:00,presencial
11629,599,171,6.54,2026-04-14 11:13:00,presencial
11630,216,89,29.22,2026-04-14 11:13:00,online
11631,166,168,32.48,2026-04-14 11:26:00,online
11632,494,24,92.22,2026-04-14 11:40:00,online
11633,211,5,313.53,2026-04-14 12:03:00,presencial
11634,379,129,56.8,2026-04-14 12:44:00,online
11635,443,161,30.04,2026-04-14 13:09:00,online
11636,528,199,20.74,2026-04-14 13:16:00,presencial
11637,192,158,112.01,2026-04-14 13:31:00,presencial
11638,374,150,36.08,2026-04-14 13:44:00,online
11639,79,12,25.7,2026-04-14 14:04:00,presencial
11640,468,121,127.28,2026-04-14 14:11:00,presencial
11641,28,143,161.77,2026-04-14 14:15:00,online
11642,418,79,15.56,2026-04-14 14:20:00,presencial
11643,126,200,8.62,2026-04-14 14:37:00,online
11644,278,198,40.14,2026-04-14 14:44:00,presencial
11645,46,172,12.75,2026-04-14 15:01:00,online
11646,414,176,10.97,2026-04-14 15:05:00,presencial
11647,290,114,14.23,2026-04-14 15:23:00,presencial
11648,399,165,141.34,2026-04-14 15:26:00,presencial
11649,209,15,91.42,2026-04-14 15:32:00,online
11650,5,47,667.29,2026-04-14 15:36:00,presencial
11651,349,133,22.06,2026-04-14 15:47:00,online
11652,420,25,193.02,2026-04-14 15:58:00,presencial
11653,399,163,76.93,2026-04-14 16:21:00,online
11654,158,36,24.24,2026-04-14 17:10:00,presencial
11655,430,70,38.04,2026-04-14 17:32:00,presencial
11656,326,52,24.11,2026-04-14 18:00:00,online
11657,127,109,59.42,2026-04-14 18:15:00,presencial
11658,67,17,132.34,2026-04-14 18:26:00,presencial
11659,196,163,29.8,2026-04-14 19:00:00,online
11660,14,178,113.66,2026-04-14 19:13:00,presencial
11661,430,150,180.97,2026-04-14 19:14:00,presencial
11662,10,38,231.21,2026-04-14 19:48:00,online
11663,30,59,12.3,2026-04-14 20:02:00,presencial
11664,95,46,42.35,2026-04-14 20:02:00,presencial
11665,196,121,97.55,2026-04-14 20:19:00,presencial
11666,12,178,13.53,2026-04-14 20:29:00,presencial
11667,378,176,10.59,2026-04-14 20:31:00,online
11668,80,192,43.42,2026-04-14 20:37:00,presencial
11669,482,138,28.38,2026-04-14 20:50:00,online
11670,336,45,36.98,2026-04-14 21:06:00,presencial
11671,51,80,26.62,2026-04-14 21:14:00,presencial
11672,241,59,481.01,2026-04-14 21:28:00,presencial
11673,85,13,26.9,2026-04-14 21:31:00,presencial
11674,589,161,85.13,2026-04-14 21:36:00,presencial
11675,356,116,79.08,2026-04-14 21:58:00,presencial
11676,486,195,6.97,2026-04-14 21:58:00,presencial
11677,225,169,224.24,2026-04-14 22:06:00,presencial
11678,89,130,88.98,2026-04-14 22:23:00,presencial
11679,141,9,53.12,2026-04-14 22:32:00,online
11680,251,89,143.05,2026-04-14 23:25:00,online
11681,463,95,42.41,2026-04-14 23:32:00,presencial
11682,259,135,117.93,2026-04-15 00:08:00,online
11683,558,114,5.68,2026-04-15 00:23:00,presencial
11684,218,157,109.87,2026-04-15 00:34:00,presencial
11685,140,5,54.71,2026-04-15 00:43:00,online
11686,298,23,55.66,2026-04-15 01:07:00,presencial
11687,67,191,17.7,2026-04-15 01:08:00,presencial
11688,402,88,35.14,2026-04-15 01:13:00,presencial
11689,61,165,34.02,2026-04-15 01:25:00,presencial
11690,385,172,12.77,2026-04-15 01:26:00,online
11691,230,25,66.3,2026-04-15 01:37:00,online
11692,215,142,252.27,2026-04-15 01:37:00,presencial
11693,367,35,9.36,2026-04-15 02:06:00,presencial
11694,424,31,76.65,2026-04-15 02:17:00,presencial
11695,558,49,28.15,2026-04-15 02:37:00,online
11696,174,152,24.79,2026-04-15 02:50:00,online
11697,488,19,48.53,2026-04-15 03:20:00,presencial
11698,502,134,49.35,2026-04-15 03:22:00,presencial
11699,598,77,54.77,2026-04-15 03:35:00,presencial
11700,579,53,12.88,2026-04-15 04:10:00,online
11701,475,48,148.25,2026-04-15 04:21:00,online
11702,177,69,48.87,2026-04-15 04:30:00,presencial
11703,417,70,85.9,2026-04-15 04:40:00,presencial
11704,471,63,170.04,2026-04-15 04:41:00,presencial
11705,175,104,5.4,2026-04-15 05:10:00,presencial
11706,489,199,89.43,2026-04-15 05:20:00,presencial
11707,422,91,37.32,2026-04-15 05:23:00,online
11708,295,37,137.11,2026-04-15 05:26:00,presencial
11709,518,123,18.51,2026-04-15 05:28:00,presencial
11710,53,166,125.07,2026-04-15 05:28:00,online
11711,411,120,14.01,2026-04-15 05:55:00,presencial
11712,472,107,69.58,2026-04-15 05:56:00,online
11713,25,134,61.11,2026-04-15 06:22:00,presencial
11714,245,177,37.68,2026-04-15 06:24:00,presencial
11715,311,16,14.36,2026-04-15 06:46:00,presencial
11716,125,197,29.8,2026-04-15 07:03:00,online
11717,528,179,123.37,2026-04-15 07:54:00,presencial
11718,376,193,229.65,2026-04-15 07:55:00,online
11719,166,100,383.59,2026-04-15 07:59:00,presencial
11720,263,171,79.8,2026-04-15 08:07:00,online
11721,68,17,58.94,2026-04-15 08:08:00,presencial
11722,53,83,73.25,2026-04-15 08:09:00,presencial
11723,448,176,372.92,2026-04-15 08:09:00,presencial
11724,591,55,79.26,2026-04-15 08:30:00,presencial
11725,167,153,49.2,2026-04-15 08:48:00,presencial
11726,147,64,33.02,2026-04-15 09:19:00,presencial
11727,411,118,37.5,2026-04-15 10:00:00,presencial
11728,307,131,68.38,2026-04-15 10:10:00,online
11729,84,176,19.56,2026-04-15 10:35:00,online
11730,401,69,22.44,2026-04-15 10:38:00,presencial
11731,126,158,41.67,2026-04-15 10:55:00,presencial
11732,70,87,27.19,2026-04-15 11:12:00,presencial
11733,279,79,86.15,2026-04-15 11:21:00,online
11734,444,16,93.81,2026-04-15 11:24:00,presencial
11735,313,16,59.67,2026-04-15 11:29:00,presencial
11736,389,155,76.62,2026-04-15 11:38:00,presencial
11737,143,21,50.87,2026-04-15 11:40:00,presencial
11738,297,23,0.69,2026-04-15 12:24:00,presencial
11739,428,38,17.06,2026-04-15 12:31:00,presencial
11740,317,68,97.33,2026-04-15 12:59:00,online
11741,144,33,17.77,2026-04-15 13:21:00,online
11742,573,119,114.54,2026-04-15 13:32:00,online
11743,41,165,121.85,2026-04-15 13:35:00,presencial
11744,547,107,33.38,2026-04-15 13:52:00,online
11745,435,134,23.35,2026-04-15 14:24:00,presencial
11746,68,179,45.18,2026-04-15 14:49:00,presencial
11747,154,179,42.59,2026-04-15 14:57:00,online
11748,222,132,89.1,2026-04-15 14:59:00,presencial
11749,575,14,3.4,2026-04-15 15:04:00,presencial
11750,311,158,19.94,2026-04-15 15:26:00,online
11751,155,152,14.68,2026-04-15 15:40:00,presencial
11752,552,61,2.8,2026-04-15 16:04:00,presencial
11753,71,33,25.94,2026-04-15 16:26:00,presencial
11754,490,27,8.59,2026-04-15 16:35:00,online
11755,499,56,29.19,2026-04-15 16:35:00,presencial
11756,232,149,26.13,2026-04-15 17:03:00,presencial
11757,26,190,73.61,2026-04-15 17:23:00,presencial
11758,532,31,33.95,2026-04-15 17:32:00,presencial
11759,581,83,6.95,2026-04-15 18:12:00,presencial
11760,227,167,65.44,2026-04-15 18:14:00,online
11761,112,18,640.26,2026-04-15 18:14:00,online
11762,163,189,145.85,2026-04-15 18:57:00,online
11763,82,4,94.36,2026-04-15 19:12:00,presencial
11764,366,57,36.05,2026-04-15 19:15:00,online
11765,312,7,26.05,2026-04-15 19:24:00,online
11766,214,153,24.14,2026-04-15 19:28:00,presencial
11767,391,86,58.25,2026-04-15 19:50:00,presencial
11768,374,88,12.81,2026-04-15 19:52:00,presencial
11769,7,110,56.96,2026-04-15 19:57:00,presencial
11770,246,60,21.54,2026-04-15 20:05:00,presencial
11771,519,152,6.78,2026-04-15 20:09:00,online
11772,478,87,21.21,2026-04-15 20:29:00,presencial
11773,513,160,177.03,2026-04-15 20:31:00,online
11774,573,130,52.05,2026-04-15 20:32:00,online
11775,37,135,0.9,2026-04-15 20:37:00,presencial
11776,163,198,21.31,2026-04-15 21:01:00,presencial
11777,276,102,120.73,2026-04-15 21:05:00,online
11778,307,61,32.19,2026-04-15 21:11:00,presencial
11779,472,146,79.53,2026-04-15 21:18:00,presencial
11780,435,142,28.94,2026-04-15 21:23:00,presencial
11781,424,97,54.73,2026-04-15 21:24:00,online
11782,96,67,46.47,2026-04-15 21:37:00,presencial
11783,407,187,21.97,2026-04-15 21:43:00,online
11784,478,51,83.82,2026-04-15 21:49:00,online
11785,452,16,240.97,2026-04-15 21:54:00,presencial
11786,350,127,68.25,2026-04-15 22:27:00,presencial
11787,53,17,50.12,2026-04-15 22:30:00,presencial
11788,90,153,17.68,2026-04-15 22:37:00,presencial
11789,446,169,125.47,2026-04-15 22:44:00,presencial
11790,521,144,25.48,2026-04-15 22:58:00,presencial
11791,496,48,82.83,2026-04-16 00:02:00,presencial
11792,257,189,103.32,2026-04-16 00:31:00,presencial
11793,353,18,132.46,2026-04-16 00:41:00,presencial
11794,106,22,135.2,2026-04-16 00:48:00,presencial
11795,356,61,129.92,2026-04-16 01:00:00,online
11796,118,109,11.23,2026-04-16 01:02:00,presencial
11797,478,143,17.37,2026-04-16 01:19:00,online
11798,472,59,9.88,2026-04-16 01:25:00,presencial
11799,31,184,9.17,2026-04-16 01:30:00,presencial
11800,562,164,239.33,2026-04-16 01:31:00,presencial
11801,478,47,15.11,2026-04-16 01:56:00,online
11802,227,13,12.95,2026-04-16 02:12:00,online
11803,271,141,42.04,2026-04-16 02:49:00,presencial
11804,48,36,19.68,2026-04-16 02:54:00,presencial
11805,562,57,538.13,2026-04-16 02:55:00,presencial
11806,61,155,33.09,2026-04-16 02:58:00,online
11807,554,38,72.94,2026-04-16 03:05:00,online
11808,393,71,18.94,2026-04-16 03:09:00,presencial
11809,552,186,7.18,2026-04-16 03:10:00,presencial
11810,223,137,20.05,2026-04-16 03:11:00,presencial
11811,538,125,20.29,2026-04-16 03:13:00,online
11812,256,200,20.14,2026-04-16 03:28:00,presencial
11813,211,155,7.69,2026-04-16 03:28:00,presencial
11814,203,92,51.92,2026-04-16 03:34:00,presencial
11815,572,133,30.86,2026-04-16 03:47:00,online
11816,280,107,8.2,2026-04-16 03:51:00,presencial
11817,288,73,50.24,2026-04-16 04:03:00,presencial
11818,387,196,103.38,2026-04-16 04:34:00,presencial
11819,334,119,166.92,2026-04-16 04:54:00,online
11820,325,150,3.12,2026-04-16 04:56:00,presencial
11821,228,82,20.01,2026-04-16 05:08:00,online
11822,99,40,9.9,2026-04-16 05:25:00,online
11823,597,25,21.81,2026-04-16 05:31:00,presencial
11824,295,161,205.9,2026-04-16 05:38:00,online
11825,584,105,20.09,2026-04-16 06:01:00,presencial
11826,277,104,26.51,2026-04-16 06:05:00,online
11827,360,25,17.96,2026-04-16 06:07:00,presencial
11828,328,158,267.34,2026-04-16 06:14:00,presencial
11829,580,53,3.56,2026-04-16 07:14:00,presencial
11830,67,120,24.24,2026-04-16 07:29:00,presencial
11831,311,71,17.25,2026-04-16 07:50:00,presencial
11832,93,46,6.73,2026-04-16 08:01:00,online
11833,521,33,150.27,2026-04-16 08:32:00,presencial
11834,319,163,6.15,2026-04-16 09:23:00,online
11835,554,19,26.97,2026-04-16 09:42:00,presencial
11836,166,1,40.99,2026-04-16 09:43:00,presencial
11837,98,62,19.57,2026-04-16 09:48:00,presencial
11838,378,178,6.63,2026-04-16 09:49:00,online
11839,88,141,37.15,2026-04-16 09:58:00,presencial
11840,224,164,19.34,2026-04-16 10:18:00,presencial
11841,189,41,108.8,2026-04-16 10:31:00,online
11842,133,195,78.86,2026-04-16 10:39:00,presencial
11843,79,24,379.44,2026-04-16 10:56:00,online
11844,394,8,50.45,2026-04-16 11:18:00,online
11845,455,96,85.47,2026-04-16 11:21:00,presencial
11846,237,88,30.12,2026-04-16 11:59:00,presencial
11847,169,59,293.8,2026-04-16 12:06:00,presencial
11848,95,34,45.21,2026-04-16 12:14:00,online
11849,407,65,39.93,2026-04-16 12:16:00,online
11850,486,75,81.02,2026-04-16 12:23:00,presencial
11851,329,121,21.99,2026-04-16 12:35:00,presencial
11852,260,72,25.8,2026-04-16 12:45:00,presencial
11853,390,49,80.95,2026-04-16 13:02:00,presencial
11854,550,120,100.03,2026-04-16 13:04:00,presencial
11855,594,117,86.21,2026-04-16 13:10:00,online
11856,117,88,40.93,2026-04-16 13:11:00,presencial
11857,287,23,60.19,2026-04-16 13:12:00,presencial
11858,526,194,128.57,2026-04-16 13:15:00,presencial
11859,380,104,13.42,2026-04-16 13:50:00,online
11860,490,56,44.77,2026-04-16 14:36:00,presencial
11861,598,146,1.82,2026-04-16 14:46:00,online
11862,63,84,100.91,2026-04-16 14:57:00,online
11863,368,33,18.9,2026-04-16 15:02:00,online
11864,320,141,19.46,2026-04-16 16:03:00,presencial
11865,171,19,39.09,2026-04-16 16:07:00,online
11866,393,56,88.32,2026-04-16 16:07:00,presencial
11867,63,133,620.81,2026-04-16 16:09:00,presencial
11868,298,145,8.1,2026-04-16 16:27:00,online
11869,249,199,17.56,2026-04-16 17:10:00,online
11870,235,142,57.49,2026-04-16 17:30:00,presencial
11871,369,47,20.1,2026-04-16 17:54:00,online
11872,567,143,112.12,2026-04-16 18:02:00,online
11873,569,151,37.17,2026-04-16 18:05:00,online
11874,421,136,118.37,2026-04-16 18:05:00,online
11875,199,150,34.01,2026-04-16 18:11:00,presencial
11876,580,164,81.4,2026-04-16 18:34:00,presencial
11877,600,114,15.6,2026-04-16 19:23:00,presencial
11878,508,199,376.59,2026-04-16 19:44:00,presencial
11879,524,129,6.89,2026-04-16 19:46:00,presencial
11880,491,12,20.52,2026-04-16 20:47:00,online
11881,457,35,9.37,2026-04-16 21:17:00,presencial
11882,436,100,107.81,2026-04-16 21:19:00,online
11883,384,88,80.93,2026-04-16 21:32:00,presencial
11884,388,163,11.7,2026-04-16 21:49:00,online
11885,234,135,133.86,2026-04-16 22:00:00,presencial
11886,533,1,20.73,2026-04-16 22:22:00,online
11887,381,92,68.45,2026-04-16 22:31:00,presencial
11888,369,110,88.62,2026-04-16 22:43:00,presencial
11889,446,197,34.15,2026-04-16 22:46:00,presencial
11890,46,132,121.61,2026-04-16 22:52:00,online
11891,552,37,38.15,2026-04-16 22:58:00,presencial
11892,350,39,64.88,2026-04-16 23:26:00,presencial
11893,567,64,33.06,2026-04-16 23:28:00,online
11894,62,81,5.73,2026-04-16 23:29:00,online
11895,141,22,39.02,2026-04-16 23:30:00,online
11896,570,158,17.1,2026-04-16 23:32:00,online
11897,416,14,206.75,2026-04-16 23:33:00,presencial
11898,389,14,9.97,2026-04-16 23:37:00,online
11899,243,26,172.0,2026-04-16 23:48:00,presencial
11900,334,27,36.72,2026-04-17 00:10:00,online
11901,328,113,69.88,2026-04-17 00:20:00,online
11902,119,164,9.8,2026-04-17 00:25:00,online
11903,340,189,31.83,2026-04-17 00:34:00,presencial
11904,310,162,21.52,2026-04-17 00:59:00,online
11905,188,138,451.95,2026-04-17 01:09:00,online
11906,206,119,20.94,2026-04-17 01:22:00,presencial
11907,461,62,158.97,2026-04-17 01:43:00,presencial
11908,406,84,161.43,2026-04-17 01:54:00,online
11909,282,175,156.52,2026-04-17 02:40:00,online
11910,363,22,23.26,2026-04-17 02:46:00,online
11911,145,166,325.51,2026-04-17 02:51:00,presencial
11912,300,163,408.87,2026-04-17 02:53:00,presencial
11913,338,12,66.94,2026-04-17 02:56:00,online
11914,152,49,26.79,2026-04-17 03:10:00,online
11915,102,63,17.34,2026-04-17 03:10:00,presencial
11916,316,183,75.11,2026-04-17 03:44:00,presencial
11917,565,88,48.01,2026-04-17 03:53:00,presencial
11918,278,156,54.65,2026-04-17 04:04:00,presencial
11919,541,121,10.15,2026-04-17 04:19:00,presencial
11920,511,17,46.35,2026-04-17 04:20:00,presencial
11921,447,134,157.31,2026-04-17 04:44:00,presencial
11922,537,128,109.59,2026-04-17 05:43:00,presencial
11923,247,175,28.35,2026-04-17 06:08:00,online
11924,456,185,39.65,2026-04-17 06:23:00,online
11925,87,118,8.89,2026-04-17 06:27:00,online
11926,192,176,21.5,2026-04-17 07:07:00,online
11927,340,28,30.75,2026-04-17 07:08:00,presencial
11928,23,123,89.72,2026-04-17 07:20:00,online
11929,460,116,20.55,2026-04-17 07:32:00,presencial
11930,556,35,14.3,2026-04-17 08:08:00,presencial
11931,64,108,102.87,2026-04-17 08:25:00,presencial
11932,596,137,28.08,2026-04-17 08:41:00,online
11933,53,84,17.76,2026-04-17 08:55:00,presencial
11934,77,134,109.25,2026-04-17 09:22:00,presencial
11935,458,150,74.04,2026-04-17 09:27:00,presencial
11936,412,118,35.58,2026-04-17 09:28:00,online
11937,562,80,30.37,2026-04-17 09:45:00,presencial
11938,256,54,67.86,2026-04-17 09:56:00,presencial
11939,344,133,80.85,2026-04-17 09:59:00,presencial
11940,90,181,56.25,2026-04-17 10:15:00,presencial
11941,416,93,51.04,2026-04-17 10:17:00,online
11942,599,101,22.94,2026-04-17 10:25:00,presencial
11943,359,183,24.5,2026-04-17 10:41:00,presencial
11944,560,60,37.0,2026-04-17 11:02:00,online
11945,237,162,15.53,2026-04-17 11:03:00,online
11946,590,52,13.66,2026-04-17 11:10:00,online
11947,323,52,40.5,2026-04-17 11:13:00,presencial
11948,87,57,132.74,2026-04-17 11:35:00,presencial
11949,218,11,4.57,2026-04-17 12:17:00,online
11950,296,93,29.06,2026-04-17 12:18:00,presencial
11951,41,71,60.33,2026-04-17 12:24:00,presencial
11952,538,47,145.41,2026-04-17 12:43:00,online
11953,144,152,323.72,2026-04-17 12:47:00,presencial
11954,406,104,33.66,2026-04-17 13:25:00,online
11955,552,40,391.42,2026-04-17 13:27:00,online
11956,261,39,73.78,2026-04-17 14:00:00,online
11957,366,162,109.47,2026-04-17 14:12:00,online
11958,311,55,13.85,2026-04-17 14:12:00,online
11959,459,79,73.61,2026-04-17 14:20:00,online
11960,24,24,120.38,2026-04-17 14:21:00,online
11961,216,161,20.94,2026-04-17 14:37:00,presencial
11962,367,72,2.54,2026-04-17 14:38:00,presencial
11963,55,141,52.66,2026-04-17 14:53:00,online
11964,516,82,35.29,2026-04-17 14:53:00,presencial
11965,380,161,196.11,2026-04-17 15:09:00,presencial
11966,2,81,24.73,2026-04-17 15:24:00,presencial
11967,8,180,20.58,2026-04-17 16:00:00,presencial
11968,96,145,12.32,2026-04-17 16:02:00,online
11969,399,97,22.35,2026-04-17 16:09:00,online
11970,311,97,840.21,2026-04-17 16:15:00,presencial
11971,290,125,7.8,2026-04-17 17:31:00,presencial
11972,337,139,10.29,2026-04-17 17:34:00,online
11973,297,142,42.11,2026-04-17 18:13:00,presencial
11974,207,7,392.3,2026-04-17 18:16:00,presencial
11975,5,53,101.06,2026-04-17 18:39:00,presencial
11976,17,88,246.55,2026-04-17 18:46:00,presencial
11977,414,108,29.27,2026-04-17 19:13:00,online
11978,447,18,9.69,2026-04-17 19:13:00,presencial
11979,144,40,27.27,2026-04-17 19:27:00,online
11980,146,93,38.97,2026-04-17 19:43:00,online
11981,245,90,45.24,2026-04-17 19:49:00,presencial
11982,387,124,35.33,2026-04-17 19:59:00,presencial
11983,357,14,85.61,2026-04-17 20:12:00,presencial
11984,336,160,20.43,2026-04-17 20:24:00,online
11985,23,61,16.12,2026-04-17 20:32:00,presencial
11986,259,111,11.88,2026-04-17 20:41:00,online
11987,452,190,56.01,2026-04-17 20:51:00,online
11988,355,76,50.22,2026-04-17 21:09:00,presencial
11989,485,63,148.5,2026-04-17 21:14:00,online
11990,418,53,245.11,2026-04-17 21:18:00,presencial
11991,540,131,11.84,2026-04-17 21:20:00,presencial
11992,344,192,45.87,2026-04-17 22:02:00,presencial
11993,342,112,35.66,2026-04-17 22:14:00,online
11994,335,40,8.24,2026-04-17 22:29:00,presencial
11995,159,190,25.0,2026-04-17 22:34:00,online
11996,262,9,250.45,2026-04-17 22:38:00,online
11997,102,83,22.29,2026-04-17 23:15:00,presencial
11998,259,26,18.56,2026-04-17 23:21:00,presencial
11999,90,7,42.21,2026-04-17 23:28:00,presencial
12000,295,200,121.86,2026-04-18 00:12:00,presencial
12001,573,18,31.97,2026-04-18 00:23:00,presencial
12002,272,182,51.44,2026-04-18 00:31:00,presencial
12003,444,109,3.62,2026-04-18 00:32:00,presencial
12004,264,65,83.89,2026-04-18 00:36:00,online
12005,544,173,57.01,2026-04-18 00:44:00,online
12006,127,1,118.29,2026-04-18 01:06:00,presencial
12007,501,139,5.73,2026-04-18 01:12:00,online
12008,435,154,32.05,2026-04-18 01:22:00,presencial
12009,534,73,129.1,2026-04-18 01:33:00,presencial
12010,80,61,24.22,2026-04-18 01:49:00,online
12011,537,2,47.28,2026-04-18 02:03:00,online
12012,546,5,28.49,2026-04-18 02:10:00,online
12013,178,9,29.26,2026-04-18 02:22:00,presencial
12014,375,92,161.39,2026-04-18 02:33:00,presencial
12015,352,107,9.34,2026-04-18 02:35:00,online
12016,30,85,42.3,2026-04-18 02:38:00,online
12017,316,141,58.96,2026-04-18 02:59:00,presencial
12018,396,73,125.45,2026-04-18 03:10:00,presencial
12019,124,159,39.09,2026-04-18 03:13:00,presencial
12020,217,131,129.77,2026-04-18 03:19:00,presencial
12021,352,188,42.09,2026-04-18 03:40:00,online
12022,558,146,50.98,2026-04-18 03:48:00,presencial
12023,37,26,48.89,2026-04-18 04:01:00,online
12024,562,112,91.91,2026-04-18 04:05:00,online
12025,490,132,81.12,2026-04-18 04:33:00,online
12026,508,3,13.14,2026-04-18 04:43:00,online
12027,29,9,56.75,2026-04-18 04:45:00,presencial
12028,341,5,81.02,2026-04-18 05:00:00,presencial
12029,222,35,223.16,2026-04-18 05:09:00,online
12030,552,177,14.74,2026-04-18 05:29:00,presencial
12031,445,49,80.83,2026-04-18 05:36:00,online
12032,390,38,30.49,2026-04-18 05:40:00,presencial
12033,17,90,55.2,2026-04-18 05:41:00,presencial
12034,526,80,13.72,2026-04-18 05:51:00,online
12035,294,199,44.05,2026-04-18 06:06:00,presencial
12036,97,21,63.49,2026-04-18 06:32:00,presencial
12037,525,169,15.38,2026-04-18 06:33:00,presencial
12038,543,46,220.0,2026-04-18 06:53:00,online
12039,298,62,8.18,2026-04-18 07:00:00,presencial
12040,397,98,80.75,2026-04-18 07:15:00,presencial
12041,367,196,3.09,2026-04-18 07:22:00,online
12042,182,48,33.77,2026-04-18 07:28:00,online
12043,450,69,75.76,2026-04-18 07:45:00,presencial
12044,599,132,97.89,2026-04-18 08:35:00,online
12045,561,135,39.81,2026-04-18 08:38:00,presencial
12046,413,74,34.27,2026-04-18 09:13:00,presencial
12047,217,27,83.44,2026-04-18 09:51:00,online
12048,546,158,127.2,2026-04-18 10:20:00,presencial
12049,557,181,203.89,2026-04-18 10:20:00,online
12050,4,121,10.81,2026-04-18 10:33:00,online
12051,204,175,35.85,2026-04-18 10:34:00,presencial
12052,332,51,4.0,2026-04-18 10:34:00,presencial
12053,347,173,9.93,2026-04-18 10:52:00,online
12054,428,162,20.6,2026-04-18 11:22:00,online
12055,309,181,115.76,2026-04-18 11:43:00,presencial
12056,9,187,26.34,2026-04-18 12:14:00,presencial
12057,100,70,32.53,2026-04-18 12:15:00,presencial
12058,458,25,62.18,2026-04-18 12:18:00,presencial
12059,417,150,21.38,2026-04-18 12:29:00,presencial
12060,391,134,4.98,2026-04-18 12:41:00,presencial
12061,265,130,19.68,2026-04-18 12:44:00,presencial
12062,165,127,39.14,2026-04-18 12:46:00,presencial
12063,185,9,74.84,2026-04-18 13:06:00,presencial
12064,414,134,35.62,2026-04-18 13:26:00,presencial
12065,303,97,73.48,2026-04-18 13:31:00,online
12066,79,7,123.62,2026-04-18 13:47:00,online
12067,240,172,153.33,2026-04-18 14:15:00,presencial
12068,495,6,54.03,2026-04-18 14:23:00,presencial
12069,360,47,12.8,2026-04-18 14:24:00,presencial
12070,520,59,11.36,2026-04-18 14:44:00,online
12071,306,157,12.59,2026-04-18 14:51:00,presencial
12072,292,17,13.7,2026-04-18 14:54:00,presencial
12073,570,77,49.87,2026-04-18 15:05:00,presencial
12074,305,74,356.45,2026-04-18 15:08:00,presencial
12075,82,83,56.44,2026-04-18 15:13:00,online
12076,242,175,40.76,2026-04-18 15:42:00,online
12077,389,66,128.78,2026-04-18 15:52:00,online
12078,208,71,17.97,2026-04-18 15:58:00,presencial
12079,247,82,140.64,2026-04-18 16:05:00,online
12080,524,79,129.63,2026-04-18 16:05:00,presencial
12081,262,191,47.7,2026-04-18 16:06:00,presencial
12082,183,54,447.25,2026-04-18 16:21:00,presencial
12083,65,23,152.44,2026-04-18 17:01:00,presencial
12084,242,85,46.99,2026-04-18 17:13:00,presencial
12085,460,17,38.17,2026-04-18 17:33:00,online
12086,180,160,27.8,2026-04-18 17:38:00,presencial
12087,283,179,38.71,2026-04-18 17:49:00,online
12088,395,167,39.97,2026-04-18 17:54:00,presencial
12089,557,161,31.46,2026-04-18 18:13:00,presencial
12090,489,85,35.33,2026-04-18 18:19:00,online
12091,172,140,12.04,2026-04-18 18:28:00,online
12092,99,80,23.93,2026-04-18 18:33:00,presencial
12093,403,171,7.71,2026-04-18 19:01:00,online
12094,153,40,70.52,2026-04-18 19:04:00,online
12095,236,29,48.82,2026-04-18 19:12:00,presencial
12096,63,196,39.06,2026-04-18 19:13:00,presencial
12097,465,73,118.49,2026-04-18 19:39:00,presencial
12098,97,63,17.29,2026-04-18 19:58:00,presencial
12099,229,134,20.45,2026-04-18 20:01:00,presencial
12100,245,69,8.76,2026-04-18 20:18:00,online
12101,26,150,137.73,2026-04-18 20:22:00,presencial
12102,466,86,87.02,2026-04-18 20:33:00,presencial
12103,372,157,192.97,2026-04-18 21:18:00,presencial
12104,325,17,254.89,2026-04-18 21:31:00,presencial
12105,107,146,28.03,2026-04-18 21:49:00,presencial
12106,32,66,20.44,2026-04-18 22:21:00,online
12107,34,85,6.2,2026-04-18 22:41:00,presencial
12108,376,187,13.36,2026-04-18 22:42:00,presencial
12109,449,97,31.27,2026-04-18 22:50:00,online
12110,478,15,4.63,2026-04-18 23:02:00,presencial
12111,481,92,13.67,2026-04-18 23:04:00,online
12112,237,49,40.81,2026-04-18 23:09:00,presencial
12113,1,95,119.44,2026-04-18 23:25:00,online
12114,148,44,20.31,2026-04-18 23:31:00,presencial
12115,473,129,51.46,2026-04-18 23:47:00,presencial
12116,459,48,347.28,2026-04-18 23:53:00,presencial
12117,305,94,6.13,2026-04-18 23:59:00,presencial
12118,15,191,147.59,2026-04-19 00:07:00,presencial
12119,467,128,67.96,2026-04-19 01:07:00,presencial
12120,490,142,180.04,2026-04-19 01:10:00,presencial
12121,137,155,129.49,2026-04-19 01:22:00,presencial
12122,483,184,21.55,2026-04-19 01:23:00,presencial
12123,384,178,44.79,2026-04-19 01:24:00,presencial
12124,533,172,8.97,2026-04-19 02:37:00,online
12125,376,69,25.15,2026-04-19 02:46:00,online
12126,54,125,46.16,2026-04-19 03:28:00,online
12127,389,164,62.42,2026-04-19 03:40:00,presencial
12128,65,112,106.52,2026-04-19 03:42:00,presencial
12129,156,26,254.99,2026-04-19 03:47:00,online
12130,524,102,27.69,2026-04-19 03:51:00,presencial
12131,581,44,157.47,2026-04-19 04:06:00,online
12132,286,138,59.98,2026-04-19 04:19:00,presencial
12133,175,172,10.61,2026-04-19 04:31:00,presencial
12134,236,141,37.89,2026-04-19 04:32:00,online
12135,146,111,50.78,2026-04-19 04:50:00,presencial
12136,344,120,17.81,2026-04-19 05:02:00,online
12137,253,108,14.23,2026-04-19 05:15:00,presencial
12138,36,90,13.71,2026-04-19 05:53:00,presencial
12139,367,46,24.58,2026-04-19 05:55:00,online
12140,387,136,17.27,2026-04-19 06:12:00,online
12141,401,70,173.03,2026-04-19 06:20:00,presencial
12142,568,32,3.02,2026-04-19 06:26:00,presencial
12143,423,161,50.52,2026-04-19 06:43:00,presencial
12144,406,111,79.93,2026-04-19 07:04:00,presencial
12145,127,105,15.5,2026-04-19 07:08:00,presencial
12146,279,104,34.64,2026-04-19 07:35:00,online
12147,261,16,30.68,2026-04-19 07:40:00,presencial
12148,577,107,41.05,2026-04-19 07:45:00,presencial
12149,285,109,92.69,2026-04-19 07:45:00,online
12150,414,103,83.99,2026-04-19 08:01:00,presencial
12151,325,2,23.1,2026-04-19 08:37:00,presencial
12152,35,151,8.54,2026-04-19 08:37:00,online
12153,562,123,53.6,2026-04-19 09:01:00,online
12154,403,152,21.71,2026-04-19 09:09:00,presencial
12155,139,101,25.01,2026-04-19 09:27:00,online
12156,36,66,57.16,2026-04-19 09:28:00,presencial
12157,563,167,27.7,2026-04-19 09:49:00,online
12158,185,71,62.64,2026-04-19 09:50:00,presencial
12159,11,91,709.2,2026-04-19 10:15:00,online
12160,370,4,95.05,2026-04-19 10:24:00,online
12161,10,33,196.25,2026-04-19 10:26:00,presencial
12162,130,23,78.41,2026-04-19 10:31:00,online
12163,537,85,48.66,2026-04-19 10:39:00,presencial
12164,23,53,79.73,2026-04-19 10:43:00,presencial
12165,452,67,75.57,2026-04-19 10:56:00,presencial
12166,371,154,115.48,2026-04-19 10:57:00,presencial
12167,184,137,47.72,2026-04-19 11:02:00,presencial
12168,172,160,10.6,2026-04-19 11:09:00,presencial
12169,285,164,8.89,2026-04-19 11:13:00,presencial
12170,320,50,74.24,2026-04-19 11:24:00,presencial
12171,535,124,12.95,2026-04-19 11:30:00,presencial
12172,157,174,95.11,2026-04-19 11:32:00,online
12173,355,61,194.91,2026-04-19 12:01:00,online
12174,412,76,35.07,2026-04-19 12:16:00,online
12175,8,107,169.44,2026-04-19 12:17:00,online
12176,538,160,59.43,2026-04-19 12:32:00,online
12177,596,30,45.99,2026-04-19 12:59:00,online
12178,52,94,48.43,2026-04-19 13:31:00,presencial
12179,158,49,17.92,2026-04-19 13:33:00,online
12180,472,143,15.57,2026-04-19 13:44:00,presencial
12181,486,49,7.33,2026-04-19 13:45:00,online
12182,94,72,19.96,2026-04-19 13:50:00,online
12183,551,70,470.28,2026-04-19 13:53:00,presencial
12184,198,15,8.65,2026-04-19 14:32:00,presencial
12185,177,134,12.25,2026-04-19 14:42:00,online
12186,215,51,18.43,2026-04-19 14:45:00,online
12187,403,99,19.4,2026-04-19 14:58:00,presencial
12188,124,140,60.11,2026-04-19 15:00:00,presencial
12189,326,158,22.81,2026-04-19 15:03:00,online
12190,46,184,35.93,2026-04-19 15:38:00,online
12191,89,26,17.56,2026-04-19 15:58:00,presencial
12192,462,126,26.5,2026-04-19 15:58:00,presencial
12193,231,66,41.86,2026-04-19 16:29:00,presencial
12194,477,154,38.55,2026-04-19 16:41:00,online
12195,443,78,394.98,2026-04-19 16:49:00,online
12196,599,3,43.34,2026-04-19 17:02:00,presencial
12197,83,172,35.49,2026-04-19 17:08:00,presencial
12198,561,153,2.87,2026-04-19 17:10:00,presencial
12199,536,67,58.2,2026-04-19 17:51:00,presencial
12200,261,168,5.09,2026-04-19 18:01:00,presencial
12201,82,83,82.01,2026-04-19 18:05:00,online
12202,81,83,52.28,2026-04-19 18:09:00,online
12203,307,60,107.52,2026-04-19 18:27:00,presencial
12204,7,99,22.25,2026-04-19 18:28:00,presencial
12205,58,199,46.05,2026-04-19 18:35:00,online
12206,319,11,94.0,2026-04-19 18:36:00,presencial
12207,338,119,16.08,2026-04-19 19:25:00,presencial
12208,517,35,87.45,2026-04-19 20:02:00,presencial
12209,585,25,83.15,2026-04-19 20:11:00,online
12210,161,12,38.54,2026-04-19 20:21:00,presencial
12211,199,55,253.76,2026-04-19 20:30:00,online
12212,120,147,78.82,2026-04-19 20:50:00,online
12213,135,148,7.09,2026-04-19 20:57:00,presencial
12214,264,160,132.63,2026-04-19 21:06:00,online
12215,596,30,21.67,2026-04-19 21:13:00,online
12216,537,22,107.5,2026-04-19 21:15:00,online
12217,548,197,61.87,2026-04-19 21:35:00,presencial
12218,272,185,2.45,2026-04-19 21:37:00,presencial
12219,395,141,86.95,2026-04-19 22:05:00,online
12220,434,168,35.03,2026-04-19 22:05:00,presencial
12221,146,161,26.97,2026-04-19 22:11:00,online
12222,278,116,28.09,2026-04-19 22:21:00,online
12223,331,96,106.46,2026-04-19 22:39:00,online
12224,224,196,16.23,2026-04-19 22:56:00,online
12225,284,136,152.11,2026-04-19 23:28:00,online
12226,265,177,8.4,2026-04-20 00:09:00,online
12227,37,42,61.88,2026-04-20 00:45:00,presencial
12228,462,45,104.55,2026-04-20 00:58:00,presencial
12229,541,126,101.77,2026-04-20 01:11:00,presencial
12230,453,191,54.73,2026-04-20 01:16:00,presencial
12231,561,125,35.61,2026-04-20 01:38:00,presencial
12232,260,89,24.41,2026-04-20 01:44:00,online
12233,34,5,11.65,2026-04-20 01:49:00,online
12234,161,31,21.03,2026-04-20 02:23:00,presencial
12235,513,47,15.53,2026-04-20 02:39:00,online
12236,84,41,12.96,2026-04-20 02:46:00,online
12237,329,141,325.08,2026-04-20 02:52:00,presencial
12238,1,137,6.74,2026-04-20 02:59:00,online
12239,195,76,154.17,2026-04-20 03:00:00,online
12240,68,198,11.47,2026-04-20 03:12:00,online
12241,69,79,14.52,2026-04-20 03:15:00,presencial
12242,99,90,14.26,2026-04-20 03:17:00,presencial
12243,323,106,13.18,2026-04-20 03:22:00,presencial
12244,414,115,123.36,2026-04-20 03:29:00,online
12245,173,39,85.39,2026-04-20 03:36:00,online
12246,491,61,34.61,2026-04-20 03:37:00,online
12247,236,138,878.39,2026-04-20 04:04:00,online
12248,443,170,43.89,2026-04-20 04:06:00,presencial
12249,318,85,47.74,2026-04-20 04:13:00,presencial
12250,434,24,21.03,2026-04-20 04:21:00,online
12251,588,171,18.44,2026-04-20 04:39:00,online
12252,597,117,24.87,2026-04-20 04:42:00,presencial
12253,353,88,114.08,2026-04-20 04:43:00,presencial
12254,578,118,83.78,2026-04-20 04:51:00,online
12255,421,165,184.87,2026-04-20 05:20:00,presencial
12256,162,1,20.31,2026-04-20 05:25:00,presencial
12257,562,73,85.5,2026-04-20 06:07:00,presencial
12258,88,189,62.56,2026-04-20 06:11:00,online
12259,281,61,72.07,2026-04-20 06:48:00,presencial
12260,92,195,17.29,2026-04-20 06:49:00,online
12261,471,57,14.26,2026-04-20 07:00:00,presencial
12262,538,94,80.89,2026-04-20 07:08:00,presencial
12263,492,14,116.76,2026-04-20 07:09:00,presencial
12264,62,146,22.64,2026-04-20 07:22:00,presencial
12265,163,48,87.35,2026-04-20 07:40:00,online
12266,205,170,167.22,2026-04-20 07:51:00,online
12267,70,26,30.02,2026-04-20 07:54:00,online
12268,319,24,9.18,2026-04-20 07:54:00,online
12269,21,94,10.54,2026-04-20 08:15:00,presencial
12270,369,17,21.24,2026-04-20 08:24:00,presencial
12271,345,66,27.37,2026-04-20 08:34:00,presencial
12272,358,138,42.96,2026-04-20 08:47:00,presencial
12273,548,101,43.93,2026-04-20 08:49:00,presencial
12274,472,112,33.13,2026-04-20 08:53:00,presencial
12275,156,19,94.36,2026-04-20 09:10:00,presencial
12276,344,136,19.36,2026-04-20 09:13:00,presencial
12277,482,19,179.67,2026-04-20 09:14:00,presencial
12278,511,115,125.72,2026-04-20 09:19:00,presencial
12279,386,159,115.99,2026-04-20 09:23:00,presencial
12280,51,146,21.64,2026-04-20 09:38:00,presencial
12281,261,71,39.33,2026-04-20 09:56:00,presencial
12282,516,31,99.0,2026-04-20 10:48:00,online
12283,45,167,35.88,2026-04-20 10:50:00,online
12284,355,44,20.72,2026-04-20 11:02:00,presencial
12285,325,100,19.82,2026-04-20 11:07:00,presencial
12286,134,48,20.91,2026-04-20 11:07:00,presencial
12287,207,6,12.47,2026-04-20 11:26:00,presencial
12288,587,84,1050.89,2026-04-20 11:27:00,presencial
12289,358,111,5.22,2026-04-20 11:31:00,presencial
12290,564,152,15.2,2026-04-20 11:51:00,presencial
12291,283,146,86.11,2026-04-20 11:51:00,presencial
12292,508,167,21.13,2026-04-20 11:52:00,online
12293,372,163,30.36,2026-04-20 12:09:00,presencial
12294,547,81,69.04,2026-04-20 12:13:00,presencial
12295,197,69,139.16,2026-04-20 12:21:00,online
12296,230,121,33.09,2026-04-20 12:30:00,presencial
12297,25,96,123.25,2026-04-20 12:59:00,presencial
12298,137,60,6.91,2026-04-20 13:05:00,presencial
12299,84,7,22.95,2026-04-20 13:12:00,online
12300,110,96,77.04,2026-04-20 13:13:00,online
12301,186,94,391.71,2026-04-20 13:22:00,online
12302,525,189,15.46,2026-04-20 13:24:00,online
12303,228,163,12.74,2026-04-20 13:31:00,presencial
12304,496,54,65.08,2026-04-20 13:40:00,presencial
12305,489,23,47.39,2026-04-20 13:43:00,presencial
12306,589,158,20.28,2026-04-20 13:45:00,online
12307,306,98,11.72,2026-04-20 13:49:00,presencial
12308,509,9,25.4,2026-04-20 13:52:00,presencial
12309,252,151,79.31,2026-04-20 13:57:00,presencial
12310,380,70,30.98,2026-04-20 14:02:00,presencial
12311,487,35,162.11,2026-04-20 15:24:00,presencial
12312,86,132,38.49,2026-04-20 15:44:00,online
12313,35,158,86.63,2026-04-20 15:44:00,presencial
12314,99,156,60.72,2026-04-20 16:33:00,presencial
12315,433,55,28.67,2026-04-20 16:44:00,presencial
12316,285,119,111.77,2026-04-20 16:59:00,presencial
12317,169,94,11.72,2026-04-20 17:09:00,presencial
12318,461,174,24.31,2026-04-20 17:20:00,online
12319,10,38,28.35,2026-04-20 17:31:00,online
12320,104,165,68.01,2026-04-20 17:48:00,presencial
12321,282,70,89.47,2026-04-20 18:12:00,presencial
12322,550,124,18.23,2026-04-20 18:19:00,online
12323,450,101,15.62,2026-04-20 18:31:00,online
12324,411,70,48.74,2026-04-20 19:18:00,online
12325,427,47,8.24,2026-04-20 19:26:00,presencial
12326,188,73,135.45,2026-04-20 19:27:00,presencial
12327,269,122,34.95,2026-04-20 19:27:00,presencial
12328,532,124,12.35,2026-04-20 20:06:00,presencial
12329,438,125,12.08,2026-04-20 20:10:00,presencial
12330,360,132,63.08,2026-04-20 20:27:00,online
12331,50,11,61.23,2026-04-20 20:38:00,online
12332,440,79,19.2,2026-04-20 20:56:00,online
12333,220,63,39.44,2026-04-20 20:57:00,presencial
12334,232,80,12.91,2026-04-20 21:06:00,presencial
12335,405,77,33.64,2026-04-20 21:17:00,presencial
12336,237,36,226.58,2026-04-20 21:19:00,presencial
12337,344,193,465.74,2026-04-20 21:20:00,presencial
12338,8,1,35.41,2026-04-20 21:25:00,presencial
12339,112,120,71.88,2026-04-20 21:27:00,presencial
12340,323,93,68.83,2026-04-20 22:31:00,presencial
12341,575,141,6.73,2026-04-20 22:45:00,online
12342,457,167,12.62,2026-04-20 22:48:00,presencial
12343,251,130,3.5,2026-04-20 22:58:00,online
12344,582,154,73.26,2026-04-20 23:02:00,online
12345,166,55,379.91,2026-04-20 23:02:00,presencial
12346,536,199,144.38,2026-04-20 23:04:00,presencial
12347,243,18,46.94,2026-04-20 23:17:00,online
12348,53,134,40.2,2026-04-20 23:20:00,presencial
12349,2,30,30.34,2026-04-20 23:20:00,presencial
12350,589,47,143.4,2026-04-20 23:50:00,presencial
12351,386,166,56.67,2026-04-21 00:15:00,online
12352,90,136,47.88,2026-04-21 00:26:00,presencial
12353,596,127,13.28,2026-04-21 00:41:00,presencial
12354,25,166,86.59,2026-04-21 01:03:00,online
12355,201,56,37.9,2026-04-21 01:07:00,presencial
12356,450,129,69.18,2026-04-21 01:22:00,online
12357,32,41,134.15,2026-04-21 01:22:00,online
12358,544,97,7.4,2026-04-21 01:25:00,online
12359,407,81,32.29,2026-04-21 02:02:00,presencial
12360,570,124,27.53,2026-04-21 02:05:00,presencial
12361,503,13,24.99,2026-04-21 02:37:00,presencial
12362,495,6,13.08,2026-04-21 02:48:00,presencial
12363,137,7,20.08,2026-04-21 03:10:00,online
12364,123,54,13.35,2026-04-21 03:13:00,presencial
12365,146,116,110.76,2026-04-21 03:23:00,online
12366,93,32,67.7,2026-04-21 03:31:00,presencial
12367,399,199,62.73,2026-04-21 03:48:00,online
12368,36,83,5.37,2026-04-21 03:54:00,presencial
12369,258,61,381.35,2026-04-21 04:11:00,presencial
12370,350,179,28.52,2026-04-21 04:17:00,online
12371,324,36,304.63,2026-04-21 04:18:00,presencial
12372,293,38,101.91,2026-04-21 04:20:00,presencial
12373,134,77,34.65,2026-04-21 04:29:00,presencial
12374,66,15,423.06,2026-04-21 04:31:00,presencial
12375,593,137,83.44,2026-04-21 04:40:00,presencial
12376,279,156,34.77,2026-04-21 04:47:00,online
12377,357,71,29.07,2026-04-21 04:48:00,online
12378,341,174,139.09,2026-04-21 05:31:00,presencial
12379,222,2,24.78,2026-04-21 05:36:00,presencial
12380,434,107,29.48,2026-04-21 05:40:00,presencial
12381,226,147,23.18,2026-04-21 05:41:00,presencial
12382,249,76,19.47,2026-04-21 05:41:00,presencial
12383,483,190,20.82,2026-04-21 05:44:00,presencial
12384,192,87,314.1,2026-04-21 05:45:00,presencial
12385,420,184,135.41,2026-04-21 05:54:00,online
12386,400,132,57.91,2026-04-21 06:30:00,presencial
12387,19,47,24.48,2026-04-21 06:30:00,online
12388,411,167,24.37,2026-04-21 06:31:00,presencial
12389,481,7,29.87,2026-04-21 06:33:00,presencial
12390,163,38,319.85,2026-04-21 07:02:00,online
12391,549,156,61.56,2026-04-21 07:31:00,presencial
12392,12,181,101.73,2026-04-21 07:36:00,online
12393,108,78,55.69,2026-04-21 07:51:00,online
12394,568,132,16.87,2026-04-21 08:37:00,online
12395,514,140,50.04,2026-04-21 08:58:00,presencial
12396,454,148,13.69,2026-04-21 09:08:00,online
12397,363,182,166.48,2026-04-21 09:15:00,presencial
12398,121,18,19.62,2026-04-21 09:42:00,presencial
12399,294,39,23.83,2026-04-21 10:23:00,online
12400,340,184,109.34,2026-04-21 10:34:00,online
12401,54,109,20.74,2026-04-21 10:43:00,online
12402,357,106,35.13,2026-04-21 10:46:00,presencial
12403,54,81,2.46,2026-04-21 10:48:00,presencial
12404,76,73,31.35,2026-04-21 11:14:00,presencial
12405,103,49,85.95,2026-04-21 11:42:00,online
12406,115,80,22.44,2026-04-21 11:44:00,online
12407,50,15,82.7,2026-04-21 12:07:00,presencial
12408,575,59,43.91,2026-04-21 12:14:00,presencial
12409,482,199,147.91,2026-04-21 12:19:00,online
12410,305,33,19.92,2026-04-21 13:12:00,presencial
12411,222,147,34.27,2026-04-21 13:20:00,presencial
12412,115,7,8.88,2026-04-21 13:28:00,online
12413,570,147,40.4,2026-04-21 13:41:00,presencial
12414,479,53,28.11,2026-04-21 13:44:00,online
12415,452,141,128.53,2026-04-21 13:45:00,online
12416,283,100,22.48,2026-04-21 13:52:00,presencial
12417,17,156,28.05,2026-04-21 14:08:00,presencial
12418,384,134,21.27,2026-04-21 14:13:00,online
12419,293,112,46.06,2026-04-21 14:19:00,presencial
12420,179,147,398.36,2026-04-21 14:54:00,online
12421,190,194,0.95,2026-04-21 15:05:00,presencial
12422,35,120,42.41,2026-04-21 15:05:00,online
12423,524,35,162.69,2026-04-21 15:10:00,presencial
12424,99,24,25.38,2026-04-21 15:25:00,presencial
12425,488,110,79.81,2026-04-21 15:39:00,online
12426,584,87,163.22,2026-04-21 16:44:00,online
12427,28,122,32.99,2026-04-21 16:48:00,presencial
12428,375,134,21.81,2026-04-21 16:54:00,online
12429,41,38,125.08,2026-04-21 17:20:00,presencial
12430,499,149,77.08,2026-04-21 17:23:00,presencial
12431,305,199,41.74,2026-04-21 17:27:00,presencial
12432,13,65,87.56,2026-04-21 17:37:00,online
12433,464,186,128.56,2026-04-21 17:39:00,online
12434,460,186,42.17,2026-04-21 17:47:00,online
12435,555,84,62.55,2026-04-21 17:56:00,presencial
12436,291,160,79.42,2026-04-21 18:37:00,presencial
12437,560,187,26.9,2026-04-21 18:48:00,presencial
12438,400,171,165.14,2026-04-21 18:53:00,presencial
12439,316,78,14.38,2026-04-21 19:01:00,presencial
12440,215,134,38.69,2026-04-21 19:15:00,online
12441,176,119,103.99,2026-04-21 19:27:00,presencial
12442,373,83,13.98,2026-04-21 20:50:00,online
12443,444,128,116.57,2026-04-21 20:58:00,online
12444,22,187,55.11,2026-04-21 21:15:00,presencial
12445,248,6,192.04,2026-04-21 21:19:00,presencial
12446,28,181,87.71,2026-04-21 21:21:00,presencial
12447,238,74,37.37,2026-04-21 21:29:00,presencial
12448,480,166,57.67,2026-04-21 21:48:00,presencial
12449,415,22,60.0,2026-04-21 21:58:00,presencial
12450,75,179,413.89,2026-04-21 22:13:00,online
12451,431,90,49.07,2026-04-21 22:15:00,presencial
12452,9,184,38.41,2026-04-21 22:26:00,presencial
12453,8,86,36.05,2026-04-21 22:27:00,presencial
12454,548,150,55.02,2026-04-21 22:54:00,presencial
12455,20,120,12.84,2026-04-21 23:02:00,presencial
12456,160,41,29.34,2026-04-21 23:03:00,presencial
12457,80,50,14.68,2026-04-21 23:05:00,online
12458,350,108,16.95,2026-04-21 23:30:00,presencial
12459,314,98,108.26,2026-04-21 23:36:00,online
12460,504,124,46.01,2026-04-21 23:36:00,online
12461,593,162,19.77,2026-04-21 23:37:00,presencial
12462,448,155,37.89,2026-04-21 23:45:00,online
12463,281,12,34.1,2026-04-21 23:52:00,presencial
12464,28,100,47.37,2026-04-22 00:23:00,presencial
12465,554,30,8.52,2026-04-22 00:23:00,presencial
12466,337,103,13.46,2026-04-22 00:47:00,online
12467,131,108,9.16,2026-04-22 01:15:00,presencial
12468,326,200,16.62,2026-04-22 01:19:00,online
12469,236,78,20.19,2026-04-22 01:32:00,online
12470,211,91,14.32,2026-04-22 01:35:00,presencial
12471,272,103,103.63,2026-04-22 01:59:00,online
12472,453,27,338.3,2026-04-22 02:05:00,presencial
12473,99,12,110.85,2026-04-22 02:06:00,presencial
12474,579,142,24.0,2026-04-22 02:19:00,presencial
12475,38,61,56.33,2026-04-22 02:25:00,presencial
12476,89,73,41.55,2026-04-22 02:56:00,online
12477,406,199,22.88,2026-04-22 02:58:00,online
12478,88,50,191.94,2026-04-22 03:11:00,online
12479,467,181,406.64,2026-04-22 03:14:00,online
12480,441,126,8.87,2026-04-22 03:19:00,presencial
12481,258,54,217.96,2026-04-22 03:35:00,presencial
12482,273,191,23.33,2026-04-22 03:38:00,presencial
12483,600,125,33.5,2026-04-22 03:49:00,presencial
12484,478,63,61.0,2026-04-22 04:17:00,online
12485,380,91,245.29,2026-04-22 04:19:00,presencial
12486,85,75,60.91,2026-04-22 04:30:00,online
12487,354,170,70.37,2026-04-22 04:39:00,presencial
12488,24,94,114.29,2026-04-22 04:48:00,online
12489,152,8,135.95,2026-04-22 04:50:00,presencial
12490,419,138,78.43,2026-04-22 04:50:00,presencial
12491,245,152,136.88,2026-04-22 04:50:00,presencial
12492,597,80,23.16,2026-04-22 05:00:00,presencial
12493,564,185,6.63,2026-04-22 05:25:00,presencial
12494,57,86,332.79,2026-04-22 05:42:00,presencial
12495,531,53,14.28,2026-04-22 05:47:00,presencial
12496,519,141,24.85,2026-04-22 06:01:00,presencial
12497,64,26,31.04,2026-04-22 06:04:00,presencial
12498,232,198,25.68,2026-04-22 06:28:00,online
12499,570,137,20.11,2026-04-22 07:15:00,presencial
12500,11,64,74.44,2026-04-22 07:19:00,presencial
12501,36,17,75.31,2026-04-22 07:20:00,online
12502,307,118,88.41,2026-04-22 07:23:00,presencial
12503,572,118,82.51,2026-04-22 07:29:00,online
12504,168,159,28.27,2026-04-22 07:48:00,online
12505,464,57,28.21,2026-04-22 08:05:00,presencial
12506,417,43,153.1,2026-04-22 08:15:00,presencial
12507,88,83,25.19,2026-04-22 08:17:00,presencial
12508,173,164,24.65,2026-04-22 08:21:00,presencial
12509,375,182,124.27,2026-04-22 08:21:00,presencial
12510,290,71,43.8,2026-04-22 08:36:00,presencial
12511,143,10,25.65,2026-04-22 08:41:00,presencial
12512,121,23,25.91,2026-04-22 08:43:00,presencial
12513,335,109,153.9,2026-04-22 08:50:00,presencial
12514,497,5,85.17,2026-04-22 09:11:00,presencial
12515,248,145,57.99,2026-04-22 09:13:00,presencial
12516,556,7,12.39,2026-04-22 09:15:00,online
12517,401,85,58.26,2026-04-22 09:36:00,online
12518,243,160,35.37,2026-04-22 09:43:00,presencial
12519,425,94,16.38,2026-04-22 09:47:00,presencial
12520,270,135,23.06,2026-04-22 10:33:00,presencial
12521,455,67,96.14,2026-04-22 10:51:00,online
12522,590,159,175.33,2026-04-22 10:55:00,presencial
12523,473,86,13.97,2026-04-22 12:02:00,online
12524,86,151,16.05,2026-04-22 12:32:00,online
12525,43,191,95.92,2026-04-22 12:58:00,presencial
12526,486,77,28.5,2026-04-22 13:00:00,presencial
12527,509,47,82.11,2026-04-22 13:02:00,presencial
12528,341,187,28.08,2026-04-22 13:10:00,online
12529,147,137,84.33,2026-04-22 13:11:00,presencial
12530,529,176,9.86,2026-04-22 14:02:00,presencial
12531,270,76,81.8,2026-04-22 14:16:00,presencial
12532,176,70,4.44,2026-04-22 14:16:00,online
12533,220,25,123.7,2026-04-22 14:32:00,online
12534,178,155,43.06,2026-04-22 14:43:00,presencial
12535,170,169,72.63,2026-04-22 14:44:00,presencial
12536,196,164,58.02,2026-04-22 14:53:00,presencial
12537,405,59,6.85,2026-04-22 15:02:00,presencial
12538,10,98,201.04,2026-04-22 15:07:00,presencial
12539,218,99,64.58,2026-04-22 15:09:00,online
12540,102,25,102.72,2026-04-22 16:01:00,online
12541,389,1,18.56,2026-04-22 16:14:00,online
12542,597,67,58.26,2026-04-22 16:41:00,presencial
12543,473,103,10.58,2026-04-22 16:44:00,presencial
12544,150,198,52.68,2026-04-22 16:55:00,presencial
12545,308,175,15.9,2026-04-22 17:10:00,presencial
12546,12,144,11025.42,2026-04-22 17:11:00,presencial
12547,248,193,86.98,2026-04-22 17:51:00,presencial
12548,168,155,193.24,2026-04-22 17:59:00,online
12549,302,106,33.97,2026-04-22 18:03:00,online
12550,246,183,69.33,2026-04-22 18:07:00,presencial
12551,410,184,121.01,2026-04-22 18:10:00,online
12552,329,41,13.74,2026-04-22 18:22:00,online
12553,564,57,21.33,2026-04-22 18:23:00,online
12554,42,194,130.29,2026-04-22 18:30:00,online
12555,567,2,35.17,2026-04-22 18:31:00,presencial
12556,475,104,19.64,2026-04-22 18:59:00,online
12557,428,77,22.33,2026-04-22 19:43:00,presencial
12558,496,149,11.65,2026-04-22 20:13:00,presencial
12559,31,192,5.18,2026-04-22 20:14:00,online
12560,128,64,6.92,2026-04-22 20:34:00,online
12561,1,45,47.01,2026-04-22 20:42:00,online
12562,480,66,93.58,2026-04-22 20:47:00,presencial
12563,213,144,713.96,2026-04-22 20:57:00,online
12564,217,72,42.71,2026-04-22 21:36:00,presencial
12565,367,129,10.94,2026-04-22 21:40:00,presencial
12566,254,70,43.32,2026-04-22 21:52:00,online
12567,383,149,96.86,2026-04-22 21:53:00,online
12568,562,13,138.82,2026-04-22 22:06:00,presencial
12569,200,69,124.76,2026-04-22 22:08:00,online
12570,536,62,83.94,2026-04-22 22:09:00,online
12571,320,120,49.64,2026-04-22 22:13:00,presencial
12572,226,130,100.53,2026-04-22 22:26:00,presencial
12573,552,146,12.14,2026-04-22 22:43:00,online
12574,293,181,4.91,2026-04-22 23:00:00,presencial
12575,77,160,447.01,2026-04-22 23:19:00,presencial
12576,172,9,42.45,2026-04-22 23:39:00,presencial
12577,508,136,80.42,2026-04-22 23:56:00,online
12578,310,4,2.05,2026-04-23 00:17:00,online
12579,337,83,244.54,2026-04-23 00:31:00,online
12580,410,119,159.41,2026-04-23 00:54:00,online
12581,117,64,7.99,2026-04-23 01:45:00,presencial
12582,56,140,31.53,2026-04-23 02:01:00,presencial
12583,265,160,59.91,2026-04-23 02:06:00,online
12584,552,122,11.13,2026-04-23 02:07:00,online
12585,77,105,76.53,2026-04-23 02:11:00,presencial
12586,432,195,141.2,2026-04-23 02:42:00,presencial
12587,588,131,63.86,2026-04-23 02:42:00,online
12588,59,46,7.98,2026-04-23 02:45:00,presencial
12589,80,132,14.29,2026-04-23 02:49:00,presencial
12590,522,97,39.01,2026-04-23 03:15:00,presencial
12591,66,5,33.97,2026-04-23 03:23:00,presencial
12592,447,184,34.74,2026-04-23 03:38:00,presencial
12593,479,160,33.41,2026-04-23 03:40:00,online
12594,188,124,6.14,2026-04-23 03:43:00,online
12595,175,135,108.44,2026-04-23 03:48:00,presencial
12596,313,116,89.12,2026-04-23 03:53:00,presencial
12597,304,69,79.41,2026-04-23 04:54:00,online
12598,517,187,71.71,2026-04-23 05:10:00,online
12599,356,111,32.7,2026-04-23 05:23:00,presencial
12600,581,68,22.92,2026-04-23 05:38:00,online
12601,144,137,14.59,2026-04-23 05:40:00,presencial
12602,169,32,244.01,2026-04-23 05:43:00,online
12603,145,64,43.7,2026-04-23 05:47:00,online
12604,391,26,7.19,2026-04-23 05:48:00,presencial
12605,21,18,43.29,2026-04-23 05:50:00,presencial
12606,517,165,4.51,2026-04-23 05:53:00,presencial
12607,464,88,58.72,2026-04-23 05:58:00,presencial
12608,593,172,52.31,2026-04-23 06:04:00,presencial
12609,576,128,24.63,2026-04-23 06:41:00,presencial
12610,43,47,15.9,2026-04-23 07:05:00,presencial
12611,449,43,82.99,2026-04-23 07:18:00,online
12612,303,92,40.8,2026-04-23 07:19:00,online
12613,442,19,5.28,2026-04-23 07:30:00,presencial
12614,525,117,168.05,2026-04-23 08:01:00,online
12615,350,92,15.9,2026-04-23 08:34:00,presencial
12616,2,28,10.49,2026-04-23 08:58:00,online
12617,519,105,199.25,2026-04-23 09:06:00,online
12618,263,170,143.39,2026-04-23 09:14:00,online
12619,276,182,28.15,2026-04-23 09:22:00,presencial
12620,351,84,11.27,2026-04-23 10:02:00,online
12621,547,15,16.43,2026-04-23 10:04:00,presencial
12622,316,173,27.63,2026-04-23 10:53:00,online
12623,125,111,170.34,2026-04-23 10:57:00,online
12624,440,153,185.77,2026-04-23 10:57:00,presencial
12625,380,10,53.66,2026-04-23 10:58:00,online
12626,40,59,91.39,2026-04-23 11:20:00,online
12627,320,58,35.51,2026-04-23 11:26:00,online
12628,472,144,17.11,2026-04-23 11:50:00,presencial
12629,531,137,8.58,2026-04-23 12:23:00,presencial
12630,170,149,63.77,2026-04-23 12:28:00,online
12631,314,80,120.35,2026-04-23 12:55:00,online
12632,495,63,25.49,2026-04-23 13:05:00,presencial
12633,351,38,165.05,2026-04-23 13:17:00,presencial
12634,252,51,29.27,2026-04-23 13:32:00,presencial
12635,111,33,49.01,2026-04-23 13:36:00,online
12636,26,165,35.05,2026-04-23 13:45:00,presencial
12637,415,136,174.18,2026-04-23 14:00:00,presencial
12638,579,136,76.86,2026-04-23 14:03:00,online
12639,361,178,41.92,2026-04-23 14:10:00,presencial
12640,469,148,48.63,2026-04-23 14:19:00,presencial
12641,407,65,12.09,2026-04-23 14:31:00,presencial
12642,209,63,3.83,2026-04-23 14:56:00,presencial
12643,314,26,24.91,2026-04-23 15:12:00,online
12644,163,145,36.11,2026-04-23 15:12:00,presencial
12645,134,175,80.19,2026-04-23 15:36:00,presencial
12646,354,143,37.36,2026-04-23 15:38:00,presencial
12647,388,95,26.68,2026-04-23 15:45:00,online
12648,593,67,1.75,2026-04-23 15:56:00,presencial
12649,142,88,79.83,2026-04-23 16:02:00,online
12650,175,55,56.38,2026-04-23 16:11:00,presencial
12651,100,34,109.42,2026-04-23 16:16:00,presencial
12652,569,87,46.06,2026-04-23 16:24:00,presencial
12653,469,48,157.83,2026-04-23 16:26:00,online
12654,199,148,24.4,2026-04-23 16:31:00,presencial
12655,582,182,42.75,2026-04-23 16:40:00,online
12656,423,39,58.24,2026-04-23 16:41:00,online
12657,286,2,92.38,2026-04-23 16:42:00,online
12658,230,175,70.67,2026-04-23 16:43:00,presencial
12659,342,59,75.59,2026-04-23 16:45:00,presencial
12660,52,52,60.08,2026-04-23 16:55:00,presencial
12661,104,172,36.16,2026-04-23 17:00:00,presencial
12662,562,168,120.47,2026-04-23 17:06:00,presencial
12663,124,117,7.09,2026-04-23 17:16:00,presencial
12664,99,32,22.37,2026-04-23 17:18:00,online
12665,516,142,257.5,2026-04-23 17:53:00,online
12666,567,148,21.33,2026-04-23 18:02:00,presencial
12667,491,89,41.02,2026-04-23 18:04:00,presencial
12668,62,113,205.73,2026-04-23 18:19:00,online
12669,504,108,38.91,2026-04-23 18:30:00,online
12670,161,133,17.86,2026-04-23 19:04:00,online
12671,7,104,167.03,2026-04-23 19:04:00,online
12672,553,195,32.52,2026-04-23 19:09:00,online
12673,161,8,35.05,2026-04-23 19:09:00,online
12674,396,11,5.06,2026-04-23 19:35:00,online
12675,45,31,38.86,2026-04-23 19:37:00,online
12676,114,30,94.75,2026-04-23 19:39:00,online
12677,529,100,27.83,2026-04-23 19:50:00,presencial
12678,356,16,10.92,2026-04-23 19:53:00,online
12679,600,39,26.35,2026-04-23 20:10:00,online
12680,109,104,22.72,2026-04-23 20:18:00,online
12681,535,180,33.82,2026-04-23 20:26:00,presencial
12682,525,161,25.3,2026-04-23 20:37:00,presencial
12683,555,44,278.95,2026-04-23 20:49:00,presencial
12684,30,11,62.34,2026-04-23 21:01:00,online
12685,63,148,6.59,2026-04-23 21:11:00,online
12686,318,156,48.36,2026-04-23 21:39:00,online
12687,70,186,42.78,2026-04-23 21:48:00,presencial
12688,39,87,166.32,2026-04-23 21:58:00,presencial
12689,487,12,37.65,2026-04-23 22:34:00,online
12690,418,189,36.48,2026-04-23 22:56:00,presencial
12691,507,58,346.99,2026-04-23 22:57:00,presencial
12692,562,77,13.79,2026-04-23 23:01:00,online
12693,86,83,107.5,2026-04-23 23:45:00,presencial
12694,499,197,47.96,2026-04-23 23:53:00,presencial
12695,27,73,25.77,2026-04-24 00:21:00,presencial
12696,224,112,21.91,2026-04-24 00:32:00,presencial
12697,179,101,199.18,2026-04-24 01:47:00,online
12698,143,198,74.58,2026-04-24 01:57:00,online
12699,432,191,86.59,2026-04-24 02:51:00,presencial
12700,73,127,118.96,2026-04-24 03:01:00,presencial
12701,486,22,65.11,2026-04-24 03:24:00,presencial
12702,525,70,13.91,2026-04-24 04:07:00,presencial
12703,400,134,7.93,2026-04-24 04:09:00,online
12704,49,161,243.13,2026-04-24 04:19:00,presencial
12705,358,151,56.19,2026-04-24 04:29:00,presencial
12706,378,98,48.77,2026-04-24 04:41:00,presencial
12707,224,135,325.39,2026-04-24 04:53:00,presencial
12708,221,62,13.86,2026-04-24 04:57:00,presencial
12709,282,128,2.78,2026-04-24 05:03:00,presencial
12710,598,96,6.09,2026-04-24 05:10:00,online
12711,3,137,24.93,2026-04-24 05:28:00,online
12712,306,175,50.85,2026-04-24 05:36:00,presencial
12713,191,165,206.6,2026-04-24 05:41:00,presencial
12714,330,147,113.02,2026-04-24 05:45:00,online
12715,3,154,2.67,2026-04-24 06:01:00,presencial
12716,551,35,973.37,2026-04-24 06:08:00,presencial
12717,275,37,28.46,2026-04-24 06:56:00,online
12718,582,168,172.53,2026-04-24 07:26:00,online
12719,93,109,81.5,2026-04-24 07:30:00,presencial
12720,351,87,44.96,2026-04-24 07:48:00,presencial
12721,408,134,34.44,2026-04-24 07:53:00,presencial
12722,478,17,13.15,2026-04-24 08:40:00,presencial
12723,6,34,10.84,2026-04-24 08:42:00,presencial
12724,381,30,37.23,2026-04-24 09:16:00,presencial
12725,89,114,9.71,2026-04-24 09:34:00,presencial
12726,257,14,273.88,2026-04-24 10:11:00,presencial
12727,33,9,49.73,2026-04-24 10:15:00,online
12728,35,136,446.74,2026-04-24 10:37:00,online
12729,460,147,27.68,2026-04-24 10:42:00,presencial
12730,431,52,23.35,2026-04-24 11:02:00,online
12731,538,139,85.62,2026-04-24 11:17:00,presencial
12732,421,20,33.61,2026-04-24 11:22:00,online
12733,358,82,130.37,2026-04-24 12:18:00,online
12734,71,74,217.47,2026-04-24 12:23:00,presencial
12735,460,70,149.76,2026-04-24 13:32:00,online
12736,139,174,200.51,2026-04-24 14:02:00,presencial
12737,64,16,109.88,2026-04-24 14:12:00,presencial
12738,440,126,24.44,2026-04-24 14:15:00,online
12739,353,55,156.63,2026-04-24 14:32:00,presencial
12740,90,98,96.29,2026-04-24 15:09:00,online
12741,330,41,22.66,2026-04-24 15:17:00,online
12742,415,147,26.05,2026-04-24 15:57:00,presencial
12743,300,13,40.41,2026-04-24 16:27:00,online
12744,431,16,151.81,2026-04-24 16:38:00,presencial
12745,303,66,50.84,2026-04-24 16:39:00,presencial
12746,213,177,44.42,2026-04-24 16:48:00,presencial
12747,135,5,37.52,2026-04-24 16:49:00,presencial
12748,155,36,30.31,2026-04-24 16:55:00,presencial
12749,486,99,12.42,2026-04-24 17:07:00,presencial
12750,224,5,107.21,2026-04-24 17:22:00,online
12751,430,107,14.6,2026-04-24 18:03:00,online
12752,216,73,48.15,2026-04-24 18:22:00,presencial
12753,316,130,28.51,2026-04-24 18:47:00,presencial
12754,365,12,103.85,2026-04-24 19:06:00,online
12755,287,36,30.69,2026-04-24 19:13:00,presencial
12756,447,34,14.78,2026-04-24 19:27:00,online
12757,555,148,132.72,2026-04-24 19:35:00,presencial
12758,518,148,18.02,2026-04-24 19:37:00,presencial
12759,553,24,52.99,2026-04-24 19:46:00,presencial
12760,18,81,181.49,2026-04-24 20:04:00,presencial
12761,456,141,20.02,2026-04-24 20:10:00,online
12762,436,2,39.89,2026-04-24 20:26:00,presencial
12763,248,21,27.82,2026-04-24 20:35:00,online
12764,189,129,51.66,2026-04-24 20:42:00,presencial
12765,32,113,41.46,2026-04-24 20:42:00,online
12766,504,142,123.03,2026-04-24 20:45:00,online
12767,505,94,22.58,2026-04-24 21:05:00,presencial
12768,46,181,181.56,2026-04-24 21:14:00,online
12769,350,26,261.16,2026-04-24 21:16:00,online
12770,331,31,59.28,2026-04-24 21:52:00,online
12771,104,128,18.74,2026-04-24 22:03:00,presencial
12772,330,172,42.72,2026-04-24 22:56:00,online
12773,488,5,38.96,2026-04-24 22:58:00,online
12774,196,142,314.07,2026-04-24 23:01:00,online
12775,436,195,39.91,2026-04-24 23:12:00,online
12776,583,113,204.6,2026-04-25 00:26:00,presencial
12777,273,167,50.53,2026-04-25 01:10:00,online
12778,65,53,47.01,2026-04-25 01:13:00,presencial
12779,179,161,30.27,2026-04-25 01:18:00,online
12780,82,92,33.54,2026-04-25 01:59:00,presencial
12781,212,60,118.95,2026-04-25 02:13:00,presencial
12782,387,40,20.01,2026-04-25 02:21:00,online
12783,122,171,128.47,2026-04-25 02:48:00,presencial
12784,309,144,218.1,2026-04-25 02:53:00,presencial
12785,599,158,23.31,2026-04-25 03:14:00,presencial
12786,159,141,168.81,2026-04-25 03:22:00,presencial
12787,528,52,141.61,2026-04-25 03:40:00,online
12788,183,39,116.3,2026-04-25 03:40:00,presencial
12789,369,130,22.21,2026-04-25 03:53:00,presencial
12790,95,51,39.2,2026-04-25 04:06:00,presencial
12791,161,130,39.14,2026-04-25 04:16:00,presencial
12792,521,181,445.74,2026-04-25 04:24:00,presencial
12793,354,150,44.21,2026-04-25 04:42:00,presencial
12794,342,95,36.54,2026-04-25 05:07:00,presencial
12795,307,182,12.65,2026-04-25 05:28:00,online
12796,147,111,15.35,2026-04-25 05:52:00,online
12797,558,94,21.06,2026-04-25 05:58:00,presencial
12798,237,192,66.52,2026-04-25 06:27:00,presencial
12799,7,68,9.33,2026-04-25 06:30:00,online
12800,545,42,21.49,2026-04-25 06:44:00,online
12801,28,28,5.77,2026-04-25 06:55:00,presencial
12802,533,126,208.95,2026-04-25 07:06:00,presencial
12803,160,102,50.25,2026-04-25 07:14:00,online
12804,42,155,62.89,2026-04-25 07:36:00,presencial
12805,133,30,13.48,2026-04-25 07:41:00,presencial
12806,393,64,160.36,2026-04-25 07:47:00,presencial
12807,328,25,233.54,2026-04-25 07:52:00,presencial
12808,92,62,48.12,2026-04-25 08:22:00,online
12809,181,193,26.39,2026-04-25 08:31:00,presencial
12810,127,180,82.06,2026-04-25 08:38:00,online
12811,392,100,100.31,2026-04-25 08:47:00,presencial
12812,519,20,116.44,2026-04-25 08:49:00,presencial
12813,154,199,92.78,2026-04-25 09:03:00,online
12814,538,32,129.07,2026-04-25 09:21:00,presencial
12815,245,21,20.87,2026-04-25 09:32:00,online
12816,50,83,121.89,2026-04-25 09:37:00,presencial
12817,194,189,27.13,2026-04-25 09:54:00,presencial
12818,525,160,2.83,2026-04-25 10:07:00,online
12819,486,72,26.86,2026-04-25 10:09:00,presencial
12820,438,91,24.31,2026-04-25 10:19:00,online
12821,240,13,58.27,2026-04-25 10:30:00,presencial
12822,466,55,112.37,2026-04-25 10:48:00,presencial
12823,427,135,55.26,2026-04-25 11:10:00,online
12824,476,85,407.28,2026-04-25 11:15:00,presencial
12825,335,196,25.09,2026-04-25 11:44:00,presencial
12826,305,90,5.02,2026-04-25 11:50:00,presencial
12827,581,170,60.69,2026-04-25 12:00:00,online
12828,569,146,24.55,2026-04-25 12:07:00,presencial
12829,322,102,13.54,2026-04-25 12:15:00,online
12830,121,174,32.22,2026-04-25 12:51:00,online
12831,246,175,18.88,2026-04-25 13:07:00,presencial
12832,303,65,21.05,2026-04-25 13:13:00,presencial
12833,407,56,238.59,2026-04-25 13:48:00,presencial
12834,192,142,51.25,2026-04-25 13:52:00,presencial
12835,28,6,33.38,2026-04-25 14:24:00,online
12836,494,141,259.14,2026-04-25 15:01:00,online
12837,570,88,32.3,2026-04-25 15:12:00,online
12838,50,154,11.55,2026-04-25 15:16:00,presencial
12839,192,27,10.39,2026-04-25 15:24:00,presencial
12840,261,116,40.94,2026-04-25 15:44:00,presencial
12841,457,108,7.34,2026-04-25 15:47:00,online
12842,465,3,12.31,2026-04-25 15:57:00,presencial
12843,206,105,29.39,2026-04-25 16:17:00,online
12844,188,132,155.26,2026-04-25 16:18:00,presencial
12845,244,82,185.12,2026-04-25 16:57:00,presencial
12846,145,123,92.35,2026-04-25 17:02:00,online
12847,262,66,44.51,2026-04-25 17:10:00,presencial
12848,158,123,23.87,2026-04-25 17:12:00,online
12849,37,49,68.52,2026-04-25 17:34:00,online
12850,429,57,317.4,2026-04-25 17:34:00,presencial
12851,473,15,52.22,2026-04-25 17:51:00,presencial
12852,173,20,26.89,2026-04-25 18:05:00,presencial
12853,241,27,37.58,2026-04-25 18:21:00,online
12854,242,38,33.34,2026-04-25 18:28:00,online
12855,14,144,81.75,2026-04-25 19:15:00,online
12856,328,44,19.3,2026-04-25 19:33:00,online
12857,276,72,69.88,2026-04-25 19:49:00,online
12858,565,35,83.51,2026-04-25 19:52:00,presencial
12859,224,85,65.26,2026-04-25 19:53:00,presencial
12860,477,49,13.53,2026-04-25 19:58:00,presencial
12861,235,66,37.92,2026-04-25 20:25:00,presencial
12862,112,14,25.04,2026-04-25 20:29:00,presencial
12863,210,101,41.21,2026-04-25 20:52:00,presencial
12864,530,54,21.47,2026-04-25 21:02:00,online
12865,154,131,175.51,2026-04-25 21:03:00,presencial
12866,507,200,54.9,2026-04-25 21:07:00,presencial
12867,400,98,7.54,2026-04-25 21:09:00,presencial
12868,448,103,10.35,2026-04-25 21:23:00,online
12869,452,167,168.21,2026-04-25 21:37:00,presencial
12870,311,69,36.67,2026-04-25 21:39:00,presencial
12871,362,29,29.11,2026-04-25 21:55:00,online
12872,42,145,154.69,2026-04-25 21:57:00,presencial
12873,420,130,37.84,2026-04-25 22:04:00,presencial
12874,427,94,12.01,2026-04-25 22:10:00,presencial
12875,63,78,12.93,2026-04-25 22:33:00,online
12876,312,6,89.14,2026-04-25 22:42:00,presencial
12877,306,112,416.72,2026-04-25 23:08:00,presencial
12878,186,110,112.56,2026-04-25 23:17:00,online
12879,40,104,29.37,2026-04-25 23:19:00,online
12880,6,61,34.83,2026-04-25 23:25:00,online
12881,126,31,47.15,2026-04-25 23:34:00,presencial
12882,139,115,4.85,2026-04-25 23:35:00,online
12883,128,125,45.87,2026-04-25 23:36:00,online
12884,364,35,84.99,2026-04-25 23:56:00,online
12885,253,25,314.26,2026-04-25 23:59:00,online
12886,68,97,148.38,2026-04-26 00:32:00,presencial
12887,51,10,373.5,2026-04-26 00:35:00,presencial
12888,394,39,283.91,2026-04-26 00:38:00,presencial
12889,561,128,207.3,2026-04-26 00:39:00,presencial
12890,492,60,46.01,2026-04-26 01:16:00,presencial
12891,455,93,65.32,2026-04-26 01:23:00,online
12892,191,138,7.12,2026-04-26 01:33:00,presencial
12893,423,36,51.59,2026-04-26 01:43:00,online
12894,50,46,83.33,2026-04-26 02:06:00,presencial
12895,103,60,32.73,2026-04-26 02:14:00,online
12896,84,84,8.2,2026-04-26 02:23:00,presencial
12897,111,112,254.95,2026-04-26 02:36:00,presencial
12898,215,15,69.87,2026-04-26 02:47:00,presencial
12899,27,95,296.69,2026-04-26 02:59:00,online
12900,489,138,101.13,2026-04-26 03:02:00,presencial
12901,430,171,201.4,2026-04-26 04:07:00,online
12902,381,108,160.68,2026-04-26 04:23:00,presencial
12903,106,126,21.17,2026-04-26 04:27:00,presencial
12904,521,163,25.54,2026-04-26 04:40:00,online
12905,4,146,27.9,2026-04-26 05:01:00,presencial
12906,597,108,15.44,2026-04-26 05:02:00,presencial
12907,437,114,311.57,2026-04-26 05:06:00,online
12908,122,199,46.83,2026-04-26 05:20:00,presencial
12909,119,152,74.1,2026-04-26 05:32:00,online
12910,417,49,10.34,2026-04-26 05:38:00,presencial
12911,485,91,110.0,2026-04-26 06:14:00,online
12912,280,149,28.49,2026-04-26 06:16:00,online
12913,37,105,178.94,2026-04-26 06:25:00,presencial
12914,297,87,21.03,2026-04-26 06:41:00,online
12915,288,122,193.46,2026-04-26 06:53:00,online
12916,196,76,125.83,2026-04-26 07:02:00,online
12917,542,136,26.78,2026-04-26 07:10:00,online
12918,206,147,212.65,2026-04-26 07:32:00,online
12919,147,180,158.17,2026-04-26 07:33:00,presencial
12920,406,192,76.6,2026-04-26 08:26:00,presencial
12921,371,143,14.98,2026-04-26 08:53:00,presencial
12922,373,152,107.78,2026-04-26 08:56:00,presencial
12923,303,155,48.07,2026-04-26 09:03:00,presencial
12924,192,67,47.19,2026-04-26 09:15:00,presencial
12925,155,184,48.48,2026-04-26 09:23:00,presencial
12926,72,102,43.24,2026-04-26 09:24:00,presencial
12927,112,174,17.25,2026-04-26 09:27:00,presencial
12928,347,44,8.44,2026-04-26 09:56:00,presencial
12929,244,63,6.73,2026-04-26 10:15:00,presencial
12930,444,125,62.13,2026-04-26 10:55:00,online
12931,483,116,3.11,2026-04-26 11:04:00,presencial
12932,336,81,99.37,2026-04-26 11:29:00,online
12933,63,45,78.01,2026-04-26 11:32:00,online
12934,3,46,32.04,2026-04-26 11:33:00,online
12935,138,146,138.27,2026-04-26 11:44:00,presencial
12936,170,5,33.58,2026-04-26 11:46:00,presencial
12937,45,24,70.84,2026-04-26 11:54:00,presencial
12938,468,186,5.19,2026-04-26 11:58:00,presencial
12939,221,196,3.8,2026-04-26 12:26:00,presencial
12940,446,16,34.51,2026-04-26 12:37:00,presencial
12941,126,29,71.17,2026-04-26 12:37:00,presencial
12942,7,66,127.14,2026-04-26 12:47:00,presencial
12943,83,118,36.78,2026-04-26 13:20:00,online
12944,283,39,58.63,2026-04-26 13:30:00,presencial
12945,288,197,106.15,2026-04-26 13:37:00,presencial
12946,263,99,38.84,2026-04-26 13:40:00,presencial
12947,576,108,85.28,2026-04-26 14:31:00,presencial
12948,392,39,12.91,2026-04-26 14:33:00,presencial
12949,440,62,7.23,2026-04-26 14:38:00,presencial
12950,75,148,24.85,2026-04-26 14:43:00,presencial
12951,280,127,104.82,2026-04-26 14:48:00,online
12952,373,45,20.45,2026-04-26 15:05:00,online
12953,351,89,91.46,2026-04-26 15:10:00,online
12954,569,38,14.44,2026-04-26 15:14:00,presencial
12955,286,82,23.55,2026-04-26 15:18:00,online
12956,224,44,58.34,2026-04-26 15:19:00,presencial
12957,567,196,21.45,2026-04-26 15:41:00,online
12958,203,60,25.85,2026-04-26 15:42:00,presencial
12959,343,95,2.54,2026-04-26 16:01:00,online
12960,17,129,112.52,2026-04-26 16:34:00,online
12961,100,9,39.23,2026-04-26 16:35:00,presencial
12962,35,42,15.8,2026-04-26 16:54:00,presencial
12963,251,198,335.58,2026-04-26 16:56:00,online
12964,559,140,18.76,2026-04-26 17:16:00,presencial
12965,43,49,25.35,2026-04-26 17:44:00,presencial
12966,586,87,15.52,2026-04-26 17:45:00,presencial
12967,522,172,150.53,2026-04-26 18:00:00,online
12968,4,40,216.41,2026-04-26 18:06:00,online
12969,10,60,193.89,2026-04-26 18:09:00,presencial
12970,541,49,191.87,2026-04-26 18:09:00,online
12971,352,133,23.17,2026-04-26 18:29:00,presencial
12972,105,106,281.37,2026-04-26 18:31:00,presencial
12973,573,101,36.05,2026-04-26 18:56:00,presencial
12974,337,76,8.19,2026-04-26 19:09:00,presencial
12975,382,66,27.96,2026-04-26 19:25:00,presencial
12976,407,103,63.98,2026-04-26 19:45:00,online
12977,121,160,21.99,2026-04-26 19:46:00,presencial
12978,216,163,52.54,2026-04-26 20:05:00,presencial
12979,78,157,80.66,2026-04-26 20:13:00,online
12980,318,10,70.22,2026-04-26 20:29:00,presencial
12981,593,99,91.89,2026-04-26 20:43:00,presencial
12982,377,79,36.67,2026-04-26 20:57:00,presencial
12983,416,188,20.09,2026-04-26 20:58:00,online
12984,117,84,8.87,2026-04-26 21:01:00,presencial
12985,326,50,40.58,2026-04-26 21:02:00,presencial
12986,597,51,24.76,2026-04-26 21:18:00,presencial
12987,53,39,39.24,2026-04-26 21:53:00,online
12988,123,89,4.58,2026-04-26 22:07:00,presencial
12989,432,53,8.41,2026-04-26 22:07:00,online
12990,7,114,78.33,2026-04-26 22:27:00,presencial
12991,124,47,7.4,2026-04-26 22:37:00,presencial
12992,567,117,36.27,2026-04-26 23:41:00,online
12993,12,124,17.92,2026-04-26 23:57:00,online
12994,258,134,16.71,2026-04-27 00:02:00,online
12995,198,177,49.1,2026-04-27 00:34:00,online
12996,240,16,46.13,2026-04-27 00:41:00,online
12997,155,11,81.52,2026-04-27 00:44:00,online
12998,166,93,13.3,2026-04-27 00:52:00,presencial
12999,457,104,16.9,2026-04-27 01:20:00,presencial
13000,16,152,153.78,2026-04-27 01:25:00,presencial
13001,78,46,34.91,2026-04-27 01:32:00,online
13002,159,92,66.85,2026-04-27 01:37:00,presencial
13003,496,123,25.87,2026-04-27 01:48:00,presencial
13004,236,132,73.76,2026-04-27 01:51:00,presencial
13005,21,109,2.89,2026-04-27 03:12:00,online
13006,313,119,158.62,2026-04-27 03:32:00,presencial
13007,377,33,27.09,2026-04-27 03:36:00,online
13008,275,93,11.32,2026-04-27 03:55:00,presencial
13009,54,109,13.89,2026-04-27 04:03:00,presencial
13010,528,16,33.45,2026-04-27 04:22:00,online
13011,515,194,39.59,2026-04-27 04:48:00,presencial
13012,547,127,52.21,2026-04-27 04:57:00,presencial
13013,579,144,12.04,2026-04-27 05:29:00,online
13014,191,107,116.55,2026-04-27 06:01:00,presencial
13015,253,187,25.11,2026-04-27 06:10:00,presencial
13016,576,2,23.77,2026-04-27 06:11:00,presencial
13017,270,192,34.85,2026-04-27 06:14:00,presencial
13018,519,42,92.68,2026-04-27 06:23:00,presencial
13019,389,177,43.06,2026-04-27 06:29:00,presencial
13020,557,13,24.62,2026-04-27 06:40:00,presencial
13021,7,63,31.31,2026-04-27 06:42:00,online
13022,424,115,170.9,2026-04-27 06:42:00,presencial
13023,481,132,142.72,2026-04-27 06:46:00,presencial
13024,119,4,66.85,2026-04-27 06:55:00,online
13025,442,72,52.64,2026-04-27 06:59:00,online
13026,118,169,569.62,2026-04-27 07:20:00,presencial
13027,543,37,74.43,2026-04-27 07:20:00,presencial
13028,546,190,54.53,2026-04-27 07:27:00,presencial
13029,3,143,35.79,2026-04-27 07:29:00,online
13030,305,196,66.19,2026-04-27 07:58:00,online
13031,230,181,1.57,2026-04-27 08:05:00,online
13032,535,46,138.45,2026-04-27 08:09:00,presencial
13033,193,189,11.03,2026-04-27 08:33:00,presencial
13034,433,100,20.29,2026-04-27 08:39:00,presencial
13035,71,52,9.58,2026-04-27 08:53:00,online
13036,128,179,19.88,2026-04-27 09:39:00,presencial
13037,592,95,30.74,2026-04-27 09:44:00,presencial
13038,231,138,118.9,2026-04-27 09:53:00,presencial
13039,460,123,184.56,2026-04-27 09:57:00,online
13040,581,60,378.12,2026-04-27 10:45:00,online
13041,580,197,50.02,2026-04-27 11:21:00,presencial
13042,12,167,35.13,2026-04-27 11:33:00,presencial
13043,140,106,105.37,2026-04-27 11:51:00,online
13044,429,115,17.47,2026-04-27 12:08:00,online
13045,557,14,15.45,2026-04-27 12:30:00,presencial
13046,588,146,29.85,2026-04-27 12:48:00,online
13047,433,182,43.07,2026-04-27 13:25:00,online
13048,63,194,4.6,2026-04-27 13:48:00,presencial
13049,446,112,144.55,2026-04-27 13:52:00,presencial
13050,164,200,58.21,2026-04-27 13:53:00,presencial
13051,486,160,107.56,2026-04-27 14:09:00,online
13052,329,101,7.94,2026-04-27 14:49:00,online
13053,111,161,21.51,2026-04-27 14:52:00,presencial
13054,507,32,20.34,2026-04-27 14:55:00,presencial
13055,594,136,35.77,2026-04-27 15:12:00,online
13056,304,124,43.08,2026-04-27 15:21:00,online
13057,488,99,116.34,2026-04-27 15:45:00,presencial
13058,36,129,49.83,2026-04-27 15:51:00,presencial
13059,163,171,19.78,2026-04-27 16:09:00,presencial
13060,77,115,495.95,2026-04-27 16:15:00,presencial
13061,171,76,33.38,2026-04-27 16:17:00,online
13062,226,85,16.49,2026-04-27 16:18:00,online
13063,259,114,5.62,2026-04-27 16:41:00,presencial
13064,194,117,49.38,2026-04-27 16:42:00,online
13065,327,63,95.57,2026-04-27 16:53:00,presencial
13066,132,107,12.76,2026-04-27 17:04:00,online
13067,209,58,88.9,2026-04-27 17:06:00,online
13068,505,189,49.01,2026-04-27 17:17:00,presencial
13069,338,107,6.36,2026-04-27 17:29:00,online
13070,17,168,88.97,2026-04-27 17:34:00,online
13071,197,76,33.4,2026-04-27 17:34:00,presencial
13072,498,79,12.95,2026-04-27 17:35:00,presencial
13073,109,58,128.07,2026-04-27 17:49:00,presencial
13074,554,115,125.42,2026-04-27 17:56:00,online
13075,178,124,12.65,2026-04-27 18:17:00,presencial
13076,379,114,61.73,2026-04-27 18:25:00,presencial
13077,286,168,55.9,2026-04-27 18:41:00,presencial
13078,376,103,41.48,2026-04-27 18:42:00,presencial
13079,479,165,25.35,2026-04-27 18:42:00,presencial
13080,90,12,37.97,2026-04-27 19:01:00,presencial
13081,212,73,125.51,2026-04-27 19:13:00,online
13082,341,143,70.11,2026-04-27 19:17:00,presencial
13083,157,77,5.36,2026-04-27 20:03:00,online
13084,226,147,4.23,2026-04-27 20:05:00,presencial
13085,532,119,5.8,2026-04-27 20:07:00,presencial
13086,138,97,10.03,2026-04-27 20:34:00,online
13087,114,112,19.48,2026-04-27 20:55:00,presencial
13088,350,181,27.17,2026-04-27 21:22:00,presencial
13089,60,136,41.59,2026-04-27 21:34:00,presencial
13090,1,197,43.07,2026-04-27 21:46:00,presencial
13091,522,20,42.37,2026-04-27 21:46:00,presencial
13092,166,163,157.27,2026-04-27 22:07:00,online
13093,73,179,7.07,2026-04-27 22:16:00,presencial
13094,394,186,64.54,2026-04-27 22:28:00,online
13095,289,108,64.2,2026-04-27 22:53:00,presencial
13096,274,98,11.15,2026-04-27 23:15:00,presencial
13097,264,117,80.41,2026-04-28 00:33:00,online
13098,88,183,67.35,2026-04-28 00:42:00,online
13099,516,174,42.62,2026-04-28 00:42:00,presencial
13100,1,188,3.13,2026-04-28 00:55:00,presencial
13101,290,194,129.05,2026-04-28 01:42:00,presencial
13102,163,125,57.36,2026-04-28 01:58:00,online
13103,386,52,69.68,2026-04-28 02:06:00,online
13104,330,31,1.07,2026-04-28 02:13:00,online
13105,231,180,24.91,2026-04-28 02:21:00,presencial
13106,321,31,9.23,2026-04-28 02:41:00,presencial
13107,137,15,185.45,2026-04-28 02:44:00,online
13108,79,95,13.26,2026-04-28 03:00:00,online
13109,544,149,227.51,2026-04-28 03:22:00,online
13110,369,148,127.5,2026-04-28 03:25:00,presencial
13111,393,51,57.02,2026-04-28 03:27:00,presencial
13112,600,101,155.86,2026-04-28 03:30:00,online
13113,543,179,15.82,2026-04-28 03:39:00,online
13114,351,160,19.26,2026-04-28 03:49:00,online
13115,476,184,123.3,2026-04-28 04:04:00,online
13116,317,154,15.9,2026-04-28 04:09:00,presencial
13117,143,19,10.4,2026-04-28 04:39:00,presencial
13118,374,41,31.39,2026-04-28 05:21:00,presencial
13119,548,34,16.94,2026-04-28 05:22:00,presencial
13120,528,27,347.9,2026-04-28 05:43:00,online
13121,304,172,104.89,2026-04-28 05:46:00,presencial
13122,568,142,23.72,2026-04-28 05:49:00,presencial
13123,119,183,14.86,2026-04-28 05:50:00,presencial
13124,25,65,64.88,2026-04-28 05:58:00,online
13125,242,196,165.06,2026-04-28 05:59:00,online
13126,123,187,61.56,2026-04-28 06:03:00,presencial
13127,575,22,15.7,2026-04-28 06:40:00,online
13128,70,174,9.2,2026-04-28 06:59:00,online
13129,321,23,29.49,2026-04-28 07:01:00,online
13130,464,91,63.27,2026-04-28 07:12:00,presencial
13131,67,37,26.64,2026-04-28 07:20:00,presencial
13132,28,117,135.43,2026-04-28 07:22:00,online
13133,333,4,79.83,2026-04-28 07:28:00,presencial
13134,542,170,58.04,2026-04-28 07:29:00,presencial
13135,10,96,78.12,2026-04-28 07:50:00,presencial
13136,13,175,9.7,2026-04-28 08:00:00,presencial
13137,556,87,25.84,2026-04-28 08:01:00,presencial
13138,362,112,14.24,2026-04-28 08:10:00,presencial
13139,421,148,68.23,2026-04-28 08:28:00,presencial
13140,166,195,14.48,2026-04-28 08:28:00,online
13141,188,75,48.92,2026-04-28 08:50:00,online
13142,283,105,37.3,2026-04-28 09:04:00,presencial
13143,129,65,86.49,2026-04-28 09:24:00,online
13144,266,9,11.99,2026-04-28 09:32:00,presencial
13145,573,175,73.47,2026-04-28 09:45:00,online
13146,450,113,13.78,2026-04-28 09:47:00,presencial
13147,522,75,15.48,2026-04-28 09:54:00,online
13148,298,156,38.21,2026-04-28 10:16:00,presencial
13149,473,164,166.29,2026-04-28 10:44:00,presencial
13150,253,197,17.71,2026-04-28 10:52:00,online
13151,371,88,6.32,2026-04-28 11:05:00,online
13152,439,22,15.8,2026-04-28 11:14:00,presencial
13153,495,98,29.26,2026-04-28 11:21:00,presencial
13154,556,89,349.31,2026-04-28 11:21:00,online
13155,64,42,68.52,2026-04-28 11:36:00,online
13156,477,118,19.52,2026-04-28 11:59:00,online
13157,426,83,38.27,2026-04-28 12:02:00,presencial
13158,443,177,251.66,2026-04-28 12:07:00,online
13159,9,10,34.32,2026-04-28 12:11:00,online
13160,293,144,34.77,2026-04-28 13:00:00,presencial
13161,577,121,28.62,2026-04-28 13:14:00,presencial
13162,541,47,96.13,2026-04-28 13:19:00,presencial
13163,139,71,25.08,2026-04-28 13:20:00,presencial
13164,292,172,116.69,2026-04-28 13:29:00,presencial
13165,519,73,143.89,2026-04-28 13:47:00,presencial
13166,559,133,87.78,2026-04-28 13:55:00,online
13167,199,103,34.93,2026-04-28 14:01:00,presencial
13168,482,180,9.6,2026-04-28 14:13:00,online
13169,501,133,34.94,2026-04-28 14:32:00,presencial
13170,91,167,21.43,2026-04-28 14:40:00,online
13171,20,181,18.97,2026-04-28 14:42:00,online
13172,29,26,34.35,2026-04-28 14:48:00,online
13173,88,167,75.73,2026-04-28 14:58:00,presencial
13174,445,193,22.53,2026-04-28 15:02:00,presencial
13175,234,8,9.85,2026-04-28 15:16:00,online
13176,412,91,15.57,2026-04-28 15:17:00,online
13177,54,51,286.97,2026-04-28 15:21:00,presencial
13178,362,197,81.75,2026-04-28 16:06:00,presencial
13179,448,71,15.59,2026-04-28 16:06:00,presencial
13180,586,38,184.55,2026-04-28 16:10:00,online
13181,192,20,34.33,2026-04-28 16:25:00,online
13182,328,159,547.76,2026-04-28 16:27:00,presencial
13183,290,12,59.64,2026-04-28 16:42:00,online
13184,209,61,83.27,2026-04-28 16:47:00,online
13185,384,111,112.28,2026-04-28 16:52:00,online
13186,339,9,229.2,2026-04-28 17:09:00,online
13187,500,35,27.58,2026-04-28 17:13:00,presencial
13188,18,199,208.41,2026-04-28 17:34:00,online
13189,134,92,22.51,2026-04-28 18:21:00,online
13190,348,61,30.04,2026-04-28 18:54:00,online
13191,345,174,45.14,2026-04-28 19:12:00,presencial
13192,542,17,123.04,2026-04-28 19:39:00,online
13193,405,53,31.09,2026-04-28 19:44:00,presencial
13194,3,173,274.73,2026-04-28 19:49:00,presencial
13195,294,151,192.31,2026-04-28 20:21:00,presencial
13196,508,87,46.69,2026-04-28 20:45:00,online
13197,524,197,15.45,2026-04-28 21:19:00,presencial
13198,482,116,134.46,2026-04-28 21:34:00,online
13199,287,150,4.46,2026-04-28 22:05:00,online
13200,64,197,101.03,2026-04-28 22:08:00,online
13201,128,101,18.06,2026-04-28 22:09:00,online
13202,509,97,178.02,2026-04-28 22:34:00,presencial
13203,205,133,9.73,2026-04-28 22:51:00,presencial
13204,459,14,21.58,2026-04-28 22:55:00,presencial
13205,22,86,72.38,2026-04-28 23:07:00,online
13206,295,139,86.64,2026-04-28 23:12:00,online
13207,571,76,22.45,2026-04-28 23:18:00,presencial
13208,148,143,31.02,2026-04-28 23:35:00,online
13209,19,81,127.47,2026-04-28 23:43:00,online
13210,173,39,135.3,2026-04-28 23:48:00,online
13211,38,30,30.36,2026-04-28 23:50:00,presencial
13212,368,110,22.92,2026-04-28 23:50:00,online
13213,116,39,9.92,2026-04-28 23:59:00,presencial
13214,148,74,59.09,2026-04-29 00:09:00,presencial
13215,353,104,109.28,2026-04-29 00:13:00,presencial
13216,196,10,52.8,2026-04-29 00:35:00,presencial
13217,391,85,16.16,2026-04-29 00:44:00,presencial
13218,559,63,318.99,2026-04-29 01:06:00,presencial
13219,559,63,4.42,2026-04-29 01:07:00,presencial
13220,438,182,117.45,2026-04-29 01:22:00,presencial
13221,582,185,56.73,2026-04-29 01:24:00,presencial
13222,442,61,74.85,2026-04-29 01:29:00,online
13223,41,177,18.81,2026-04-29 01:33:00,online
13224,574,45,37.8,2026-04-29 01:35:00,presencial
13225,341,70,61.72,2026-04-29 01:43:00,online
13226,4,189,40.67,2026-04-29 02:02:00,online
13227,373,21,6.21,2026-04-29 02:04:00,presencial
13228,147,77,294.05,2026-04-29 02:07:00,online
13229,321,162,91.4,2026-04-29 02:14:00,presencial
13230,395,189,46.43,2026-04-29 02:54:00,presencial
13231,17,190,49.85,2026-04-29 03:13:00,online
13232,263,177,284.89,2026-04-29 03:15:00,online
13233,34,193,19.75,2026-04-29 03:37:00,presencial
13234,68,95,15.41,2026-04-29 03:43:00,online
13235,127,65,113.87,2026-04-29 03:51:00,online
13236,469,77,74.36,2026-04-29 03:52:00,online
13237,248,25,14.72,2026-04-29 04:05:00,presencial
13238,29,28,148.05,2026-04-29 04:17:00,presencial
13239,449,195,61.83,2026-04-29 04:17:00,presencial
13240,327,39,16.65,2026-04-29 04:21:00,presencial
13241,85,124,76.66,2026-04-29 04:23:00,online
13242,338,47,65.02,2026-04-29 04:40:00,presencial
13243,150,133,40.57,2026-04-29 04:50:00,online
13244,382,95,68.22,2026-04-29 04:51:00,presencial
13245,569,22,89.02,2026-04-29 04:59:00,presencial
13246,190,75,122.19,2026-04-29 05:10:00,presencial
13247,448,147,50.3,2026-04-29 05:43:00,online
13248,15,161,33.19,2026-04-29 06:23:00,presencial
13249,245,58,58.15,2026-04-29 06:28:00,online
13250,534,60,165.66,2026-04-29 06:58:00,presencial
13251,45,146,89.38,2026-04-29 07:16:00,online
13252,558,85,31.21,2026-04-29 07:27:00,presencial
13253,57,15,47.52,2026-04-29 07:30:00,online
13254,290,25,279.28,2026-04-29 07:34:00,presencial
13255,109,75,101.92,2026-04-29 07:40:00,online
13256,13,55,52.83,2026-04-29 08:01:00,online
13257,210,24,156.71,2026-04-29 08:07:00,presencial
13258,349,157,24.6,2026-04-29 08:21:00,presencial
13259,434,92,64.19,2026-04-29 08:39:00,presencial
13260,190,142,351.84,2026-04-29 08:41:00,presencial
13261,296,1,91.74,2026-04-29 09:30:00,online
13262,110,81,265.85,2026-04-29 09:43:00,presencial
13263,438,96,40.77,2026-04-29 10:05:00,presencial
13264,102,116,26.47,2026-04-29 10:25:00,presencial
13265,517,194,160.17,2026-04-29 10:41:00,online
13266,108,92,5.98,2026-04-29 10:44:00,presencial
13267,399,98,54.5,2026-04-29 11:23:00,presencial
13268,199,180,138.93,2026-04-29 11:26:00,presencial
13269,598,80,82.99,2026-04-29 11:29:00,presencial
13270,169,79,4.42,2026-04-29 11:33:00,presencial
13271,570,32,10.17,2026-04-29 11:35:00,presencial
13272,502,145,39.42,2026-04-29 11:45:00,online
13273,281,4,75.37,2026-04-29 12:16:00,presencial
13274,298,44,78.69,2026-04-29 12:25:00,online
13275,213,84,44.4,2026-04-29 12:37:00,presencial
13276,257,87,99.81,2026-04-29 12:38:00,online
13277,280,8,72.28,2026-04-29 12:50:00,online
13278,88,106,38.8,2026-04-29 12:53:00,online
13279,194,195,80.75,2026-04-29 12:53:00,presencial
13280,526,21,21.93,2026-04-29 13:01:00,presencial
13281,588,99,90.06,2026-04-29 13:17:00,presencial
13282,33,118,17.61,2026-04-29 13:20:00,presencial
13283,440,65,76.42,2026-04-29 13:36:00,online
13284,144,115,74.38,2026-04-29 13:40:00,online
13285,393,69,32.18,2026-04-29 13:46:00,online
13286,373,32,89.88,2026-04-29 13:48:00,presencial
13287,528,169,243.95,2026-04-29 13:50:00,online
13288,422,200,14.56,2026-04-29 14:05:00,online
13289,495,78,127.69,2026-04-29 14:11:00,online
13290,481,19,147.69,2026-04-29 14:12:00,online
13291,389,33,35.59,2026-04-29 14:15:00,presencial
13292,247,180,107.88,2026-04-29 14:17:00,presencial
13293,203,177,33.78,2026-04-29 14:43:00,presencial
13294,209,99,178.01,2026-04-29 14:53:00,presencial
13295,216,175,2.2,2026-04-29 15:08:00,presencial
13296,174,45,219.07,2026-04-29 15:16:00,presencial
13297,187,81,13.15,2026-04-29 15:17:00,online
13298,341,23,49.35,2026-04-29 15:27:00,online
13299,163,109,18.26,2026-04-29 15:43:00,online
13300,210,140,231.87,2026-04-29 15:52:00,presencial
13301,426,193,34.74,2026-04-29 16:01:00,presencial
13302,197,151,24.62,2026-04-29 16:06:00,online
13303,64,133,153.27,2026-04-29 16:08:00,online
13304,11,135,100.02,2026-04-29 16:14:00,online
13305,460,126,30.97,2026-04-29 16:15:00,online
13306,569,84,15.02,2026-04-29 16:17:00,presencial
13307,410,101,12.95,2026-04-29 16:29:00,online
13308,37,35,181.74,2026-04-29 16:31:00,presencial
13309,339,5,70.87,2026-04-29 16:50:00,presencial
13310,163,158,54.1,2026-04-29 16:53:00,presencial
13311,193,100,76.82,2026-04-29 17:05:00,online
13312,553,175,5.24,2026-04-29 17:25:00,presencial
13313,495,25,31.28,2026-04-29 17:52:00,presencial
13314,442,79,32.21,2026-04-29 17:52:00,online
13315,301,52,131.57,2026-04-29 18:04:00,presencial
13316,347,169,8.88,2026-04-29 18:59:00,online
13317,550,76,142.45,2026-04-29 19:02:00,online
13318,397,128,321.78,2026-04-29 19:08:00,presencial
13319,348,17,6.75,2026-04-29 19:10:00,presencial
13320,59,106,45.53,2026-04-29 19:12:00,presencial
13321,598,89,77.42,2026-04-29 19:25:00,online
13322,486,123,116.79,2026-04-29 19:35:00,online
13323,219,118,4.13,2026-04-29 19:42:00,presencial
13324,151,22,64.8,2026-04-29 19:52:00,online
13325,581,11,35.14,2026-04-29 19:57:00,presencial
13326,574,26,32.73,2026-04-29 20:59:00,presencial
13327,253,44,435.27,2026-04-29 21:03:00,online
13328,139,146,35.26,2026-04-29 21:07:00,online
13329,479,54,73.32,2026-04-29 21:09:00,presencial
13330,376,194,39.16,2026-04-29 21:11:00,online
13331,541,18,58.29,2026-04-29 21:21:00,presencial
13332,328,102,82.1,2026-04-29 21:29:00,presencial
13333,332,144,119.42,2026-04-29 21:39:00,presencial
13334,86,11,19.02,2026-04-29 21:43:00,presencial
13335,362,103,52.87,2026-04-29 22:02:00,presencial
13336,218,14,54.97,2026-04-29 22:07:00,online
13337,124,158,7.29,2026-04-29 22:16:00,presencial
13338,469,94,15.66,2026-04-29 22:18:00,online
13339,208,173,119.11,2026-04-29 22:28:00,presencial
13340,128,132,26.9,2026-04-29 22:36:00,presencial
13341,577,64,790.92,2026-04-29 22:47:00,presencial
13342,578,31,128.94,2026-04-29 22:57:00,online
13343,297,32,73.48,2026-04-29 23:08:00,presencial
13344,178,7,235.44,2026-04-29 23:14:00,presencial
13345,98,61,104.58,2026-04-29 23:34:00,presencial
13346,377,146,54.74,2026-04-29 23:44:00,online
13347,367,71,9.43,2026-04-30 00:05:00,online
13348,372,30,92.93,2026-04-30 00:09:00,online
13349,461,17,207.76,2026-04-30 00:22:00,presencial
13350,283,88,23.29,2026-04-30 00:25:00,online
13351,410,42,6.0,2026-04-30 00:45:00,presencial
13352,394,147,13.79,2026-04-30 00:55:00,presencial
13353,478,68,309.49,2026-04-30 01:53:00,presencial
13354,447,26,48.82,2026-04-30 01:53:00,online
13355,22,55,222.68,2026-04-30 01:55:00,online
13356,372,89,45.65,2026-04-30 02:00:00,online
13357,586,8,25.89,2026-04-30 02:11:00,presencial
13358,336,23,467.81,2026-04-30 02:16:00,presencial
13359,318,193,29.7,2026-04-30 02:46:00,presencial
13360,364,70,33.99,2026-04-30 02:48:00,online
13361,336,150,74.19,2026-04-30 03:01:00,presencial
13362,242,183,32.49,2026-04-30 03:46:00,online
13363,597,23,105.21,2026-04-30 04:03:00,presencial
13364,43,138,73.01,2026-04-30 04:13:00,presencial
13365,489,167,76.25,2026-04-30 04:16:00,online
13366,96,5,22.68,2026-04-30 04:17:00,online
13367,124,63,7.18,2026-04-30 04:32:00,online
13368,365,27,17.9,2026-04-30 04:40:00,presencial
13369,383,7,19.72,2026-04-30 04:42:00,presencial
13370,557,59,61.68,2026-04-30 04:45:00,presencial
13371,177,37,18.24,2026-04-30 04:49:00,online
13372,16,180,8.92,2026-04-30 05:00:00,presencial
13373,154,48,12.66,2026-04-30 05:13:00,online
13374,327,150,68.47,2026-04-30 06:07:00,online
13375,215,11,95.22,2026-04-30 06:10:00,presencial
13376,152,124,25.6,2026-04-30 06:33:00,presencial
13377,549,139,28.79,2026-04-30 06:42:00,presencial
13378,338,31,87.83,2026-04-30 06:43:00,presencial
13379,404,87,53.63,2026-04-30 06:48:00,presencial
13380,450,186,164.79,2026-04-30 06:53:00,presencial
13381,246,123,37.58,2026-04-30 07:46:00,presencial
13382,442,162,17.91,2026-04-30 07:49:00,presencial
13383,579,85,147.68,2026-04-30 07:50:00,presencial
13384,435,48,31.74,2026-04-30 07:50:00,presencial
13385,179,94,18.77,2026-04-30 08:10:00,online
13386,468,81,119.35,2026-04-30 08:12:00,online
13387,142,197,220.12,2026-04-30 08:18:00,presencial
13388,44,86,54.68,2026-04-30 09:11:00,presencial
13389,267,126,14.81,2026-04-30 09:24:00,online
13390,306,118,241.84,2026-04-30 09:31:00,presencial
13391,282,75,67.65,2026-04-30 09:40:00,online
13392,158,75,56.92,2026-04-30 10:07:00,online
13393,164,169,28.66,2026-04-30 10:26:00,online
13394,553,43,154.9,2026-04-30 10:29:00,presencial
13395,175,84,13.21,2026-04-30 10:50:00,presencial
13396,470,134,11.89,2026-04-30 11:04:00,presencial
13397,155,12,359.23,2026-04-30 11:05:00,presencial
13398,65,136,17.31,2026-04-30 11:29:00,online
13399,38,167,128.46,2026-04-30 11:46:00,online
13400,146,89,203.62,2026-04-30 12:14:00,online
13401,505,117,56.33,2026-04-30 12:17:00,presencial
13402,274,98,16.96,2026-04-30 12:27:00,presencial
13403,418,134,89.37,2026-04-30 13:38:00,presencial
13404,578,11,206.63,2026-04-30 13:58:00,online
13405,29,124,65.15,2026-04-30 14:15:00,presencial
13406,66,92,19.67,2026-04-30 14:18:00,online
13407,553,8,62.59,2026-04-30 14:41:00,online
13408,341,161,9.75,2026-04-30 14:59:00,presencial
13409,371,31,15.32,2026-04-30 15:02:00,online
13410,205,119,33.63,2026-04-30 15:14:00,presencial
13411,497,171,47.83,2026-04-30 15:43:00,presencial
13412,388,185,11.91,2026-04-30 15:45:00,presencial
13413,155,126,58.83,2026-04-30 15:54:00,presencial
13414,390,144,79.35,2026-04-30 15:56:00,online
13415,3,117,35.3,2026-04-30 16:23:00,online
13416,145,156,4.16,2026-04-30 16:27:00,online
13417,123,196,50.14,2026-04-30 16:49:00,presencial
13418,472,92,329.09,2026-04-30 17:06:00,online
13419,442,83,73.96,2026-04-30 17:17:00,online
13420,55,35,45.48,2026-04-30 17:28:00,presencial
13421,544,196,29.68,2026-04-30 17:29:00,presencial
13422,491,183,84.34,2026-04-30 17:35:00,online
13423,261,142,56.22,2026-04-30 17:43:00,online
13424,128,132,97.32,2026-04-30 18:10:00,online
13425,253,41,13.38,2026-04-30 18:15:00,online
13426,354,182,51.08,2026-04-30 18:16:00,presencial
13427,379,12,26.92,2026-04-30 19:02:00,online
13428,209,124,67.27,2026-04-30 19:20:00,presencial
13429,61,51,5.26,2026-04-30 19:56:00,presencial
13430,366,91,29.02,2026-04-30 20:29:00,presencial
13431,424,20,81.18,2026-04-30 20:44:00,online
13432,161,27,96.94,2026-04-30 20:45:00,online
13433,384,76,43.23,2026-04-30 20:45:00,presencial
13434,342,80,4.15,2026-04-30 21:20:00,online
13435,301,177,90.51,2026-04-30 21:33:00,presencial
13436,5,120,255.33,2026-04-30 21:41:00,presencial
13437,185,7,17.77,2026-04-30 21:41:00,presencial
13438,225,187,27.98,2026-04-30 21:53:00,presencial
13439,501,123,108.55,2026-04-30 22:02:00,presencial
13440,496,166,111.78,2026-04-30 22:03:00,online
13441,525,185,149.42,2026-04-30 22:13:00,online
13442,278,103,136.47,2026-04-30 22:37:00,online
13443,197,36,8.29,2026-04-30 23:35:00,presencial
13444,300,90,26.38,2026-04-30 23:43:00,online
13445,476,138,89.04,2026-05-01 00:04:00,online
13446,373,7,40.66,2026-05-01 00:12:00,presencial
13447,361,190,66.85,2026-05-01 00:43:00,presencial
13448,261,71,38.73,2026-05-01 00:56:00,presencial
13449,418,132,27.68,2026-05-01 01:08:00,online
13450,521,197,34.26,2026-05-01 01:12:00,presencial
13451,401,174,13.01,2026-05-01 01:16:00,online
13452,242,149,20.17,2026-05-01 01:20:00,presencial
13453,504,60,41.53,2026-05-01 01:23:00,presencial
13454,566,105,42.37,2026-05-01 01:50:00,presencial
13455,478,101,83.46,2026-05-01 01:58:00,presencial
13456,527,173,32.67,2026-05-01 02:42:00,online
13457,160,8,282.41,2026-05-01 02:50:00,online
13458,253,5,172.94,2026-05-01 02:55:00,online
13459,150,24,25.72,2026-05-01 03:02:00,presencial
13460,220,192,55.57,2026-05-01 03:09:00,online
13461,441,109,169.72,2026-05-01 03:17:00,online
13462,406,140,22.09,2026-05-01 03:24:00,online
13463,2,19,19.64,2026-05-01 03:33:00,presencial
13464,454,3,186.66,2026-05-01 03:57:00,online
13465,116,131,95.63,2026-05-01 04:08:00,presencial
13466,112,142,145.65,2026-05-01 04:12:00,presencial
13467,327,86,63.24,2026-05-01 04:17:00,online
13468,145,17,33.77,2026-05-01 04:21:00,presencial
13469,578,98,10.22,2026-05-01 04:48:00,presencial
13470,88,128,51.96,2026-05-01 04:53:00,online
13471,91,43,173.35,2026-05-01 05:06:00,online
13472,457,61,175.6,2026-05-01 05:23:00,presencial
13473,172,150,145.16,2026-05-01 05:25:00,presencial
13474,429,43,106.27,2026-05-01 05:25:00,online
13475,409,20,508.86,2026-05-01 05:30:00,presencial
13476,114,126,8.11,2026-05-01 05:33:00,presencial
13477,348,5,57.63,2026-05-01 05:45:00,presencial
13478,323,87,15.95,2026-05-01 05:54:00,presencial
13479,57,114,246.58,2026-05-01 05:58:00,presencial
13480,459,13,24.34,2026-05-01 06:00:00,presencial
13481,515,131,135.55,2026-05-01 06:27:00,presencial
13482,569,165,27.27,2026-05-01 06:28:00,online
13483,53,195,70.97,2026-05-01 07:11:00,presencial
13484,108,54,39.67,2026-05-01 07:34:00,presencial
13485,496,66,44.03,2026-05-01 07:40:00,online
13486,183,124,64.52,2026-05-01 07:45:00,online
13487,376,120,122.91,2026-05-01 07:53:00,presencial
13488,210,122,39.64,2026-05-01 07:58:00,online
13489,131,63,119.16,2026-05-01 08:16:00,presencial
13490,375,12,140.0,2026-05-01 08:17:00,online
13491,124,5,28.25,2026-05-01 08:27:00,online
13492,82,200,355.57,2026-05-01 08:45:00,presencial
13493,319,82,101.46,2026-05-01 08:47:00,online
13494,117,90,27.81,2026-05-01 09:05:00,presencial
13495,116,126,87.83,2026-05-01 09:16:00,presencial
13496,469,42,140.09,2026-05-01 09:51:00,presencial
13497,318,77,85.51,2026-05-01 10:14:00,presencial
13498,326,88,55.82,2026-05-01 10:24:00,online
13499,87,19,1.0,2026-05-01 11:02:00,online
13500,97,121,15.42,2026-05-01 11:09:00,presencial
13501,235,39,94.3,2026-05-01 11:20:00,presencial
13502,234,1,15.09,2026-05-01 11:42:00,online
13503,271,125,78.67,2026-05-01 12:01:00,presencial
13504,81,61,118.3,2026-05-01 12:07:00,online
13505,540,144,39.49,2026-05-01 12:09:00,presencial
13506,218,108,6.42,2026-05-01 12:24:00,presencial
13507,490,6,19.88,2026-05-01 12:27:00,presencial
13508,241,139,94.94,2026-05-01 12:53:00,online
13509,284,9,178.16,2026-05-01 13:19:00,online
13510,68,63,4.53,2026-05-01 13:32:00,online
13511,407,138,48.86,2026-05-01 13:53:00,presencial
13512,36,81,8.9,2026-05-01 14:26:00,presencial
13513,449,77,49.38,2026-05-01 14:48:00,online
13514,529,45,37.61,2026-05-01 15:22:00,presencial
13515,217,89,599.7,2026-05-01 15:58:00,presencial
13516,533,59,24.71,2026-05-01 15:58:00,presencial
13517,420,190,141.69,2026-05-01 16:34:00,online
13518,2,138,135.62,2026-05-01 16:45:00,presencial
13519,122,182,36.08,2026-05-01 17:27:00,presencial
13520,385,68,50.94,2026-05-01 17:58:00,online
13521,421,191,44.72,2026-05-01 18:20:00,online
13522,57,56,19.72,2026-05-01 18:22:00,presencial
13523,411,62,17.93,2026-05-01 18:27:00,presencial
13524,487,60,28.48,2026-05-01 18:29:00,presencial
13525,56,118,12.78,2026-05-01 18:56:00,presencial
13526,528,123,25.78,2026-05-01 18:56:00,presencial
13527,320,13,36.05,2026-05-01 19:55:00,presencial
13528,370,113,53.41,2026-05-01 20:01:00,presencial
13529,31,191,72.82,2026-05-01 20:27:00,online
13530,368,82,36.02,2026-05-01 20:56:00,online
13531,273,140,19.18,2026-05-01 21:01:00,online
13532,223,127,71.39,2026-05-01 21:03:00,presencial
13533,469,196,106.7,2026-05-01 21:06:00,online
13534,150,129,26.19,2026-05-01 21:24:00,online
13535,36,95,15.17,2026-05-01 21:49:00,presencial
13536,300,3,27.36,2026-05-01 22:20:00,presencial
13537,447,161,36.61,2026-05-01 22:23:00,presencial
13538,81,68,157.52,2026-05-01 22:24:00,online
13539,591,185,95.89,2026-05-01 22:24:00,presencial
13540,404,49,44.54,2026-05-01 22:32:00,presencial
13541,561,88,361.68,2026-05-01 22:33:00,presencial
13542,283,166,43.02,2026-05-01 22:56:00,presencial
13543,74,31,211.7,2026-05-01 22:58:00,presencial
13544,107,56,171.3,2026-05-01 23:05:00,online
13545,301,159,158.49,2026-05-01 23:06:00,presencial
13546,353,64,63.64,2026-05-01 23:08:00,presencial
13547,441,192,50.83,2026-05-01 23:15:00,online
13548,478,108,44.96,2026-05-01 23:25:00,online
13549,458,166,113.88,2026-05-01 23:32:00,online
13550,354,110,18.76,2026-05-02 00:04:00,online
13551,11,10,33.47,2026-05-02 00:10:00,presencial
13552,318,163,279.68,2026-05-02 00:13:00,presencial
13553,492,84,88.74,2026-05-02 00:23:00,online
13554,509,78,127.68,2026-05-02 00:41:00,presencial
13555,501,148,11.67,2026-05-02 00:42:00,presencial
13556,7,57,27.79,2026-05-02 00:55:00,online
13557,262,86,64.54,2026-05-02 00:56:00,presencial
13558,371,122,42.71,2026-05-02 01:25:00,presencial
13559,149,119,11.61,2026-05-02 01:29:00,online
13560,246,146,103.1,2026-05-02 02:43:00,presencial
13561,59,17,146.23,2026-05-02 03:18:00,presencial
13562,117,199,32.66,2026-05-02 03:28:00,online
13563,4,122,107.27,2026-05-02 03:53:00,presencial
13564,588,124,416.55,2026-05-02 03:56:00,online
13565,516,177,239.33,2026-05-02 04:04:00,presencial
13566,243,99,34.31,2026-05-02 04:18:00,presencial
13567,3,7,13.28,2026-05-02 04:26:00,online
13568,202,27,57.58,2026-05-02 04:46:00,presencial
13569,261,190,590.91,2026-05-02 05:10:00,online
13570,102,198,194.78,2026-05-02 05:28:00,online
13571,398,17,44.4,2026-05-02 05:34:00,presencial
13572,599,137,249.25,2026-05-02 05:36:00,presencial
13573,507,133,161.67,2026-05-02 05:50:00,presencial
13574,514,34,5.53,2026-05-02 06:05:00,online
13575,499,158,143.71,2026-05-02 06:08:00,online
13576,42,92,50.94,2026-05-02 06:09:00,presencial
13577,331,47,17.23,2026-05-02 06:55:00,online
13578,340,113,49.42,2026-05-02 07:12:00,presencial
13579,61,182,70.51,2026-05-02 07:24:00,online
13580,89,44,18.66,2026-05-02 07:24:00,presencial
13581,340,124,39.18,2026-05-02 08:17:00,presencial
13582,430,147,31.07,2026-05-02 08:18:00,presencial
13583,126,126,107.21,2026-05-02 08:20:00,presencial
13584,291,131,32.09,2026-05-02 08:31:00,presencial
13585,46,146,6.89,2026-05-02 08:41:00,presencial
13586,67,47,27.32,2026-05-02 09:37:00,online
13587,349,21,15.78,2026-05-02 09:42:00,online
13588,335,198,10.77,2026-05-02 09:43:00,presencial
13589,451,64,163.76,2026-05-02 10:00:00,presencial
13590,547,190,108.19,2026-05-02 10:01:00,online
13591,114,54,15.43,2026-05-02 10:34:00,presencial
13592,205,54,11.06,2026-05-02 10:43:00,presencial
13593,514,5,39.93,2026-05-02 10:51:00,presencial
13594,31,89,10.42,2026-05-02 10:55:00,online
13595,497,189,34.25,2026-05-02 10:55:00,presencial
13596,568,179,48.31,2026-05-02 11:00:00,presencial
13597,60,61,62.49,2026-05-02 11:11:00,online
13598,86,82,64.98,2026-05-02 11:19:00,online
13599,411,134,18.94,2026-05-02 11:26:00,online
13600,286,191,48.31,2026-05-02 11:36:00,presencial
13601,593,121,182.84,2026-05-02 11:38:00,online
13602,327,41,4.45,2026-05-02 11:41:00,online
13603,394,72,63.96,2026-05-02 12:04:00,online
13604,143,145,12.23,2026-05-02 12:21:00,online
13605,195,5,209.41,2026-05-02 12:44:00,presencial
13606,107,120,109.81,2026-05-02 12:51:00,presencial
13607,89,154,106.02,2026-05-02 13:26:00,presencial
13608,68,70,17.48,2026-05-02 13:29:00,online
13609,536,108,59.75,2026-05-02 13:39:00,online
13610,42,144,67.54,2026-05-02 14:05:00,online
13611,310,120,3.29,2026-05-02 14:25:00,presencial
13612,305,5,52.52,2026-05-02 14:56:00,presencial
13613,34,118,87.76,2026-05-02 15:14:00,presencial
13614,506,47,9.44,2026-05-02 15:17:00,online
13615,301,148,86.68,2026-05-02 15:18:00,online
13616,77,53,49.88,2026-05-02 15:21:00,online
13617,78,196,204.26,2026-05-02 15:37:00,online
13618,421,24,28.38,2026-05-02 15:55:00,presencial
13619,372,179,54.35,2026-05-02 15:56:00,presencial
13620,248,7,65.07,2026-05-02 16:10:00,presencial
13621,244,137,2.04,2026-05-02 16:24:00,online
13622,22,71,30.26,2026-05-02 16:41:00,presencial
13623,20,40,49.15,2026-05-02 16:58:00,presencial
13624,322,44,3.35,2026-05-02 17:43:00,online
13625,219,8,93.84,2026-05-02 17:47:00,presencial
13626,152,27,49.13,2026-05-02 18:01:00,online
13627,228,79,48.83,2026-05-02 18:16:00,presencial
13628,364,32,98.82,2026-05-02 18:21:00,online
13629,176,194,28.45,2026-05-02 18:52:00,online
13630,210,166,46.88,2026-05-02 19:08:00,online
13631,170,95,115.77,2026-05-02 19:30:00,presencial
13632,400,19,47.51,2026-05-02 19:39:00,presencial
13633,33,198,5.88,2026-05-02 20:05:00,online
13634,552,145,47.31,2026-05-02 20:06:00,presencial
13635,333,37,47.96,2026-05-02 20:06:00,presencial
13636,147,11,120.38,2026-05-02 20:07:00,online
13637,456,124,30.64,2026-05-02 21:03:00,online
13638,564,9,15.24,2026-05-02 21:18:00,online
13639,35,123,15.3,2026-05-02 21:24:00,online
13640,123,89,218.52,2026-05-02 21:44:00,online
13641,87,177,61.45,2026-05-02 22:10:00,online
13642,43,77,206.58,2026-05-02 22:13:00,online
13643,444,90,242.23,2026-05-02 22:17:00,presencial
13644,116,110,19.73,2026-05-02 22:48:00,presencial
13645,231,197,18.14,2026-05-02 22:50:00,presencial
13646,489,141,38.84,2026-05-02 23:02:00,presencial
13647,368,134,87.87,2026-05-02 23:04:00,online
13648,407,62,9.57,2026-05-02 23:07:00,online
13649,59,97,73.73,2026-05-02 23:19:00,presencial
13650,583,39,69.73,2026-05-02 23:20:00,online
13651,50,79,12.96,2026-05-02 23:26:00,presencial
13652,426,165,13.47,2026-05-02 23:27:00,online
13653,384,20,72.89,2026-05-02 23:33:00,online
13654,248,34,437.17,2026-05-02 23:42:00,presencial
13655,503,118,32.32,2026-05-02 23:48:00,presencial
13656,536,160,64.25,2026-05-03 00:09:00,presencial
13657,43,196,22.98,2026-05-03 00:22:00,presencial
13658,575,118,57.98,2026-05-03 00:24:00,online
13659,145,132,22.47,2026-05-03 00:28:00,presencial
13660,475,58,33.62,2026-05-03 00:32:00,presencial
13661,493,82,661.18,2026-05-03 00:42:00,presencial
13662,334,63,50.29,2026-05-03 00:50:00,presencial
13663,518,22,8.0,2026-05-03 01:00:00,presencial
13664,496,75,90.66,2026-05-03 01:01:00,presencial
13665,314,44,154.82,2026-05-03 01:06:00,online
13666,108,119,93.98,2026-05-03 01:21:00,online
13667,261,151,36.8,2026-05-03 01:29:00,presencial
13668,541,196,16.3,2026-05-03 01:47:00,online
13669,122,177,16.74,2026-05-03 02:18:00,presencial
13670,600,64,36.28,2026-05-03 02:54:00,presencial
13671,110,188,29.86,2026-05-03 03:07:00,presencial
13672,400,189,24.19,2026-05-03 03:12:00,presencial
13673,385,101,170.18,2026-05-03 03:14:00,online
13674,118,42,123.14,2026-05-03 03:26:00,presencial
13675,284,156,180.13,2026-05-03 03:44:00,presencial
13676,87,23,18.78,2026-05-03 04:04:00,presencial
13677,219,73,16.23,2026-05-03 04:09:00,presencial
13678,576,107,48.67,2026-05-03 04:40:00,online
13679,33,173,70.56,2026-05-03 05:13:00,presencial
13680,523,196,48.36,2026-05-03 05:19:00,presencial
13681,407,164,65.47,2026-05-03 05:23:00,presencial
13682,450,97,255.59,2026-05-03 05:25:00,presencial
13683,170,17,35.16,2026-05-03 05:30:00,online
13684,570,160,108.62,2026-05-03 05:36:00,online
13685,153,172,79.02,2026-05-03 05:45:00,online
13686,303,95,49.64,2026-05-03 05:46:00,presencial
13687,23,111,103.25,2026-05-03 05:54:00,online
13688,533,171,19.21,2026-05-03 05:58:00,presencial
13689,423,27,15.39,2026-05-03 06:03:00,presencial
13690,98,163,71.96,2026-05-03 06:17:00,online
13691,398,103,7.38,2026-05-03 06:24:00,presencial
13692,110,138,78.47,2026-05-03 07:04:00,online
13693,267,39,12.92,2026-05-03 07:13:00,online
13694,308,124,237.39,2026-05-03 07:22:00,presencial
13695,559,54,28.91,2026-05-03 07:33:00,online
13696,200,104,221.09,2026-05-03 07:37:00,online
13697,8,105,35.45,2026-05-03 07:41:00,online
13698,260,192,33.82,2026-05-03 08:02:00,presencial
13699,556,135,115.87,2026-05-03 08:13:00,online
13700,479,112,61.7,2026-05-03 09:40:00,presencial
13701,36,81,41.54,2026-05-03 09:45:00,presencial
13702,33,68,28.66,2026-05-03 09:48:00,presencial
13703,455,131,28.96,2026-05-03 09:49:00,presencial
13704,433,177,597.82,2026-05-03 09:51:00,presencial
13705,335,115,7.08,2026-05-03 10:48:00,online
13706,53,133,11.91,2026-05-03 10:49:00,presencial
13707,169,66,163.13,2026-05-03 11:04:00,presencial
13708,509,112,150.21,2026-05-03 11:08:00,presencial
13709,84,115,16.2,2026-05-03 11:12:00,online
13710,122,137,6.5,2026-05-03 11:22:00,presencial
13711,272,64,181.19,2026-05-03 11:24:00,online
13712,441,70,14.13,2026-05-03 11:27:00,presencial
13713,497,72,26.04,2026-05-03 11:40:00,presencial
13714,356,85,49.69,2026-05-03 12:11:00,online
13715,296,59,13.74,2026-05-03 12:11:00,online
13716,232,40,123.58,2026-05-03 12:33:00,online
13717,27,101,45.74,2026-05-03 12:35:00,presencial
13718,161,172,16.94,2026-05-03 12:50:00,presencial
13719,129,7,18.67,2026-05-03 13:08:00,presencial
13720,35,134,186.17,2026-05-03 13:09:00,online
13721,448,164,32.9,2026-05-03 13:22:00,presencial
13722,213,165,87.88,2026-05-03 13:22:00,online
13723,306,171,44.21,2026-05-03 13:26:00,online
13724,121,64,6.49,2026-05-03 13:39:00,online
13725,355,21,101.65,2026-05-03 13:46:00,presencial
13726,82,200,145.65,2026-05-03 13:46:00,presencial
13727,407,140,339.23,2026-05-03 13:59:00,presencial
13728,444,72,5.53,2026-05-03 14:04:00,presencial
13729,187,171,1.39,2026-05-03 14:10:00,online
13730,128,71,90.29,2026-05-03 14:12:00,online
13731,469,150,23.12,2026-05-03 14:16:00,presencial
13732,134,193,9.27,2026-05-03 14:17:00,online
13733,107,154,50.31,2026-05-03 14:44:00,online
13734,205,132,27.27,2026-05-03 15:04:00,presencial
13735,580,39,10.98,2026-05-03 15:05:00,presencial
13736,278,187,40.81,2026-05-03 15:06:00,online
13737,158,86,83.36,2026-05-03 15:20:00,online
13738,309,125,54.19,2026-05-03 15:23:00,online
13739,210,123,54.64,2026-05-03 15:31:00,online
13740,399,50,72.8,2026-05-03 15:34:00,presencial
13741,264,121,6.96,2026-05-03 15:36:00,online
13742,354,79,42.25,2026-05-03 16:03:00,presencial
13743,262,70,58.2,2026-05-03 16:33:00,online
13744,290,172,29.5,2026-05-03 16:33:00,presencial
13745,269,145,17.95,2026-05-03 16:55:00,presencial
13746,237,98,19.67,2026-05-03 16:58:00,online
13747,579,4,32.37,2026-05-03 17:05:00,presencial
13748,160,142,122.22,2026-05-03 17:19:00,presencial
13749,484,148,239.83,2026-05-03 17:22:00,presencial
13750,426,34,191.67,2026-05-03 17:22:00,presencial
13751,317,152,8.03,2026-05-03 17:26:00,presencial
13752,191,80,15.91,2026-05-03 17:35:00,presencial
13753,291,147,92.13,2026-05-03 17:40:00,online
13754,510,168,186.94,2026-05-03 17:47:00,presencial
13755,110,141,15.43,2026-05-03 18:08:00,presencial
13756,352,189,54.69,2026-05-03 18:08:00,presencial
13757,459,16,12.87,2026-05-03 18:30:00,online
13758,381,65,60.59,2026-05-03 19:11:00,presencial
13759,87,12,22.03,2026-05-03 19:29:00,presencial
13760,306,35,54.66,2026-05-03 19:31:00,online
13761,110,75,11.79,2026-05-03 19:53:00,online
13762,558,5,7.41,2026-05-03 20:16:00,presencial
13763,212,80,1350.34,2026-05-03 20:21:00,presencial
13764,253,26,48.24,2026-05-03 20:26:00,presencial
13765,515,23,467.87,2026-05-03 20:28:00,online
13766,257,168,235.09,2026-05-03 20:39:00,presencial
13767,117,149,7.4,2026-05-03 20:45:00,online
13768,536,92,66.55,2026-05-03 20:46:00,presencial
13769,389,114,10.76,2026-05-03 20:50:00,presencial
13770,363,59,32.27,2026-05-03 21:13:00,online
13771,46,98,5.62,2026-05-03 21:40:00,presencial
13772,270,156,7.91,2026-05-03 21:43:00,presencial
13773,276,105,17.46,2026-05-03 21:51:00,online
13774,158,159,24.52,2026-05-03 22:06:00,presencial
13775,339,97,46.65,2026-05-03 22:37:00,presencial
13776,148,73,14.3,2026-05-03 22:47:00,presencial
13777,283,179,52.68,2026-05-03 22:53:00,online
13778,481,181,155.92,2026-05-03 22:57:00,online
13779,442,46,60.42,2026-05-03 23:27:00,online
13780,168,93,41.51,2026-05-03 23:45:00,online
13781,125,155,65.09,2026-05-03 23:46:00,presencial
13782,4,53,9.22,2026-05-04 00:04:00,online
13783,208,150,127.38,2026-05-04 00:16:00,presencial
13784,12,180,11.97,2026-05-04 00:27:00,presencial
13785,77,48,246.42,2026-05-04 00:28:00,online
13786,588,31,104.36,2026-05-04 01:23:00,presencial
13787,514,189,82.45,2026-05-04 01:38:00,online
13788,336,200,86.5,2026-05-04 01:38:00,online
13789,465,172,44.61,2026-05-04 02:12:00,presencial
13790,294,123,18.82,2026-05-04 02:26:00,presencial
13791,361,18,15.86,2026-05-04 02:48:00,online
13792,551,184,306.9,2026-05-04 02:52:00,online
13793,48,40,50.08,2026-05-04 03:06:00,presencial
13794,212,36,13.11,2026-05-04 03:16:00,presencial
13795,72,144,78.92,2026-05-04 03:32:00,online
13796,477,78,65.18,2026-05-04 03:56:00,presencial
13797,494,174,31.12,2026-05-04 04:12:00,presencial
13798,434,175,16.65,2026-05-04 04:38:00,presencial
13799,366,162,100.4,2026-05-04 04:44:00,presencial
13800,287,168,126.55,2026-05-04 05:08:00,online
13801,15,110,63.73,2026-05-04 05:09:00,presencial
13802,465,175,48.36,2026-05-04 05:15:00,online
13803,537,184,18.9,2026-05-04 05:18:00,online
13804,580,57,75.78,2026-05-04 06:15:00,presencial
13805,206,86,22.24,2026-05-04 06:21:00,presencial
13806,121,124,11.03,2026-05-04 06:28:00,presencial
13807,393,172,154.19,2026-05-04 06:55:00,presencial
13808,11,78,14.4,2026-05-04 07:00:00,presencial
13809,37,53,5.55,2026-05-04 07:44:00,online
13810,493,65,188.65,2026-05-04 07:44:00,online
13811,575,160,6.56,2026-05-04 07:48:00,presencial
13812,243,105,29.12,2026-05-04 08:04:00,presencial
13813,305,51,13.39,2026-05-04 08:07:00,presencial
13814,327,144,20.16,2026-05-04 08:16:00,online
13815,84,133,516.19,2026-05-04 08:33:00,online
13816,134,104,39.98,2026-05-04 08:35:00,presencial
13817,180,124,66.41,2026-05-04 08:54:00,presencial
13818,506,47,106.65,2026-05-04 09:02:00,presencial
13819,263,37,21.94,2026-05-04 09:08:00,online
13820,433,162,145.86,2026-05-04 09:45:00,online
13821,117,137,67.6,2026-05-04 10:01:00,presencial
13822,573,196,102.43,2026-05-04 10:25:00,online
13823,531,188,20.14,2026-05-04 10:26:00,presencial
13824,286,73,72.85,2026-05-04 10:31:00,presencial
13825,136,93,44.26,2026-05-04 10:35:00,online
13826,586,170,154.89,2026-05-04 10:47:00,presencial
13827,485,1,24.67,2026-05-04 10:56:00,presencial
13828,307,173,417.98,2026-05-04 11:28:00,presencial
13829,161,34,64.88,2026-05-04 11:30:00,presencial
13830,373,53,38.95,2026-05-04 11:43:00,presencial
13831,223,97,34.25,2026-05-04 11:44:00,online
13832,405,142,44.37,2026-05-04 11:48:00,online
13833,500,71,22.39,2026-05-04 11:54:00,presencial
13834,294,188,93.07,2026-05-04 12:04:00,online
13835,29,157,44.12,2026-05-04 12:13:00,presencial
13836,338,148,379.17,2026-05-04 12:14:00,presencial
13837,516,155,27.75,2026-05-04 13:29:00,presencial
13838,134,7,39.15,2026-05-04 13:38:00,presencial
13839,576,165,27.72,2026-05-04 14:36:00,presencial
13840,218,121,349.31,2026-05-04 14:38:00,online
13841,411,38,9.11,2026-05-04 14:46:00,presencial
13842,422,156,49.55,2026-05-04 15:11:00,presencial
13843,110,22,63.07,2026-05-04 15:24:00,online
13844,24,124,12.93,2026-05-04 15:42:00,online
13845,570,114,818.53,2026-05-04 15:52:00,online
13846,421,6,16.06,2026-05-04 16:04:00,online
13847,379,75,46.38,2026-05-04 16:21:00,presencial
13848,183,25,284.98,2026-05-04 16:33:00,presencial
13849,65,190,29.59,2026-05-04 16:42:00,presencial
13850,164,161,52.35,2026-05-04 16:52:00,presencial
13851,329,200,30.59,2026-05-04 17:02:00,online
13852,417,98,42.16,2026-05-04 17:17:00,online
13853,192,66,146.88,2026-05-04 17:23:00,presencial
13854,129,192,28.11,2026-05-04 18:08:00,online
13855,150,62,2.41,2026-05-04 19:07:00,presencial
13856,578,83,43.11,2026-05-04 19:11:00,online
13857,379,27,47.9,2026-05-04 19:21:00,online
13858,595,165,55.42,2026-05-04 19:24:00,presencial
13859,4,24,36.54,2026-05-04 19:27:00,presencial
13860,275,8,17.31,2026-05-04 19:40:00,presencial
13861,275,167,34.14,2026-05-04 20:25:00,presencial
13862,241,169,311.6,2026-05-04 20:39:00,presencial
13863,235,171,42.68,2026-05-04 20:42:00,online
13864,48,172,91.67,2026-05-04 20:43:00,presencial
13865,20,29,14.34,2026-05-04 20:44:00,online
13866,467,73,32.44,2026-05-04 20:45:00,presencial
13867,265,154,14.87,2026-05-04 20:47:00,presencial
13868,98,62,185.5,2026-05-04 20:48:00,presencial
13869,209,156,8.07,2026-05-04 21:52:00,presencial
13870,560,182,67.33,2026-05-04 21:59:00,presencial
13871,281,193,65.03,2026-05-04 22:17:00,presencial
13872,595,156,60.55,2026-05-04 22:57:00,online
13873,97,160,3.39,2026-05-04 23:02:00,online
13874,74,120,4.83,2026-05-04 23:24:00,presencial
13875,339,16,50.84,2026-05-04 23:24:00,presencial
13876,410,88,16.19,2026-05-04 23:39:00,online
13877,589,191,22.04,2026-05-04 23:40:00,online
13878,280,183,28.02,2026-05-04 23:50:00,online
13879,121,48,14.04,2026-05-05 00:02:00,online
13880,325,150,11.61,2026-05-05 00:03:00,presencial
13881,185,62,44.7,2026-05-05 00:27:00,online
13882,108,84,5.49,2026-05-05 00:50:00,online
13883,54,130,25.63,2026-05-05 01:50:00,online
13884,435,100,21.45,2026-05-05 01:56:00,online
13885,386,121,43.55,2026-05-05 02:07:00,presencial
13886,100,20,617.63,2026-05-05 02:21:00,presencial
13887,336,60,15.18,2026-05-05 02:32:00,presencial
13888,532,163,69.9,2026-05-05 03:17:00,online
13889,491,124,56.99,2026-05-05 03:43:00,presencial
13890,273,169,82.76,2026-05-05 03:46:00,presencial
13891,35,194,35.35,2026-05-05 03:57:00,presencial
13892,381,72,218.24,2026-05-05 04:24:00,online
13893,310,53,95.0,2026-05-05 04:32:00,online
13894,554,62,96.67,2026-05-05 04:38:00,presencial
13895,332,115,9.43,2026-05-05 04:50:00,online
13896,443,51,49.7,2026-05-05 04:53:00,presencial
13897,318,79,25.51,2026-05-05 04:54:00,presencial
13898,325,35,17.33,2026-05-05 05:13:00,presencial
13899,191,78,22.44,2026-05-05 05:17:00,online
13900,242,190,42.03,2026-05-05 05:18:00,online
13901,178,85,73.88,2026-05-05 05:20:00,online
13902,278,152,131.6,2026-05-05 06:02:00,presencial
13903,571,87,124.98,2026-05-05 06:05:00,presencial
13904,206,87,61.68,2026-05-05 06:07:00,online
13905,278,132,47.52,2026-05-05 06:13:00,online
13906,568,23,31.28,2026-05-05 06:21:00,online
13907,91,72,34.04,2026-05-05 06:32:00,online
13908,152,28,18.95,2026-05-05 06:33:00,online
13909,296,40,27.9,2026-05-05 06:35:00,presencial
13910,246,142,65.97,2026-05-05 06:56:00,presencial
13911,205,35,243.32,2026-05-05 07:35:00,online
13912,467,41,37.91,2026-05-05 07:50:00,presencial
13913,300,115,18.39,2026-05-05 07:50:00,presencial
13914,219,70,129.82,2026-05-05 08:14:00,presencial
13915,288,25,4.94,2026-05-05 08:26:00,presencial
13916,532,192,140.82,2026-05-05 08:29:00,presencial
13917,591,185,9.24,2026-05-05 08:37:00,presencial
13918,146,117,92.1,2026-05-05 08:42:00,online
13919,25,105,26.48,2026-05-05 09:31:00,online
13920,19,162,63.62,2026-05-05 09:34:00,online
13921,268,195,442.07,2026-05-05 09:41:00,presencial
13922,378,21,17.79,2026-05-05 09:46:00,online
13923,31,20,14.87,2026-05-05 10:04:00,presencial
13924,305,67,48.72,2026-05-05 10:14:00,presencial
13925,240,61,239.33,2026-05-05 10:18:00,presencial
13926,560,180,54.44,2026-05-05 10:48:00,presencial
13927,363,102,46.95,2026-05-05 10:55:00,presencial
13928,254,163,53.84,2026-05-05 11:30:00,presencial
13929,352,134,14.8,2026-05-05 11:38:00,presencial
13930,82,145,54.44,2026-05-05 11:53:00,presencial
13931,286,192,29.02,2026-05-05 12:00:00,online
13932,198,118,191.47,2026-05-05 12:11:00,presencial
13933,109,156,107.53,2026-05-05 12:13:00,online
13934,236,54,10.42,2026-05-05 12:21:00,presencial
13935,384,52,32.74,2026-05-05 12:22:00,presencial
13936,350,118,79.9,2026-05-05 12:46:00,presencial
13937,579,181,15.19,2026-05-05 12:49:00,online
13938,165,11,13.64,2026-05-05 12:55:00,online
13939,420,101,26.89,2026-05-05 12:56:00,online
13940,331,41,65.29,2026-05-05 13:06:00,presencial
13941,525,177,139.89,2026-05-05 13:15:00,presencial
13942,545,104,57.7,2026-05-05 13:20:00,online
13943,425,9,670.87,2026-05-05 13:22:00,presencial
13944,255,1,21.23,2026-05-05 13:23:00,presencial
13945,321,128,100.93,2026-05-05 13:24:00,presencial
13946,391,47,13.2,2026-05-05 13:25:00,online
13947,484,9,262.98,2026-05-05 14:04:00,presencial
13948,138,31,199.41,2026-05-05 14:14:00,presencial
13949,524,31,97.77,2026-05-05 14:36:00,presencial
13950,481,70,6.62,2026-05-05 15:15:00,presencial
13951,53,144,96.78,2026-05-05 15:49:00,presencial
13952,162,172,18.16,2026-05-05 15:59:00,presencial
13953,142,107,73.62,2026-05-05 16:07:00,online
13954,348,190,9.02,2026-05-05 16:23:00,presencial
13955,126,159,60.16,2026-05-05 16:38:00,online
13956,181,34,30.3,2026-05-05 16:46:00,presencial
13957,114,148,18.99,2026-05-05 16:48:00,presencial
13958,41,47,85.79,2026-05-05 16:56:00,online
13959,276,193,42.25,2026-05-05 17:02:00,online
13960,192,170,35.68,2026-05-05 17:07:00,online
13961,303,13,100.58,2026-05-05 17:09:00,presencial
13962,128,35,362.98,2026-05-05 17:14:00,online
13963,172,89,60.54,2026-05-05 17:26:00,online
13964,536,149,6.13,2026-05-05 17:27:00,presencial
13965,484,111,8.05,2026-05-05 17:39:00,presencial
13966,160,18,48.22,2026-05-05 18:07:00,presencial
13967,98,126,138.26,2026-05-05 18:10:00,online
13968,585,130,51.84,2026-05-05 18:10:00,presencial
13969,409,186,78.47,2026-05-05 18:21:00,presencial
13970,296,54,41.9,2026-05-05 18:31:00,online
13971,420,8,128.81,2026-05-05 18:45:00,presencial
13972,133,150,88.08,2026-05-05 18:55:00,presencial
13973,257,141,14.56,2026-05-05 18:56:00,online
13974,235,104,73.16,2026-05-05 19:12:00,presencial
13975,433,139,8.19,2026-05-05 19:30:00,presencial
13976,111,36,73.17,2026-05-05 19:32:00,presencial
13977,294,26,32.76,2026-05-05 19:40:00,presencial
13978,501,81,53.34,2026-05-05 19:56:00,presencial
13979,118,179,63.84,2026-05-05 20:00:00,presencial
13980,72,103,60.93,2026-05-05 20:05:00,online
13981,493,128,212.56,2026-05-05 20:52:00,presencial
13982,525,200,46.41,2026-05-05 20:59:00,online
13983,259,61,55.03,2026-05-05 21:28:00,online
13984,28,97,193.02,2026-05-05 22:16:00,online
13985,325,138,360.14,2026-05-05 22:22:00,presencial
13986,180,31,43.84,2026-05-05 22:29:00,presencial
13987,353,81,25.45,2026-05-05 22:34:00,online
13988,84,112,26.88,2026-05-05 22:40:00,online
13989,484,61,73.39,2026-05-05 23:01:00,online
13990,412,45,35.74,2026-05-05 23:06:00,presencial
13991,388,88,6.53,2026-05-05 23:24:00,online
13992,308,176,153.75,2026-05-05 23:44:00,presencial
13993,133,84,109.61,2026-05-05 23:57:00,presencial
13994,564,167,157.8,2026-05-06 00:01:00,online
13995,160,136,196.08,2026-05-06 00:06:00,presencial
13996,220,26,55.13,2026-05-06 00:12:00,presencial
13997,556,183,59.54,2026-05-06 00:22:00,online
13998,25,118,135.28,2026-05-06 00:37:00,online
13999,76,114,11.75,2026-05-06 00:45:00,online
14000,457,140,30.33,2026-05-06 01:04:00,presencial
14001,221,9,41.88,2026-05-06 01:15:00,presencial
14002,348,51,123.24,2026-05-06 01:28:00,online
14003,349,159,24.72,2026-05-06 01:31:00,online
14004,497,126,20.42,2026-05-06 01:47:00,online
14005,373,78,27.83,2026-05-06 01:48:00,presencial
14006,256,93,74.93,2026-05-06 01:53:00,presencial
14007,330,124,41.47,2026-05-06 02:04:00,presencial
14008,443,97,9.06,2026-05-06 02:27:00,presencial
14009,228,92,11.26,2026-05-06 02:33:00,online
14010,103,111,51.95,2026-05-06 02:40:00,presencial
14011,292,57,53.89,2026-05-06 03:19:00,presencial
14012,600,115,46.08,2026-05-06 04:00:00,online
14013,68,139,26.63,2026-05-06 04:01:00,presencial
14014,105,142,106.32,2026-05-06 04:18:00,online
14015,598,125,67.08,2026-05-06 04:23:00,presencial
14016,498,91,64.61,2026-05-06 04:47:00,presencial
14017,71,132,67.18,2026-05-06 05:03:00,presencial
14018,128,145,259.08,2026-05-06 05:04:00,presencial
14019,415,63,14.49,2026-05-06 05:47:00,online
14020,470,98,28.13,2026-05-06 06:11:00,online
14021,441,136,30.88,2026-05-06 06:25:00,presencial
14022,517,133,178.29,2026-05-06 06:45:00,presencial
14023,305,100,29.63,2026-05-06 06:45:00,presencial
14024,526,53,18.7,2026-05-06 06:53:00,presencial
14025,358,183,39.79,2026-05-06 07:13:00,presencial
14026,286,109,50.15,2026-05-06 07:21:00,presencial
14027,382,109,166.67,2026-05-06 07:30:00,online
14028,258,94,29.44,2026-05-06 07:38:00,online
14029,364,153,20.98,2026-05-06 07:42:00,online
14030,501,61,16.43,2026-05-06 08:04:00,presencial
14031,575,188,30.61,2026-05-06 08:54:00,presencial
14032,348,13,749.96,2026-05-06 08:57:00,presencial
14033,4,3,68.08,2026-05-06 08:58:00,online
14034,373,103,86.32,2026-05-06 09:37:00,presencial
14035,152,172,44.69,2026-05-06 09:46:00,presencial
14036,142,2,51.99,2026-05-06 09:51:00,online
14037,529,136,106.18,2026-05-06 09:55:00,presencial
14038,268,78,83.01,2026-05-06 10:00:00,presencial
14039,475,5,65.63,2026-05-06 10:28:00,online
14040,222,75,45.5,2026-05-06 10:29:00,online
14041,365,130,30.34,2026-05-06 10:36:00,presencial
14042,400,127,71.29,2026-05-06 10:38:00,online
14043,536,170,49.0,2026-05-06 10:44:00,presencial
14044,118,198,466.87,2026-05-06 10:54:00,presencial
14045,337,11,141.98,2026-05-06 11:02:00,online
14046,244,172,21.29,2026-05-06 11:07:00,presencial
14047,279,2,12.35,2026-05-06 11:47:00,presencial
14048,510,196,28.85,2026-05-06 11:52:00,online
14049,82,155,13.58,2026-05-06 11:59:00,presencial
14050,328,191,27.0,2026-05-06 12:13:00,presencial
14051,233,14,15.39,2026-05-06 12:15:00,presencial
14052,538,15,31.2,2026-05-06 13:11:00,online
14053,130,198,31.61,2026-05-06 14:08:00,online
14054,140,57,52.56,2026-05-06 14:36:00,online
14055,55,77,35.6,2026-05-06 14:47:00,presencial
14056,264,60,16.57,2026-05-06 14:48:00,presencial
14057,7,32,170.1,2026-05-06 15:35:00,online
14058,301,15,69.64,2026-05-06 15:46:00,presencial
14059,135,28,24.56,2026-05-06 15:59:00,online
14060,241,170,16.87,2026-05-06 16:06:00,presencial
14061,364,6,8.9,2026-05-06 16:10:00,presencial
14062,411,180,8.21,2026-05-06 16:11:00,presencial
14063,37,45,141.49,2026-05-06 16:24:00,presencial
14064,90,121,125.89,2026-05-06 16:38:00,online
14065,191,52,23.51,2026-05-06 16:39:00,online
14066,312,179,200.9,2026-05-06 16:44:00,presencial
14067,531,9,88.1,2026-05-06 16:58:00,online
14068,84,143,55.9,2026-05-06 17:05:00,online
14069,41,187,115.37,2026-05-06 17:12:00,online
14070,378,89,88.26,2026-05-06 17:21:00,presencial
14071,588,91,52.93,2026-05-06 17:34:00,online
14072,499,30,34.33,2026-05-06 17:43:00,online
14073,340,176,39.73,2026-05-06 17:47:00,presencial
14074,12,192,7.62,2026-05-06 18:05:00,presencial
14075,346,100,18.53,2026-05-06 18:32:00,presencial
14076,275,139,323.82,2026-05-06 19:02:00,online
14077,269,152,17.99,2026-05-06 19:28:00,presencial
14078,296,71,5.84,2026-05-06 19:44:00,online
14079,337,1,120.83,2026-05-06 19:49:00,online
14080,433,26,58.76,2026-05-06 20:22:00,online
14081,116,180,62.51,2026-05-06 20:27:00,presencial
14082,45,160,37.59,2026-05-06 20:50:00,presencial
14083,31,19,121.73,2026-05-06 20:58:00,online
14084,244,161,240.48,2026-05-06 21:01:00,presencial
14085,305,177,25.19,2026-05-06 21:12:00,presencial
14086,472,109,89.67,2026-05-06 21:16:00,presencial
14087,261,91,152.99,2026-05-06 21:16:00,presencial
14088,320,200,23.68,2026-05-06 21:27:00,online
14089,587,175,235.22,2026-05-06 21:29:00,online
14090,450,78,152.43,2026-05-06 21:30:00,presencial
14091,415,96,11.4,2026-05-06 21:47:00,online
14092,219,189,258.39,2026-05-06 21:57:00,online
14093,92,185,12.08,2026-05-06 22:13:00,online
14094,553,127,20.99,2026-05-06 22:20:00,presencial
14095,333,130,94.82,2026-05-06 22:42:00,online
14096,47,148,140.56,2026-05-06 22:55:00,online
14097,290,58,49.83,2026-05-06 22:55:00,presencial
14098,55,184,22.36,2026-05-06 23:01:00,online
14099,589,59,33.58,2026-05-06 23:16:00,presencial
14100,318,167,29.48,2026-05-06 23:32:00,online
14101,471,165,112.77,2026-05-06 23:39:00,online
14102,283,58,28.6,2026-05-06 23:39:00,online
14103,12,162,21.82,2026-05-06 23:46:00,presencial
14104,384,174,8.8,2026-05-06 23:55:00,online
14105,392,100,23.25,2026-05-07 00:02:00,presencial
14106,138,108,39.24,2026-05-07 01:06:00,presencial
14107,430,102,12.89,2026-05-07 02:21:00,presencial
14108,136,9,6.56,2026-05-07 02:48:00,presencial
14109,415,109,131.36,2026-05-07 02:56:00,online
14110,450,135,14.87,2026-05-07 03:04:00,presencial
14111,83,113,10.59,2026-05-07 03:18:00,presencial
14112,176,100,251.26,2026-05-07 03:27:00,online
14113,98,101,113.71,2026-05-07 04:00:00,presencial
14114,437,108,138.11,2026-05-07 04:16:00,presencial
14115,142,186,77.92,2026-05-07 04:34:00,online
14116,385,83,189.14,2026-05-07 05:13:00,presencial
14117,251,45,118.13,2026-05-07 05:29:00,presencial
14118,50,13,30.6,2026-05-07 06:00:00,presencial
14119,530,175,13.85,2026-05-07 06:02:00,online
14120,427,37,10.9,2026-05-07 06:03:00,online
14121,157,84,38.33,2026-05-07 06:04:00,presencial
14122,528,152,13.33,2026-05-07 06:16:00,online
14123,426,36,18.59,2026-05-07 06:25:00,presencial
14124,490,47,37.81,2026-05-07 06:35:00,presencial
14125,107,128,208.03,2026-05-07 06:39:00,online
14126,6,126,8.49,2026-05-07 07:07:00,online
14127,38,49,46.19,2026-05-07 07:10:00,online
14128,324,109,11.28,2026-05-07 07:46:00,online
14129,473,141,24.24,2026-05-07 07:53:00,online
14130,549,45,124.32,2026-05-07 08:01:00,presencial
14131,577,89,17.58,2026-05-07 08:07:00,presencial
14132,360,57,33.46,2026-05-07 08:19:00,online
14133,379,189,52.2,2026-05-07 08:28:00,online
14134,175,77,96.67,2026-05-07 08:34:00,online
14135,1,172,24.47,2026-05-07 08:52:00,presencial
14136,117,177,178.91,2026-05-07 08:56:00,presencial
14137,34,34,27.39,2026-05-07 09:04:00,online
14138,411,189,76.16,2026-05-07 09:05:00,presencial
14139,302,10,36.27,2026-05-07 09:10:00,presencial
14140,463,78,100.99,2026-05-07 09:19:00,presencial
14141,89,32,415.82,2026-05-07 09:39:00,presencial
14142,548,10,32.94,2026-05-07 09:42:00,online
14143,432,111,43.92,2026-05-07 10:16:00,presencial
14144,544,121,27.79,2026-05-07 10:34:00,online
14145,390,117,23.46,2026-05-07 10:41:00,online
14146,204,84,20.71,2026-05-07 11:02:00,presencial
14147,376,158,43.79,2026-05-07 11:20:00,online
14148,363,99,19.02,2026-05-07 11:42:00,presencial
14149,109,108,19.66,2026-05-07 12:26:00,presencial
14150,61,89,1.37,2026-05-07 12:28:00,presencial
14151,391,42,205.09,2026-05-07 12:37:00,presencial
14152,57,131,272.65,2026-05-07 12:56:00,online
14153,61,166,91.25,2026-05-07 13:08:00,online
14154,43,61,17.09,2026-05-07 13:12:00,presencial
14155,374,93,11.14,2026-05-07 13:42:00,presencial
14156,557,179,8.0,2026-05-07 13:45:00,online
14157,299,42,90.29,2026-05-07 13:51:00,online
14158,92,85,179.8,2026-05-07 13:52:00,presencial
14159,308,54,53.66,2026-05-07 13:59:00,online
14160,290,69,114.85,2026-05-07 14:28:00,online
14161,357,92,72.92,2026-05-07 14:42:00,presencial
14162,260,185,19.14,2026-05-07 15:03:00,presencial
14163,320,3,135.7,2026-05-07 15:05:00,presencial
14164,195,72,126.49,2026-05-07 15:29:00,presencial
14165,544,174,15.04,2026-05-07 15:45:00,presencial
14166,323,17,108.62,2026-05-07 15:48:00,presencial
14167,187,102,38.0,2026-05-07 16:00:00,presencial
14168,2,32,33.55,2026-05-07 16:04:00,presencial
14169,408,112,68.69,2026-05-07 16:08:00,presencial
14170,229,143,66.4,2026-05-07 16:17:00,online
14171,150,128,118.81,2026-05-07 16:19:00,online
14172,288,113,17.56,2026-05-07 16:29:00,online
14173,292,149,83.28,2026-05-07 16:39:00,presencial
14174,482,107,12.48,2026-05-07 16:40:00,presencial
14175,326,123,36.72,2026-05-07 16:42:00,presencial
14176,421,17,39.52,2026-05-07 16:48:00,presencial
14177,389,5,129.94,2026-05-07 16:56:00,online
14178,510,33,45.16,2026-05-07 16:57:00,presencial
14179,4,108,33.51,2026-05-07 17:24:00,presencial
14180,226,80,214.55,2026-05-07 17:25:00,presencial
14181,430,74,27.89,2026-05-07 17:47:00,presencial
14182,85,90,26.62,2026-05-07 17:50:00,presencial
14183,266,198,5.67,2026-05-07 18:01:00,presencial
14184,241,76,35.21,2026-05-07 18:33:00,online
14185,484,89,15.9,2026-05-07 18:59:00,online
14186,578,101,33.93,2026-05-07 19:08:00,presencial
14187,64,155,58.2,2026-05-07 19:09:00,presencial
14188,129,147,13.55,2026-05-07 19:15:00,presencial
14189,465,196,18.08,2026-05-07 19:37:00,presencial
14190,105,128,7.7,2026-05-07 19:44:00,presencial
14191,299,191,25.51,2026-05-07 19:49:00,online
14192,567,123,15.82,2026-05-07 19:58:00,presencial
14193,586,108,472.77,2026-05-07 20:02:00,presencial
14194,570,112,233.79,2026-05-07 20:06:00,presencial
14195,81,97,195.59,2026-05-07 20:27:00,presencial
14196,90,41,10.76,2026-05-07 20:29:00,presencial
14197,106,74,36.78,2026-05-07 20:38:00,presencial
14198,462,121,11.9,2026-05-07 20:42:00,online
14199,108,122,339.37,2026-05-07 20:43:00,presencial
14200,258,32,111.52,2026-05-07 20:54:00,online
14201,492,161,14.04,2026-05-07 21:03:00,presencial
14202,296,143,67.12,2026-05-07 21:11:00,presencial
14203,565,106,8.75,2026-05-07 21:16:00,online
14204,300,91,38.47,2026-05-07 21:29:00,presencial
14205,228,112,36.85,2026-05-07 21:38:00,online
14206,582,117,100.85,2026-05-07 21:41:00,online
14207,329,86,132.51,2026-05-07 21:43:00,presencial
14208,111,173,45.71,2026-05-07 21:51:00,presencial
14209,381,32,34.94,2026-05-07 22:08:00,presencial
14210,464,75,1.27,2026-05-07 22:18:00,presencial
14211,504,80,249.22,2026-05-07 22:38:00,presencial
14212,4,20,21.69,2026-05-07 22:44:00,online
14213,66,18,50.02,2026-05-07 22:46:00,online
14214,378,179,536.47,2026-05-07 22:50:00,online
14215,446,155,12.02,2026-05-07 23:30:00,presencial
14216,392,73,45.76,2026-05-07 23:32:00,presencial
14217,230,54,77.21,2026-05-07 23:33:00,presencial
14218,453,82,148.67,2026-05-07 23:49:00,online
14219,348,141,44.76,2026-05-08 00:07:00,presencial
14220,556,60,162.9,2026-05-08 00:12:00,presencial
14221,221,14,28.3,2026-05-08 00:13:00,online
14222,453,85,81.28,2026-05-08 00:47:00,online
14223,87,120,70.48,2026-05-08 00:58:00,presencial
14224,440,105,40.44,2026-05-08 00:59:00,online
14225,439,35,63.81,2026-05-08 01:02:00,presencial
14226,153,169,17.08,2026-05-08 01:06:00,online
14227,37,127,32.18,2026-05-08 02:20:00,presencial
14228,596,145,10.85,2026-05-08 02:21:00,presencial
14229,46,192,27.5,2026-05-08 02:25:00,online
14230,282,103,156.33,2026-05-08 02:29:00,presencial
14231,1,116,70.98,2026-05-08 02:34:00,online
14232,251,153,62.72,2026-05-08 02:58:00,presencial
14233,493,155,7.7,2026-05-08 03:25:00,presencial
14234,302,170,63.56,2026-05-08 03:35:00,presencial
14235,144,141,41.72,2026-05-08 04:02:00,online
14236,237,12,80.73,2026-05-08 04:11:00,presencial
14237,56,71,204.7,2026-05-08 04:33:00,online
14238,357,119,28.51,2026-05-08 04:51:00,presencial
14239,3,89,31.59,2026-05-08 04:55:00,presencial
14240,210,9,122.72,2026-05-08 05:09:00,presencial
14241,37,54,23.02,2026-05-08 05:13:00,presencial
14242,144,62,49.21,2026-05-08 05:15:00,presencial
14243,41,8,4.97,2026-05-08 05:16:00,online
14244,557,153,31.85,2026-05-08 05:25:00,presencial
14245,464,76,187.83,2026-05-08 05:31:00,presencial
14246,557,159,64.65,2026-05-08 05:32:00,presencial
14247,410,175,120.22,2026-05-08 05:56:00,online
14248,298,177,127.99,2026-05-08 06:23:00,online
14249,105,182,197.19,2026-05-08 06:35:00,presencial
14250,578,100,30.51,2026-05-08 06:35:00,presencial
14251,551,49,126.03,2026-05-08 06:54:00,presencial
14252,250,17,529.74,2026-05-08 07:13:00,presencial
14253,136,125,43.43,2026-05-08 07:23:00,online
14254,233,26,10.47,2026-05-08 07:29:00,presencial
14255,237,49,23.23,2026-05-08 07:49:00,online
14256,551,49,74.83,2026-05-08 07:53:00,online
14257,41,55,7.19,2026-05-08 08:09:00,presencial
14258,380,75,19.33,2026-05-08 08:18:00,online
14259,462,67,31.1,2026-05-08 08:27:00,online
14260,458,106,50.44,2026-05-08 08:34:00,presencial
14261,116,192,322.52,2026-05-08 08:39:00,online
14262,248,130,95.26,2026-05-08 09:10:00,online
14263,206,136,13.13,2026-05-08 09:31:00,presencial
14264,245,33,3147.51,2026-05-08 09:42:00,online
14265,53,23,43.9,2026-05-08 09:48:00,presencial
14266,50,38,7.04,2026-05-08 09:53:00,online
14267,15,170,14.26,2026-05-08 10:04:00,online
14268,581,35,14.36,2026-05-08 10:18:00,presencial
14269,251,197,10.15,2026-05-08 10:51:00,presencial
14270,137,151,78.59,2026-05-08 11:14:00,online
14271,479,166,2.38,2026-05-08 11:21:00,presencial
14272,297,61,131.69,2026-05-08 11:25:00,presencial
14273,219,32,109.49,2026-05-08 11:30:00,presencial
14274,69,34,27.06,2026-05-08 12:09:00,presencial
14275,232,172,122.4,2026-05-08 12:22:00,presencial
14276,389,87,13.44,2026-05-08 12:38:00,presencial
14277,375,82,17.7,2026-05-08 12:54:00,presencial
14278,235,50,81.82,2026-05-08 13:36:00,presencial
14279,368,72,35.5,2026-05-08 13:41:00,online
14280,461,74,22.47,2026-05-08 13:52:00,presencial
14281,559,150,39.45,2026-05-08 14:15:00,online
14282,318,165,190.69,2026-05-08 14:17:00,online
14283,137,94,182.73,2026-05-08 14:38:00,online
14284,78,67,71.43,2026-05-08 14:46:00,presencial
14285,95,91,30.24,2026-05-08 14:55:00,online
14286,7,35,79.33,2026-05-08 15:04:00,online
14287,335,14,17.31,2026-05-08 15:38:00,presencial
14288,128,47,161.72,2026-05-08 15:52:00,online
14289,136,5,127.16,2026-05-08 16:03:00,presencial
14290,435,7,374.18,2026-05-08 16:32:00,presencial
14291,192,48,18.5,2026-05-08 16:35:00,presencial
14292,498,181,16.14,2026-05-08 16:39:00,presencial
14293,83,38,81.98,2026-05-08 16:41:00,online
14294,205,140,33.08,2026-05-08 16:47:00,online
14295,31,30,134.19,2026-05-08 16:55:00,online
14296,322,93,190.47,2026-05-08 16:58:00,presencial
14297,75,122,290.93,2026-05-08 17:17:00,online
14298,145,113,47.67,2026-05-08 17:24:00,presencial
14299,442,160,117.73,2026-05-08 17:28:00,presencial
14300,529,51,25.31,2026-05-08 17:32:00,presencial
14301,328,149,56.77,2026-05-08 17:33:00,presencial
14302,580,81,42.15,2026-05-08 17:35:00,online
14303,455,90,39.75,2026-05-08 18:36:00,presencial
14304,452,64,332.39,2026-05-08 18:38:00,presencial
14305,595,200,10.21,2026-05-08 18:46:00,presencial
14306,54,165,44.46,2026-05-08 18:52:00,presencial
14307,140,93,47.42,2026-05-08 19:12:00,presencial
14308,263,149,90.71,2026-05-08 19:16:00,online
14309,372,184,13.37,2026-05-08 19:49:00,online
14310,595,57,32.17,2026-05-08 19:51:00,online
14311,60,66,23.21,2026-05-08 19:55:00,online
14312,138,153,3.75,2026-05-08 20:01:00,online
14313,179,57,160.57,2026-05-08 20:10:00,presencial
14314,403,19,8.87,2026-05-08 20:15:00,presencial
14315,572,120,7.66,2026-05-08 20:25:00,online
14316,564,41,126.77,2026-05-08 20:45:00,online
14317,449,118,30.93,2026-05-08 21:13:00,presencial
14318,464,22,32.13,2026-05-08 21:19:00,presencial
14319,250,96,32.81,2026-05-08 21:21:00,presencial
14320,366,48,145.74,2026-05-08 21:30:00,presencial
14321,103,106,24.36,2026-05-08 21:33:00,online
14322,305,46,86.02,2026-05-08 22:29:00,presencial
14323,176,51,12.74,2026-05-08 22:31:00,presencial
14324,558,181,64.27,2026-05-08 22:58:00,presencial
14325,221,197,120.66,2026-05-08 22:59:00,online
14326,237,66,209.68,2026-05-08 23:02:00,online
14327,242,130,8.13,2026-05-08 23:22:00,presencial
14328,541,72,32.25,2026-05-08 23:49:00,presencial
14329,560,35,259.36,2026-05-08 23:59:00,presencial
14330,259,20,123.23,2026-05-09 00:13:00,online
14331,598,179,35.91,2026-05-09 00:32:00,presencial
14332,454,14,44.89,2026-05-09 00:42:00,presencial
14333,508,99,61.97,2026-05-09 00:56:00,presencial
14334,550,44,29.66,2026-05-09 01:08:00,online
14335,200,153,81.6,2026-05-09 01:16:00,online
14336,331,27,76.67,2026-05-09 01:17:00,presencial
14337,172,116,13.11,2026-05-09 01:55:00,presencial
14338,186,69,26.08,2026-05-09 02:34:00,presencial
14339,279,105,27.13,2026-05-09 02:37:00,presencial
14340,31,38,33.75,2026-05-09 02:42:00,presencial
14341,130,24,60.15,2026-05-09 02:53:00,presencial
14342,486,36,54.52,2026-05-09 03:29:00,online
14343,100,116,20.25,2026-05-09 03:50:00,online
14344,374,130,195.25,2026-05-09 04:03:00,presencial
14345,460,181,44.95,2026-05-09 04:21:00,online
14346,158,189,223.63,2026-05-09 05:06:00,presencial
14347,275,151,217.94,2026-05-09 05:15:00,presencial
14348,527,3,13.94,2026-05-09 05:25:00,presencial
14349,502,141,26.07,2026-05-09 05:45:00,presencial
14350,553,142,28.25,2026-05-09 05:48:00,presencial
14351,378,142,63.1,2026-05-09 05:55:00,presencial
14352,533,132,99.39,2026-05-09 05:59:00,presencial
14353,240,138,52.54,2026-05-09 06:10:00,online
14354,361,118,24.39,2026-05-09 06:19:00,presencial
14355,401,124,275.0,2026-05-09 06:22:00,presencial
14356,586,139,27.6,2026-05-09 07:04:00,online
14357,221,9,101.09,2026-05-09 07:36:00,presencial
14358,525,102,42.91,2026-05-09 07:38:00,online
14359,306,26,41.61,2026-05-09 07:38:00,online
14360,63,186,93.8,2026-05-09 07:38:00,online
14361,394,198,244.03,2026-05-09 07:40:00,presencial
14362,589,32,62.52,2026-05-09 07:50:00,online
14363,273,179,26.11,2026-05-09 07:53:00,presencial
14364,330,95,227.71,2026-05-09 08:25:00,presencial
14365,557,135,76.96,2026-05-09 08:41:00,online
14366,553,131,53.91,2026-05-09 08:54:00,online
14367,241,24,138.44,2026-05-09 09:00:00,online
14368,457,182,63.72,2026-05-09 09:11:00,online
14369,379,129,666.91,2026-05-09 09:24:00,online
14370,389,98,44.79,2026-05-09 10:02:00,presencial
14371,433,123,158.32,2026-05-09 10:11:00,presencial
14372,197,196,72.69,2026-05-09 10:16:00,online
14373,183,130,72.43,2026-05-09 10:31:00,presencial
14374,17,132,30.02,2026-05-09 10:41:00,presencial
14375,514,176,30.18,2026-05-09 11:05:00,online
14376,167,140,77.19,2026-05-09 11:22:00,presencial
14377,405,29,17.2,2026-05-09 11:25:00,online
14378,412,164,23.73,2026-05-09 11:32:00,presencial
14379,423,180,45.46,2026-05-09 11:39:00,online
14380,518,147,174.93,2026-05-09 11:52:00,presencial
14381,521,31,48.84,2026-05-09 12:14:00,online
14382,2,105,48.0,2026-05-09 12:47:00,online
14383,505,11,13.95,2026-05-09 12:55:00,online
14384,125,155,288.66,2026-05-09 13:00:00,presencial
14385,388,192,151.08,2026-05-09 13:00:00,presencial
14386,404,8,171.0,2026-05-09 13:30:00,presencial
14387,33,22,9.04,2026-05-09 13:39:00,presencial
14388,171,187,65.81,2026-05-09 13:46:00,presencial
14389,547,160,15.93,2026-05-09 13:57:00,presencial
14390,86,165,104.46,2026-05-09 14:00:00,online
14391,140,42,63.68,2026-05-09 14:03:00,online
14392,50,128,79.1,2026-05-09 14:25:00,online
14393,101,166,20.32,2026-05-09 14:26:00,online
14394,383,14,14.24,2026-05-09 14:27:00,presencial
14395,505,57,22.09,2026-05-09 14:36:00,online
14396,357,59,62.71,2026-05-09 14:39:00,presencial
14397,171,109,34.25,2026-05-09 14:39:00,presencial
14398,516,51,59.06,2026-05-09 14:51:00,online
14399,221,69,14.49,2026-05-09 15:12:00,presencial
14400,189,52,44.38,2026-05-09 15:14:00,online
14401,304,13,207.39,2026-05-09 15:35:00,presencial
14402,83,135,64.43,2026-05-09 16:26:00,presencial
14403,214,128,69.02,2026-05-09 16:28:00,presencial
14404,480,176,69.63,2026-05-09 16:35:00,online
14405,365,116,25.45,2026-05-09 16:49:00,online
14406,593,137,269.05,2026-05-09 17:11:00,online
14407,466,72,66.2,2026-05-09 17:18:00,presencial
14408,217,78,54.32,2026-05-09 17:20:00,online
14409,461,83,95.17,2026-05-09 17:41:00,presencial
14410,520,194,125.81,2026-05-09 17:48:00,presencial
14411,379,95,11.36,2026-05-09 17:52:00,online
14412,458,173,47.56,2026-05-09 18:08:00,online
14413,303,65,522.54,2026-05-09 18:55:00,online
14414,547,138,276.12,2026-05-09 19:09:00,online
14415,143,55,39.76,2026-05-09 19:21:00,presencial
14416,255,80,99.56,2026-05-09 19:23:00,online
14417,153,172,31.21,2026-05-09 19:30:00,presencial
14418,61,137,65.96,2026-05-09 19:31:00,online
14419,370,98,27.0,2026-05-09 19:42:00,presencial
14420,72,82,26.5,2026-05-09 19:58:00,presencial
14421,136,160,23.31,2026-05-09 19:58:00,online
14422,458,32,284.45,2026-05-09 20:16:00,online
14423,145,170,26.35,2026-05-09 21:33:00,online
14424,518,124,156.95,2026-05-09 21:41:00,presencial
14425,30,66,27.8,2026-05-09 21:49:00,presencial
14426,275,140,24.51,2026-05-09 21:50:00,presencial
14427,41,199,68.6,2026-05-09 21:58:00,presencial
14428,36,70,10.71,2026-05-09 22:16:00,online
14429,475,79,92.86,2026-05-09 22:22:00,online
14430,41,186,38.48,2026-05-09 22:34:00,presencial
14431,536,69,24.39,2026-05-09 22:59:00,presencial
14432,360,171,19.26,2026-05-09 23:15:00,online
14433,290,180,390.91,2026-05-09 23:27:00,presencial
14434,552,117,43.05,2026-05-09 23:32:00,presencial
14435,233,17,41.09,2026-05-09 23:48:00,presencial
14436,240,13,116.77,2026-05-09 23:53:00,presencial
14437,246,57,17.71,2026-05-09 23:59:00,presencial
14438,391,4,155.67,2026-05-10 00:12:00,presencial
14439,509,153,42.98,2026-05-10 00:22:00,online
14440,326,128,9.76,2026-05-10 00:46:00,presencial
14441,169,91,24.94,2026-05-10 00:47:00,presencial
14442,534,163,13.4,2026-05-10 00:49:00,online
14443,360,27,48.88,2026-05-10 00:52:00,presencial
14444,500,101,18.67,2026-05-10 00:55:00,online
14445,260,68,16.54,2026-05-10 01:03:00,presencial
14446,120,5,61.65,2026-05-10 01:07:00,presencial
14447,567,96,46.91,2026-05-10 01:15:00,presencial
14448,407,29,169.03,2026-05-10 01:31:00,online
14449,185,10,160.99,2026-05-10 01:39:00,presencial
14450,509,43,47.82,2026-05-10 01:41:00,online
14451,6,39,77.45,2026-05-10 01:47:00,presencial
14452,559,126,9.5,2026-05-10 02:16:00,online
14453,348,159,96.12,2026-05-10 02:46:00,presencial
14454,354,98,70.23,2026-05-10 02:51:00,online
14455,9,129,127.67,2026-05-10 03:29:00,presencial
14456,106,21,31.92,2026-05-10 03:30:00,presencial
14457,433,158,32.22,2026-05-10 03:41:00,online
14458,335,101,32.45,2026-05-10 03:55:00,presencial
14459,77,86,216.6,2026-05-10 04:05:00,online
14460,400,174,61.02,2026-05-10 04:23:00,online
14461,448,63,8.62,2026-05-10 04:28:00,online
14462,164,88,90.81,2026-05-10 05:06:00,online
14463,414,186,26.85,2026-05-10 05:18:00,presencial
14464,584,30,147.38,2026-05-10 05:23:00,presencial
14465,290,105,80.85,2026-05-10 05:28:00,online
14466,138,116,174.95,2026-05-10 05:44:00,presencial
14467,578,141,140.15,2026-05-10 05:47:00,online
14468,547,186,125.35,2026-05-10 06:01:00,online
14469,275,69,155.7,2026-05-10 06:02:00,online
14470,256,24,109.57,2026-05-10 06:08:00,presencial
14471,501,80,20.84,2026-05-10 06:11:00,online
14472,1,32,12.71,2026-05-10 06:11:00,presencial
14473,188,146,17.93,2026-05-10 06:12:00,online
14474,326,114,99.86,2026-05-10 06:24:00,presencial
14475,393,152,3.87,2026-05-10 06:31:00,online
14476,377,68,43.95,2026-05-10 06:47:00,presencial
14477,223,191,33.37,2026-05-10 07:16:00,presencial
14478,522,180,171.78,2026-05-10 07:21:00,presencial
14479,390,184,39.29,2026-05-10 08:36:00,online
14480,325,143,29.8,2026-05-10 08:44:00,online
14481,564,38,190.11,2026-05-10 09:02:00,presencial
14482,57,30,40.4,2026-05-10 09:13:00,online
14483,426,192,33.83,2026-05-10 09:54:00,online
14484,557,175,26.1,2026-05-10 10:15:00,online
14485,398,177,61.2,2026-05-10 10:19:00,online
14486,340,129,31.04,2026-05-10 11:10:00,online
14487,219,172,31.17,2026-05-10 11:25:00,online
14488,163,99,220.36,2026-05-10 11:32:00,presencial
14489,328,33,47.17,2026-05-10 11:43:00,presencial
14490,540,52,27.3,2026-05-10 11:49:00,presencial
14491,278,171,14.96,2026-05-10 12:03:00,presencial
14492,73,130,55.61,2026-05-10 12:31:00,presencial
14493,291,200,24.15,2026-05-10 12:33:00,online
14494,59,180,29.81,2026-05-10 12:52:00,online
14495,562,152,17.52,2026-05-10 13:01:00,online
14496,322,8,55.51,2026-05-10 13:02:00,presencial
14497,129,38,10.66,2026-05-10 13:02:00,presencial
14498,375,76,70.29,2026-05-10 13:03:00,online
14499,323,8,24.51,2026-05-10 13:09:00,presencial
14500,307,188,98.33,2026-05-10 13:27:00,presencial
14501,356,46,76.23,2026-05-10 13:44:00,online
14502,558,77,50.12,2026-05-10 13:48:00,online
14503,514,135,113.38,2026-05-10 13:55:00,presencial
14504,158,8,247.81,2026-05-10 14:05:00,presencial
14505,144,128,180.43,2026-05-10 14:08:00,presencial
14506,595,21,10.57,2026-05-10 14:43:00,online
14507,387,181,22.97,2026-05-10 14:56:00,presencial
14508,12,139,26.28,2026-05-10 15:00:00,presencial
14509,318,68,90.24,2026-05-10 15:19:00,presencial
14510,72,141,25.17,2026-05-10 15:38:00,online
14511,18,63,24.1,2026-05-10 15:59:00,presencial
14512,112,24,19.93,2026-05-10 16:13:00,online
14513,153,2,62.1,2026-05-10 16:20:00,presencial
14514,48,44,89.85,2026-05-10 16:23:00,presencial
14515,502,142,11.79,2026-05-10 16:57:00,online
14516,263,113,25.39,2026-05-10 17:08:00,online
14517,332,55,5.56,2026-05-10 17:32:00,online
14518,520,138,3.22,2026-05-10 18:21:00,presencial
14519,503,78,76.18,2026-05-10 18:33:00,online
14520,493,32,63.24,2026-05-10 18:53:00,presencial
14521,118,136,54.04,2026-05-10 19:37:00,presencial
14522,447,92,256.13,2026-05-10 19:53:00,presencial
14523,598,133,7.08,2026-05-10 20:09:00,presencial
14524,5,113,4.54,2026-05-10 20:11:00,presencial
14525,521,21,12.99,2026-05-10 20:18:00,presencial
14526,520,10,4.34,2026-05-10 20:26:00,presencial
14527,505,21,22.77,2026-05-10 20:26:00,presencial
14528,238,45,84.87,2026-05-10 20:38:00,online
14529,120,45,61.94,2026-05-10 21:00:00,presencial
14530,439,184,138.42,2026-05-10 21:13:00,presencial
14531,374,157,67.21,2026-05-10 21:20:00,online
14532,437,176,28.66,2026-05-10 21:21:00,online
14533,154,95,25.06,2026-05-10 21:24:00,presencial
14534,107,65,72.33,2026-05-10 21:28:00,presencial
14535,541,81,8.3,2026-05-10 21:28:00,presencial
14536,310,174,1.36,2026-05-10 21:54:00,online
14537,511,72,68.67,2026-05-10 22:07:00,online
14538,556,127,57.84,2026-05-10 22:19:00,online
14539,276,29,251.19,2026-05-10 22:25:00,presencial
14540,158,197,96.17,2026-05-10 22:37:00,presencial
14541,538,129,62.81,2026-05-10 22:38:00,online
14542,430,194,31.71,2026-05-10 23:30:00,presencial
14543,400,59,18.32,2026-05-10 23:46:00,presencial
14544,575,124,32.84,2026-05-11 00:21:00,presencial
14545,148,55,127.82,2026-05-11 00:28:00,online
14546,217,94,74.44,2026-05-11 01:06:00,presencial
14547,24,65,124.92,2026-05-11 01:19:00,presencial
14548,233,29,50.27,2026-05-11 01:21:00,presencial
14549,268,89,16.62,2026-05-11 01:34:00,presencial
14550,272,107,160.23,2026-05-11 01:55:00,online
14551,91,32,145.05,2026-05-11 01:56:00,presencial
14552,486,80,54.82,2026-05-11 02:02:00,online
14553,294,19,82.4,2026-05-11 02:13:00,presencial
14554,264,130,77.56,2026-05-11 02:22:00,online
14555,519,63,26.7,2026-05-11 02:37:00,presencial
14556,292,18,33.58,2026-05-11 02:37:00,presencial
14557,536,103,16.43,2026-05-11 02:53:00,presencial
14558,134,167,33.44,2026-05-11 02:57:00,presencial
14559,511,199,138.92,2026-05-11 03:04:00,online
14560,594,194,112.75,2026-05-11 03:09:00,online
14561,451,35,82.62,2026-05-11 03:23:00,presencial
14562,536,42,128.39,2026-05-11 03:37:00,presencial
14563,445,179,29.91,2026-05-11 03:40:00,presencial
14564,361,127,12.3,2026-05-11 03:51:00,presencial
14565,459,109,37.62,2026-05-11 04:03:00,presencial
14566,577,161,41.04,2026-05-11 04:19:00,presencial
14567,364,13,94.0,2026-05-11 04:36:00,online
14568,413,111,78.46,2026-05-11 04:44:00,online
14569,48,115,135.86,2026-05-11 04:51:00,presencial
14570,576,188,4.87,2026-05-11 04:52:00,presencial
14571,467,94,18.58,2026-05-11 05:07:00,online
14572,97,103,40.43,2026-05-11 05:13:00,presencial
14573,174,161,75.74,2026-05-11 05:18:00,presencial
14574,136,55,447.57,2026-05-11 05:40:00,presencial
14575,192,14,15.26,2026-05-11 05:46:00,presencial
14576,532,95,20.47,2026-05-11 05:55:00,presencial
14577,279,123,28.06,2026-05-11 06:08:00,presencial
14578,252,98,19.69,2026-05-11 06:17:00,presencial
14579,468,142,16.83,2026-05-11 06:33:00,online
14580,223,51,47.02,2026-05-11 06:33:00,presencial
14581,532,3,131.9,2026-05-11 06:34:00,online
14582,453,158,50.97,2026-05-11 06:48:00,presencial
14583,155,171,17.36,2026-05-11 07:01:00,presencial
14584,379,124,36.02,2026-05-11 07:21:00,presencial
14585,290,63,14.26,2026-05-11 07:33:00,online
14586,207,75,131.81,2026-05-11 07:36:00,presencial
14587,544,96,225.49,2026-05-11 07:43:00,presencial
14588,239,85,7.73,2026-05-11 08:07:00,online
14589,71,45,57.51,2026-05-11 08:08:00,presencial
14590,246,75,18.99,2026-05-11 08:08:00,presencial
14591,311,60,47.9,2026-05-11 08:23:00,presencial
14592,76,90,40.69,2026-05-11 08:30:00,presencial
14593,446,76,10.22,2026-05-11 08:32:00,presencial
14594,138,106,168.97,2026-05-11 08:43:00,presencial
14595,56,162,37.83,2026-05-11 09:14:00,presencial
14596,323,67,26.66,2026-05-11 09:18:00,online
14597,97,12,50.8,2026-05-11 09:22:00,presencial
14598,470,164,17.16,2026-05-11 09:43:00,presencial
14599,42,38,36.52,2026-05-11 09:43:00,online
14600,252,186,5.92,2026-05-11 09:45:00,presencial
14601,32,106,3.34,2026-05-11 10:51:00,online
14602,231,105,15.38,2026-05-11 10:51:00,presencial
14603,560,82,24.89,2026-05-11 10:57:00,presencial
14604,391,143,6.47,2026-05-11 11:12:00,online
14605,322,131,25.86,2026-05-11 11:17:00,presencial
14606,95,187,24.85,2026-05-11 11:29:00,presencial
14607,188,4,41.77,2026-05-11 12:20:00,online
14608,229,39,87.84,2026-05-11 12:27:00,presencial
14609,348,56,293.92,2026-05-11 12:29:00,presencial
14610,125,38,71.6,2026-05-11 12:29:00,online
14611,600,190,15.14,2026-05-11 12:55:00,online
14612,391,15,93.05,2026-05-11 13:06:00,presencial
14613,188,25,208.65,2026-05-11 13:28:00,presencial
14614,68,89,13.04,2026-05-11 13:44:00,presencial
14615,358,53,13.86,2026-05-11 14:21:00,online
14616,269,67,9.36,2026-05-11 14:25:00,online
14617,405,121,24.02,2026-05-11 14:42:00,presencial
14618,358,113,67.39,2026-05-11 15:01:00,presencial
14619,385,173,228.5,2026-05-11 15:03:00,online
14620,501,91,119.2,2026-05-11 15:06:00,presencial
14621,316,188,68.31,2026-05-11 15:14:00,online
14622,435,39,47.01,2026-05-11 15:17:00,presencial
14623,216,39,68.76,2026-05-11 15:19:00,presencial
14624,566,79,73.37,2026-05-11 15:49:00,presencial
14625,245,24,187.45,2026-05-11 15:58:00,online
14626,408,6,43.69,2026-05-11 15:58:00,presencial
14627,600,75,59.62,2026-05-11 16:09:00,presencial
14628,210,108,28.52,2026-05-11 16:17:00,presencial
14629,61,56,50.64,2026-05-11 16:18:00,online
14630,140,55,33.72,2026-05-11 16:28:00,online
14631,147,20,12.08,2026-05-11 16:30:00,presencial
14632,34,23,116.82,2026-05-11 16:54:00,presencial
14633,327,177,229.77,2026-05-11 17:05:00,presencial
14634,167,14,42.9,2026-05-11 17:13:00,online
14635,59,141,64.41,2026-05-11 17:18:00,presencial
14636,83,143,115.33,2026-05-11 17:55:00,online
14637,165,41,38.18,2026-05-11 18:04:00,online
14638,222,50,55.07,2026-05-11 18:12:00,online
14639,585,74,35.21,2026-05-11 18:19:00,online
14640,422,132,24.42,2026-05-11 18:51:00,presencial
14641,429,8,79.34,2026-05-11 19:03:00,presencial
14642,416,164,78.55,2026-05-11 19:29:00,presencial
14643,482,69,123.32,2026-05-11 19:41:00,presencial
14644,191,100,44.53,2026-05-11 20:08:00,presencial
14645,60,182,11.94,2026-05-11 20:12:00,online
14646,306,27,151.17,2026-05-11 20:21:00,presencial
14647,1,190,19.93,2026-05-11 20:41:00,presencial
14648,131,123,19.55,2026-05-11 20:42:00,presencial
14649,452,86,24.9,2026-05-11 20:48:00,presencial
14650,302,15,6.57,2026-05-11 20:51:00,presencial
14651,415,14,35.18,2026-05-11 20:51:00,online
14652,307,164,88.35,2026-05-11 21:04:00,online
14653,326,81,27.74,2026-05-11 21:10:00,presencial
14654,181,153,194.81,2026-05-11 21:12:00,online
14655,132,167,181.97,2026-05-11 21:16:00,presencial
14656,156,81,118.89,2026-05-11 21:27:00,online
14657,479,64,5.32,2026-05-11 21:45:00,presencial
14658,588,54,216.39,2026-05-11 21:47:00,online
14659,50,128,34.44,2026-05-11 21:58:00,presencial
14660,323,142,283.23,2026-05-11 22:10:00,presencial
14661,283,70,23.0,2026-05-11 22:20:00,presencial
14662,338,114,38.33,2026-05-11 22:54:00,presencial
14663,140,108,49.33,2026-05-11 23:02:00,online
14664,5,30,16.03,2026-05-11 23:27:00,presencial
14665,123,106,7.52,2026-05-11 23:30:00,online
14666,110,152,3.2,2026-05-11 23:54:00,online
14667,32,193,1150.67,2026-05-12 00:15:00,presencial
14668,214,67,7.13,2026-05-12 00:16:00,online
14669,411,48,7.24,2026-05-12 00:19:00,presencial
14670,580,179,83.86,2026-05-12 00:24:00,presencial
14671,395,184,9.34,2026-05-12 00:26:00,online
14672,106,166,7.61,2026-05-12 00:30:00,presencial
14673,218,68,1.89,2026-05-12 00:45:00,presencial
14674,182,56,61.68,2026-05-12 00:45:00,presencial
14675,128,125,13.78,2026-05-12 00:46:00,online
14676,595,52,90.72,2026-05-12 01:06:00,presencial
14677,394,154,41.12,2026-05-12 01:54:00,online
14678,289,80,49.11,2026-05-12 02:15:00,online
14679,263,66,27.15,2026-05-12 02:25:00,online
14680,192,161,33.0,2026-05-12 02:34:00,online
14681,251,72,16.71,2026-05-12 02:42:00,presencial
14682,381,27,18.54,2026-05-12 02:45:00,presencial
14683,557,159,13.4,2026-05-12 02:50:00,online
14684,298,64,236.37,2026-05-12 02:55:00,presencial
14685,111,132,28.91,2026-05-12 03:02:00,online
14686,575,132,3.7,2026-05-12 03:31:00,online
14687,189,17,59.42,2026-05-12 03:53:00,online
14688,50,7,18.47,2026-05-12 04:04:00,presencial
14689,327,165,42.57,2026-05-12 04:07:00,presencial
14690,475,12,33.23,2026-05-12 04:26:00,online
14691,155,67,230.26,2026-05-12 04:39:00,presencial
14692,168,153,29.31,2026-05-12 04:40:00,online
14693,174,36,109.69,2026-05-12 04:44:00,presencial
14694,485,105,97.67,2026-05-12 05:09:00,presencial
14695,575,24,9.94,2026-05-12 05:35:00,online
14696,509,112,54.96,2026-05-12 06:19:00,online
14697,136,143,19.41,2026-05-12 06:25:00,presencial
14698,510,50,11.83,2026-05-12 06:27:00,presencial
14699,186,57,11.88,2026-05-12 06:47:00,presencial
14700,521,107,110.33,2026-05-12 07:03:00,presencial
14701,595,159,818.38,2026-05-12 07:04:00,online
14702,431,110,18.43,2026-05-12 07:06:00,online
14703,574,141,56.67,2026-05-12 07:25:00,online
14704,86,83,62.9,2026-05-12 07:32:00,presencial
14705,393,26,24.95,2026-05-12 07:33:00,presencial
14706,32,193,210.26,2026-05-12 07:37:00,online
14707,392,160,501.02,2026-05-12 07:51:00,presencial
14708,205,10,23.16,2026-05-12 08:13:00,online
14709,582,56,301.22,2026-05-12 08:14:00,presencial
14710,298,83,24.5,2026-05-12 08:14:00,online
14711,458,17,15.37,2026-05-12 08:39:00,presencial
14712,182,172,38.35,2026-05-12 08:44:00,online
14713,45,35,116.27,2026-05-12 08:48:00,presencial
14714,446,42,39.86,2026-05-12 08:49:00,presencial
14715,134,64,100.64,2026-05-12 09:04:00,presencial
14716,434,187,57.35,2026-05-12 09:12:00,presencial
14717,279,46,197.97,2026-05-12 09:42:00,presencial
14718,584,86,80.14,2026-05-12 09:55:00,presencial
14719,212,137,240.71,2026-05-12 10:02:00,presencial
14720,241,32,17.4,2026-05-12 10:18:00,presencial
14721,445,18,35.74,2026-05-12 10:31:00,presencial
14722,472,19,44.63,2026-05-12 10:44:00,presencial
14723,76,37,17.47,2026-05-12 10:44:00,presencial
14724,445,66,14.76,2026-05-12 10:51:00,presencial
14725,295,189,68.06,2026-05-12 11:03:00,presencial
14726,594,184,92.92,2026-05-12 11:18:00,presencial
14727,379,114,50.6,2026-05-12 11:24:00,presencial
14728,465,188,143.3,2026-05-12 11:37:00,online
14729,207,6,13.28,2026-05-12 11:45:00,presencial
14730,171,113,29.07,2026-05-12 11:46:00,presencial
14731,472,89,12.21,2026-05-12 11:52:00,presencial
14732,10,24,52.11,2026-05-12 11:56:00,presencial
14733,349,111,76.45,2026-05-12 12:39:00,online
14734,581,92,195.59,2026-05-12 12:53:00,presencial
14735,595,153,12.24,2026-05-12 13:24:00,presencial
14736,430,84,67.33,2026-05-12 13:25:00,online
14737,299,86,216.96,2026-05-12 13:44:00,presencial
14738,488,47,14.85,2026-05-12 14:00:00,presencial
14739,9,95,11.47,2026-05-12 14:02:00,online
14740,476,16,8.83,2026-05-12 14:30:00,presencial
14741,114,114,88.85,2026-05-12 14:31:00,presencial
14742,442,77,20.13,2026-05-12 14:37:00,presencial
14743,209,55,75.63,2026-05-12 14:46:00,online
14744,451,75,35.24,2026-05-12 14:50:00,presencial
14745,362,179,324.08,2026-05-12 14:51:00,presencial
14746,558,141,106.34,2026-05-12 15:05:00,presencial
14747,473,171,18.46,2026-05-12 15:22:00,presencial
14748,549,79,32.06,2026-05-12 15:31:00,presencial
14749,91,79,106.34,2026-05-12 15:37:00,presencial
14750,228,3,13.8,2026-05-12 16:14:00,presencial
14751,263,137,164.08,2026-05-12 16:15:00,presencial
14752,19,5,33.95,2026-05-12 16:37:00,presencial
14753,14,195,108.83,2026-05-12 16:43:00,presencial
14754,24,138,36.03,2026-05-12 16:47:00,online
14755,461,94,25.12,2026-05-12 16:48:00,presencial
14756,268,133,20.98,2026-05-12 16:49:00,online
14757,452,199,300.55,2026-05-12 18:55:00,presencial
14758,501,33,32.31,2026-05-12 19:36:00,presencial
14759,22,150,1324.34,2026-05-12 19:37:00,presencial
14760,509,174,52.83,2026-05-12 19:49:00,presencial
14761,136,118,17.53,2026-05-12 19:56:00,presencial
14762,243,133,7.82,2026-05-12 20:09:00,presencial
14763,578,102,173.48,2026-05-12 20:13:00,presencial
14764,181,31,36.12,2026-05-12 20:24:00,presencial
14765,564,197,110.49,2026-05-12 20:34:00,presencial
14766,304,58,575.08,2026-05-12 20:37:00,online
14767,9,78,93.29,2026-05-12 21:00:00,presencial
14768,500,195,64.78,2026-05-12 21:33:00,presencial
14769,27,12,172.25,2026-05-12 22:46:00,presencial
14770,382,82,108.26,2026-05-12 22:49:00,online
14771,276,112,11.14,2026-05-12 22:50:00,online
14772,84,48,193.62,2026-05-12 23:05:00,online
14773,309,135,42.5,2026-05-12 23:07:00,online
14774,218,105,243.59,2026-05-12 23:26:00,online
14775,60,53,78.08,2026-05-13 00:02:00,online
14776,334,42,165.79,2026-05-13 00:13:00,presencial
14777,27,58,34.92,2026-05-13 00:21:00,online
14778,323,159,8.42,2026-05-13 00:22:00,presencial
14779,136,105,83.1,2026-05-13 00:24:00,online
14780,499,159,130.91,2026-05-13 00:34:00,presencial
14781,571,144,24.22,2026-05-13 00:40:00,online
14782,560,161,35.74,2026-05-13 00:41:00,presencial
14783,563,172,3.91,2026-05-13 00:48:00,presencial
14784,61,124,37.68,2026-05-13 00:52:00,online
14785,306,73,11.3,2026-05-13 01:10:00,presencial
14786,135,139,78.96,2026-05-13 01:12:00,online
14787,59,189,64.61,2026-05-13 01:43:00,presencial
14788,236,65,45.45,2026-05-13 01:48:00,presencial
14789,258,98,191.51,2026-05-13 01:51:00,online
14790,178,176,58.27,2026-05-13 01:59:00,presencial
14791,69,120,55.3,2026-05-13 02:36:00,presencial
14792,245,29,63.67,2026-05-13 02:37:00,presencial
14793,94,71,23.54,2026-05-13 02:57:00,online
14794,25,51,133.02,2026-05-13 03:18:00,presencial
14795,271,96,16.31,2026-05-13 03:30:00,presencial
14796,40,199,71.17,2026-05-13 03:41:00,presencial
14797,580,168,170.81,2026-05-13 03:43:00,presencial
14798,504,193,14.45,2026-05-13 04:43:00,presencial
14799,556,149,10.21,2026-05-13 04:45:00,online
14800,62,102,14.17,2026-05-13 05:07:00,online
14801,279,132,329.89,2026-05-13 05:55:00,online
14802,495,100,22.87,2026-05-13 06:00:00,online
14803,346,9,11.94,2026-05-13 06:00:00,online
14804,184,24,66.89,2026-05-13 06:05:00,presencial
14805,499,111,2.23,2026-05-13 06:10:00,online
14806,186,132,15.64,2026-05-13 06:33:00,presencial
14807,585,51,211.77,2026-05-13 06:44:00,presencial
14808,61,7,15.63,2026-05-13 06:46:00,presencial
14809,424,14,33.55,2026-05-13 06:52:00,online
14810,8,63,61.78,2026-05-13 06:57:00,online
14811,549,173,61.81,2026-05-13 07:08:00,presencial
14812,214,84,24.88,2026-05-13 07:32:00,online
14813,13,195,81.53,2026-05-13 07:39:00,online
14814,502,179,219.39,2026-05-13 07:45:00,online
14815,581,172,13.9,2026-05-13 07:59:00,online
14816,552,194,26.24,2026-05-13 08:00:00,presencial
14817,292,49,39.82,2026-05-13 08:01:00,presencial
14818,37,195,96.53,2026-05-13 08:25:00,presencial
14819,137,185,46.36,2026-05-13 08:27:00,presencial
14820,19,160,38.87,2026-05-13 08:36:00,online
14821,27,39,8.13,2026-05-13 08:38:00,presencial
14822,96,58,12.85,2026-05-13 09:00:00,presencial
14823,338,131,55.25,2026-05-13 09:07:00,presencial
14824,460,10,25.4,2026-05-13 09:09:00,presencial
14825,351,165,30.68,2026-05-13 09:24:00,presencial
14826,123,86,41.76,2026-05-13 09:38:00,online
14827,362,5,587.49,2026-05-13 10:05:00,online
14828,139,60,25.86,2026-05-13 10:44:00,online
14829,277,80,205.54,2026-05-13 11:04:00,online
14830,534,132,189.66,2026-05-13 11:15:00,online
14831,81,121,108.22,2026-05-13 11:20:00,presencial
14832,525,75,17.6,2026-05-13 11:25:00,presencial
14833,163,124,51.98,2026-05-13 11:32:00,online
14834,403,179,29.09,2026-05-13 11:47:00,online
14835,157,71,409.88,2026-05-13 11:48:00,presencial
14836,99,75,70.23,2026-05-13 12:35:00,presencial
14837,271,21,35.36,2026-05-13 12:37:00,presencial
14838,229,76,318.43,2026-05-13 13:02:00,online
14839,305,57,30.33,2026-05-13 13:17:00,presencial
14840,142,152,82.0,2026-05-13 13:46:00,presencial
14841,587,23,96.8,2026-05-13 13:59:00,online
14842,404,119,65.5,2026-05-13 14:24:00,online
14843,505,155,39.76,2026-05-13 14:30:00,presencial
14844,468,52,112.31,2026-05-13 15:05:00,presencial
14845,435,14,22.36,2026-05-13 15:16:00,presencial
14846,86,136,152.18,2026-05-13 15:48:00,presencial
14847,353,118,32.8,2026-05-13 15:56:00,presencial
14848,539,113,194.72,2026-05-13 16:01:00,presencial
14849,58,176,141.3,2026-05-13 16:22:00,online
14850,278,21,81.8,2026-05-13 16:29:00,presencial
14851,111,40,40.48,2026-05-13 16:43:00,online
14852,478,94,150.35,2026-05-13 16:58:00,presencial
14853,559,113,83.78,2026-05-13 17:20:00,presencial
14854,31,184,1.3,2026-05-13 17:34:00,presencial
14855,481,124,18.18,2026-05-13 17:41:00,presencial
14856,217,43,53.82,2026-05-13 17:49:00,presencial
14857,579,171,60.81,2026-05-13 18:03:00,presencial
14858,9,83,97.31,2026-05-13 18:15:00,presencial
14859,115,174,245.61,2026-05-13 18:17:00,presencial
14860,432,56,85.23,2026-05-13 18:18:00,presencial
14861,468,159,4.51,2026-05-13 19:06:00,presencial
14862,48,108,55.56,2026-05-13 19:15:00,online
14863,97,112,170.27,2026-05-13 19:17:00,online
14864,203,196,50.54,2026-05-13 19:18:00,presencial
14865,21,31,55.91,2026-05-13 19:26:00,online
14866,470,62,25.95,2026-05-13 19:32:00,presencial
14867,402,37,126.99,2026-05-13 19:38:00,online
14868,450,167,30.31,2026-05-13 20:11:00,presencial
14869,282,171,85.81,2026-05-13 20:14:00,presencial
14870,385,168,71.62,2026-05-13 20:41:00,presencial
14871,344,48,47.45,2026-05-13 21:32:00,presencial
14872,417,52,76.13,2026-05-13 22:02:00,online
14873,271,81,55.8,2026-05-13 22:13:00,presencial
14874,391,155,182.19,2026-05-13 22:21:00,online
14875,388,151,94.1,2026-05-13 22:27:00,presencial
14876,385,198,140.29,2026-05-13 22:34:00,presencial
14877,524,157,19.29,2026-05-13 22:40:00,presencial
14878,210,191,18.01,2026-05-13 23:26:00,online
14879,528,54,47.89,2026-05-13 23:44:00,presencial
14880,17,122,101.94,2026-05-13 23:48:00,presencial
14881,292,107,80.21,2026-05-14 00:24:00,online
14882,266,31,19.56,2026-05-14 00:24:00,presencial
14883,521,190,105.49,2026-05-14 00:31:00,presencial
14884,28,24,22.41,2026-05-14 00:35:00,presencial
14885,131,171,93.81,2026-05-14 00:48:00,online
14886,282,54,61.27,2026-05-14 00:55:00,online
14887,490,45,34.9,2026-05-14 01:13:00,presencial
14888,279,121,24.79,2026-05-14 01:23:00,online
14889,384,94,51.75,2026-05-14 01:29:00,presencial
14890,108,78,48.98,2026-05-14 01:33:00,online
14891,566,181,14.14,2026-05-14 01:34:00,presencial
14892,471,140,86.68,2026-05-14 01:42:00,presencial
14893,26,122,159.55,2026-05-14 02:35:00,online
14894,423,158,115.2,2026-05-14 02:37:00,presencial
14895,78,161,63.21,2026-05-14 02:59:00,online
14896,336,37,27.25,2026-05-14 03:01:00,online
14897,426,89,51.51,2026-05-14 03:12:00,presencial
14898,556,182,38.68,2026-05-14 03:14:00,presencial
14899,43,163,51.25,2026-05-14 03:48:00,online
14900,173,13,125.22,2026-05-14 03:49:00,presencial
14901,415,50,39.69,2026-05-14 03:59:00,presencial
14902,158,53,5.92,2026-05-14 04:02:00,presencial
14903,428,103,107.72,2026-05-14 04:04:00,presencial
14904,111,163,69.19,2026-05-14 04:13:00,presencial
14905,99,97,52.72,2026-05-14 04:13:00,online
14906,327,37,12.28,2026-05-14 04:14:00,presencial
14907,414,112,17.89,2026-05-14 04:15:00,online
14908,124,45,20.35,2026-05-14 04:20:00,presencial
14909,525,136,23.52,2026-05-14 04:20:00,presencial
14910,522,196,26.07,2026-05-14 04:22:00,online
14911,49,127,12.18,2026-05-14 04:23:00,online
14912,183,183,476.67,2026-05-14 04:33:00,online
14913,334,109,233.29,2026-05-14 05:25:00,presencial
14914,295,163,60.64,2026-05-14 06:10:00,presencial
14915,153,189,43.08,2026-05-14 06:17:00,presencial
14916,318,35,333.35,2026-05-14 06:21:00,online
14917,578,134,266.7,2026-05-14 06:22:00,online
14918,185,52,19.81,2026-05-14 06:29:00,presencial
14919,132,17,58.7,2026-05-14 06:37:00,presencial
14920,444,48,36.57,2026-05-14 06:43:00,online
14921,343,29,33.24,2026-05-14 07:18:00,presencial
14922,416,38,37.26,2026-05-14 07:52:00,presencial
14923,388,2,40.68,2026-05-14 08:19:00,presencial
14924,457,195,56.36,2026-05-14 08:58:00,presencial
14925,438,89,56.72,2026-05-14 09:22:00,presencial
14926,364,34,217.46,2026-05-14 09:57:00,presencial
14927,273,69,18.4,2026-05-14 10:06:00,presencial
14928,277,150,129.49,2026-05-14 10:29:00,presencial
14929,160,127,13.7,2026-05-14 10:39:00,presencial
14930,270,11,58.01,2026-05-14 10:40:00,online
14931,364,30,140.85,2026-05-14 11:03:00,presencial
14932,430,109,83.59,2026-05-14 11:29:00,presencial
14933,464,194,31.56,2026-05-14 11:41:00,presencial
14934,227,15,61.15,2026-05-14 11:46:00,presencial
14935,440,173,275.21,2026-05-14 11:56:00,presencial
14936,263,13,23.32,2026-05-14 12:06:00,online
14937,216,100,83.36,2026-05-14 12:12:00,online
14938,99,47,129.23,2026-05-14 12:24:00,presencial
14939,160,85,29.17,2026-05-14 12:39:00,presencial
14940,408,186,301.54,2026-05-14 12:57:00,presencial
14941,130,44,437.27,2026-05-14 12:58:00,presencial
14942,47,128,148.92,2026-05-14 13:17:00,presencial
14943,164,67,149.27,2026-05-14 13:39:00,presencial
14944,595,131,6.68,2026-05-14 14:16:00,presencial
14945,90,11,10.45,2026-05-14 14:26:00,presencial
14946,87,60,40.74,2026-05-14 14:48:00,presencial
14947,242,192,21.68,2026-05-14 14:52:00,online
14948,230,145,88.98,2026-05-14 15:33:00,presencial
14949,553,188,1.95,2026-05-14 15:41:00,online
14950,143,137,88.35,2026-05-14 15:49:00,online
14951,251,38,36.84,2026-05-14 15:52:00,online
14952,175,93,24.63,2026-05-14 15:53:00,online
14953,150,176,364.04,2026-05-14 15:59:00,online
14954,194,137,31.85,2026-05-14 16:48:00,presencial
14955,155,105,7.55,2026-05-14 17:04:00,presencial
14956,432,174,73.9,2026-05-14 17:09:00,presencial
14957,475,23,68.06,2026-05-14 17:11:00,presencial
14958,107,193,36.92,2026-05-14 17:13:00,presencial
14959,298,26,593.73,2026-05-14 17:13:00,presencial
14960,159,200,56.32,2026-05-14 17:21:00,presencial
14961,521,161,136.49,2026-05-14 17:35:00,presencial
14962,61,98,63.78,2026-05-14 18:06:00,online
14963,246,96,180.84,2026-05-14 18:14:00,online
14964,199,7,31.06,2026-05-14 18:24:00,presencial
14965,219,64,13.88,2026-05-14 18:26:00,online
14966,565,46,103.78,2026-05-14 18:31:00,online
14967,325,142,62.13,2026-05-14 18:43:00,online
14968,229,40,107.21,2026-05-14 18:51:00,online
14969,485,162,22.68,2026-05-14 19:29:00,online
14970,467,61,75.81,2026-05-14 19:44:00,online
14971,87,171,7.74,2026-05-14 20:01:00,presencial
14972,278,73,26.37,2026-05-14 20:18:00,online
14973,248,151,20.59,2026-05-14 20:21:00,presencial
14974,270,134,77.13,2026-05-14 20:53:00,online
14975,210,198,26.24,2026-05-14 21:06:00,online
14976,495,106,9.87,2026-05-14 21:07:00,presencial
14977,598,71,23.93,2026-05-14 21:25:00,presencial
14978,17,130,86.34,2026-05-14 21:43:00,presencial
14979,514,6,51.63,2026-05-14 21:53:00,presencial
14980,519,195,19.7,2026-05-14 22:03:00,online
14981,220,136,112.52,2026-05-14 22:36:00,presencial
14982,292,10,250.12,2026-05-14 22:40:00,online
14983,62,35,121.48,2026-05-14 22:41:00,online
14984,211,3,3.53,2026-05-14 22:50:00,online
14985,143,134,58.02,2026-05-14 23:15:00,online
14986,545,134,38.24,2026-05-14 23:32:00,presencial
14987,65,33,4.76,2026-05-14 23:41:00,presencial
14988,204,110,10.81,2026-05-14 23:42:00,presencial
14989,289,98,107.66,2026-05-14 23:45:00,presencial
14990,587,97,54.83,2026-05-14 23:46:00,presencial
14991,491,124,48.85,2026-05-14 23:49:00,presencial
14992,562,171,21.87,2026-05-15 00:00:00,online
14993,187,183,147.01,2026-05-15 00:10:00,online
14994,161,32,11.56,2026-05-15 00:16:00,presencial
14995,343,189,16.83,2026-05-15 00:35:00,presencial
14996,205,115,31.52,2026-05-15 00:36:00,presencial
14997,10,37,8.35,2026-05-15 00:36:00,presencial
14998,488,187,16.95,2026-05-15 00:38:00,presencial
14999,57,74,143.7,2026-05-15 00:51:00,online
15000,118,90,17.66,2026-05-15 00:52:00,online
15001,566,194,105.53,2026-05-15 01:03:00,online
15002,440,116,89.88,2026-05-15 01:07:00,online
15003,386,29,37.14,2026-05-15 01:24:00,presencial
15004,78,14,9.39,2026-05-15 01:27:00,presencial
15005,151,165,47.93,2026-05-15 01:58:00,presencial
15006,124,70,4.38,2026-05-15 02:04:00,presencial
15007,385,20,24.98,2026-05-15 02:05:00,presencial
15008,301,9,58.42,2026-05-15 02:21:00,online
15009,217,190,116.34,2026-05-15 02:59:00,presencial
15010,448,115,37.83,2026-05-15 03:16:00,online
15011,467,105,22.9,2026-05-15 03:18:00,presencial
15012,444,119,20.97,2026-05-15 03:36:00,online
15013,64,84,26.71,2026-05-15 03:56:00,presencial
15014,366,191,88.81,2026-05-15 04:30:00,online
15015,127,121,65.7,2026-05-15 04:36:00,presencial
15016,164,128,43.63,2026-05-15 04:37:00,presencial
15017,587,179,89.39,2026-05-15 04:40:00,presencial
15018,250,1,44.73,2026-05-15 04:51:00,presencial
15019,473,64,10.3,2026-05-15 04:56:00,presencial
15020,148,167,13.18,2026-05-15 04:59:00,presencial
15021,584,20,86.65,2026-05-15 05:11:00,online
15022,167,66,9.86,2026-05-15 05:17:00,online
15023,110,33,29.4,2026-05-15 05:18:00,presencial
15024,194,143,39.43,2026-05-15 05:21:00,presencial
15025,105,169,14.34,2026-05-15 05:21:00,presencial
15026,360,53,7.14,2026-05-15 05:50:00,presencial
15027,87,138,12.28,2026-05-15 05:51:00,presencial
15028,125,153,6.11,2026-05-15 06:05:00,online
15029,422,182,87.6,2026-05-15 06:13:00,presencial
15030,26,186,69.22,2026-05-15 06:14:00,presencial
15031,265,92,19.38,2026-05-15 06:21:00,online
15032,416,16,9.93,2026-05-15 06:26:00,online
15033,268,149,161.24,2026-05-15 06:28:00,presencial
15034,14,109,72.56,2026-05-15 06:55:00,presencial
15035,95,92,22.58,2026-05-15 07:00:00,online
15036,583,109,164.98,2026-05-15 07:10:00,online
15037,464,129,52.01,2026-05-15 07:17:00,online
15038,211,58,63.42,2026-05-15 07:20:00,presencial
15039,525,66,14.21,2026-05-15 07:29:00,online
15040,4,69,8.43,2026-05-15 07:30:00,presencial
15041,29,99,7.95,2026-05-15 07:31:00,presencial
15042,531,136,442.01,2026-05-15 07:39:00,presencial
15043,405,9,17.99,2026-05-15 07:54:00,presencial
15044,360,59,48.02,2026-05-15 07:54:00,presencial
15045,207,146,74.11,2026-05-15 07:56:00,presencial
15046,491,7,43.69,2026-05-15 08:00:00,online
15047,365,160,37.73,2026-05-15 08:11:00,online
15048,262,154,36.81,2026-05-15 08:20:00,online
15049,229,64,75.79,2026-05-15 08:27:00,online
15050,213,126,14.24,2026-05-15 09:06:00,presencial
15051,346,99,27.53,2026-05-15 09:18:00,presencial
15052,394,51,3.55,2026-05-15 09:46:00,presencial
15053,483,30,5.76,2026-05-15 09:49:00,online
15054,244,193,10.72,2026-05-15 09:50:00,presencial
15055,153,172,114.33,2026-05-15 09:51:00,online
15056,334,180,33.12,2026-05-15 09:52:00,presencial
15057,351,29,96.27,2026-05-15 09:52:00,online
15058,167,193,68.26,2026-05-15 09:53:00,online
15059,44,126,59.51,2026-05-15 10:25:00,presencial
15060,200,103,15.82,2026-05-15 10:59:00,online
15061,43,69,48.54,2026-05-15 11:21:00,presencial
15062,50,48,59.14,2026-05-15 11:22:00,presencial
15063,580,66,503.08,2026-05-15 11:26:00,presencial
15064,469,35,30.55,2026-05-15 11:31:00,presencial
15065,22,159,100.03,2026-05-15 11:53:00,online
15066,210,190,39.01,2026-05-15 12:01:00,presencial
15067,153,194,20.65,2026-05-15 12:01:00,presencial
15068,585,179,116.34,2026-05-15 12:12:00,presencial
15069,263,27,358.08,2026-05-15 12:15:00,online
15070,156,149,59.63,2026-05-15 12:37:00,presencial
15071,381,172,21.09,2026-05-15 13:13:00,presencial
15072,286,103,74.76,2026-05-15 13:14:00,online
15073,113,112,60.79,2026-05-15 13:19:00,online
15074,184,77,511.91,2026-05-15 13:20:00,online
15075,77,165,101.13,2026-05-15 13:26:00,presencial
15076,417,141,16.01,2026-05-15 13:40:00,online
15077,583,126,181.66,2026-05-15 13:58:00,presencial
15078,486,2,104.89,2026-05-15 14:27:00,online
15079,226,193,125.08,2026-05-15 14:39:00,presencial
15080,293,105,72.92,2026-05-15 14:56:00,presencial
15081,37,192,135.52,2026-05-15 15:19:00,online
15082,221,136,72.58,2026-05-15 15:35:00,presencial
15083,20,105,33.79,2026-05-15 15:39:00,presencial
15084,447,151,51.81,2026-05-15 15:43:00,online
15085,546,50,39.35,2026-05-15 16:05:00,online
15086,115,91,65.07,2026-05-15 16:20:00,presencial
15087,405,6,48.78,2026-05-15 16:20:00,online
15088,360,150,31.63,2026-05-15 16:26:00,online
15089,251,65,36.61,2026-05-15 16:30:00,online
15090,441,20,44.52,2026-05-15 16:44:00,presencial
15091,408,160,6.3,2026-05-15 17:34:00,online
15092,162,47,137.95,2026-05-15 17:34:00,presencial
15093,480,45,65.54,2026-05-15 17:35:00,presencial
15094,394,29,22.81,2026-05-15 17:52:00,presencial
15095,188,121,85.65,2026-05-15 17:54:00,presencial
15096,442,68,25.56,2026-05-15 18:26:00,presencial
15097,385,115,25.56,2026-05-15 18:30:00,presencial
15098,71,69,67.5,2026-05-15 18:31:00,presencial
15099,100,151,215.66,2026-05-15 18:32:00,online
15100,195,75,60.82,2026-05-15 18:36:00,presencial
15101,27,159,19.04,2026-05-15 18:52:00,online
15102,244,94,30.36,2026-05-15 18:54:00,presencial
15103,277,3,113.74,2026-05-15 18:55:00,presencial
15104,466,88,69.74,2026-05-15 19:06:00,online
15105,103,50,128.43,2026-05-15 19:20:00,presencial
15106,341,99,68.91,2026-05-15 19:40:00,presencial
15107,399,25,104.37,2026-05-15 20:00:00,online
15108,270,151,409.24,2026-05-15 20:02:00,presencial
15109,545,125,10.1,2026-05-15 20:19:00,presencial
15110,192,29,631.35,2026-05-15 20:25:00,presencial
15111,245,196,125.23,2026-05-15 20:37:00,presencial
15112,3,71,802.29,2026-05-15 20:38:00,presencial
15113,247,42,15.16,2026-05-15 21:06:00,presencial
15114,13,1,68.08,2026-05-15 21:12:00,online
15115,591,50,53.27,2026-05-15 21:32:00,online
15116,145,6,118.14,2026-05-15 21:44:00,presencial
15117,488,97,74.94,2026-05-15 21:54:00,online
15118,71,122,66.25,2026-05-15 22:07:00,online
15119,165,75,105.3,2026-05-15 22:15:00,presencial
15120,72,176,39.75,2026-05-15 22:21:00,online
15121,222,194,25.35,2026-05-15 22:43:00,presencial
15122,362,62,73.59,2026-05-15 22:49:00,presencial
15123,252,128,25.29,2026-05-15 22:50:00,presencial
15124,364,81,38.94,2026-05-15 23:20:00,online
15125,484,55,9.16,2026-05-15 23:39:00,online
15126,27,42,47.54,2026-05-15 23:55:00,presencial
15127,255,105,16.09,2026-05-16 00:12:00,presencial
15128,357,29,43.11,2026-05-16 00:32:00,presencial
15129,315,135,13.54,2026-05-16 00:32:00,online
15130,88,177,43.76,2026-05-16 00:43:00,presencial
15131,124,74,120.26,2026-05-16 01:04:00,presencial
15132,227,115,23.21,2026-05-16 01:08:00,presencial
15133,391,196,16.01,2026-05-16 01:17:00,presencial
15134,594,141,105.62,2026-05-16 01:38:00,presencial
15135,222,81,122.07,2026-05-16 01:47:00,online
15136,314,177,71.26,2026-05-16 01:54:00,online
15137,184,9,26.79,2026-05-16 02:19:00,presencial
15138,21,118,22.36,2026-05-16 02:53:00,online
15139,240,51,31.04,2026-05-16 02:57:00,presencial
15140,209,37,41.88,2026-05-16 02:58:00,presencial
15141,91,104,6.7,2026-05-16 03:02:00,presencial
15142,403,143,15.16,2026-05-16 03:27:00,presencial
15143,156,148,176.97,2026-05-16 03:29:00,presencial
15144,135,150,56.16,2026-05-16 03:36:00,online
15145,234,58,172.38,2026-05-16 03:37:00,online
15146,579,83,136.63,2026-05-16 03:46:00,online
15147,382,23,31.7,2026-05-16 04:08:00,online
15148,256,124,32.23,2026-05-16 04:21:00,presencial
15149,493,161,129.44,2026-05-16 04:40:00,presencial
15150,13,97,102.98,2026-05-16 04:44:00,online
15151,203,63,132.44,2026-05-16 04:54:00,presencial
15152,325,67,44.04,2026-05-16 05:04:00,presencial
15153,294,131,52.29,2026-05-16 05:23:00,online
15154,406,135,33.75,2026-05-16 05:31:00,online
15155,422,96,42.15,2026-05-16 05:32:00,presencial
15156,274,50,21.03,2026-05-16 05:33:00,online
15157,558,83,41.17,2026-05-16 05:40:00,presencial
15158,557,66,37.49,2026-05-16 05:43:00,online
15159,286,20,26.99,2026-05-16 05:46:00,online
15160,542,82,106.73,2026-05-16 05:46:00,presencial
15161,385,170,9.48,2026-05-16 05:57:00,online
15162,84,123,64.79,2026-05-16 06:05:00,presencial
15163,72,27,16.22,2026-05-16 06:26:00,online
15164,48,171,17.59,2026-05-16 06:33:00,presencial
15165,128,43,19.33,2026-05-16 06:36:00,online
15166,188,123,75.03,2026-05-16 06:54:00,online
15167,42,114,3.73,2026-05-16 07:01:00,presencial
15168,365,146,53.82,2026-05-16 07:11:00,presencial
15169,247,154,46.99,2026-05-16 07:27:00,online
15170,361,59,15.38,2026-05-16 07:41:00,presencial
15171,302,156,54.62,2026-05-16 08:01:00,presencial
15172,163,118,11.77,2026-05-16 08:14:00,presencial
15173,369,70,42.6,2026-05-16 08:25:00,presencial
15174,571,21,11.29,2026-05-16 08:28:00,online
15175,191,114,426.4,2026-05-16 08:35:00,presencial
15176,185,93,115.3,2026-05-16 09:06:00,presencial
15177,310,95,58.62,2026-05-16 09:14:00,online
15178,483,138,15.63,2026-05-16 09:21:00,presencial
15179,319,142,33.01,2026-05-16 09:29:00,online
15180,500,36,34.55,2026-05-16 09:31:00,presencial
15181,45,60,58.33,2026-05-16 10:03:00,online
15182,60,181,69.3,2026-05-16 10:08:00,presencial
15183,244,119,57.25,2026-05-16 10:28:00,online
15184,140,84,65.14,2026-05-16 10:36:00,presencial
15185,14,195,37.08,2026-05-16 10:39:00,online
15186,130,135,65.15,2026-05-16 10:55:00,presencial
15187,163,170,22.16,2026-05-16 11:13:00,presencial
15188,552,94,13.88,2026-05-16 11:26:00,presencial
15189,470,33,341.27,2026-05-16 11:30:00,presencial
15190,211,147,70.64,2026-05-16 11:54:00,presencial
15191,575,164,325.93,2026-05-16 12:28:00,presencial
15192,502,117,33.04,2026-05-16 12:29:00,presencial
15193,151,87,633.83,2026-05-16 12:36:00,online
15194,287,25,48.79,2026-05-16 12:56:00,presencial
15195,554,50,157.68,2026-05-16 13:10:00,presencial
15196,275,185,46.35,2026-05-16 13:16:00,presencial
15197,223,34,53.59,2026-05-16 13:19:00,presencial
15198,543,133,39.38,2026-05-16 13:25:00,presencial
15199,397,133,26.0,2026-05-16 13:36:00,presencial
15200,265,95,131.4,2026-05-16 13:38:00,presencial
15201,522,200,44.27,2026-05-16 13:38:00,presencial
15202,447,136,111.44,2026-05-16 13:46:00,presencial
15203,209,194,120.8,2026-05-16 13:47:00,online
15204,255,53,211.83,2026-05-16 13:54:00,presencial
15205,29,149,71.04,2026-05-16 14:17:00,online
15206,62,154,8.48,2026-05-16 14:23:00,presencial
15207,573,184,31.43,2026-05-16 14:33:00,presencial
15208,32,83,43.48,2026-05-16 14:56:00,online
15209,503,67,45.32,2026-05-16 15:07:00,online
15210,125,162,190.61,2026-05-16 15:08:00,presencial
15211,325,144,156.0,2026-05-16 15:15:00,online
15212,434,55,38.11,2026-05-16 15:41:00,online
15213,595,61,647.49,2026-05-16 16:07:00,online
15214,225,159,30.46,2026-05-16 16:17:00,presencial
15215,556,114,33.3,2026-05-16 17:06:00,presencial
15216,273,182,13.44,2026-05-16 17:40:00,presencial
15217,521,127,8.04,2026-05-16 17:56:00,presencial
15218,62,197,12.21,2026-05-16 18:14:00,presencial
15219,161,66,136.31,2026-05-16 18:15:00,online
15220,374,156,101.05,2026-05-16 18:27:00,online
15221,424,39,16.91,2026-05-16 18:50:00,online
15222,483,141,49.89,2026-05-16 18:58:00,online
15223,215,84,108.54,2026-05-16 19:08:00,presencial
15224,375,104,4.77,2026-05-16 19:22:00,presencial
15225,373,162,314.01,2026-05-16 19:27:00,presencial
15226,591,22,142.28,2026-05-16 19:34:00,presencial
15227,71,45,109.02,2026-05-16 19:44:00,online
15228,10,112,167.72,2026-05-16 19:45:00,online
15229,345,83,4.73,2026-05-16 19:51:00,presencial
15230,10,113,35.15,2026-05-16 20:25:00,presencial
15231,118,87,178.43,2026-05-16 20:32:00,presencial
15232,301,13,44.36,2026-05-16 21:23:00,online
15233,161,188,101.18,2026-05-16 21:30:00,online
15234,160,139,219.86,2026-05-16 21:30:00,online
15235,208,123,96.93,2026-05-16 21:34:00,online
15236,412,30,33.67,2026-05-16 21:42:00,presencial
15237,220,40,84.21,2026-05-16 22:10:00,online
15238,476,120,7.11,2026-05-16 22:18:00,presencial
15239,96,11,76.66,2026-05-16 22:39:00,online
15240,62,95,101.96,2026-05-16 22:39:00,presencial
15241,100,178,52.78,2026-05-16 22:59:00,online
15242,551,176,160.4,2026-05-16 23:12:00,online
15243,167,103,60.73,2026-05-16 23:54:00,presencial
15244,18,47,52.54,2026-05-16 23:55:00,presencial
15245,190,15,335.48,2026-05-17 00:36:00,online
15246,414,35,15.59,2026-05-17 00:46:00,presencial
15247,218,57,206.72,2026-05-17 01:02:00,presencial
15248,231,111,189.48,2026-05-17 01:15:00,online
15249,52,146,113.28,2026-05-17 01:23:00,online
15250,401,93,28.65,2026-05-17 01:34:00,presencial
15251,133,166,65.17,2026-05-17 01:38:00,presencial
15252,59,33,18.45,2026-05-17 02:07:00,online
15253,429,85,24.09,2026-05-17 02:14:00,presencial
15254,563,123,51.65,2026-05-17 02:19:00,presencial
15255,367,11,16.91,2026-05-17 02:26:00,online
15256,563,182,34.58,2026-05-17 02:59:00,presencial
15257,242,200,13.3,2026-05-17 03:06:00,online
15258,312,149,91.67,2026-05-17 03:11:00,presencial
15259,215,141,269.98,2026-05-17 03:14:00,online
15260,306,42,501.0,2026-05-17 03:46:00,online
15261,536,37,14.34,2026-05-17 03:49:00,online
15262,381,48,17.4,2026-05-17 03:56:00,online
15263,17,28,42.31,2026-05-17 04:05:00,presencial
15264,349,112,110.45,2026-05-17 04:05:00,online
15265,227,192,40.4,2026-05-17 04:08:00,online
15266,327,136,146.25,2026-05-17 04:10:00,online
15267,335,177,90.99,2026-05-17 04:16:00,presencial
15268,354,196,7.25,2026-05-17 04:43:00,online
15269,520,133,53.86,2026-05-17 05:09:00,online
15270,516,21,12.97,2026-05-17 05:10:00,online
15271,583,187,27.21,2026-05-17 05:33:00,presencial
15272,367,110,32.2,2026-05-17 05:36:00,online
15273,172,110,114.46,2026-05-17 05:38:00,presencial
15274,118,198,49.02,2026-05-17 05:49:00,online
15275,510,137,30.32,2026-05-17 05:49:00,online
15276,549,23,507.69,2026-05-17 05:53:00,online
15277,23,153,18.94,2026-05-17 05:57:00,presencial
15278,130,195,69.44,2026-05-17 05:57:00,presencial
15279,408,48,105.37,2026-05-17 05:59:00,online
15280,100,93,60.82,2026-05-17 06:00:00,presencial
15281,31,21,18.82,2026-05-17 06:01:00,presencial
15282,599,144,17.79,2026-05-17 06:07:00,presencial
15283,58,29,99.99,2026-05-17 06:24:00,online
15284,129,86,159.5,2026-05-17 06:27:00,online
15285,594,131,47.68,2026-05-17 06:57:00,presencial
15286,61,169,11.86,2026-05-17 07:44:00,presencial
15287,480,64,51.07,2026-05-17 07:51:00,presencial
15288,338,182,267.29,2026-05-17 07:59:00,presencial
15289,324,5,16.7,2026-05-17 08:16:00,presencial
15290,497,34,35.61,2026-05-17 08:53:00,online
15291,13,24,53.82,2026-05-17 09:15:00,presencial
15292,37,150,167.16,2026-05-17 09:20:00,presencial
15293,118,73,28.2,2026-05-17 09:44:00,online
15294,295,5,86.0,2026-05-17 09:59:00,online
15295,578,158,233.21,2026-05-17 10:10:00,presencial
15296,42,56,9.89,2026-05-17 10:34:00,presencial
15297,253,137,11.94,2026-05-17 10:39:00,presencial
15298,258,111,45.54,2026-05-17 10:42:00,online
15299,118,23,148.43,2026-05-17 11:14:00,online
15300,207,121,72.81,2026-05-17 11:18:00,presencial
15301,121,173,163.76,2026-05-17 11:39:00,online
15302,83,74,7.76,2026-05-17 11:42:00,presencial
15303,313,167,73.85,2026-05-17 11:51:00,online
15304,559,55,2.2,2026-05-17 11:52:00,online
15305,243,57,217.3,2026-05-17 11:56:00,presencial
15306,381,35,186.68,2026-05-17 12:05:00,presencial
15307,403,43,35.17,2026-05-17 12:10:00,presencial
15308,506,48,3.98,2026-05-17 12:23:00,presencial
15309,495,130,40.12,2026-05-17 12:26:00,online
15310,544,27,172.37,2026-05-17 12:57:00,presencial
15311,489,109,79.58,2026-05-17 13:03:00,online
15312,559,53,385.81,2026-05-17 13:09:00,presencial
15313,580,30,36.43,2026-05-17 13:19:00,online
15314,449,165,470.85,2026-05-17 13:32:00,online
15315,296,108,5.46,2026-05-17 13:33:00,presencial
15316,185,58,21.88,2026-05-17 14:17:00,presencial
15317,343,128,12.13,2026-05-17 14:26:00,presencial
15318,498,182,113.34,2026-05-17 14:48:00,presencial
15319,453,57,13.3,2026-05-17 15:27:00,online
15320,313,50,152.59,2026-05-17 15:55:00,online
15321,46,137,107.25,2026-05-17 16:18:00,presencial
15322,163,99,61.47,2026-05-17 16:21:00,online
15323,347,135,44.49,2026-05-17 16:34:00,online
15324,232,34,15.81,2026-05-17 16:51:00,presencial
15325,274,187,97.5,2026-05-17 16:59:00,online
15326,181,4,28.71,2026-05-17 17:06:00,presencial
15327,46,55,116.46,2026-05-17 17:39:00,presencial
15328,280,126,259.89,2026-05-17 17:43:00,presencial
15329,267,105,35.6,2026-05-17 17:47:00,online
15330,469,68,213.73,2026-05-17 17:59:00,online
15331,68,196,61.63,2026-05-17 18:02:00,online
15332,291,70,96.4,2026-05-17 18:52:00,presencial
15333,513,136,11.68,2026-05-17 18:53:00,presencial
15334,161,82,23.49,2026-05-17 18:57:00,presencial
15335,190,89,23.21,2026-05-17 19:03:00,presencial
15336,53,156,219.76,2026-05-17 19:08:00,online
15337,345,71,33.98,2026-05-17 19:15:00,presencial
15338,514,80,99.8,2026-05-17 19:18:00,online
15339,289,157,45.98,2026-05-17 19:29:00,presencial
15340,251,18,33.76,2026-05-17 19:30:00,presencial
15341,450,87,9.9,2026-05-17 20:08:00,presencial
15342,266,56,6.12,2026-05-17 20:23:00,presencial
15343,240,97,34.44,2026-05-17 20:28:00,online
15344,459,116,36.72,2026-05-17 20:30:00,online
15345,171,86,19.01,2026-05-17 20:33:00,online
15346,510,199,58.64,2026-05-17 20:40:00,presencial
15347,161,183,433.48,2026-05-17 20:46:00,presencial
15348,307,29,258.28,2026-05-17 20:58:00,presencial
15349,151,129,49.07,2026-05-17 21:01:00,presencial
15350,380,65,50.98,2026-05-17 21:11:00,presencial
15351,261,144,96.74,2026-05-17 21:33:00,presencial
15352,144,98,62.68,2026-05-17 21:41:00,presencial
15353,447,191,96.92,2026-05-17 21:54:00,online
15354,562,189,64.67,2026-05-17 22:02:00,online
15355,17,12,52.96,2026-05-17 22:19:00,online
15356,341,22,23.31,2026-05-17 22:19:00,presencial
15357,432,5,70.13,2026-05-17 22:41:00,presencial
15358,432,159,3.91,2026-05-17 22:49:00,presencial
15359,133,46,62.99,2026-05-17 23:13:00,presencial
15360,69,145,4.85,2026-05-17 23:19:00,online
15361,309,67,63.05,2026-05-17 23:31:00,online
15362,383,62,16.04,2026-05-17 23:36:00,presencial
15363,174,121,192.0,2026-05-17 23:56:00,online
15364,222,155,51.94,2026-05-18 00:41:00,online
15365,320,114,47.17,2026-05-18 00:58:00,presencial
15366,271,115,73.58,2026-05-18 01:24:00,online
15367,291,148,18.2,2026-05-18 01:42:00,presencial
15368,410,35,161.75,2026-05-18 02:07:00,presencial
15369,591,119,100.98,2026-05-18 02:48:00,online
15370,478,58,25.69,2026-05-18 02:52:00,presencial
15371,5,31,14.7,2026-05-18 02:53:00,online
15372,210,66,29.64,2026-05-18 03:21:00,presencial
15373,6,39,39.71,2026-05-18 03:36:00,presencial
15374,524,65,13.56,2026-05-18 03:42:00,online
15375,387,5,27.04,2026-05-18 03:56:00,presencial
15376,132,150,23.32,2026-05-18 04:09:00,presencial
15377,504,70,35.79,2026-05-18 04:18:00,presencial
15378,338,133,36.1,2026-05-18 04:35:00,online
15379,31,150,76.47,2026-05-18 04:39:00,online
15380,91,164,46.26,2026-05-18 04:50:00,presencial
15381,486,16,69.57,2026-05-18 04:50:00,presencial
15382,174,103,58.78,2026-05-18 04:55:00,presencial
15383,315,84,36.07,2026-05-18 05:14:00,online
15384,538,71,94.83,2026-05-18 05:34:00,online
15385,174,162,2.18,2026-05-18 05:42:00,online
15386,7,14,30.12,2026-05-18 06:23:00,presencial
15387,51,63,23.86,2026-05-18 06:30:00,presencial
15388,550,159,50.97,2026-05-18 06:43:00,online
15389,360,79,22.25,2026-05-18 06:44:00,presencial
15390,198,15,81.76,2026-05-18 07:00:00,presencial
15391,48,35,99.27,2026-05-18 07:10:00,online
15392,418,61,9.75,2026-05-18 07:12:00,online
15393,24,50,57.16,2026-05-18 07:40:00,presencial
15394,56,134,10.92,2026-05-18 08:07:00,presencial
15395,357,35,75.76,2026-05-18 08:10:00,presencial
15396,385,153,26.76,2026-05-18 08:14:00,presencial
15397,342,63,18.46,2026-05-18 08:14:00,presencial
15398,546,14,6.81,2026-05-18 08:18:00,presencial
15399,162,3,40.39,2026-05-18 08:23:00,online
15400,334,122,12.51,2026-05-18 08:28:00,presencial
15401,184,147,8.74,2026-05-18 08:32:00,presencial
15402,218,28,54.85,2026-05-18 08:37:00,presencial
15403,91,62,129.82,2026-05-18 08:41:00,presencial
15404,477,152,68.99,2026-05-18 08:49:00,online
15405,423,174,9.26,2026-05-18 08:50:00,online
15406,428,146,38.46,2026-05-18 08:57:00,presencial
15407,86,124,94.5,2026-05-18 08:58:00,online
15408,71,150,38.47,2026-05-18 08:58:00,presencial
15409,470,60,63.95,2026-05-18 09:03:00,presencial
15410,400,13,27.63,2026-05-18 09:03:00,presencial
15411,18,113,29.28,2026-05-18 09:05:00,presencial
15412,399,112,21.64,2026-05-18 09:33:00,presencial
15413,589,161,87.64,2026-05-18 09:35:00,presencial
15414,452,49,93.93,2026-05-18 09:49:00,online
15415,167,178,24.27,2026-05-18 09:56:00,presencial
15416,190,100,102.55,2026-05-18 10:00:00,presencial
15417,452,89,9.3,2026-05-18 10:10:00,presencial
15418,241,198,37.03,2026-05-18 10:20:00,presencial
15419,443,109,10.08,2026-05-18 10:37:00,presencial
15420,577,19,12.87,2026-05-18 11:37:00,presencial
15421,244,51,9.95,2026-05-18 11:48:00,online
15422,345,119,21.73,2026-05-18 12:01:00,presencial
15423,294,47,88.39,2026-05-18 12:08:00,presencial
15424,306,33,41.01,2026-05-18 12:17:00,online
15425,46,60,23.52,2026-05-18 12:24:00,online
15426,593,103,36.93,2026-05-18 12:28:00,presencial
15427,325,19,4.66,2026-05-18 12:48:00,presencial
15428,138,105,83.85,2026-05-18 13:04:00,presencial
15429,345,146,3.77,2026-05-18 13:23:00,online
15430,239,92,20.53,2026-05-18 13:26:00,presencial
15431,494,139,40.99,2026-05-18 13:40:00,presencial
15432,456,128,72.97,2026-05-18 13:46:00,online
15433,230,100,58.14,2026-05-18 13:57:00,presencial
15434,428,195,42.33,2026-05-18 14:39:00,presencial
15435,20,123,222.12,2026-05-18 15:14:00,online
15436,581,162,410.08,2026-05-18 15:21:00,presencial
15437,307,129,45.05,2026-05-18 15:34:00,online
15438,393,192,40.04,2026-05-18 15:36:00,presencial
15439,388,87,37.5,2026-05-18 15:44:00,presencial
15440,188,38,22.83,2026-05-18 15:48:00,presencial
15441,414,37,67.59,2026-05-18 15:57:00,online
15442,239,199,181.04,2026-05-18 15:59:00,online
15443,409,160,2.89,2026-05-18 15:59:00,online
15444,54,62,37.09,2026-05-18 16:20:00,online
15445,88,90,229.86,2026-05-18 16:44:00,online
15446,555,7,68.89,2026-05-18 16:52:00,presencial
15447,442,191,70.47,2026-05-18 16:54:00,presencial
15448,78,88,7.68,2026-05-18 17:00:00,presencial
15449,129,77,96.77,2026-05-18 17:16:00,presencial
15450,328,50,135.64,2026-05-18 18:10:00,online
15451,4,17,55.7,2026-05-18 18:11:00,online
15452,241,153,21.73,2026-05-18 18:25:00,presencial
15453,196,45,72.76,2026-05-18 18:34:00,presencial
15454,81,18,14.27,2026-05-18 18:49:00,presencial
15455,180,196,12.34,2026-05-18 18:58:00,presencial
15456,176,110,108.02,2026-05-18 19:11:00,online
15457,41,16,149.22,2026-05-18 19:20:00,online
15458,381,58,19.75,2026-05-18 19:57:00,presencial
15459,164,111,12.41,2026-05-18 19:59:00,presencial
15460,19,42,17.02,2026-05-18 20:10:00,presencial
15461,14,199,55.56,2026-05-18 20:25:00,presencial
15462,580,176,12.42,2026-05-18 20:30:00,presencial
15463,71,178,183.5,2026-05-18 20:39:00,presencial
15464,546,104,26.81,2026-05-18 21:15:00,presencial
15465,100,198,66.88,2026-05-18 22:24:00,presencial
15466,51,66,19.74,2026-05-18 22:35:00,presencial
15467,328,112,84.98,2026-05-18 23:03:00,presencial
15468,522,150,92.99,2026-05-18 23:21:00,presencial
15469,43,102,7.06,2026-05-18 23:31:00,presencial
15470,198,171,21.17,2026-05-18 23:34:00,online
15471,452,21,37.63,2026-05-19 00:09:00,presencial
15472,41,89,25.09,2026-05-19 00:30:00,online
15473,102,166,116.6,2026-05-19 00:47:00,presencial
15474,184,37,23.18,2026-05-19 00:48:00,online
15475,484,78,98.13,2026-05-19 00:48:00,presencial
15476,486,199,76.18,2026-05-19 00:50:00,online
15477,426,123,39.7,2026-05-19 00:50:00,presencial
15478,400,72,102.72,2026-05-19 00:54:00,online
15479,16,73,8.23,2026-05-19 01:21:00,presencial
15480,144,42,41.77,2026-05-19 01:49:00,online
15481,554,147,19.07,2026-05-19 02:05:00,online
15482,432,21,39.74,2026-05-19 02:56:00,online
15483,145,42,26.67,2026-05-19 03:24:00,presencial
15484,425,25,47.75,2026-05-19 03:28:00,presencial
15485,435,151,45.17,2026-05-19 03:37:00,presencial
15486,446,189,52.07,2026-05-19 04:00:00,presencial
15487,589,18,54.39,2026-05-19 04:07:00,presencial
15488,325,190,83.99,2026-05-19 04:09:00,online
15489,36,184,11.19,2026-05-19 04:17:00,presencial
15490,492,102,78.28,2026-05-19 04:22:00,presencial
15491,9,8,8.47,2026-05-19 04:33:00,presencial
15492,385,139,2.07,2026-05-19 04:42:00,presencial
15493,478,105,391.39,2026-05-19 04:58:00,online
15494,76,167,15.92,2026-05-19 05:08:00,online
15495,479,59,27.31,2026-05-19 05:12:00,presencial
15496,487,112,5.75,2026-05-19 05:25:00,presencial
15497,393,179,27.12,2026-05-19 05:33:00,presencial
15498,195,134,56.12,2026-05-19 06:06:00,presencial
15499,122,130,58.38,2026-05-19 07:01:00,presencial
15500,424,194,11.85,2026-05-19 07:07:00,presencial
15501,95,98,27.44,2026-05-19 07:16:00,presencial
15502,406,35,67.06,2026-05-19 07:51:00,presencial
15503,102,196,58.11,2026-05-19 07:59:00,presencial
15504,202,28,51.47,2026-05-19 08:54:00,online
15505,304,111,103.18,2026-05-19 08:54:00,online
15506,98,151,39.65,2026-05-19 09:11:00,presencial
15507,477,158,206.74,2026-05-19 09:17:00,presencial
15508,417,141,32.38,2026-05-19 09:17:00,presencial
15509,10,86,95.96,2026-05-19 09:43:00,presencial
15510,510,38,99.8,2026-05-19 09:51:00,online
15511,431,8,7.37,2026-05-19 10:13:00,presencial
15512,503,61,72.6,2026-05-19 10:20:00,online
15513,362,195,22.11,2026-05-19 10:29:00,presencial
15514,376,138,14.74,2026-05-19 10:33:00,presencial
15515,231,82,28.03,2026-05-19 10:57:00,online
15516,137,99,53.4,2026-05-19 11:07:00,online
15517,142,67,7.99,2026-05-19 11:11:00,online
15518,190,179,46.04,2026-05-19 11:30:00,online
15519,175,91,35.19,2026-05-19 11:32:00,online
15520,453,168,140.05,2026-05-19 11:33:00,presencial
15521,315,11,22.27,2026-05-19 11:45:00,online
15522,247,98,165.47,2026-05-19 11:50:00,online
15523,436,121,68.41,2026-05-19 12:16:00,presencial
15524,440,134,43.08,2026-05-19 12:58:00,presencial
15525,561,5,181.46,2026-05-19 13:03:00,online
15526,186,129,370.48,2026-05-19 13:15:00,presencial
15527,146,168,35.46,2026-05-19 13:16:00,online
15528,4,19,19.8,2026-05-19 13:19:00,presencial
15529,96,67,71.66,2026-05-19 13:20:00,presencial
15530,363,86,9.34,2026-05-19 13:22:00,presencial
15531,486,51,10.69,2026-05-19 13:30:00,online
15532,361,88,188.21,2026-05-19 13:41:00,online
15533,596,179,83.85,2026-05-19 13:51:00,online
15534,377,180,17.39,2026-05-19 14:35:00,online
15535,530,121,1406.07,2026-05-19 14:47:00,online
15536,161,178,9.77,2026-05-19 14:47:00,presencial
15537,195,164,88.38,2026-05-19 14:59:00,presencial
15538,487,12,18.61,2026-05-19 15:01:00,presencial
15539,397,78,317.09,2026-05-19 15:12:00,presencial
15540,293,170,24.93,2026-05-19 15:14:00,online
15541,574,89,32.69,2026-05-19 16:06:00,presencial
15542,458,123,6.11,2026-05-19 16:14:00,online
15543,178,83,441.82,2026-05-19 16:37:00,online
15544,367,4,22.65,2026-05-19 16:45:00,presencial
15545,238,113,75.81,2026-05-19 16:48:00,presencial
15546,250,77,44.93,2026-05-19 16:50:00,online
15547,484,155,24.37,2026-05-19 17:01:00,online
15548,408,178,3.86,2026-05-19 17:03:00,online
15549,8,21,34.77,2026-05-19 17:44:00,online
15550,345,72,33.15,2026-05-19 17:54:00,online
15551,389,79,63.47,2026-05-19 17:54:00,online
15552,307,136,473.44,2026-05-19 18:03:00,presencial
15553,180,80,90.83,2026-05-19 18:10:00,online
15554,390,114,115.11,2026-05-19 18:31:00,online
15555,569,182,31.95,2026-05-19 18:33:00,presencial
15556,52,118,10.54,2026-05-19 18:51:00,presencial
15557,362,20,32.88,2026-05-19 18:56:00,online
15558,547,97,19.93,2026-05-19 19:10:00,presencial
15559,241,178,42.31,2026-05-19 19:38:00,online
15560,202,97,25.96,2026-05-19 19:55:00,presencial
15561,149,197,7.06,2026-05-19 19:57:00,presencial
15562,135,181,180.13,2026-05-19 20:03:00,presencial
15563,235,53,38.29,2026-05-19 20:24:00,presencial
15564,464,83,31.09,2026-05-19 20:26:00,presencial
15565,110,38,13.26,2026-05-19 21:00:00,presencial
15566,139,39,26.5,2026-05-19 21:07:00,presencial
15567,600,74,17.29,2026-05-19 21:20:00,presencial
15568,598,84,12.02,2026-05-19 21:25:00,presencial
15569,137,71,53.46,2026-05-19 22:23:00,presencial
15570,253,147,26.69,2026-05-19 22:26:00,online
15571,243,31,101.85,2026-05-19 22:30:00,presencial
15572,178,96,30.07,2026-05-19 22:42:00,online
15573,92,178,50.72,2026-05-19 22:43:00,online
15574,38,147,49.15,2026-05-19 22:50:00,online
15575,369,41,68.26,2026-05-19 23:08:00,online
15576,26,48,17.72,2026-05-19 23:11:00,online
15577,373,186,120.18,2026-05-19 23:14:00,online
15578,58,117,12.21,2026-05-19 23:22:00,online
15579,93,176,46.84,2026-05-19 23:46:00,presencial
15580,4,173,11.88,2026-05-19 23:53:00,presencial
15581,239,89,39.14,2026-05-19 23:58:00,online
15582,197,106,119.1,2026-05-20 00:11:00,presencial
15583,200,74,82.35,2026-05-20 00:23:00,presencial
15584,187,128,143.22,2026-05-20 00:33:00,online
15585,563,130,32.02,2026-05-20 01:13:00,online
15586,259,136,121.49,2026-05-20 01:21:00,presencial
15587,486,173,20.87,2026-05-20 01:41:00,online
15588,140,148,27.0,2026-05-20 01:57:00,online
15589,290,21,51.58,2026-05-20 02:02:00,presencial
15590,38,71,113.86,2026-05-20 02:28:00,presencial
15591,156,114,24.48,2026-05-20 02:35:00,online
15592,43,126,96.03,2026-05-20 02:36:00,online
15593,13,173,57.65,2026-05-20 02:37:00,presencial
15594,110,84,64.75,2026-05-20 02:44:00,online
15595,96,165,17.46,2026-05-20 02:54:00,online
15596,190,79,29.28,2026-05-20 03:03:00,online
15597,447,30,40.33,2026-05-20 03:06:00,presencial
15598,89,96,64.8,2026-05-20 03:20:00,online
15599,367,30,18.39,2026-05-20 03:20:00,online
15600,220,82,10.79,2026-05-20 03:36:00,presencial
15601,242,49,4.28,2026-05-20 03:43:00,online
15602,554,6,101.53,2026-05-20 03:43:00,online
15603,279,133,126.28,2026-05-20 03:59:00,presencial
15604,157,149,4.9,2026-05-20 04:24:00,online
15605,143,27,48.58,2026-05-20 04:39:00,online
15606,102,117,29.52,2026-05-20 04:39:00,presencial
15607,482,101,170.5,2026-05-20 04:51:00,online
15608,399,28,35.47,2026-05-20 04:59:00,presencial
15609,161,122,81.46,2026-05-20 05:04:00,presencial
15610,295,53,28.0,2026-05-20 05:05:00,presencial
15611,304,165,20.99,2026-05-20 05:41:00,online
15612,29,123,103.96,2026-05-20 05:50:00,online
15613,546,23,146.38,2026-05-20 06:00:00,presencial
15614,473,104,11.07,2026-05-20 06:04:00,presencial
15615,322,24,157.07,2026-05-20 06:10:00,presencial
15616,430,145,15.3,2026-05-20 06:20:00,presencial
15617,66,60,3.44,2026-05-20 06:23:00,presencial
15618,587,98,45.24,2026-05-20 06:38:00,presencial
15619,385,140,78.09,2026-05-20 06:38:00,online
15620,563,169,8.44,2026-05-20 06:46:00,online
15621,519,103,5.05,2026-05-20 07:01:00,presencial
15622,351,16,25.94,2026-05-20 07:13:00,presencial
15623,174,52,22.39,2026-05-20 07:25:00,online
15624,412,123,201.66,2026-05-20 07:40:00,online
15625,308,9,45.3,2026-05-20 07:47:00,presencial
15626,246,75,100.28,2026-05-20 07:49:00,online
15627,427,65,56.3,2026-05-20 08:57:00,presencial
15628,534,62,251.03,2026-05-20 08:58:00,presencial
15629,103,191,16.76,2026-05-20 08:59:00,online
15630,332,189,40.58,2026-05-20 09:07:00,presencial
15631,468,180,7.96,2026-05-20 09:28:00,online
15632,196,173,109.13,2026-05-20 09:29:00,online
15633,206,179,152.24,2026-05-20 09:30:00,online
15634,6,37,116.75,2026-05-20 09:32:00,presencial
15635,194,79,38.97,2026-05-20 09:36:00,presencial
15636,352,12,8.69,2026-05-20 10:22:00,online
15637,583,160,40.65,2026-05-20 10:25:00,presencial
15638,316,174,21.21,2026-05-20 10:42:00,online
15639,175,6,123.34,2026-05-20 11:11:00,online
15640,488,34,27.96,2026-05-20 11:36:00,presencial
15641,113,34,27.31,2026-05-20 12:09:00,presencial
15642,113,186,488.52,2026-05-20 12:09:00,presencial
15643,313,159,107.69,2026-05-20 12:18:00,online
15644,490,56,145.99,2026-05-20 12:25:00,presencial
15645,128,10,25.45,2026-05-20 12:49:00,online
15646,10,83,13.32,2026-05-20 13:00:00,online
15647,435,117,144.53,2026-05-20 13:50:00,presencial
15648,353,9,230.74,2026-05-20 14:20:00,presencial
15649,412,94,10.86,2026-05-20 14:36:00,online
15650,239,108,25.3,2026-05-20 14:38:00,presencial
15651,72,197,16.35,2026-05-20 14:43:00,presencial
15652,199,38,75.91,2026-05-20 14:49:00,presencial
15653,282,37,147.67,2026-05-20 15:08:00,presencial
15654,260,87,29.81,2026-05-20 15:25:00,online
15655,534,64,29.72,2026-05-20 15:27:00,online
15656,135,184,5.19,2026-05-20 15:33:00,online
15657,188,158,15.65,2026-05-20 15:35:00,presencial
15658,111,51,234.64,2026-05-20 16:59:00,presencial
15659,343,67,76.86,2026-05-20 17:09:00,presencial
15660,484,127,123.83,2026-05-20 17:41:00,presencial
15661,530,175,29.91,2026-05-20 17:49:00,online
15662,137,41,33.1,2026-05-20 17:50:00,presencial
15663,258,60,45.63,2026-05-20 18:02:00,presencial
15664,443,122,63.86,2026-05-20 18:04:00,online
15665,28,172,203.09,2026-05-20 18:06:00,presencial
15666,427,58,21.33,2026-05-20 18:17:00,online
15667,81,94,38.4,2026-05-20 18:53:00,online
15668,21,137,18.68,2026-05-20 19:07:00,presencial
15669,68,86,5.13,2026-05-20 19:09:00,presencial
15670,529,155,123.0,2026-05-20 19:11:00,online
15671,409,104,305.58,2026-05-20 19:17:00,online
15672,474,177,103.75,2026-05-20 19:19:00,online
15673,415,122,57.59,2026-05-20 20:06:00,online
15674,478,184,343.36,2026-05-20 20:08:00,presencial
15675,298,172,74.05,2026-05-20 20:14:00,presencial
15676,486,49,108.1,2026-05-20 20:18:00,online
15677,34,180,52.2,2026-05-20 20:40:00,presencial
15678,350,26,61.75,2026-05-20 20:45:00,online
15679,454,57,38.62,2026-05-20 21:09:00,presencial
15680,597,10,111.7,2026-05-20 21:14:00,online
15681,216,21,13.46,2026-05-20 21:17:00,online
15682,108,145,70.89,2026-05-20 21:24:00,online
15683,433,23,17.49,2026-05-20 21:36:00,online
15684,44,38,78.32,2026-05-20 22:11:00,presencial
15685,466,82,622.37,2026-05-20 22:20:00,online
15686,423,161,96.53,2026-05-20 22:31:00,presencial
15687,415,163,162.6,2026-05-20 22:50:00,online
15688,177,193,120.63,2026-05-20 23:20:00,online
15689,73,12,3.46,2026-05-20 23:22:00,presencial
15690,365,30,38.67,2026-05-20 23:22:00,presencial
15691,218,80,73.16,2026-05-20 23:33:00,online
15692,236,57,4.49,2026-05-20 23:38:00,presencial
15693,113,20,32.71,2026-05-21 00:37:00,presencial
15694,201,105,40.97,2026-05-21 00:37:00,presencial
15695,500,94,11.53,2026-05-21 00:42:00,online
15696,536,87,15.38,2026-05-21 00:46:00,presencial
15697,210,5,194.63,2026-05-21 01:01:00,presencial
15698,86,86,0.87,2026-05-21 01:06:00,presencial
15699,21,92,60.26,2026-05-21 01:15:00,presencial
15700,114,44,160.76,2026-05-21 01:33:00,presencial
15701,6,159,43.39,2026-05-21 01:36:00,presencial
15702,401,178,210.5,2026-05-21 01:40:00,presencial
15703,386,186,27.94,2026-05-21 02:16:00,online
15704,470,137,16.52,2026-05-21 02:26:00,presencial
15705,200,136,44.24,2026-05-21 02:31:00,online
15706,500,31,29.38,2026-05-21 02:38:00,online
15707,102,79,23.83,2026-05-21 02:42:00,online
15708,139,1,36.65,2026-05-21 03:30:00,presencial
15709,550,112,18.71,2026-05-21 03:35:00,presencial
15710,530,153,17.78,2026-05-21 03:52:00,online
15711,360,134,13.01,2026-05-21 03:53:00,presencial
15712,366,4,70.68,2026-05-21 04:10:00,online
15713,421,112,14.9,2026-05-21 04:22:00,presencial
15714,494,177,11.4,2026-05-21 04:29:00,online
15715,139,21,13.72,2026-05-21 05:12:00,presencial
15716,42,106,56.05,2026-05-21 05:33:00,online
15717,112,51,93.35,2026-05-21 05:43:00,presencial
15718,215,187,102.12,2026-05-21 05:46:00,online
15719,142,111,56.58,2026-05-21 05:52:00,presencial
15720,315,155,80.57,2026-05-21 06:22:00,presencial
15721,83,105,42.09,2026-05-21 06:26:00,presencial
15722,347,179,73.78,2026-05-21 06:45:00,online
15723,427,58,72.55,2026-05-21 06:49:00,online
15724,60,149,20.03,2026-05-21 06:54:00,presencial
15725,173,86,13.69,2026-05-21 07:49:00,presencial
15726,324,116,197.82,2026-05-21 08:33:00,online
15727,40,138,51.31,2026-05-21 08:48:00,presencial
15728,400,35,142.16,2026-05-21 09:02:00,presencial
15729,453,174,13.33,2026-05-21 09:17:00,presencial
15730,217,146,28.61,2026-05-21 09:24:00,presencial
15731,6,82,9.83,2026-05-21 09:38:00,online
15732,301,119,91.01,2026-05-21 10:03:00,online
15733,522,133,22.74,2026-05-21 10:14:00,presencial
15734,176,91,24.3,2026-05-21 10:22:00,online
15735,510,128,384.28,2026-05-21 10:31:00,online
15736,523,112,93.03,2026-05-21 10:38:00,presencial
15737,169,156,91.79,2026-05-21 11:08:00,presencial
15738,360,47,11.91,2026-05-21 11:44:00,presencial
15739,26,1,5.79,2026-05-21 11:49:00,presencial
15740,331,81,130.02,2026-05-21 11:52:00,presencial
15741,528,165,3.8,2026-05-21 12:14:00,presencial
15742,567,25,25.75,2026-05-21 12:14:00,presencial
15743,120,173,18.31,2026-05-21 12:48:00,online
15744,399,82,16.16,2026-05-21 13:03:00,presencial
15745,40,42,27.52,2026-05-21 13:13:00,online
15746,168,94,14.0,2026-05-21 13:34:00,online
15747,502,163,11.73,2026-05-21 14:03:00,online
15748,386,172,59.18,2026-05-21 14:16:00,presencial
15749,236,123,144.45,2026-05-21 14:18:00,presencial
15750,577,106,6.62,2026-05-21 15:02:00,presencial
15751,456,162,55.43,2026-05-21 15:07:00,presencial
15752,15,182,81.09,2026-05-21 15:14:00,presencial
15753,48,160,73.05,2026-05-21 15:43:00,presencial
15754,376,194,35.05,2026-05-21 15:44:00,online
15755,527,167,23.18,2026-05-21 15:47:00,online
15756,95,10,102.97,2026-05-21 15:51:00,presencial
15757,323,4,64.64,2026-05-21 15:55:00,online
15758,490,120,5.56,2026-05-21 15:55:00,presencial
15759,518,192,35.05,2026-05-21 16:00:00,online
15760,385,60,47.51,2026-05-21 16:14:00,presencial
15761,600,194,13.42,2026-05-21 16:15:00,presencial
15762,563,171,34.2,2026-05-21 16:50:00,presencial
15763,501,29,76.76,2026-05-21 16:50:00,online
15764,402,99,17.99,2026-05-21 17:11:00,presencial
15765,592,45,57.76,2026-05-21 17:12:00,presencial
15766,11,16,15.05,2026-05-21 17:54:00,presencial
15767,54,139,11.47,2026-05-21 17:56:00,online
15768,307,44,87.98,2026-05-21 18:00:00,presencial
15769,403,112,162.62,2026-05-21 18:22:00,presencial
15770,543,135,12.16,2026-05-21 18:51:00,presencial
15771,408,87,127.53,2026-05-21 18:51:00,presencial
15772,140,16,44.07,2026-05-21 19:09:00,presencial
15773,546,14,3.92,2026-05-21 19:21:00,presencial
15774,50,76,9.22,2026-05-21 19:27:00,presencial
15775,57,9,87.28,2026-05-21 20:04:00,presencial
15776,432,175,7.49,2026-05-21 20:09:00,online
15777,579,34,22.64,2026-05-21 20:47:00,presencial
15778,302,6,40.87,2026-05-21 21:15:00,presencial
15779,81,29,73.17,2026-05-21 21:18:00,presencial
15780,29,140,54.77,2026-05-21 21:18:00,online
15781,588,118,250.99,2026-05-21 21:31:00,presencial
15782,168,136,18.22,2026-05-21 21:34:00,presencial
15783,384,70,49.82,2026-05-21 21:36:00,online
15784,197,65,73.54,2026-05-21 21:47:00,presencial
15785,129,135,97.87,2026-05-21 21:50:00,online
15786,401,23,142.08,2026-05-21 21:51:00,presencial
15787,444,79,27.73,2026-05-21 21:56:00,presencial
15788,283,21,91.53,2026-05-21 22:06:00,online
15789,305,85,16.14,2026-05-21 22:09:00,presencial
15790,293,194,41.04,2026-05-21 22:12:00,presencial
15791,355,171,77.58,2026-05-21 22:22:00,online
15792,484,136,130.7,2026-05-21 22:22:00,online
15793,427,132,83.7,2026-05-21 22:23:00,presencial
15794,168,76,49.38,2026-05-21 22:28:00,online
15795,149,142,40.96,2026-05-21 22:30:00,presencial
15796,404,167,81.75,2026-05-21 22:33:00,presencial
15797,388,112,496.77,2026-05-21 22:36:00,presencial
15798,221,21,114.44,2026-05-21 22:56:00,online
15799,504,139,68.01,2026-05-21 23:16:00,presencial
15800,252,26,9.92,2026-05-22 00:04:00,online
15801,202,65,17.66,2026-05-22 00:05:00,presencial
15802,334,40,31.3,2026-05-22 00:20:00,presencial
15803,116,11,121.63,2026-05-22 00:28:00,online
15804,418,153,15.95,2026-05-22 00:46:00,presencial
15805,539,130,90.62,2026-05-22 00:51:00,presencial
15806,568,82,50.99,2026-05-22 01:03:00,presencial
15807,269,77,66.05,2026-05-22 01:06:00,presencial
15808,162,129,35.25,2026-05-22 01:10:00,presencial
15809,288,107,23.19,2026-05-22 01:13:00,presencial
15810,63,47,15.32,2026-05-22 01:15:00,presencial
15811,401,97,87.6,2026-05-22 01:23:00,online
15812,258,156,41.08,2026-05-22 02:25:00,presencial
15813,74,111,13.67,2026-05-22 02:33:00,online
15814,329,161,57.15,2026-05-22 02:40:00,presencial
15815,432,102,1930.68,2026-05-22 02:47:00,presencial
15816,137,83,35.82,2026-05-22 02:56:00,presencial
15817,243,149,275.76,2026-05-22 03:08:00,presencial
15818,535,42,2.6,2026-05-22 03:34:00,presencial
15819,426,126,33.2,2026-05-22 03:37:00,presencial
15820,480,127,127.77,2026-05-22 03:43:00,online
15821,270,56,45.47,2026-05-22 03:55:00,presencial
15822,297,52,22.05,2026-05-22 03:59:00,online
15823,299,17,43.42,2026-05-22 04:36:00,online
15824,271,30,132.11,2026-05-22 05:11:00,presencial
15825,87,20,472.38,2026-05-22 05:34:00,presencial
15826,25,124,144.32,2026-05-22 05:56:00,online
15827,500,25,25.66,2026-05-22 05:58:00,presencial
15828,323,103,34.6,2026-05-22 05:59:00,presencial
15829,320,23,34.88,2026-05-22 06:04:00,presencial
15830,358,157,17.22,2026-05-22 06:15:00,online
15831,248,136,37.69,2026-05-22 06:35:00,presencial
15832,535,59,33.08,2026-05-22 07:01:00,presencial
15833,282,148,11.93,2026-05-22 07:02:00,online
15834,301,46,112.39,2026-05-22 07:19:00,online
15835,319,128,71.02,2026-05-22 08:02:00,presencial
15836,95,129,22.09,2026-05-22 08:05:00,online
15837,105,88,52.59,2026-05-22 08:31:00,online
15838,109,141,15.47,2026-05-22 08:39:00,presencial
15839,153,190,24.35,2026-05-22 08:46:00,presencial
15840,96,83,95.24,2026-05-22 09:07:00,online
15841,135,57,75.05,2026-05-22 09:22:00,online
15842,564,89,25.42,2026-05-22 09:35:00,presencial
15843,217,114,62.97,2026-05-22 10:26:00,presencial
15844,477,25,41.19,2026-05-22 11:12:00,presencial
15845,236,192,14.92,2026-05-22 11:22:00,online
15846,495,94,37.19,2026-05-22 11:25:00,online
15847,452,193,71.9,2026-05-22 11:30:00,presencial
15848,505,193,62.6,2026-05-22 11:40:00,online
15849,174,13,6.95,2026-05-22 11:40:00,presencial
15850,58,23,53.66,2026-05-22 12:02:00,presencial
15851,185,37,45.97,2026-05-22 12:10:00,presencial
15852,422,114,5.54,2026-05-22 12:53:00,online
15853,393,71,18.38,2026-05-22 13:05:00,presencial
15854,423,4,76.77,2026-05-22 13:10:00,online
15855,597,113,205.06,2026-05-22 13:12:00,online
15856,135,66,7.36,2026-05-22 13:25:00,online
15857,267,169,131.27,2026-05-22 13:35:00,presencial
15858,295,153,5.65,2026-05-22 13:46:00,presencial
15859,90,169,207.94,2026-05-22 14:06:00,presencial
15860,398,114,34.38,2026-05-22 14:11:00,presencial
15861,30,140,20.36,2026-05-22 14:19:00,online
15862,539,17,66.02,2026-05-22 14:26:00,presencial
15863,54,152,15.51,2026-05-22 14:30:00,presencial
15864,67,91,78.85,2026-05-22 14:31:00,presencial
15865,105,1,39.0,2026-05-22 14:31:00,presencial
15866,536,16,0.68,2026-05-22 14:47:00,presencial
15867,517,62,18.32,2026-05-22 14:53:00,presencial
15868,554,75,55.16,2026-05-22 14:55:00,presencial
15869,500,42,144.48,2026-05-22 14:59:00,presencial
15870,555,154,64.37,2026-05-22 15:02:00,online
15871,283,90,141.96,2026-05-22 15:22:00,presencial
15872,3,52,16.72,2026-05-22 15:35:00,online
15873,263,135,99.53,2026-05-22 15:45:00,online
15874,133,91,101.38,2026-05-22 15:48:00,presencial
15875,147,156,7.43,2026-05-22 16:08:00,presencial
15876,415,101,149.82,2026-05-22 16:09:00,presencial
15877,101,150,64.08,2026-05-22 16:20:00,presencial
15878,194,171,32.8,2026-05-22 16:45:00,online
15879,236,16,32.18,2026-05-22 16:50:00,presencial
15880,37,25,14.27,2026-05-22 16:56:00,online
15881,421,147,89.47,2026-05-22 17:15:00,online
15882,458,111,62.32,2026-05-22 17:15:00,presencial
15883,336,49,84.88,2026-05-22 17:50:00,online
15884,18,7,48.76,2026-05-22 18:07:00,presencial
15885,473,192,56.06,2026-05-22 18:14:00,presencial
15886,268,19,32.28,2026-05-22 18:16:00,presencial
15887,160,93,146.13,2026-05-22 18:20:00,presencial
15888,569,45,87.1,2026-05-22 18:21:00,online
15889,516,80,54.06,2026-05-22 18:32:00,online
15890,265,144,38.55,2026-05-22 18:35:00,presencial
15891,266,102,6.39,2026-05-22 18:50:00,online
15892,548,9,5.04,2026-05-22 19:03:00,online
15893,115,18,29.81,2026-05-22 19:05:00,online
15894,246,190,180.47,2026-05-22 19:06:00,online
15895,343,51,20.59,2026-05-22 19:08:00,presencial
15896,209,86,21.5,2026-05-22 19:15:00,online
15897,190,158,15.34,2026-05-22 19:24:00,presencial
15898,65,168,10.81,2026-05-22 19:25:00,presencial
15899,161,57,16.36,2026-05-22 19:33:00,presencial
15900,215,45,60.73,2026-05-22 20:21:00,online
15901,503,88,26.02,2026-05-22 20:24:00,presencial
15902,203,68,24.76,2026-05-22 20:28:00,presencial
15903,97,141,22.45,2026-05-22 20:29:00,presencial
15904,508,146,58.01,2026-05-22 21:06:00,presencial
15905,212,53,68.67,2026-05-22 21:26:00,online
15906,552,76,5.72,2026-05-22 21:37:00,presencial
15907,66,147,19.37,2026-05-22 21:55:00,presencial
15908,14,102,40.51,2026-05-22 22:25:00,online
15909,554,111,72.44,2026-05-22 23:23:00,online
15910,59,162,51.44,2026-05-22 23:28:00,online
15911,6,131,110.51,2026-05-22 23:32:00,online
15912,386,131,9.46,2026-05-23 00:05:00,presencial
15913,191,97,70.58,2026-05-23 00:07:00,online
15914,291,168,426.85,2026-05-23 00:09:00,presencial
15915,246,5,47.11,2026-05-23 00:35:00,presencial
15916,179,18,49.27,2026-05-23 00:35:00,presencial
15917,289,136,79.14,2026-05-23 00:42:00,online
15918,156,122,24.54,2026-05-23 01:05:00,presencial
15919,135,56,15.78,2026-05-23 01:10:00,online
15920,135,121,47.65,2026-05-23 01:25:00,online
15921,72,22,7.25,2026-05-23 01:57:00,presencial
15922,316,122,69.1,2026-05-23 02:36:00,presencial
15923,330,73,83.18,2026-05-23 02:53:00,presencial
15924,11,118,7.66,2026-05-23 03:17:00,presencial
15925,276,69,53.48,2026-05-23 03:19:00,presencial
15926,444,145,35.23,2026-05-23 03:43:00,presencial
15927,1,23,227.16,2026-05-23 03:49:00,presencial
15928,181,169,188.83,2026-05-23 04:23:00,presencial
15929,577,99,112.82,2026-05-23 04:53:00,presencial
15930,257,46,169.31,2026-05-23 04:55:00,online
15931,10,193,29.91,2026-05-23 04:57:00,presencial
15932,317,21,59.5,2026-05-23 05:08:00,online
15933,247,108,33.86,2026-05-23 05:42:00,online
15934,127,15,14.93,2026-05-23 05:51:00,presencial
15935,45,180,48.96,2026-05-23 05:53:00,online
15936,531,32,40.79,2026-05-23 05:59:00,presencial
15937,488,51,35.78,2026-05-23 06:09:00,presencial
15938,410,132,41.88,2026-05-23 06:35:00,presencial
15939,11,177,47.79,2026-05-23 06:35:00,presencial
15940,523,84,118.71,2026-05-23 06:43:00,presencial
15941,284,53,23.5,2026-05-23 06:44:00,presencial
15942,286,70,10.94,2026-05-23 06:59:00,online
15943,527,184,94.24,2026-05-23 07:17:00,online
15944,260,182,114.69,2026-05-23 07:23:00,presencial
15945,142,25,66.27,2026-05-23 07:30:00,presencial
15946,143,181,12.77,2026-05-23 07:36:00,presencial
15947,557,169,38.68,2026-05-23 07:36:00,presencial
15948,327,108,61.16,2026-05-23 07:42:00,presencial
15949,348,52,13.8,2026-05-23 07:44:00,presencial
15950,356,92,19.28,2026-05-23 07:58:00,presencial
15951,133,156,38.04,2026-05-23 07:59:00,online
15952,252,55,164.23,2026-05-23 08:03:00,presencial
15953,571,69,57.26,2026-05-23 08:24:00,online
15954,88,92,23.81,2026-05-23 08:27:00,presencial
15955,571,14,35.81,2026-05-23 08:32:00,presencial
15956,164,83,21.48,2026-05-23 08:41:00,presencial
15957,178,27,28.41,2026-05-23 08:44:00,online
15958,9,2,98.94,2026-05-23 09:03:00,online
15959,399,78,5.41,2026-05-23 09:07:00,presencial
15960,192,152,189.89,2026-05-23 09:22:00,presencial
15961,276,197,496.76,2026-05-23 09:41:00,online
15962,349,88,53.45,2026-05-23 10:18:00,presencial
15963,381,151,17.92,2026-05-23 11:04:00,presencial
15964,574,45,160.7,2026-05-23 11:24:00,presencial
15965,334,128,60.69,2026-05-23 11:35:00,presencial
15966,107,134,25.06,2026-05-23 11:37:00,presencial
15967,423,67,15.35,2026-05-23 12:05:00,presencial
15968,34,90,28.6,2026-05-23 12:28:00,online
15969,507,135,55.25,2026-05-23 12:42:00,online
15970,178,63,119.71,2026-05-23 12:44:00,presencial
15971,434,121,61.11,2026-05-23 12:46:00,presencial
15972,95,47,73.67,2026-05-23 12:53:00,presencial
15973,245,108,30.97,2026-05-23 12:57:00,online
15974,418,12,114.48,2026-05-23 13:32:00,online
15975,373,90,35.61,2026-05-23 13:43:00,online
15976,4,101,337.58,2026-05-23 13:58:00,presencial
15977,21,166,21.8,2026-05-23 14:07:00,online
15978,589,76,69.03,2026-05-23 14:30:00,online
15979,318,2,496.87,2026-05-23 14:32:00,presencial
15980,514,9,140.63,2026-05-23 14:36:00,online
15981,44,108,101.49,2026-05-23 14:44:00,presencial
15982,295,163,61.96,2026-05-23 14:46:00,online
15983,346,179,47.38,2026-05-23 14:50:00,presencial
15984,553,162,36.92,2026-05-23 14:57:00,presencial
15985,427,68,24.1,2026-05-23 15:08:00,presencial
15986,377,99,8.25,2026-05-23 15:16:00,presencial
15987,177,178,90.44,2026-05-23 15:27:00,presencial
15988,597,168,8.23,2026-05-23 15:28:00,presencial
15989,197,91,91.52,2026-05-23 15:31:00,presencial
15990,167,97,31.81,2026-05-23 15:38:00,presencial
15991,435,14,15.63,2026-05-23 15:51:00,presencial
15992,599,34,209.82,2026-05-23 16:07:00,online
15993,515,106,9.08,2026-05-23 16:19:00,presencial
15994,109,104,21.48,2026-05-23 16:41:00,presencial
15995,490,115,23.81,2026-05-23 17:03:00,presencial
15996,213,63,52.7,2026-05-23 17:10:00,presencial
15997,134,46,22.78,2026-05-23 17:16:00,presencial
15998,562,91,223.16,2026-05-23 17:46:00,online
15999,570,176,9.89,2026-05-23 17:50:00,online
16000,223,195,3999.64,2026-05-23 18:06:00,presencial
16001,16,11,13.95,2026-05-23 18:37:00,presencial
16002,126,72,1154.54,2026-05-23 18:46:00,presencial
16003,325,105,148.76,2026-05-23 19:15:00,online
16004,36,44,39.59,2026-05-23 19:28:00,online
16005,137,71,57.36,2026-05-23 19:30:00,presencial
16006,90,26,29.47,2026-05-23 20:05:00,online
16007,572,93,65.48,2026-05-23 20:15:00,online
16008,214,177,19.87,2026-05-23 20:16:00,presencial
16009,229,186,97.5,2026-05-23 20:30:00,presencial
16010,253,3,54.61,2026-05-23 20:39:00,presencial
16011,8,128,15.05,2026-05-23 20:42:00,presencial
16012,326,182,71.51,2026-05-23 20:52:00,online
16013,548,154,66.82,2026-05-23 21:03:00,presencial
16014,489,13,20.31,2026-05-23 21:12:00,presencial
16015,151,78,27.93,2026-05-23 21:29:00,online
16016,9,151,78.55,2026-05-23 21:34:00,presencial
16017,465,196,148.39,2026-05-23 22:02:00,presencial
16018,505,59,38.23,2026-05-23 22:09:00,online
16019,554,57,124.43,2026-05-23 22:14:00,online
16020,347,50,161.38,2026-05-23 22:44:00,online
16021,285,179,187.46,2026-05-23 22:56:00,presencial
16022,454,36,70.72,2026-05-23 23:20:00,online
16023,415,74,16.58,2026-05-23 23:38:00,presencial
16024,455,27,119.16,2026-05-23 23:39:00,presencial
16025,171,188,36.21,2026-05-23 23:58:00,presencial
16026,542,14,78.03,2026-05-24 00:03:00,presencial
16027,23,102,22.38,2026-05-24 00:24:00,presencial
16028,57,32,23.1,2026-05-24 01:17:00,presencial
16029,393,82,20.67,2026-05-24 01:19:00,presencial
16030,343,118,10.41,2026-05-24 01:34:00,presencial
16031,333,140,23.44,2026-05-24 01:35:00,online
16032,546,114,14.35,2026-05-24 02:02:00,online
16033,523,86,83.34,2026-05-24 02:31:00,presencial
16034,432,57,13.85,2026-05-24 03:24:00,online
16035,99,161,21.41,2026-05-24 03:24:00,presencial
16036,58,136,44.86,2026-05-24 03:47:00,presencial
16037,84,135,328.21,2026-05-24 04:40:00,online
16038,369,154,20.88,2026-05-24 04:40:00,presencial
16039,428,45,9.77,2026-05-24 04:41:00,online
16040,480,197,10.56,2026-05-24 04:44:00,online
16041,62,184,17.34,2026-05-24 05:00:00,online
16042,165,88,21.7,2026-05-24 05:01:00,online
16043,203,41,564.01,2026-05-24 05:27:00,online
16044,380,75,129.47,2026-05-24 05:35:00,presencial
16045,28,78,31.61,2026-05-24 05:37:00,presencial
16046,505,195,343.14,2026-05-24 05:39:00,presencial
16047,49,58,22.79,2026-05-24 05:48:00,online
16048,315,189,28.44,2026-05-24 05:50:00,presencial
16049,560,47,26.62,2026-05-24 05:51:00,presencial
16050,117,186,138.31,2026-05-24 05:54:00,presencial
16051,413,187,41.39,2026-05-24 06:05:00,presencial
16052,330,122,234.64,2026-05-24 06:06:00,online
16053,492,22,72.05,2026-05-24 06:09:00,presencial
16054,353,124,121.5,2026-05-24 06:18:00,presencial
16055,509,183,6.06,2026-05-24 06:36:00,online
16056,242,186,6.9,2026-05-24 06:47:00,presencial
16057,99,92,7.15,2026-05-24 06:50:00,presencial
16058,408,96,27.91,2026-05-24 06:58:00,online
16059,581,77,8.23,2026-05-24 07:00:00,presencial
16060,260,43,174.92,2026-05-24 07:13:00,online
16061,492,131,35.91,2026-05-24 07:21:00,presencial
16062,527,198,87.96,2026-05-24 07:25:00,online
16063,388,54,26.01,2026-05-24 08:04:00,online
16064,475,169,110.75,2026-05-24 08:22:00,online
16065,338,20,5.15,2026-05-24 08:44:00,online
16066,483,12,42.36,2026-05-24 08:46:00,presencial
16067,202,181,77.54,2026-05-24 08:46:00,presencial
16068,316,23,85.07,2026-05-24 09:11:00,presencial
16069,47,83,31.52,2026-05-24 09:33:00,online
16070,118,177,6.81,2026-05-24 09:42:00,online
16071,348,70,135.97,2026-05-24 09:46:00,presencial
16072,435,61,29.03,2026-05-24 09:57:00,online
16073,18,9,31.95,2026-05-24 10:34:00,presencial
16074,42,140,513.44,2026-05-24 10:54:00,presencial
16075,4,65,49.71,2026-05-24 11:35:00,online
16076,311,24,25.26,2026-05-24 11:44:00,online
16077,202,95,23.65,2026-05-24 12:10:00,presencial
16078,32,35,90.89,2026-05-24 12:14:00,online
16079,477,170,18.12,2026-05-24 12:25:00,presencial
16080,318,150,78.48,2026-05-24 12:49:00,presencial
16081,7,196,150.13,2026-05-24 12:52:00,online
16082,412,196,40.56,2026-05-24 12:58:00,presencial
16083,547,168,132.5,2026-05-24 13:00:00,presencial
16084,252,101,41.44,2026-05-24 13:01:00,presencial
16085,570,35,20.98,2026-05-24 13:14:00,presencial
16086,251,9,7.16,2026-05-24 13:16:00,presencial
16087,47,19,60.5,2026-05-24 14:36:00,online
16088,74,47,61.91,2026-05-24 14:41:00,online
16089,41,177,131.56,2026-05-24 14:46:00,presencial
16090,182,43,118.33,2026-05-24 14:50:00,online
16091,231,19,434.46,2026-05-24 15:02:00,online
16092,267,188,23.59,2026-05-24 15:04:00,presencial
16093,289,88,66.12,2026-05-24 15:23:00,presencial
16094,519,84,20.98,2026-05-24 15:31:00,presencial
16095,7,61,124.35,2026-05-24 15:32:00,presencial
16096,539,190,16.13,2026-05-24 15:33:00,presencial
16097,144,70,122.13,2026-05-24 15:42:00,online
16098,573,172,19.88,2026-05-24 15:46:00,presencial
16099,82,199,103.87,2026-05-24 16:05:00,online
16100,61,91,168.53,2026-05-24 16:08:00,presencial
16101,73,141,8.09,2026-05-24 16:16:00,presencial
16102,178,5,10.16,2026-05-24 16:43:00,online
16103,565,157,57.88,2026-05-24 16:52:00,online
16104,278,195,51.49,2026-05-24 17:13:00,presencial
16105,100,40,32.41,2026-05-24 17:17:00,online
16106,386,3,26.47,2026-05-24 17:29:00,online
16107,305,9,17.45,2026-05-24 17:36:00,online
16108,422,172,64.34,2026-05-24 17:37:00,online
16109,445,49,15.47,2026-05-24 17:37:00,presencial
16110,472,83,66.87,2026-05-24 18:00:00,presencial
16111,91,68,23.76,2026-05-24 18:09:00,online
16112,298,61,28.08,2026-05-24 18:30:00,online
16113,379,34,170.27,2026-05-24 18:35:00,online
16114,334,82,127.73,2026-05-24 19:01:00,presencial
16115,584,185,14.93,2026-05-24 19:35:00,presencial
16116,577,72,17.11,2026-05-24 19:41:00,online
16117,488,161,105.17,2026-05-24 19:49:00,online
16118,145,138,9.23,2026-05-24 19:53:00,presencial
16119,318,160,221.27,2026-05-24 20:07:00,presencial
16120,483,115,51.87,2026-05-24 20:08:00,online
16121,161,75,23.66,2026-05-24 20:23:00,online
16122,428,52,45.22,2026-05-24 20:24:00,presencial
16123,150,57,199.78,2026-05-24 20:36:00,presencial
16124,85,106,4.29,2026-05-24 20:38:00,presencial
16125,144,81,138.23,2026-05-24 20:41:00,presencial
16126,556,81,166.33,2026-05-24 20:49:00,online
16127,598,74,31.41,2026-05-24 21:12:00,presencial
16128,514,185,41.32,2026-05-24 21:26:00,presencial
16129,163,129,51.94,2026-05-24 21:27:00,online
16130,468,179,100.17,2026-05-24 21:41:00,online
16131,131,186,20.03,2026-05-24 21:53:00,online
16132,77,124,43.99,2026-05-24 21:54:00,presencial
16133,156,19,40.05,2026-05-24 21:57:00,presencial
16134,84,194,94.32,2026-05-24 22:30:00,presencial
16135,385,96,848.07,2026-05-24 22:50:00,presencial
16136,410,76,19.94,2026-05-24 22:55:00,presencial
16137,22,83,48.75,2026-05-24 23:47:00,online
16138,65,18,19.36,2026-05-25 00:20:00,online
16139,288,133,26.11,2026-05-25 00:41:00,presencial
16140,68,10,13.69,2026-05-25 00:51:00,presencial
16141,497,145,8.3,2026-05-25 01:04:00,online
16142,241,167,164.21,2026-05-25 01:13:00,online
16143,248,85,66.13,2026-05-25 01:32:00,presencial
16144,4,77,49.51,2026-05-25 01:37:00,online
16145,421,135,17.09,2026-05-25 01:43:00,presencial
16146,433,173,41.16,2026-05-25 01:56:00,presencial
16147,454,20,12.53,2026-05-25 02:01:00,presencial
16148,325,92,43.38,2026-05-25 02:29:00,presencial
16149,162,65,64.53,2026-05-25 02:31:00,presencial
16150,47,3,24.61,2026-05-25 02:46:00,online
16151,190,2,19.44,2026-05-25 02:54:00,presencial
16152,327,106,26.01,2026-05-25 02:54:00,presencial
16153,70,153,109.54,2026-05-25 03:04:00,presencial
16154,33,119,55.8,2026-05-25 03:07:00,online
16155,131,50,7.63,2026-05-25 04:07:00,online
16156,43,91,99.07,2026-05-25 04:09:00,presencial
16157,9,194,81.25,2026-05-25 04:10:00,presencial
16158,292,168,54.92,2026-05-25 04:26:00,online
16159,448,24,273.19,2026-05-25 04:33:00,online
16160,300,129,45.89,2026-05-25 04:38:00,presencial
16161,55,125,71.8,2026-05-25 04:42:00,presencial
16162,204,73,74.92,2026-05-25 04:48:00,presencial
16163,22,73,117.35,2026-05-25 04:50:00,presencial
16164,374,144,34.98,2026-05-25 04:51:00,presencial
16165,140,187,21.99,2026-05-25 05:11:00,presencial
16166,233,64,130.37,2026-05-25 05:41:00,presencial
16167,542,186,123.16,2026-05-25 05:45:00,online
16168,353,168,181.69,2026-05-25 05:48:00,presencial
16169,459,11,70.61,2026-05-25 05:49:00,online
16170,210,57,7.29,2026-05-25 05:51:00,online
16171,559,89,53.54,2026-05-25 05:54:00,online
16172,429,134,46.39,2026-05-25 06:00:00,online
16173,310,46,172.84,2026-05-25 06:04:00,online
16174,348,84,143.2,2026-05-25 06:16:00,online
16175,374,19,87.71,2026-05-25 06:32:00,presencial
16176,97,21,4.57,2026-05-25 07:14:00,online
16177,152,87,18.04,2026-05-25 07:17:00,online
16178,412,126,29.94,2026-05-25 07:38:00,presencial
16179,265,91,30.71,2026-05-25 07:47:00,presencial
16180,471,77,53.71,2026-05-25 07:53:00,online
16181,316,100,227.74,2026-05-25 08:05:00,presencial
16182,40,127,105.34,2026-05-25 08:14:00,online
16183,399,143,16.27,2026-05-25 08:41:00,online
16184,366,108,17.97,2026-05-25 08:53:00,presencial
16185,219,19,16.27,2026-05-25 09:32:00,presencial
16186,475,9,39.31,2026-05-25 09:39:00,online
16187,211,69,108.43,2026-05-25 09:49:00,presencial
16188,69,41,129.08,2026-05-25 10:12:00,presencial
16189,73,108,29.55,2026-05-25 10:30:00,online
16190,541,141,43.24,2026-05-25 10:42:00,presencial
16191,226,51,281.91,2026-05-25 10:49:00,presencial
16192,249,94,8.73,2026-05-25 11:15:00,online
16193,184,44,90.18,2026-05-25 11:25:00,online
16194,443,94,80.07,2026-05-25 11:25:00,online
16195,364,76,32.26,2026-05-25 11:41:00,presencial
16196,540,1,43.8,2026-05-25 11:45:00,presencial
16197,537,134,70.97,2026-05-25 11:53:00,presencial
16198,594,61,32.33,2026-05-25 12:19:00,online
16199,198,150,22.17,2026-05-25 12:31:00,online
16200,351,134,20.41,2026-05-25 12:43:00,online
16201,208,40,346.67,2026-05-25 12:44:00,online
16202,423,178,27.54,2026-05-25 12:54:00,presencial
16203,449,5,55.78,2026-05-25 13:24:00,presencial
16204,152,115,106.04,2026-05-25 13:40:00,online
16205,516,161,35.42,2026-05-25 13:48:00,online
16206,175,109,46.5,2026-05-25 13:54:00,online
16207,590,112,77.71,2026-05-25 14:11:00,online
16208,511,95,17.59,2026-05-25 14:28:00,online
16209,11,13,8.25,2026-05-25 14:30:00,online
16210,239,136,20.01,2026-05-25 15:02:00,online
16211,234,191,299.26,2026-05-25 16:03:00,presencial
16212,494,160,23.74,2026-05-25 16:13:00,online
16213,435,12,51.61,2026-05-25 16:16:00,presencial
16214,31,45,10.4,2026-05-25 16:18:00,presencial
16215,505,167,195.66,2026-05-25 16:46:00,presencial
16216,131,143,32.1,2026-05-25 16:55:00,online
16217,222,74,27.1,2026-05-25 17:17:00,online
16218,103,49,38.6,2026-05-25 17:25:00,presencial
16219,95,93,709.34,2026-05-25 18:01:00,presencial
16220,317,7,72.65,2026-05-25 18:28:00,online
16221,51,18,37.62,2026-05-25 18:32:00,online
16222,49,15,1.88,2026-05-25 18:38:00,presencial
16223,472,166,198.01,2026-05-25 18:47:00,presencial
16224,207,10,20.81,2026-05-25 19:24:00,presencial
16225,389,111,17.5,2026-05-25 19:29:00,online
16226,592,57,19.31,2026-05-25 19:38:00,presencial
16227,31,152,223.97,2026-05-25 19:57:00,online
16228,477,26,42.68,2026-05-25 20:03:00,presencial
16229,66,183,8.38,2026-05-25 20:09:00,presencial
16230,457,18,35.71,2026-05-25 20:17:00,presencial
16231,184,170,17.91,2026-05-25 20:20:00,presencial
16232,82,30,66.39,2026-05-25 20:25:00,presencial
16233,138,6,29.22,2026-05-25 20:50:00,online
16234,219,8,7.95,2026-05-25 21:22:00,presencial
16235,438,157,40.82,2026-05-25 21:32:00,presencial
16236,409,69,41.99,2026-05-25 21:37:00,presencial
16237,438,84,11.26,2026-05-25 22:20:00,presencial
16238,13,165,5.18,2026-05-25 22:51:00,presencial
16239,586,53,61.0,2026-05-26 00:07:00,online
16240,261,111,32.83,2026-05-26 00:24:00,presencial
16241,67,60,35.28,2026-05-26 00:36:00,presencial
16242,558,13,101.54,2026-05-26 00:56:00,online
16243,476,199,5.3,2026-05-26 01:07:00,online
16244,50,75,47.77,2026-05-26 01:33:00,presencial
16245,263,170,92.65,2026-05-26 01:48:00,presencial
16246,544,86,36.56,2026-05-26 01:52:00,presencial
16247,410,174,9.41,2026-05-26 01:57:00,online
16248,117,35,21.61,2026-05-26 02:23:00,online
16249,421,109,27.2,2026-05-26 02:38:00,online
16250,114,75,7.87,2026-05-26 02:44:00,presencial
16251,212,199,67.26,2026-05-26 02:52:00,online
16252,118,68,44.86,2026-05-26 02:55:00,presencial
16253,417,155,22.04,2026-05-26 03:01:00,online
16254,559,99,132.17,2026-05-26 03:02:00,presencial
16255,27,81,25.17,2026-05-26 03:37:00,presencial
16256,363,140,227.67,2026-05-26 03:38:00,presencial
16257,150,129,33.25,2026-05-26 04:13:00,presencial
16258,451,96,15.64,2026-05-26 04:35:00,online
16259,84,12,16.17,2026-05-26 04:46:00,presencial
16260,220,15,49.41,2026-05-26 04:48:00,presencial
16261,124,120,13.77,2026-05-26 05:16:00,presencial
16262,524,12,52.4,2026-05-26 05:31:00,presencial
16263,50,122,28.77,2026-05-26 05:48:00,online
16264,350,178,28.06,2026-05-26 05:54:00,presencial
16265,73,158,42.7,2026-05-26 05:59:00,online
16266,360,139,134.98,2026-05-26 06:14:00,presencial
16267,461,55,24.6,2026-05-26 06:15:00,presencial
16268,452,132,54.74,2026-05-26 06:17:00,online
16269,21,37,72.87,2026-05-26 06:43:00,online
16270,465,183,11.81,2026-05-26 07:03:00,online
16271,179,19,79.44,2026-05-26 07:13:00,online
16272,410,109,109.61,2026-05-26 07:20:00,presencial
16273,579,98,129.38,2026-05-26 07:29:00,online
16274,72,15,13.2,2026-05-26 07:55:00,presencial
16275,218,38,14.26,2026-05-26 08:10:00,presencial
16276,521,143,42.11,2026-05-26 08:47:00,online
16277,85,120,39.55,2026-05-26 09:07:00,online
16278,157,33,45.66,2026-05-26 09:26:00,online
16279,330,29,30.2,2026-05-26 09:30:00,presencial
16280,598,134,54.84,2026-05-26 09:36:00,online
16281,177,133,2.69,2026-05-26 09:50:00,online
16282,232,81,92.19,2026-05-26 10:02:00,presencial
16283,478,5,225.67,2026-05-26 10:12:00,presencial
16284,72,6,24.33,2026-05-26 10:31:00,presencial
16285,197,31,55.85,2026-05-26 10:37:00,presencial
16286,190,12,283.93,2026-05-26 10:52:00,presencial
16287,241,112,46.38,2026-05-26 11:01:00,online
16288,345,79,62.55,2026-05-26 11:07:00,presencial
16289,133,44,338.96,2026-05-26 11:21:00,online
16290,235,119,419.92,2026-05-26 11:36:00,presencial
16291,551,141,13.92,2026-05-26 11:44:00,presencial
16292,498,35,28.43,2026-05-26 12:01:00,online
16293,574,126,119.46,2026-05-26 12:30:00,online
16294,410,22,77.23,2026-05-26 12:43:00,presencial
16295,350,120,97.19,2026-05-26 13:32:00,online
16296,129,76,2.5,2026-05-26 13:39:00,online
16297,96,22,5.21,2026-05-26 13:41:00,presencial
16298,324,161,318.19,2026-05-26 13:50:00,presencial
16299,243,37,104.72,2026-05-26 14:35:00,presencial
16300,473,157,65.96,2026-05-26 14:44:00,presencial
16301,6,74,11.4,2026-05-26 15:04:00,presencial
16302,535,137,28.32,2026-05-26 15:09:00,presencial
16303,103,142,83.65,2026-05-26 15:09:00,presencial
16304,237,86,9.76,2026-05-26 15:09:00,online
16305,214,134,20.58,2026-05-26 15:30:00,presencial
16306,555,89,67.55,2026-05-26 15:54:00,presencial
16307,433,122,85.52,2026-05-26 15:55:00,online
16308,22,46,25.14,2026-05-26 16:23:00,presencial
16309,512,86,131.7,2026-05-26 16:54:00,presencial
16310,407,28,127.07,2026-05-26 17:10:00,presencial
16311,41,84,6.22,2026-05-26 17:22:00,presencial
16312,470,4,270.9,2026-05-26 17:36:00,online
16313,21,82,161.27,2026-05-26 17:51:00,online
16314,256,173,56.11,2026-05-26 17:55:00,online
16315,98,73,38.44,2026-05-26 18:01:00,online
16316,7,100,106.51,2026-05-26 18:12:00,presencial
16317,336,172,80.41,2026-05-26 18:30:00,presencial
16318,413,1,33.16,2026-05-26 18:32:00,online
16319,288,135,261.62,2026-05-26 18:55:00,presencial
16320,206,106,4.41,2026-05-26 18:56:00,presencial
16321,309,69,21.51,2026-05-26 18:57:00,online
16322,92,52,73.15,2026-05-26 19:09:00,presencial
16323,30,119,42.21,2026-05-26 19:20:00,presencial
16324,95,86,96.5,2026-05-26 19:23:00,presencial
16325,33,80,9.64,2026-05-26 20:06:00,presencial
16326,462,135,33.79,2026-05-26 20:15:00,presencial
16327,366,80,158.44,2026-05-26 20:27:00,presencial
16328,113,162,8.64,2026-05-26 20:30:00,presencial
16329,342,57,34.31,2026-05-26 20:36:00,online
16330,291,141,24.93,2026-05-26 21:26:00,presencial
16331,67,113,66.67,2026-05-26 21:37:00,presencial
16332,583,180,68.88,2026-05-26 21:53:00,online
16333,563,81,49.74,2026-05-26 22:04:00,presencial
16334,456,47,32.5,2026-05-26 22:14:00,presencial
16335,486,80,47.92,2026-05-26 22:30:00,online
16336,329,133,37.3,2026-05-26 22:58:00,presencial
16337,483,86,43.13,2026-05-26 23:04:00,presencial
16338,317,178,222.0,2026-05-26 23:21:00,presencial
16339,100,32,11.91,2026-05-26 23:28:00,presencial
16340,101,62,65.09,2026-05-26 23:53:00,online
16341,513,197,15.86,2026-05-27 00:16:00,presencial
16342,268,160,383.94,2026-05-27 00:18:00,presencial
16343,438,16,49.3,2026-05-27 00:19:00,presencial
16344,87,189,11.08,2026-05-27 00:19:00,presencial
16345,269,86,34.64,2026-05-27 01:09:00,online
16346,51,129,8.98,2026-05-27 01:25:00,presencial
16347,133,4,22.27,2026-05-27 01:59:00,presencial
16348,66,33,88.0,2026-05-27 01:59:00,online
16349,125,140,199.81,2026-05-27 02:05:00,presencial
16350,364,53,146.75,2026-05-27 02:46:00,online
16351,4,24,39.83,2026-05-27 02:51:00,online
16352,117,136,83.69,2026-05-27 03:09:00,presencial
16353,415,44,108.78,2026-05-27 03:10:00,presencial
16354,90,174,530.97,2026-05-27 03:16:00,presencial
16355,334,36,23.0,2026-05-27 03:18:00,presencial
16356,521,5,235.18,2026-05-27 03:19:00,presencial
16357,469,79,13.45,2026-05-27 03:21:00,presencial
16358,74,66,163.68,2026-05-27 03:40:00,online
16359,89,128,22.58,2026-05-27 03:41:00,online
16360,424,47,21.07,2026-05-27 03:47:00,presencial
16361,208,197,32.68,2026-05-27 04:14:00,presencial
16362,251,85,19.04,2026-05-27 04:19:00,presencial
16363,287,142,71.43,2026-05-27 04:22:00,online
16364,348,154,172.29,2026-05-27 04:39:00,presencial
16365,270,177,4.38,2026-05-27 05:07:00,online
16366,15,101,36.89,2026-05-27 05:18:00,presencial
16367,57,46,13.53,2026-05-27 05:34:00,online
16368,1,104,120.98,2026-05-27 06:02:00,presencial
16369,159,86,213.25,2026-05-27 06:04:00,presencial
16370,491,122,36.89,2026-05-27 06:42:00,presencial
16371,584,48,20.62,2026-05-27 07:02:00,online
16372,286,104,7.56,2026-05-27 07:06:00,presencial
16373,17,192,381.33,2026-05-27 07:13:00,presencial
16374,43,138,190.72,2026-05-27 07:18:00,presencial
16375,490,192,5.07,2026-05-27 07:22:00,online
16376,207,22,91.93,2026-05-27 07:33:00,presencial
16377,529,131,13.15,2026-05-27 07:45:00,presencial
16378,304,5,25.55,2026-05-27 07:57:00,presencial
16379,528,41,11.32,2026-05-27 08:04:00,presencial
16380,82,166,4.95,2026-05-27 08:43:00,online
16381,515,21,42.51,2026-05-27 09:09:00,presencial
16382,328,96,359.59,2026-05-27 09:32:00,presencial
16383,263,14,16.14,2026-05-27 10:22:00,online
16384,318,60,119.16,2026-05-27 10:25:00,online
16385,197,25,141.62,2026-05-27 10:26:00,online
16386,362,91,98.88,2026-05-27 10:45:00,presencial
16387,463,129,401.86,2026-05-27 11:02:00,online
16388,487,131,127.83,2026-05-27 11:05:00,online
16389,587,187,325.42,2026-05-27 11:22:00,presencial
16390,248,25,12.66,2026-05-27 11:40:00,presencial
16391,462,81,101.48,2026-05-27 11:42:00,presencial
16392,534,105,235.57,2026-05-27 12:06:00,online
16393,11,18,19.12,2026-05-27 12:12:00,online
16394,285,23,0.97,2026-05-27 12:21:00,online
16395,421,63,11.09,2026-05-27 13:02:00,online
16396,275,172,20.14,2026-05-27 13:20:00,presencial
16397,61,118,82.87,2026-05-27 13:22:00,presencial
16398,394,113,23.97,2026-05-27 13:25:00,presencial
16399,244,111,44.85,2026-05-27 13:30:00,online
16400,371,163,22.99,2026-05-27 13:30:00,online
16401,1,109,38.81,2026-05-27 13:31:00,presencial
16402,7,145,41.56,2026-05-27 13:54:00,online
16403,362,62,22.3,2026-05-27 14:03:00,presencial
16404,590,164,110.32,2026-05-27 14:19:00,presencial
16405,384,7,204.05,2026-05-27 14:31:00,presencial
16406,566,69,12.63,2026-05-27 14:31:00,presencial
16407,509,51,56.77,2026-05-27 14:45:00,online
16408,169,28,9.28,2026-05-27 15:21:00,presencial
16409,62,108,6.5,2026-05-27 15:26:00,online
16410,336,179,139.8,2026-05-27 15:27:00,presencial
16411,373,33,406.73,2026-05-27 15:48:00,presencial
16412,463,177,31.15,2026-05-27 15:49:00,online
16413,313,172,335.84,2026-05-27 16:15:00,online
16414,553,177,21.91,2026-05-27 16:22:00,online
16415,507,2,34.54,2026-05-27 16:59:00,presencial
16416,352,198,279.92,2026-05-27 17:06:00,presencial
16417,331,86,16.38,2026-05-27 17:20:00,presencial
16418,12,120,122.53,2026-05-27 17:23:00,presencial
16419,469,61,30.47,2026-05-27 17:56:00,presencial
16420,409,103,20.23,2026-05-27 18:03:00,presencial
16421,538,111,25.54,2026-05-27 18:16:00,presencial
16422,56,160,4.12,2026-05-27 18:22:00,presencial
16423,88,69,178.97,2026-05-27 18:22:00,presencial
16424,403,23,57.34,2026-05-27 18:31:00,presencial
16425,294,118,37.99,2026-05-27 18:53:00,presencial
16426,353,157,20.86,2026-05-27 18:56:00,online
16427,261,4,62.99,2026-05-27 18:58:00,presencial
16428,385,163,118.13,2026-05-27 19:08:00,presencial
16429,396,161,33.05,2026-05-27 19:21:00,presencial
16430,114,116,129.02,2026-05-27 19:54:00,presencial
16431,457,190,60.5,2026-05-27 19:56:00,online
16432,297,78,40.34,2026-05-27 19:57:00,online
16433,346,27,121.95,2026-05-27 20:05:00,presencial
16434,371,132,25.57,2026-05-27 20:15:00,presencial
16435,447,122,11.28,2026-05-27 20:24:00,online
16436,181,184,42.17,2026-05-27 20:26:00,presencial
16437,5,45,46.47,2026-05-27 20:31:00,presencial
16438,109,32,35.0,2026-05-27 20:41:00,presencial
16439,580,136,165.49,2026-05-27 20:49:00,presencial
16440,134,63,77.52,2026-05-27 21:21:00,online
16441,150,37,39.39,2026-05-27 21:25:00,presencial
16442,515,135,44.43,2026-05-27 21:37:00,presencial
16443,142,38,48.85,2026-05-27 21:57:00,presencial
16444,279,167,79.73,2026-05-27 22:09:00,presencial
16445,223,63,47.36,2026-05-27 22:22:00,online
16446,397,131,37.72,2026-05-27 22:22:00,presencial
16447,357,116,10.3,2026-05-27 22:29:00,presencial
16448,309,119,20.48,2026-05-27 22:39:00,online
16449,301,61,60.62,2026-05-27 22:46:00,online
16450,501,18,54.97,2026-05-27 22:52:00,presencial
16451,349,128,8.72,2026-05-27 23:06:00,presencial
16452,306,87,24.09,2026-05-27 23:15:00,presencial
16453,533,196,16.08,2026-05-27 23:17:00,presencial
16454,56,179,200.56,2026-05-27 23:18:00,presencial
16455,501,15,58.92,2026-05-27 23:35:00,presencial
16456,119,73,71.76,2026-05-27 23:41:00,online
16457,200,84,41.54,2026-05-28 00:10:00,online
16458,8,77,22.44,2026-05-28 00:12:00,presencial
16459,343,145,27.39,2026-05-28 00:39:00,presencial
16460,499,72,76.86,2026-05-28 00:48:00,presencial
16461,230,31,33.58,2026-05-28 01:02:00,online
16462,398,73,77.74,2026-05-28 01:12:00,presencial
16463,236,158,52.31,2026-05-28 01:29:00,online
16464,456,81,61.87,2026-05-28 01:53:00,presencial
16465,600,58,65.45,2026-05-28 01:56:00,online
16466,430,155,25.06,2026-05-28 02:34:00,presencial
16467,205,14,31.75,2026-05-28 02:36:00,presencial
16468,495,92,121.48,2026-05-28 02:46:00,presencial
16469,23,21,333.28,2026-05-28 03:02:00,presencial
16470,593,122,122.71,2026-05-28 03:07:00,presencial
16471,504,180,2.08,2026-05-28 03:33:00,online
16472,393,89,19.42,2026-05-28 03:40:00,online
16473,373,197,50.71,2026-05-28 04:42:00,presencial
16474,152,175,13.36,2026-05-28 04:57:00,online
16475,259,146,12.68,2026-05-28 05:02:00,online
16476,61,36,28.2,2026-05-28 05:23:00,presencial
16477,204,7,65.36,2026-05-28 05:36:00,presencial
16478,354,25,88.17,2026-05-28 05:54:00,presencial
16479,218,70,29.84,2026-05-28 06:14:00,online
16480,463,82,27.43,2026-05-28 06:24:00,presencial
16481,512,43,17.67,2026-05-28 06:44:00,presencial
16482,337,195,78.09,2026-05-28 06:50:00,presencial
16483,205,149,72.52,2026-05-28 06:51:00,online
16484,183,140,121.24,2026-05-28 06:52:00,presencial
16485,329,131,51.56,2026-05-28 06:52:00,online
16486,432,124,10.57,2026-05-28 07:05:00,online
16487,77,177,30.45,2026-05-28 07:54:00,presencial
16488,269,79,114.73,2026-05-28 07:59:00,online
16489,265,29,6.63,2026-05-28 07:59:00,online
16490,172,60,40.72,2026-05-28 08:07:00,presencial
16491,143,46,61.17,2026-05-28 08:37:00,presencial
16492,505,192,405.07,2026-05-28 08:47:00,presencial
16493,260,114,23.08,2026-05-28 09:03:00,presencial
16494,346,86,39.1,2026-05-28 09:15:00,online
16495,23,6,286.11,2026-05-28 09:21:00,presencial
16496,171,143,23.4,2026-05-28 09:24:00,presencial
16497,135,130,145.79,2026-05-28 09:49:00,presencial
16498,198,163,68.85,2026-05-28 09:51:00,online
16499,505,27,35.05,2026-05-28 10:25:00,online
16500,343,132,73.46,2026-05-28 10:56:00,presencial
16501,542,73,38.01,2026-05-28 11:12:00,presencial
16502,254,47,535.71,2026-05-28 11:19:00,online
16503,463,45,4.61,2026-05-28 11:19:00,presencial
16504,97,58,32.76,2026-05-28 11:48:00,presencial
16505,490,147,33.84,2026-05-28 12:01:00,presencial
16506,367,5,38.58,2026-05-28 12:21:00,online
16507,24,190,146.71,2026-05-28 12:55:00,online
16508,414,194,27.34,2026-05-28 13:11:00,presencial
16509,288,194,76.8,2026-05-28 13:13:00,presencial
16510,1,167,57.66,2026-05-28 13:16:00,online
16511,509,65,112.43,2026-05-28 13:18:00,online
16512,323,81,38.44,2026-05-28 13:22:00,presencial
16513,364,26,63.72,2026-05-28 13:23:00,online
16514,347,179,39.03,2026-05-28 13:27:00,online
16515,55,155,15.11,2026-05-28 13:34:00,presencial
16516,200,31,259.55,2026-05-28 13:35:00,presencial
16517,422,199,19.33,2026-05-28 13:49:00,online
16518,204,9,26.41,2026-05-28 13:54:00,presencial
16519,534,154,17.42,2026-05-28 14:13:00,presencial
16520,191,28,69.56,2026-05-28 14:16:00,presencial
16521,276,150,26.42,2026-05-28 14:16:00,presencial
16522,268,177,236.69,2026-05-28 14:17:00,presencial
16523,12,191,80.43,2026-05-28 14:21:00,presencial
16524,488,33,32.97,2026-05-28 14:25:00,online
16525,82,33,16.43,2026-05-28 14:40:00,presencial
16526,282,14,39.58,2026-05-28 14:45:00,online
16527,545,165,79.2,2026-05-28 14:51:00,online
16528,597,38,42.5,2026-05-28 15:19:00,presencial
16529,139,79,38.31,2026-05-28 16:35:00,online
16530,226,84,14.55,2026-05-28 16:48:00,online
16531,340,71,527.14,2026-05-28 17:28:00,presencial
16532,420,100,35.83,2026-05-28 17:34:00,presencial
16533,151,70,9.86,2026-05-28 17:46:00,online
16534,330,48,13.7,2026-05-28 17:48:00,presencial
16535,501,78,30.61,2026-05-28 18:02:00,presencial
16536,458,162,379.65,2026-05-28 18:08:00,presencial
16537,494,24,37.06,2026-05-28 18:28:00,presencial
16538,534,192,29.6,2026-05-28 18:42:00,presencial
16539,517,82,113.2,2026-05-28 18:51:00,online
16540,308,59,122.66,2026-05-28 19:21:00,presencial
16541,585,89,92.3,2026-05-28 19:32:00,online
16542,297,187,55.69,2026-05-28 19:43:00,presencial
16543,426,162,13.27,2026-05-28 20:20:00,online
16544,566,164,19.57,2026-05-28 20:51:00,online
16545,26,45,7.77,2026-05-28 21:07:00,presencial
16546,561,178,34.94,2026-05-28 21:22:00,presencial
16547,494,142,28.02,2026-05-28 21:29:00,online
16548,599,12,25.0,2026-05-28 21:48:00,online
16549,464,86,60.78,2026-05-28 22:03:00,presencial
16550,94,167,21.7,2026-05-28 22:26:00,online
16551,182,107,30.74,2026-05-28 22:28:00,presencial
16552,3,118,26.18,2026-05-28 22:31:00,online
16553,365,75,43.16,2026-05-28 22:53:00,online
16554,263,8,66.76,2026-05-28 23:35:00,online
16555,285,178,10.19,2026-05-28 23:40:00,presencial
16556,441,151,73.59,2026-05-28 23:44:00,presencial
16557,493,55,59.78,2026-05-28 23:53:00,presencial
16558,44,49,70.84,2026-05-28 23:57:00,presencial
16559,551,104,51.76,2026-05-29 00:25:00,presencial
16560,225,160,66.53,2026-05-29 00:30:00,presencial
16561,452,18,28.3,2026-05-29 01:02:00,presencial
16562,349,126,72.8,2026-05-29 01:49:00,presencial
16563,267,170,157.44,2026-05-29 02:04:00,presencial
16564,128,99,25.92,2026-05-29 02:19:00,presencial
16565,114,11,26.98,2026-05-29 02:27:00,presencial
16566,439,5,89.44,2026-05-29 03:04:00,online
16567,193,33,24.3,2026-05-29 03:14:00,online
16568,138,178,20.26,2026-05-29 03:25:00,presencial
16569,4,92,71.12,2026-05-29 03:31:00,presencial
16570,505,30,27.84,2026-05-29 03:36:00,online
16571,238,181,171.39,2026-05-29 03:39:00,presencial
16572,209,166,26.77,2026-05-29 03:49:00,online
16573,224,30,18.16,2026-05-29 03:53:00,presencial
16574,360,138,44.47,2026-05-29 03:54:00,presencial
16575,290,67,72.17,2026-05-29 04:15:00,online
16576,327,14,63.58,2026-05-29 04:22:00,online
16577,167,13,80.87,2026-05-29 04:37:00,online
16578,178,109,24.33,2026-05-29 04:39:00,presencial
16579,518,169,155.87,2026-05-29 04:40:00,online
16580,264,193,7.24,2026-05-29 04:47:00,presencial
16581,584,142,18.94,2026-05-29 04:58:00,presencial
16582,508,185,46.63,2026-05-29 05:41:00,presencial
16583,428,48,20.76,2026-05-29 06:16:00,online
16584,330,30,31.8,2026-05-29 07:18:00,presencial
16585,503,23,15.18,2026-05-29 07:55:00,online
16586,34,35,35.55,2026-05-29 08:04:00,presencial
16587,300,151,74.39,2026-05-29 08:35:00,presencial
16588,428,31,24.8,2026-05-29 08:42:00,presencial
16589,65,87,17.0,2026-05-29 08:47:00,online
16590,110,152,26.92,2026-05-29 09:26:00,online
16591,40,186,150.54,2026-05-29 09:28:00,presencial
16592,292,33,149.18,2026-05-29 09:30:00,online
16593,325,38,26.42,2026-05-29 09:46:00,presencial
16594,282,13,78.19,2026-05-29 09:51:00,online
16595,33,23,43.81,2026-05-29 09:55:00,presencial
16596,292,79,183.54,2026-05-29 09:56:00,presencial
16597,533,63,55.19,2026-05-29 10:31:00,presencial
16598,19,194,35.81,2026-05-29 10:51:00,online
16599,466,89,259.79,2026-05-29 11:11:00,online
16600,164,62,16.18,2026-05-29 11:52:00,presencial
16601,45,94,63.51,2026-05-29 12:39:00,presencial
16602,31,145,200.87,2026-05-29 12:55:00,online
16603,8,68,93.02,2026-05-29 12:59:00,presencial
16604,249,29,19.31,2026-05-29 13:20:00,presencial
16605,299,85,18.2,2026-05-29 13:41:00,presencial
16606,373,125,9.49,2026-05-29 13:42:00,online
16607,49,64,228.43,2026-05-29 13:45:00,online
16608,393,117,12.86,2026-05-29 13:45:00,presencial
16609,444,65,97.98,2026-05-29 13:52:00,presencial
16610,39,181,9.31,2026-05-29 13:58:00,presencial
16611,406,178,744.56,2026-05-29 14:01:00,presencial
16612,72,144,10.09,2026-05-29 14:48:00,presencial
16613,264,168,46.84,2026-05-29 14:52:00,presencial
16614,397,25,169.57,2026-05-29 14:57:00,presencial
16615,523,131,20.63,2026-05-29 15:07:00,presencial
16616,319,81,83.11,2026-05-29 15:16:00,online
16617,262,156,32.79,2026-05-29 15:19:00,presencial
16618,501,1,68.51,2026-05-29 15:24:00,online
16619,130,38,146.77,2026-05-29 16:06:00,online
16620,124,49,27.9,2026-05-29 16:18:00,presencial
16621,280,112,231.97,2026-05-29 16:22:00,online
16622,73,195,65.87,2026-05-29 16:27:00,presencial
16623,14,180,381.2,2026-05-29 16:35:00,online
16624,218,92,17.9,2026-05-29 17:00:00,online
16625,92,1,22.06,2026-05-29 17:07:00,online
16626,383,174,34.62,2026-05-29 17:22:00,presencial
16627,330,115,11.78,2026-05-29 17:27:00,online
16628,292,5,123.78,2026-05-29 17:52:00,presencial
16629,298,130,41.12,2026-05-29 18:01:00,presencial
16630,60,177,12.67,2026-05-29 18:05:00,presencial
16631,242,175,18.08,2026-05-29 18:14:00,presencial
16632,43,178,17.17,2026-05-29 18:41:00,online
16633,213,196,123.47,2026-05-29 18:48:00,online
16634,407,131,73.91,2026-05-29 18:49:00,online
16635,592,123,38.64,2026-05-29 18:57:00,online
16636,179,24,29.91,2026-05-29 19:07:00,online
16637,159,127,34.38,2026-05-29 19:12:00,presencial
16638,402,176,317.1,2026-05-29 19:24:00,presencial
16639,551,163,34.56,2026-05-29 19:36:00,presencial
16640,177,180,114.81,2026-05-29 19:40:00,presencial
16641,503,35,31.12,2026-05-29 19:43:00,online
16642,189,41,284.5,2026-05-29 20:26:00,presencial
16643,384,172,11.69,2026-05-29 20:33:00,online
16644,126,189,108.61,2026-05-29 20:40:00,presencial
16645,158,106,19.39,2026-05-29 21:17:00,online
16646,591,177,510.11,2026-05-29 21:38:00,online
16647,234,137,96.26,2026-05-29 21:44:00,online
16648,10,41,6.86,2026-05-29 21:51:00,presencial
16649,464,102,16.04,2026-05-29 22:03:00,presencial
16650,77,79,94.98,2026-05-29 22:20:00,online
16651,67,158,92.16,2026-05-29 22:31:00,online
16652,502,68,84.9,2026-05-29 22:32:00,presencial
16653,210,36,53.1,2026-05-29 22:40:00,presencial
16654,83,100,31.47,2026-05-29 22:50:00,presencial
16655,586,99,147.74,2026-05-29 23:43:00,presencial
16656,169,178,17.28,2026-05-29 23:50:00,presencial
16657,380,2,47.41,2026-05-30 00:26:00,presencial
16658,158,175,22.6,2026-05-30 00:29:00,presencial
16659,349,43,20.7,2026-05-30 00:30:00,presencial
16660,419,36,26.98,2026-05-30 00:37:00,presencial
16661,455,84,19.91,2026-05-30 01:00:00,presencial
16662,247,111,81.83,2026-05-30 01:08:00,presencial
16663,370,186,8.81,2026-05-30 01:27:00,presencial
16664,505,107,71.82,2026-05-30 01:29:00,presencial
16665,505,30,22.25,2026-05-30 01:48:00,presencial
16666,449,91,46.22,2026-05-30 01:48:00,presencial
16667,240,185,37.21,2026-05-30 01:55:00,presencial
16668,319,143,25.81,2026-05-30 02:09:00,presencial
16669,581,44,169.77,2026-05-30 02:21:00,presencial
16670,150,130,29.73,2026-05-30 02:22:00,presencial
16671,416,147,96.92,2026-05-30 02:34:00,presencial
16672,476,56,98.3,2026-05-30 02:42:00,online
16673,289,106,33.12,2026-05-30 02:52:00,presencial
16674,520,70,11.2,2026-05-30 03:00:00,presencial
16675,257,37,16.94,2026-05-30 03:05:00,online
16676,502,178,182.49,2026-05-30 03:06:00,presencial
16677,387,65,76.85,2026-05-30 03:19:00,presencial
16678,32,66,52.08,2026-05-30 03:37:00,online
16679,495,21,23.96,2026-05-30 03:45:00,presencial
16680,419,89,300.37,2026-05-30 03:50:00,presencial
16681,134,129,17.2,2026-05-30 04:08:00,online
16682,423,195,52.13,2026-05-30 04:10:00,online
16683,307,156,77.63,2026-05-30 04:18:00,online
16684,566,172,10.63,2026-05-30 04:26:00,presencial
16685,183,198,19.41,2026-05-30 04:45:00,online
16686,159,140,27.02,2026-05-30 04:58:00,presencial
16687,36,172,115.37,2026-05-30 05:26:00,presencial
16688,472,61,27.62,2026-05-30 05:30:00,presencial
16689,592,144,9.21,2026-05-30 05:34:00,presencial
16690,414,126,8.29,2026-05-30 05:39:00,presencial
16691,222,91,19.23,2026-05-30 05:55:00,online
16692,528,129,8.68,2026-05-30 06:14:00,presencial
16693,153,145,104.12,2026-05-30 06:26:00,online
16694,416,83,108.7,2026-05-30 06:58:00,online
16695,359,169,45.05,2026-05-30 07:07:00,presencial
16696,512,8,33.47,2026-05-30 07:19:00,presencial
16697,584,65,101.06,2026-05-30 07:51:00,presencial
16698,216,74,96.56,2026-05-30 08:02:00,presencial
16699,58,167,15.1,2026-05-30 08:31:00,presencial
16700,95,102,17.58,2026-05-30 09:32:00,presencial
16701,444,187,97.24,2026-05-30 09:36:00,online
16702,219,191,60.2,2026-05-30 09:40:00,online
16703,84,92,87.27,2026-05-30 09:45:00,presencial
16704,490,146,16.72,2026-05-30 10:28:00,presencial
16705,390,50,19.55,2026-05-30 10:41:00,online
16706,79,22,74.46,2026-05-30 10:53:00,online
16707,428,99,21.11,2026-05-30 11:05:00,presencial
16708,383,61,8.4,2026-05-30 11:14:00,presencial
16709,591,147,21.47,2026-05-30 11:16:00,online
16710,593,105,35.67,2026-05-30 11:28:00,presencial
16711,586,28,290.47,2026-05-30 11:37:00,presencial
16712,538,91,17.77,2026-05-30 12:15:00,presencial
16713,476,81,41.77,2026-05-30 12:20:00,presencial
16714,403,2,422.94,2026-05-30 12:38:00,online
16715,327,109,13.43,2026-05-30 13:24:00,presencial
16716,476,188,92.44,2026-05-30 13:25:00,presencial
16717,580,180,20.45,2026-05-30 14:00:00,online
16718,70,181,69.54,2026-05-30 14:08:00,presencial
16719,82,179,582.95,2026-05-30 14:48:00,presencial
16720,300,185,106.77,2026-05-30 15:17:00,online
16721,177,20,52.83,2026-05-30 15:29:00,presencial
16722,320,86,15.7,2026-05-30 15:32:00,online
16723,187,110,36.86,2026-05-30 15:42:00,online
16724,470,167,24.0,2026-05-30 15:49:00,presencial
16725,540,75,9.06,2026-05-30 16:14:00,presencial
16726,170,142,4.3,2026-05-30 18:09:00,presencial
16727,464,157,17.93,2026-05-30 18:21:00,presencial
16728,64,103,43.18,2026-05-30 18:21:00,presencial
16729,479,49,153.12,2026-05-30 18:32:00,presencial
16730,419,16,19.85,2026-05-30 18:45:00,online
16731,427,89,55.19,2026-05-30 18:48:00,presencial
16732,296,34,6.88,2026-05-30 18:52:00,presencial
16733,65,129,18.53,2026-05-30 19:05:00,presencial
16734,506,48,3.03,2026-05-30 19:27:00,presencial
16735,66,176,521.93,2026-05-30 19:37:00,online
16736,289,180,55.58,2026-05-30 19:49:00,presencial
16737,105,168,53.68,2026-05-30 19:54:00,online
16738,508,134,80.54,2026-05-30 19:59:00,online
16739,345,24,724.58,2026-05-30 20:13:00,presencial
16740,305,197,27.69,2026-05-30 20:25:00,presencial
16741,191,14,15.2,2026-05-30 20:25:00,presencial
16742,470,114,403.51,2026-05-30 20:31:00,presencial
16743,127,161,11.54,2026-05-30 21:09:00,online
16744,433,17,186.41,2026-05-30 21:51:00,online
16745,582,100,41.21,2026-05-30 22:00:00,presencial
16746,160,96,72.0,2026-05-30 22:42:00,online
16747,412,40,9.2,2026-05-30 23:02:00,online
16748,186,23,775.06,2026-05-30 23:35:00,presencial
16749,558,182,29.36,2026-05-30 23:37:00,presencial
16750,540,181,20.67,2026-05-30 23:47:00,presencial
16751,189,19,81.71,2026-05-30 23:52:00,presencial
16752,139,56,21.99,2026-05-31 00:07:00,presencial
16753,50,79,71.3,2026-05-31 00:08:00,presencial
16754,419,40,11.17,2026-05-31 00:10:00,online
16755,552,14,52.47,2026-05-31 00:14:00,online
16756,88,103,23.02,2026-05-31 00:24:00,presencial
16757,490,89,18.88,2026-05-31 00:41:00,presencial
16758,454,162,15.87,2026-05-31 01:07:00,online
16759,284,60,118.45,2026-05-31 01:08:00,online
16760,134,103,30.4,2026-05-31 01:11:00,presencial
16761,392,63,36.52,2026-05-31 01:21:00,online
16762,357,8,71.51,2026-05-31 02:01:00,online
16763,487,146,156.67,2026-05-31 02:17:00,presencial
16764,339,149,16.19,2026-05-31 02:20:00,presencial
16765,30,133,56.98,2026-05-31 02:49:00,presencial
16766,123,7,16.43,2026-05-31 02:52:00,presencial
16767,229,140,35.54,2026-05-31 03:11:00,presencial
16768,295,121,144.26,2026-05-31 03:14:00,presencial
16769,210,89,3.38,2026-05-31 03:24:00,online
16770,528,124,16.2,2026-05-31 03:50:00,presencial
16771,169,23,34.66,2026-05-31 04:10:00,online
16772,409,42,67.94,2026-05-31 04:10:00,presencial
16773,217,26,171.01,2026-05-31 04:37:00,online
16774,596,90,6.91,2026-05-31 04:42:00,presencial
16775,550,180,212.09,2026-05-31 05:36:00,presencial
16776,471,2,79.27,2026-05-31 05:56:00,presencial
16777,459,90,34.31,2026-05-31 06:06:00,presencial
16778,387,57,8.88,2026-05-31 06:23:00,online
16779,353,188,23.82,2026-05-31 06:30:00,online
16780,338,124,138.06,2026-05-31 06:44:00,presencial
16781,17,45,46.02,2026-05-31 06:49:00,presencial
16782,563,57,36.64,2026-05-31 06:57:00,online
16783,589,117,15.35,2026-05-31 07:00:00,presencial
16784,317,10,100.29,2026-05-31 07:13:00,presencial
16785,523,14,37.91,2026-05-31 07:44:00,presencial
16786,242,135,34.46,2026-05-31 07:53:00,presencial
16787,68,161,40.26,2026-05-31 07:53:00,presencial
16788,501,149,21.98,2026-05-31 08:00:00,online
16789,306,35,18.23,2026-05-31 08:05:00,presencial
16790,565,173,8.4,2026-05-31 08:17:00,online
16791,128,45,22.61,2026-05-31 08:48:00,online
16792,288,176,6.17,2026-05-31 08:56:00,presencial
16793,401,60,76.27,2026-05-31 09:24:00,online
16794,83,100,21.45,2026-05-31 09:28:00,online
16795,598,192,29.03,2026-05-31 09:29:00,online
16796,366,82,42.91,2026-05-31 09:39:00,presencial
16797,104,134,18.5,2026-05-31 09:56:00,online
16798,445,118,12.27,2026-05-31 10:14:00,presencial
16799,528,15,57.05,2026-05-31 10:26:00,presencial
16800,225,159,357.06,2026-05-31 10:31:00,presencial
16801,366,72,121.65,2026-05-31 10:49:00,online
16802,449,96,182.7,2026-05-31 10:55:00,presencial
16803,88,61,10.72,2026-05-31 11:01:00,presencial
16804,319,200,36.21,2026-05-31 11:10:00,online
16805,336,111,35.95,2026-05-31 11:25:00,online
16806,181,128,215.14,2026-05-31 11:37:00,online
16807,180,105,122.55,2026-05-31 12:01:00,presencial
16808,378,62,37.32,2026-05-31 12:02:00,presencial
16809,452,118,3.61,2026-05-31 12:03:00,online
16810,234,159,12.49,2026-05-31 12:22:00,presencial
16811,88,20,89.68,2026-05-31 12:27:00,presencial
16812,473,31,31.41,2026-05-31 12:34:00,presencial
16813,105,33,39.6,2026-05-31 12:34:00,presencial
16814,2,188,87.79,2026-05-31 13:11:00,presencial
16815,194,116,155.24,2026-05-31 13:16:00,presencial
16816,491,69,18.98,2026-05-31 13:29:00,online
16817,455,40,85.7,2026-05-31 13:42:00,online
16818,184,138,263.12,2026-05-31 14:10:00,online
16819,312,105,215.03,2026-05-31 14:11:00,presencial
16820,576,126,24.93,2026-05-31 14:17:00,presencial
16821,432,144,61.83,2026-05-31 14:27:00,presencial
16822,456,20,102.09,2026-05-31 14:43:00,online
16823,53,136,45.7,2026-05-31 15:06:00,online
16824,145,145,33.98,2026-05-31 15:26:00,presencial
16825,63,56,6.66,2026-05-31 15:37:00,presencial
16826,588,63,17.26,2026-05-31 16:19:00,online
16827,206,119,20.8,2026-05-31 16:32:00,presencial
16828,300,77,11.16,2026-05-31 16:32:00,online
16829,331,187,50.42,2026-05-31 16:35:00,presencial
16830,314,20,115.96,2026-05-31 16:41:00,online
16831,32,34,28.19,2026-05-31 16:42:00,online
16832,546,163,3.96,2026-05-31 16:44:00,online
16833,229,137,39.24,2026-05-31 16:44:00,online
16834,552,173,60.42,2026-05-31 17:09:00,online
16835,460,5,56.09,2026-05-31 17:29:00,online
16836,419,27,20.22,2026-05-31 17:53:00,online
16837,422,168,11.88,2026-05-31 18:16:00,presencial
16838,588,163,118.52,2026-05-31 18:30:00,presencial
16839,183,166,65.82,2026-05-31 18:46:00,presencial
16840,198,180,21.13,2026-05-31 18:56:00,presencial
16841,403,47,8.57,2026-05-31 19:02:00,online
16842,140,20,57.1,2026-05-31 19:18:00,online
16843,483,60,16.65,2026-05-31 19:30:00,online
16844,18,200,68.1,2026-05-31 19:34:00,online
16845,539,104,53.18,2026-05-31 20:04:00,online
16846,208,1,439.04,2026-05-31 20:07:00,online
16847,3,149,41.03,2026-05-31 20:16:00,presencial
16848,362,169,403.77,2026-05-31 20:16:00,online
16849,166,25,48.92,2026-05-31 20:41:00,online
16850,184,112,21.46,2026-05-31 20:44:00,online
16851,289,149,14.0,2026-05-31 20:52:00,presencial
16852,348,192,17.03,2026-05-31 20:55:00,online
16853,82,122,71.66,2026-05-31 21:16:00,presencial
16854,30,68,51.53,2026-05-31 21:17:00,presencial
16855,277,183,5.92,2026-05-31 21:30:00,presencial
16856,213,73,137.3,2026-05-31 21:30:00,presencial
16857,350,127,226.92,2026-05-31 21:33:00,presencial
16858,449,169,5.85,2026-05-31 21:37:00,online
16859,369,107,136.08,2026-05-31 21:44:00,online
16860,63,143,284.69,2026-05-31 22:12:00,presencial
16861,598,169,6.2,2026-05-31 22:52:00,online
16862,429,121,26.74,2026-05-31 22:54:00,online
16863,30,85,17.56,2026-05-31 23:06:00,online
16864,458,129,130.49,2026-05-31 23:58:00,online
16865,529,81,28.33,2026-06-01 00:01:00,online
16866,342,137,27.11,2026-06-01 00:20:00,presencial
16867,500,17,71.05,2026-06-01 00:36:00,presencial
16868,532,10,248.53,2026-06-01 01:13:00,presencial
16869,579,95,41.77,2026-06-01 01:13:00,presencial
16870,573,24,26.63,2026-06-01 01:23:00,presencial
16871,117,147,32.69,2026-06-01 01:46:00,presencial
16872,21,37,92.2,2026-06-01 01:47:00,online
16873,392,100,10.33,2026-06-01 02:11:00,presencial
16874,408,36,43.9,2026-06-01 02:22:00,online
16875,342,185,15.93,2026-06-01 02:23:00,presencial
16876,143,169,11.9,2026-06-01 02:30:00,presencial
16877,570,1,5.26,2026-06-01 03:07:00,online
16878,245,79,25.37,2026-06-01 03:20:00,presencial
16879,445,189,146.44,2026-06-01 03:26:00,online
16880,374,98,5.04,2026-06-01 03:46:00,presencial
16881,538,169,81.21,2026-06-01 03:52:00,presencial
16882,428,18,21.9,2026-06-01 03:57:00,presencial
16883,381,86,13.88,2026-06-01 04:05:00,presencial
16884,505,175,65.25,2026-06-01 04:13:00,presencial
16885,33,39,188.98,2026-06-01 04:15:00,online
16886,424,3,232.24,2026-06-01 04:20:00,presencial
16887,352,147,61.07,2026-06-01 04:30:00,online
16888,467,17,41.38,2026-06-01 04:30:00,online
16889,135,61,68.77,2026-06-01 04:31:00,presencial
16890,360,163,681.75,2026-06-01 05:02:00,presencial
16891,171,179,32.4,2026-06-01 05:09:00,presencial
16892,71,27,155.78,2026-06-01 05:21:00,presencial
16893,346,100,23.3,2026-06-01 05:25:00,presencial
16894,13,159,17.93,2026-06-01 05:38:00,presencial
16895,56,79,312.87,2026-06-01 05:50:00,presencial
16896,318,71,44.83,2026-06-01 05:53:00,online
16897,540,109,57.23,2026-06-01 05:56:00,online
16898,430,156,81.58,2026-06-01 06:16:00,presencial
16899,10,9,16.74,2026-06-01 06:46:00,online
16900,66,11,27.6,2026-06-01 06:50:00,presencial
16901,259,22,22.06,2026-06-01 07:11:00,presencial
16902,258,69,64.42,2026-06-01 07:17:00,presencial
16903,24,56,66.91,2026-06-01 07:48:00,online
16904,154,97,23.09,2026-06-01 08:09:00,online
16905,77,61,415.94,2026-06-01 08:37:00,presencial
16906,341,126,43.38,2026-06-01 08:52:00,presencial
16907,395,65,50.05,2026-06-01 08:59:00,presencial
16908,235,168,195.95,2026-06-01 08:59:00,presencial
16909,343,62,17.07,2026-06-01 09:03:00,presencial
16910,121,49,25.2,2026-06-01 09:22:00,presencial
16911,511,173,61.19,2026-06-01 09:38:00,online
16912,3,132,8.82,2026-06-01 09:44:00,presencial
16913,303,10,34.43,2026-06-01 09:50:00,online
16914,193,31,426.65,2026-06-01 10:06:00,online
16915,271,10,334.25,2026-06-01 10:59:00,online
16916,310,160,119.93,2026-06-01 11:39:00,presencial
16917,388,126,164.19,2026-06-01 11:46:00,online
16918,558,187,76.92,2026-06-01 12:13:00,online
16919,337,66,27.81,2026-06-01 12:20:00,online
16920,137,10,272.58,2026-06-01 12:38:00,presencial
16921,315,92,15.74,2026-06-01 12:45:00,presencial
16922,308,16,129.71,2026-06-01 13:31:00,presencial
16923,519,29,25.53,2026-06-01 13:33:00,presencial
16924,340,158,27.28,2026-06-01 13:44:00,online
16925,521,76,80.84,2026-06-01 14:06:00,online
16926,390,177,418.79,2026-06-01 14:09:00,presencial
16927,344,103,215.19,2026-06-01 14:29:00,presencial
16928,198,130,64.89,2026-06-01 14:47:00,presencial
16929,154,167,47.9,2026-06-01 14:57:00,presencial
16930,60,93,105.6,2026-06-01 15:08:00,presencial
16931,329,64,200.67,2026-06-01 15:24:00,online
16932,553,154,6.45,2026-06-01 16:08:00,presencial
16933,8,167,38.87,2026-06-01 16:11:00,online
16934,572,60,14.05,2026-06-01 16:14:00,presencial
16935,516,165,35.14,2026-06-01 16:16:00,online
16936,263,199,11.2,2026-06-01 16:18:00,online
16937,189,39,6.13,2026-06-01 16:25:00,presencial
16938,349,170,10.47,2026-06-01 16:25:00,online
16939,514,18,24.32,2026-06-01 16:32:00,online
16940,18,178,85.22,2026-06-01 16:36:00,presencial
16941,270,179,18.26,2026-06-01 16:43:00,presencial
16942,29,171,17.25,2026-06-01 16:46:00,presencial
16943,387,70,69.08,2026-06-01 16:55:00,presencial
16944,47,187,61.28,2026-06-01 16:59:00,presencial
16945,190,111,290.73,2026-06-01 17:02:00,online
16946,444,13,124.98,2026-06-01 17:06:00,presencial
16947,452,170,14.46,2026-06-01 17:10:00,online
16948,137,182,21.38,2026-06-01 17:19:00,online
16949,308,61,101.61,2026-06-01 17:27:00,presencial
16950,111,50,16.86,2026-06-01 18:00:00,online
16951,355,114,31.29,2026-06-01 18:40:00,online
16952,6,72,6.81,2026-06-01 18:51:00,presencial
16953,489,128,10.62,2026-06-01 19:01:00,presencial
16954,14,75,178.63,2026-06-01 19:02:00,presencial
16955,366,44,53.73,2026-06-01 19:09:00,online
16956,244,47,22.38,2026-06-01 19:37:00,online
16957,135,132,26.12,2026-06-01 20:05:00,presencial
16958,326,88,294.96,2026-06-01 20:21:00,presencial
16959,86,4,21.7,2026-06-01 20:26:00,presencial
16960,348,102,75.24,2026-06-01 20:43:00,presencial
16961,387,158,116.58,2026-06-01 21:07:00,presencial
16962,275,30,219.09,2026-06-01 21:14:00,online
16963,217,49,17.53,2026-06-01 21:30:00,online
16964,276,72,9.59,2026-06-01 21:46:00,online
16965,574,186,13.28,2026-06-01 22:11:00,presencial
16966,452,70,99.9,2026-06-01 22:15:00,presencial
16967,4,168,399.85,2026-06-01 22:52:00,presencial
16968,174,135,103.79,2026-06-01 23:08:00,online
16969,15,199,21.64,2026-06-01 23:15:00,online
16970,143,117,165.11,2026-06-01 23:19:00,online
16971,468,64,26.68,2026-06-01 23:21:00,presencial
16972,513,144,17.91,2026-06-01 23:21:00,presencial
16973,275,19,31.04,2026-06-01 23:29:00,presencial
16974,414,157,23.59,2026-06-01 23:50:00,presencial
16975,223,47,20.65,2026-06-01 23:51:00,online
16976,287,134,171.39,2026-06-02 00:25:00,presencial
16977,498,117,25.35,2026-06-02 00:28:00,online
16978,166,49,7.8,2026-06-02 00:39:00,presencial
16979,192,97,85.15,2026-06-02 01:14:00,presencial
16980,82,101,15.64,2026-06-02 01:23:00,online
16981,131,154,16.21,2026-06-02 01:27:00,online
16982,23,94,96.68,2026-06-02 01:45:00,online
16983,490,12,20.13,2026-06-02 01:56:00,presencial
16984,512,15,27.16,2026-06-02 02:32:00,presencial
16985,253,133,46.82,2026-06-02 02:55:00,presencial
16986,357,179,32.62,2026-06-02 03:12:00,online
16987,150,88,27.88,2026-06-02 03:26:00,presencial
16988,28,19,3.4,2026-06-02 04:08:00,online
16989,310,35,36.96,2026-06-02 04:16:00,presencial
16990,96,196,263.7,2026-06-02 04:22:00,presencial
16991,509,141,89.35,2026-06-02 04:26:00,presencial
16992,168,7,29.58,2026-06-02 04:26:00,online
16993,443,52,74.98,2026-06-02 04:38:00,presencial
16994,158,146,89.13,2026-06-02 04:45:00,presencial
16995,76,127,17.7,2026-06-02 05:07:00,presencial
16996,330,58,178.2,2026-06-02 05:25:00,presencial
16997,110,140,53.48,2026-06-02 05:47:00,presencial
16998,240,181,31.7,2026-06-02 05:50:00,online
16999,176,181,257.1,2026-06-02 06:04:00,online
17000,530,165,4.59,2026-06-02 06:29:00,online
17001,302,71,12.26,2026-06-02 06:34:00,presencial
17002,432,6,90.54,2026-06-02 06:41:00,presencial
17003,354,79,93.83,2026-06-02 06:45:00,presencial
17004,547,5,273.55,2026-06-02 06:56:00,presencial
17005,264,115,3.74,2026-06-02 07:05:00,presencial
17006,518,121,114.96,2026-06-02 07:23:00,presencial
17007,539,69,11.36,2026-06-02 07:27:00,presencial
17008,553,30,70.87,2026-06-02 07:30:00,online
17009,418,105,41.62,2026-06-02 07:34:00,presencial
17010,589,3,113.85,2026-06-02 07:42:00,presencial
17011,448,56,34.5,2026-06-02 07:43:00,presencial
17012,188,194,135.93,2026-06-02 07:50:00,presencial
17013,95,183,17.98,2026-06-02 08:12:00,online
17014,126,127,40.87,2026-06-02 08:47:00,online
17015,345,75,55.26,2026-06-02 08:51:00,presencial
17016,100,3,282.7,2026-06-02 09:03:00,presencial
17017,143,131,111.75,2026-06-02 09:18:00,presencial
17018,377,99,55.97,2026-06-02 09:22:00,online
17019,200,143,90.36,2026-06-02 09:37:00,presencial
17020,409,32,147.64,2026-06-02 09:43:00,online
17021,599,167,67.49,2026-06-02 10:19:00,presencial
17022,53,162,14.47,2026-06-02 10:29:00,presencial
17023,385,86,89.23,2026-06-02 10:32:00,online
17024,493,6,43.33,2026-06-02 10:38:00,online
17025,85,94,30.32,2026-06-02 10:44:00,presencial
17026,470,75,18.84,2026-06-02 11:01:00,presencial
17027,305,153,84.54,2026-06-02 11:31:00,online
17028,378,48,78.51,2026-06-02 11:50:00,online
17029,31,4,15.63,2026-06-02 12:23:00,online
17030,262,197,13.24,2026-06-02 12:33:00,presencial
17031,221,49,358.09,2026-06-02 12:43:00,presencial
17032,93,16,115.2,2026-06-02 12:45:00,online
17033,458,172,49.18,2026-06-02 13:03:00,presencial
17034,304,144,87.08,2026-06-02 13:43:00,presencial
17035,527,54,26.72,2026-06-02 13:55:00,presencial
17036,96,96,36.98,2026-06-02 13:58:00,presencial
17037,439,138,45.77,2026-06-02 14:16:00,online
17038,363,164,129.12,2026-06-02 14:26:00,online
17039,391,75,9.44,2026-06-02 14:39:00,presencial
17040,186,43,14.55,2026-06-02 14:40:00,online
17041,415,3,11.62,2026-06-02 14:50:00,presencial
17042,149,172,114.25,2026-06-02 14:57:00,online
17043,458,163,40.0,2026-06-02 15:19:00,online
17044,265,191,16.31,2026-06-02 16:06:00,presencial
17045,288,150,35.03,2026-06-02 16:11:00,online
17046,349,43,22.31,2026-06-02 16:18:00,presencial
17047,51,49,9.23,2026-06-02 16:30:00,online
17048,221,49,178.82,2026-06-02 16:33:00,online
17049,122,92,37.93,2026-06-02 16:57:00,presencial
17050,579,193,183.42,2026-06-02 17:00:00,presencial
17051,254,139,9.08,2026-06-02 17:02:00,presencial
17052,4,87,77.84,2026-06-02 17:09:00,presencial
17053,16,148,9.15,2026-06-02 17:10:00,online
17054,548,168,658.47,2026-06-02 17:19:00,online
17055,95,81,6.67,2026-06-02 17:54:00,presencial
17056,1,169,322.34,2026-06-02 18:01:00,presencial
17057,128,4,43.74,2026-06-02 18:14:00,presencial
17058,131,63,36.56,2026-06-02 18:31:00,online
17059,48,34,85.48,2026-06-02 18:41:00,presencial
17060,598,36,15.93,2026-06-02 18:41:00,presencial
17061,36,41,106.02,2026-06-02 18:42:00,online
17062,437,74,114.91,2026-06-02 18:46:00,online
17063,503,145,45.29,2026-06-02 19:30:00,online
17064,387,119,58.85,2026-06-02 19:35:00,presencial
17065,80,89,373.38,2026-06-02 19:40:00,presencial
17066,436,100,91.5,2026-06-02 19:48:00,presencial
17067,198,37,18.91,2026-06-02 19:57:00,presencial
17068,245,148,102.06,2026-06-02 20:02:00,online
17069,151,152,24.74,2026-06-02 20:20:00,online
17070,471,110,19.99,2026-06-02 20:41:00,online
17071,348,163,78.56,2026-06-02 20:52:00,presencial
17072,93,162,14.73,2026-06-02 20:53:00,presencial
17073,245,161,47.04,2026-06-02 21:09:00,online
17074,477,21,93.8,2026-06-02 21:21:00,presencial
17075,563,18,365.29,2026-06-02 21:22:00,presencial
17076,564,88,90.21,2026-06-02 21:40:00,online
17077,81,12,8.87,2026-06-02 22:04:00,presencial
17078,515,4,10.54,2026-06-02 22:12:00,presencial
17079,340,27,298.56,2026-06-02 22:31:00,online
17080,444,25,22.25,2026-06-02 22:47:00,presencial
17081,232,66,8.43,2026-06-02 22:50:00,online
17082,391,67,14.8,2026-06-02 22:58:00,presencial
17083,155,164,107.08,2026-06-02 23:05:00,presencial
17084,313,181,50.61,2026-06-02 23:11:00,online
17085,136,35,91.11,2026-06-02 23:23:00,presencial
17086,238,77,43.11,2026-06-02 23:26:00,presencial
17087,245,102,13.29,2026-06-03 00:14:00,presencial
17088,520,55,6.26,2026-06-03 00:43:00,presencial
17089,377,67,17.85,2026-06-03 00:47:00,presencial
17090,389,135,51.11,2026-06-03 01:04:00,presencial
17091,171,86,12.16,2026-06-03 01:07:00,online
17092,261,141,131.79,2026-06-03 01:08:00,presencial
17093,284,15,14.88,2026-06-03 01:13:00,presencial
17094,471,97,7.26,2026-06-03 01:15:00,online
17095,112,63,44.73,2026-06-03 01:33:00,presencial
17096,33,58,103.21,2026-06-03 01:51:00,presencial
17097,304,94,230.86,2026-06-03 02:04:00,presencial
17098,488,61,7.59,2026-06-03 02:09:00,online
17099,441,152,214.02,2026-06-03 02:15:00,presencial
17100,487,38,54.81,2026-06-03 02:20:00,presencial
17101,237,179,22.58,2026-06-03 02:21:00,online
17102,138,73,94.53,2026-06-03 02:25:00,online
17103,396,106,198.53,2026-06-03 02:31:00,online
17104,23,34,7.05,2026-06-03 02:45:00,online
17105,538,184,27.83,2026-06-03 02:59:00,online
17106,429,129,24.55,2026-06-03 03:04:00,presencial
17107,303,154,89.0,2026-06-03 03:10:00,online
17108,120,179,222.75,2026-06-03 03:12:00,online
17109,151,200,48.46,2026-06-03 03:35:00,presencial
17110,598,51,32.41,2026-06-03 03:51:00,online
17111,9,66,72.96,2026-06-03 04:18:00,presencial
17112,6,49,34.54,2026-06-03 04:28:00,online
17113,209,101,4.11,2026-06-03 05:03:00,online
17114,138,180,78.94,2026-06-03 05:16:00,presencial
17115,407,148,132.19,2026-06-03 05:26:00,presencial
17116,26,114,145.63,2026-06-03 05:45:00,online
17117,472,95,12.53,2026-06-03 06:15:00,online
17118,470,146,87.17,2026-06-03 06:15:00,online
17119,138,94,241.3,2026-06-03 06:24:00,presencial
17120,348,178,723.19,2026-06-03 06:26:00,online
17121,404,112,75.7,2026-06-03 06:31:00,online
17122,510,133,131.93,2026-06-03 07:05:00,online
17123,440,136,15.0,2026-06-03 07:07:00,presencial
17124,578,149,12.99,2026-06-03 07:08:00,presencial
17125,70,96,132.43,2026-06-03 07:26:00,online
17126,367,78,4.76,2026-06-03 07:38:00,online
17127,464,83,53.03,2026-06-03 07:44:00,presencial
17128,140,188,215.65,2026-06-03 08:00:00,presencial
17129,132,22,97.89,2026-06-03 08:04:00,online
17130,56,141,97.19,2026-06-03 08:21:00,presencial
17131,592,193,42.33,2026-06-03 08:21:00,presencial
17132,520,15,28.48,2026-06-03 08:29:00,presencial
17133,73,124,478.31,2026-06-03 08:37:00,online
17134,148,120,173.64,2026-06-03 08:51:00,presencial
17135,275,67,113.4,2026-06-03 09:09:00,online
17136,537,19,46.09,2026-06-03 09:09:00,presencial
17137,496,136,23.51,2026-06-03 09:16:00,online
17138,527,105,146.58,2026-06-03 09:24:00,online
17139,497,151,31.89,2026-06-03 10:05:00,online
17140,377,18,48.74,2026-06-03 10:10:00,online
17141,175,187,87.99,2026-06-03 10:17:00,online
17142,363,126,56.28,2026-06-03 10:26:00,presencial
17143,297,89,245.92,2026-06-03 11:19:00,presencial
17144,571,92,10.47,2026-06-03 11:20:00,presencial
17145,270,191,48.14,2026-06-03 11:35:00,online
17146,454,111,469.6,2026-06-03 12:29:00,online
17147,105,117,119.91,2026-06-03 12:47:00,presencial
17148,410,130,35.99,2026-06-03 12:59:00,presencial
17149,273,63,107.63,2026-06-03 13:33:00,online
17150,262,51,42.41,2026-06-03 13:55:00,presencial
17151,453,151,224.31,2026-06-03 13:56:00,presencial
17152,291,64,110.32,2026-06-03 14:44:00,presencial
17153,36,7,17.23,2026-06-03 15:31:00,online
17154,234,97,58.1,2026-06-03 15:40:00,presencial
17155,578,3,70.84,2026-06-03 15:41:00,presencial
17156,568,114,74.81,2026-06-03 15:46:00,presencial
17157,369,129,63.47,2026-06-03 16:00:00,online
17158,383,185,83.2,2026-06-03 16:09:00,online
17159,158,122,70.88,2026-06-03 16:44:00,online
17160,469,71,20.22,2026-06-03 16:48:00,online
17161,360,129,27.06,2026-06-03 17:12:00,online
17162,23,119,33.8,2026-06-03 17:31:00,presencial
17163,570,149,49.65,2026-06-03 17:31:00,presencial
17164,512,185,33.92,2026-06-03 17:38:00,online
17165,49,20,150.38,2026-06-03 17:39:00,presencial
17166,251,144,15.55,2026-06-03 17:42:00,online
17167,446,161,6.63,2026-06-03 17:49:00,presencial
17168,443,66,388.98,2026-06-03 17:54:00,presencial
17169,101,81,18.19,2026-06-03 18:03:00,presencial
17170,25,83,149.97,2026-06-03 18:09:00,online
17171,591,75,87.31,2026-06-03 18:15:00,online
17172,537,176,18.91,2026-06-03 18:19:00,online
17173,444,66,38.62,2026-06-03 18:30:00,online
17174,396,88,32.78,2026-06-03 18:31:00,presencial
17175,412,117,66.16,2026-06-03 18:42:00,online
17176,275,51,19.22,2026-06-03 18:53:00,presencial
17177,411,140,36.81,2026-06-03 18:58:00,online
17178,183,105,42.91,2026-06-03 19:04:00,online
17179,51,35,150.21,2026-06-03 19:09:00,presencial
17180,187,38,28.44,2026-06-03 19:23:00,presencial
17181,177,6,15.28,2026-06-03 19:33:00,online
17182,183,117,24.55,2026-06-03 20:13:00,presencial
17183,283,161,66.94,2026-06-03 20:42:00,presencial
17184,79,199,6.37,2026-06-03 21:04:00,online
17185,245,132,166.84,2026-06-03 21:21:00,online
17186,279,194,45.68,2026-06-03 21:42:00,presencial
17187,113,198,71.99,2026-06-03 21:45:00,presencial
17188,273,123,56.89,2026-06-03 21:54:00,online
17189,405,76,21.45,2026-06-03 22:04:00,presencial
17190,248,178,13.59,2026-06-03 22:18:00,online
17191,2,127,20.69,2026-06-03 22:56:00,presencial
17192,422,164,8.53,2026-06-03 23:23:00,presencial
17193,348,46,65.57,2026-06-03 23:28:00,online
17194,252,191,37.37,2026-06-03 23:39:00,online
17195,14,86,8.27,2026-06-04 00:12:00,online
17196,54,175,22.69,2026-06-04 00:17:00,online
17197,48,76,91.59,2026-06-04 00:22:00,presencial
17198,512,180,185.36,2026-06-04 00:23:00,presencial
17199,186,135,10.89,2026-06-04 01:03:00,online
17200,256,46,481.8,2026-06-04 01:05:00,presencial
17201,418,30,15.56,2026-06-04 01:45:00,presencial
17202,394,32,6.85,2026-06-04 01:47:00,online
17203,39,75,308.96,2026-06-04 02:03:00,online
17204,558,9,14.23,2026-06-04 02:30:00,online
17205,160,110,238.94,2026-06-04 02:36:00,presencial
17206,461,132,21.51,2026-06-04 02:42:00,online
17207,500,149,32.38,2026-06-04 02:45:00,online
17208,324,187,10.64,2026-06-04 02:54:00,presencial
17209,98,161,182.21,2026-06-04 03:19:00,presencial
17210,328,199,156.66,2026-06-04 03:25:00,presencial
17211,147,121,21.62,2026-06-04 03:41:00,online
17212,510,171,41.17,2026-06-04 03:47:00,online
17213,453,155,92.6,2026-06-04 04:03:00,presencial
17214,495,167,26.61,2026-06-04 04:10:00,online
17215,498,83,200.47,2026-06-04 04:24:00,online
17216,108,104,39.79,2026-06-04 04:27:00,presencial
17217,19,183,25.24,2026-06-04 04:28:00,online
17218,376,91,7.84,2026-06-04 04:34:00,presencial
17219,369,122,10.77,2026-06-04 04:34:00,presencial
17220,520,129,85.4,2026-06-04 04:42:00,online
17221,383,37,57.92,2026-06-04 04:43:00,presencial
17222,482,5,109.65,2026-06-04 05:04:00,online
17223,210,140,24.07,2026-06-04 05:06:00,presencial
17224,75,159,7.35,2026-06-04 05:13:00,presencial
17225,23,117,25.9,2026-06-04 05:28:00,presencial
17226,262,132,420.61,2026-06-04 05:32:00,online
17227,2,14,15.47,2026-06-04 05:35:00,presencial
17228,311,35,42.95,2026-06-04 05:38:00,presencial
17229,241,148,3.14,2026-06-04 05:42:00,presencial
17230,155,128,25.23,2026-06-04 05:46:00,online
17231,355,40,28.35,2026-06-04 06:17:00,presencial
17232,408,120,64.39,2026-06-04 06:18:00,online
17233,24,8,31.51,2026-06-04 06:55:00,online
17234,286,158,8.41,2026-06-04 07:12:00,presencial
17235,564,6,21.54,2026-06-04 07:16:00,presencial
17236,179,168,35.72,2026-06-04 07:22:00,presencial
17237,469,45,14.94,2026-06-04 07:26:00,presencial
17238,203,51,17.53,2026-06-04 07:27:00,presencial
17239,163,186,135.06,2026-06-04 07:42:00,presencial
17240,515,163,22.48,2026-06-04 08:07:00,online
17241,214,68,72.53,2026-06-04 08:19:00,presencial
17242,520,37,36.79,2026-06-04 09:03:00,presencial
17243,393,22,11.55,2026-06-04 09:14:00,presencial
17244,488,79,30.99,2026-06-04 09:55:00,presencial
17245,489,117,61.56,2026-06-04 10:09:00,presencial
17246,549,99,302.01,2026-06-04 10:57:00,presencial
17247,333,180,19.12,2026-06-04 11:41:00,online
17248,572,161,40.7,2026-06-04 12:02:00,presencial
17249,36,53,121.51,2026-06-04 12:26:00,presencial
17250,296,181,178.86,2026-06-04 12:34:00,online
17251,238,93,21.89,2026-06-04 13:09:00,online
17252,59,4,37.66,2026-06-04 13:20:00,presencial
17253,524,171,152.01,2026-06-04 13:28:00,online
17254,481,148,78.46,2026-06-04 13:48:00,online
17255,450,72,139.32,2026-06-04 14:44:00,presencial
17256,381,176,162.16,2026-06-04 14:44:00,presencial
17257,362,182,82.2,2026-06-04 14:44:00,presencial
17258,229,191,52.35,2026-06-04 14:48:00,presencial
17259,411,183,21.37,2026-06-04 14:50:00,presencial
17260,586,54,34.17,2026-06-04 15:39:00,presencial
17261,151,112,36.76,2026-06-04 15:42:00,presencial
17262,204,35,167.15,2026-06-04 17:01:00,online
17263,66,137,54.27,2026-06-04 17:07:00,presencial
17264,545,100,54.84,2026-06-04 17:10:00,presencial
17265,319,176,14.98,2026-06-04 17:18:00,presencial
17266,356,181,168.16,2026-06-04 17:34:00,online
17267,160,64,19.22,2026-06-04 17:49:00,presencial
17268,22,64,32.68,2026-06-04 17:56:00,presencial
17269,483,7,188.74,2026-06-04 18:33:00,online
17270,517,102,118.54,2026-06-04 18:47:00,presencial
17271,205,77,17.55,2026-06-04 19:04:00,presencial
17272,458,200,13.64,2026-06-04 19:13:00,presencial
17273,344,164,35.73,2026-06-04 19:18:00,online
17274,386,92,23.71,2026-06-04 19:40:00,presencial
17275,104,114,8.9,2026-06-04 19:56:00,online
17276,369,126,19.52,2026-06-04 19:57:00,online
17277,97,181,2.18,2026-06-04 19:58:00,online
17278,132,200,120.83,2026-06-04 20:00:00,online
17279,215,84,112.75,2026-06-04 20:04:00,presencial
17280,129,74,210.75,2026-06-04 20:25:00,presencial
17281,546,143,65.93,2026-06-04 20:29:00,online
17282,18,55,27.3,2026-06-04 20:41:00,presencial
17283,543,29,137.79,2026-06-04 20:44:00,online
17284,93,57,20.66,2026-06-04 21:03:00,presencial
17285,523,64,10.39,2026-06-04 21:10:00,presencial
17286,202,124,38.02,2026-06-04 21:15:00,presencial
17287,553,148,70.26,2026-06-04 21:24:00,online
17288,325,33,18.3,2026-06-04 21:38:00,presencial
17289,294,9,14.12,2026-06-04 21:39:00,presencial
17290,79,33,28.26,2026-06-04 21:54:00,online
17291,261,183,70.32,2026-06-04 21:55:00,presencial
17292,335,53,38.09,2026-06-04 22:05:00,presencial
17293,591,106,812.53,2026-06-04 22:22:00,presencial
17294,158,109,38.49,2026-06-04 22:29:00,presencial
17295,50,56,102.08,2026-06-04 22:30:00,online
17296,153,169,9.08,2026-06-04 22:39:00,presencial
17297,146,14,85.25,2026-06-04 23:01:00,presencial
17298,569,106,26.88,2026-06-04 23:03:00,presencial
17299,91,83,44.25,2026-06-04 23:56:00,online
17300,596,157,285.85,2026-06-04 23:58:00,online
17301,68,40,29.68,2026-06-05 00:18:00,presencial
17302,487,192,10.6,2026-06-05 00:22:00,presencial
17303,249,159,12.59,2026-06-05 00:29:00,online
17304,33,149,54.06,2026-06-05 00:30:00,online
17305,369,99,50.93,2026-06-05 00:32:00,presencial
17306,438,129,48.66,2026-06-05 00:33:00,presencial
17307,504,42,10.87,2026-06-05 01:57:00,online
17308,108,2,415.29,2026-06-05 02:07:00,presencial
17309,371,150,223.85,2026-06-05 02:26:00,online
17310,342,90,51.59,2026-06-05 03:02:00,presencial
17311,266,71,8.39,2026-06-05 03:02:00,online
17312,537,54,255.42,2026-06-05 03:05:00,presencial
17313,254,125,156.1,2026-06-05 03:05:00,online
17314,229,103,50.05,2026-06-05 03:27:00,presencial
17315,316,136,167.11,2026-06-05 03:29:00,presencial
17316,558,191,25.95,2026-06-05 03:39:00,presencial
17317,521,168,15.54,2026-06-05 03:42:00,online
17318,426,65,53.15,2026-06-05 04:30:00,presencial
17319,49,49,8.1,2026-06-05 04:31:00,presencial
17320,181,33,13.18,2026-06-05 04:33:00,presencial
17321,10,114,81.31,2026-06-05 04:34:00,presencial
17322,57,166,58.21,2026-06-05 05:54:00,presencial
17323,500,51,9.78,2026-06-05 06:12:00,presencial
17324,490,199,28.51,2026-06-05 06:12:00,presencial
17325,62,86,10.26,2026-06-05 06:22:00,presencial
17326,275,157,26.12,2026-06-05 06:42:00,online
17327,168,60,23.16,2026-06-05 06:42:00,online
17328,44,28,133.15,2026-06-05 06:58:00,presencial
17329,229,103,37.62,2026-06-05 07:50:00,presencial
17330,62,111,34.21,2026-06-05 08:13:00,online
17331,442,96,29.03,2026-06-05 08:13:00,online
17332,581,82,6.73,2026-06-05 08:27:00,online
17333,254,130,40.1,2026-06-05 08:40:00,online
17334,146,127,76.03,2026-06-05 08:48:00,presencial
17335,300,31,57.67,2026-06-05 08:59:00,presencial
17336,580,134,95.76,2026-06-05 09:03:00,presencial
17337,96,67,101.03,2026-06-05 09:16:00,presencial
17338,409,162,501.65,2026-06-05 09:21:00,presencial
17339,56,100,12.92,2026-06-05 09:36:00,presencial
17340,181,49,57.87,2026-06-05 09:37:00,online
17341,264,37,65.46,2026-06-05 09:45:00,online
17342,231,193,31.44,2026-06-05 10:02:00,presencial
17343,108,144,22.29,2026-06-05 10:15:00,presencial
17344,467,43,77.37,2026-06-05 10:16:00,presencial
17345,404,101,69.62,2026-06-05 10:17:00,presencial
17346,262,25,14.04,2026-06-05 10:45:00,presencial
17347,252,167,6.19,2026-06-05 11:06:00,presencial
17348,45,166,26.03,2026-06-05 11:16:00,online
17349,397,161,21.31,2026-06-05 11:20:00,online
17350,138,93,86.75,2026-06-05 11:38:00,online
17351,181,34,16.18,2026-06-05 11:43:00,presencial
17352,517,99,36.77,2026-06-05 11:49:00,presencial
17353,386,103,6.84,2026-06-05 11:52:00,presencial
17354,418,64,8.11,2026-06-05 12:19:00,online
17355,159,76,19.17,2026-06-05 12:48:00,online
17356,301,10,33.93,2026-06-05 12:56:00,online
17357,9,105,18.14,2026-06-05 13:04:00,online
17358,148,39,52.3,2026-06-05 13:04:00,presencial
17359,481,169,6.88,2026-06-05 13:05:00,online
17360,285,153,35.29,2026-06-05 13:45:00,presencial
17361,381,121,35.74,2026-06-05 14:07:00,online
17362,474,45,9.09,2026-06-05 14:25:00,presencial
17363,563,134,57.47,2026-06-05 14:37:00,online
17364,49,199,4.11,2026-06-05 15:21:00,online
17365,349,127,21.04,2026-06-05 15:35:00,presencial
17366,597,158,106.3,2026-06-05 15:38:00,online
17367,120,181,3.87,2026-06-05 15:39:00,presencial
17368,516,170,93.51,2026-06-05 15:42:00,online
17369,349,33,12.4,2026-06-05 15:47:00,presencial
17370,191,175,23.35,2026-06-05 15:52:00,presencial
17371,470,154,210.02,2026-06-05 16:00:00,online
17372,523,144,22.43,2026-06-05 16:15:00,presencial
17373,86,46,263.79,2026-06-05 16:15:00,presencial
17374,410,94,31.95,2026-06-05 16:31:00,presencial
17375,562,181,40.73,2026-06-05 16:38:00,presencial
17376,400,184,112.9,2026-06-05 16:57:00,presencial
17377,329,24,81.33,2026-06-05 17:02:00,online
17378,84,86,52.96,2026-06-05 17:13:00,presencial
17379,271,122,26.85,2026-06-05 17:24:00,presencial
17380,544,20,8.12,2026-06-05 17:35:00,presencial
17381,480,50,8.56,2026-06-05 17:50:00,presencial
17382,271,120,189.52,2026-06-05 18:39:00,presencial
17383,186,132,289.86,2026-06-05 19:01:00,presencial
17384,482,22,51.55,2026-06-05 19:01:00,online
17385,581,85,6.35,2026-06-05 19:16:00,presencial
17386,180,132,19.12,2026-06-05 19:46:00,presencial
17387,487,199,18.1,2026-06-05 20:08:00,online
17388,185,200,24.26,2026-06-05 20:22:00,online
17389,497,63,16.89,2026-06-05 20:33:00,online
17390,579,136,79.25,2026-06-05 20:57:00,online
17391,398,111,58.68,2026-06-05 21:05:00,presencial
17392,298,43,254.19,2026-06-05 21:06:00,presencial
17393,189,102,29.13,2026-06-05 21:22:00,presencial
17394,36,28,55.71,2026-06-05 21:32:00,presencial
17395,32,25,101.01,2026-06-05 21:44:00,presencial
17396,502,72,137.53,2026-06-05 21:51:00,presencial
17397,397,53,11.49,2026-06-05 21:56:00,presencial
17398,137,30,69.78,2026-06-05 22:09:00,online
17399,332,11,52.53,2026-06-05 22:18:00,presencial
17400,528,114,62.37,2026-06-05 22:41:00,presencial
17401,389,2,47.73,2026-06-05 23:45:00,presencial
17402,550,157,294.17,2026-06-06 00:45:00,presencial
17403,71,15,16.78,2026-06-06 01:09:00,presencial
17404,44,132,15.72,2026-06-06 01:17:00,presencial
17405,400,30,18.12,2026-06-06 01:27:00,presencial
17406,350,124,32.49,2026-06-06 01:30:00,online
17407,413,29,61.72,2026-06-06 01:39:00,presencial
17408,589,88,27.07,2026-06-06 01:51:00,presencial
17409,66,132,135.23,2026-06-06 02:11:00,online
17410,559,35,44.53,2026-06-06 02:38:00,presencial
17411,37,27,40.2,2026-06-06 02:43:00,presencial
17412,316,128,10.35,2026-06-06 02:44:00,presencial
17413,500,129,331.36,2026-06-06 03:14:00,online
17414,409,84,42.43,2026-06-06 03:16:00,presencial
17415,134,25,270.65,2026-06-06 03:32:00,online
17416,363,62,22.54,2026-06-06 03:42:00,presencial
17417,542,44,111.46,2026-06-06 03:57:00,presencial
17418,122,132,24.07,2026-06-06 04:01:00,presencial
17419,563,61,330.61,2026-06-06 04:11:00,online
17420,392,76,153.37,2026-06-06 05:10:00,presencial
17421,53,53,113.81,2026-06-06 05:20:00,presencial
17422,200,34,20.14,2026-06-06 05:35:00,online
17423,518,163,364.06,2026-06-06 05:43:00,online
17424,203,97,420.64,2026-06-06 05:50:00,presencial
17425,569,115,29.44,2026-06-06 05:59:00,presencial
17426,252,58,53.4,2026-06-06 06:25:00,presencial
17427,206,18,123.9,2026-06-06 06:31:00,presencial
17428,512,147,5.11,2026-06-06 06:44:00,presencial
17429,472,145,157.66,2026-06-06 06:46:00,presencial
17430,144,10,137.83,2026-06-06 06:47:00,presencial
17431,469,178,24.06,2026-06-06 06:57:00,online
17432,151,171,4.01,2026-06-06 07:11:00,presencial
17433,538,170,64.49,2026-06-06 07:40:00,presencial
17434,5,93,12.85,2026-06-06 07:50:00,online
17435,398,139,7.79,2026-06-06 07:52:00,online
17436,94,4,67.21,2026-06-06 07:55:00,presencial
17437,407,120,190.52,2026-06-06 07:55:00,presencial
17438,588,27,35.13,2026-06-06 08:47:00,online
17439,401,182,164.62,2026-06-06 08:48:00,online
17440,261,190,92.81,2026-06-06 08:48:00,presencial
17441,494,31,9.87,2026-06-06 08:53:00,presencial
17442,118,108,24.3,2026-06-06 08:58:00,online
17443,326,119,146.52,2026-06-06 09:13:00,presencial
17444,580,154,24.08,2026-06-06 09:15:00,presencial
17445,214,98,110.06,2026-06-06 09:15:00,online
17446,17,177,28.47,2026-06-06 09:25:00,online
17447,265,70,98.83,2026-06-06 09:27:00,presencial
17448,291,65,71.67,2026-06-06 09:35:00,presencial
17449,488,146,34.02,2026-06-06 09:46:00,presencial
17450,483,110,95.81,2026-06-06 10:02:00,online
17451,205,17,4.15,2026-06-06 10:06:00,presencial
17452,464,131,13.54,2026-06-06 10:18:00,online
17453,86,56,26.84,2026-06-06 10:21:00,online
17454,114,169,162.39,2026-06-06 10:28:00,presencial
17455,363,168,9.11,2026-06-06 10:38:00,online
17456,425,85,43.03,2026-06-06 10:58:00,presencial
17457,485,171,63.38,2026-06-06 11:30:00,presencial
17458,374,191,58.69,2026-06-06 11:38:00,presencial
17459,77,146,40.11,2026-06-06 11:40:00,online
17460,406,122,22.59,2026-06-06 11:42:00,presencial
17461,258,187,34.08,2026-06-06 11:47:00,online
17462,160,175,130.61,2026-06-06 12:03:00,online
17463,204,96,20.97,2026-06-06 13:02:00,presencial
17464,487,17,4.16,2026-06-06 13:46:00,online
17465,107,121,74.65,2026-06-06 14:11:00,online
17466,336,93,231.7,2026-06-06 14:30:00,online
17467,50,74,14.06,2026-06-06 14:48:00,online
17468,436,36,199.7,2026-06-06 15:13:00,online
17469,90,144,79.26,2026-06-06 15:51:00,presencial
17470,564,183,12.53,2026-06-06 16:01:00,presencial
17471,530,120,20.61,2026-06-06 16:04:00,presencial
17472,514,47,19.64,2026-06-06 16:47:00,online
17473,210,1,53.84,2026-06-06 17:34:00,online
17474,470,143,36.62,2026-06-06 17:41:00,presencial
17475,81,32,150.83,2026-06-06 17:41:00,presencial
17476,174,13,113.78,2026-06-06 18:51:00,presencial
17477,80,40,8.17,2026-06-06 19:05:00,presencial
17478,33,41,9.39,2026-06-06 19:15:00,online
17479,221,68,87.86,2026-06-06 19:25:00,presencial
17480,345,64,25.36,2026-06-06 19:41:00,presencial
17481,518,40,36.88,2026-06-06 19:45:00,presencial
17482,21,157,81.55,2026-06-06 19:45:00,online
17483,245,166,114.93,2026-06-06 19:59:00,presencial
17484,429,51,11.51,2026-06-06 20:02:00,online
17485,121,74,3.88,2026-06-06 20:14:00,presencial
17486,443,164,39.47,2026-06-06 20:22:00,presencial
17487,343,191,17.46,2026-06-06 20:29:00,presencial
17488,338,158,48.08,2026-06-06 20:44:00,presencial
17489,75,111,40.55,2026-06-06 20:55:00,presencial
17490,101,199,15.29,2026-06-06 20:56:00,online
17491,527,146,443.88,2026-06-06 20:59:00,online
17492,526,136,45.55,2026-06-06 21:46:00,online
17493,272,6,23.78,2026-06-06 21:47:00,presencial
17494,358,128,49.98,2026-06-06 22:22:00,presencial
17495,326,58,80.07,2026-06-06 22:50:00,presencial
17496,309,121,22.29,2026-06-06 22:53:00,online
17497,428,115,573.8,2026-06-06 22:59:00,online
17498,341,22,8.37,2026-06-06 23:29:00,presencial
17499,76,93,9.04,2026-06-06 23:33:00,presencial
17500,50,103,7.7,2026-06-06 23:45:00,online
17501,511,10,44.89,2026-06-07 00:24:00,presencial
17502,445,171,75.21,2026-06-07 00:30:00,presencial
17503,120,188,31.08,2026-06-07 00:45:00,presencial
17504,37,5,74.96,2026-06-07 01:08:00,online
17505,132,25,73.86,2026-06-07 01:10:00,presencial
17506,348,26,30.06,2026-06-07 01:20:00,presencial
17507,351,89,71.53,2026-06-07 01:21:00,online
17508,102,121,36.01,2026-06-07 01:30:00,online
17509,106,49,28.5,2026-06-07 01:50:00,presencial
17510,125,170,25.83,2026-06-07 02:16:00,online
17511,266,63,57.76,2026-06-07 02:31:00,presencial
17512,140,62,170.64,2026-06-07 02:37:00,online
17513,274,118,11.88,2026-06-07 02:42:00,online
17514,9,175,26.36,2026-06-07 02:45:00,presencial
17515,562,50,53.46,2026-06-07 02:58:00,presencial
17516,536,68,308.75,2026-06-07 02:58:00,presencial
17517,204,68,71.87,2026-06-07 03:13:00,online
17518,483,94,18.28,2026-06-07 03:18:00,presencial
17519,322,86,16.18,2026-06-07 03:29:00,presencial
17520,19,191,132.11,2026-06-07 03:31:00,online
17521,171,30,31.66,2026-06-07 03:34:00,online
17522,35,84,11.54,2026-06-07 04:01:00,presencial
17523,425,51,136.34,2026-06-07 04:22:00,presencial
17524,470,120,62.74,2026-06-07 04:23:00,presencial
17525,371,157,12.02,2026-06-07 04:34:00,presencial
17526,5,188,10.23,2026-06-07 04:58:00,online
17527,142,88,4.12,2026-06-07 05:42:00,presencial
17528,282,53,22.54,2026-06-07 06:05:00,online
17529,87,193,62.49,2026-06-07 06:07:00,presencial
17530,65,19,128.59,2026-06-07 06:12:00,online
17531,183,27,71.34,2026-06-07 06:19:00,online
17532,355,192,10.64,2026-06-07 06:33:00,online
17533,54,178,32.72,2026-06-07 07:00:00,presencial
17534,600,112,215.36,2026-06-07 07:11:00,online
17535,276,66,25.45,2026-06-07 07:12:00,presencial
17536,104,194,104.14,2026-06-07 07:38:00,presencial
17537,13,192,90.91,2026-06-07 08:53:00,presencial
17538,575,174,103.11,2026-06-07 09:03:00,presencial
17539,357,155,71.83,2026-06-07 09:07:00,online
17540,520,119,102.76,2026-06-07 09:28:00,presencial
17541,466,75,8.76,2026-06-07 09:31:00,presencial
17542,592,95,236.72,2026-06-07 09:48:00,online
17543,534,109,6.13,2026-06-07 09:51:00,presencial
17544,460,97,62.99,2026-06-07 10:09:00,online
17545,511,173,42.38,2026-06-07 10:10:00,online
17546,515,34,22.46,2026-06-07 10:25:00,online
17547,153,17,15.29,2026-06-07 10:54:00,online
17548,357,91,81.84,2026-06-07 10:56:00,presencial
17549,592,42,107.93,2026-06-07 11:12:00,presencial
17550,521,165,39.91,2026-06-07 11:14:00,presencial
17551,64,170,32.52,2026-06-07 11:21:00,presencial
17552,67,198,183.02,2026-06-07 11:33:00,presencial
17553,121,78,28.11,2026-06-07 11:33:00,presencial
17554,445,193,42.67,2026-06-07 11:57:00,online
17555,237,21,35.73,2026-06-07 12:06:00,presencial
17556,378,193,677.14,2026-06-07 12:07:00,online
17557,84,50,17.74,2026-06-07 12:21:00,presencial
17558,36,4,111.56,2026-06-07 12:25:00,presencial
17559,463,166,6.89,2026-06-07 12:27:00,online
17560,175,104,15.58,2026-06-07 13:02:00,presencial
17561,26,83,31.81,2026-06-07 13:16:00,online
17562,130,41,38.7,2026-06-07 13:52:00,presencial
17563,194,84,33.05,2026-06-07 13:53:00,presencial
17564,244,124,40.07,2026-06-07 14:04:00,presencial
17565,539,29,20.95,2026-06-07 14:10:00,presencial
17566,120,190,184.26,2026-06-07 14:19:00,presencial
17567,363,145,14.87,2026-06-07 14:41:00,presencial
17568,165,176,101.38,2026-06-07 14:46:00,online
17569,300,9,94.2,2026-06-07 15:08:00,online
17570,178,174,15.76,2026-06-07 15:11:00,presencial
17571,207,174,29.85,2026-06-07 15:13:00,presencial
17572,360,74,44.58,2026-06-07 15:31:00,presencial
17573,354,114,282.3,2026-06-07 15:38:00,online
17574,81,101,29.78,2026-06-07 15:39:00,presencial
17575,95,166,2406.65,2026-06-07 16:18:00,online
17576,145,57,104.03,2026-06-07 16:55:00,presencial
17577,540,184,65.23,2026-06-07 16:55:00,presencial
17578,191,111,118.23,2026-06-07 17:18:00,presencial
17579,347,1,6.75,2026-06-07 17:28:00,presencial
17580,270,61,162.24,2026-06-07 17:33:00,online
17581,213,29,10.43,2026-06-07 17:36:00,online
17582,23,162,116.35,2026-06-07 17:48:00,online
17583,265,82,23.29,2026-06-07 18:01:00,presencial
17584,600,93,18.56,2026-06-07 19:09:00,presencial
17585,565,71,314.12,2026-06-07 19:14:00,online
17586,181,141,40.06,2026-06-07 19:23:00,online
17587,320,199,8.3,2026-06-07 19:58:00,presencial
17588,173,175,130.62,2026-06-07 20:32:00,presencial
17589,553,198,11.67,2026-06-07 21:23:00,presencial
17590,333,60,199.7,2026-06-07 21:37:00,presencial
17591,553,133,43.91,2026-06-07 21:40:00,presencial
17592,513,125,11.01,2026-06-07 21:44:00,presencial
17593,197,61,110.33,2026-06-07 21:50:00,presencial
17594,275,170,79.31,2026-06-07 21:53:00,presencial
17595,342,184,4.32,2026-06-07 21:57:00,presencial
17596,150,191,41.69,2026-06-07 22:04:00,presencial
17597,499,198,62.1,2026-06-07 22:13:00,online
17598,340,33,58.24,2026-06-07 22:24:00,presencial
17599,125,30,36.48,2026-06-07 22:29:00,online
17600,290,137,101.44,2026-06-07 22:35:00,presencial
17601,493,146,83.58,2026-06-07 22:38:00,online
17602,254,88,46.26,2026-06-07 22:42:00,presencial
17603,427,33,34.47,2026-06-07 23:22:00,online
17604,591,58,52.61,2026-06-07 23:40:00,presencial
17605,202,26,23.01,2026-06-07 23:48:00,online
17606,598,32,14.52,2026-06-08 00:20:00,presencial
17607,249,38,12.99,2026-06-08 00:35:00,online
17608,338,118,40.04,2026-06-08 00:38:00,presencial
17609,464,103,17.4,2026-06-08 00:55:00,presencial
17610,41,67,37.54,2026-06-08 00:58:00,online
17611,421,109,193.08,2026-06-08 01:05:00,presencial
17612,341,134,35.6,2026-06-08 01:31:00,presencial
17613,394,20,52.04,2026-06-08 01:35:00,online
17614,572,57,34.76,2026-06-08 02:19:00,online
17615,292,41,188.13,2026-06-08 02:27:00,presencial
17616,556,1,276.88,2026-06-08 02:30:00,presencial
17617,341,24,26.67,2026-06-08 02:32:00,presencial
17618,130,154,99.54,2026-06-08 02:36:00,presencial
17619,392,176,445.97,2026-06-08 02:36:00,presencial
17620,115,33,12.47,2026-06-08 02:45:00,presencial
17621,540,154,131.41,2026-06-08 02:59:00,online
17622,92,51,6.59,2026-06-08 03:13:00,online
17623,300,28,46.18,2026-06-08 03:17:00,presencial
17624,492,48,38.32,2026-06-08 03:31:00,presencial
17625,6,184,6.84,2026-06-08 03:44:00,online
17626,295,69,148.14,2026-06-08 04:15:00,online
17627,304,149,52.58,2026-06-08 04:20:00,presencial
17628,203,98,16.12,2026-06-08 04:41:00,presencial
17629,404,88,64.16,2026-06-08 04:45:00,online
17630,195,163,120.81,2026-06-08 04:58:00,online
17631,225,199,6.39,2026-06-08 05:08:00,presencial
17632,166,131,1.4,2026-06-08 05:14:00,presencial
17633,375,170,42.68,2026-06-08 05:16:00,online
17634,530,30,19.2,2026-06-08 05:16:00,presencial
17635,107,181,194.87,2026-06-08 05:17:00,presencial
17636,246,37,29.74,2026-06-08 05:28:00,online
17637,136,39,62.83,2026-06-08 05:34:00,presencial
17638,147,170,36.39,2026-06-08 05:41:00,presencial
17639,583,97,8.16,2026-06-08 05:41:00,presencial
17640,427,50,46.23,2026-06-08 05:46:00,presencial
17641,567,6,10.39,2026-06-08 05:47:00,presencial
17642,382,44,9.85,2026-06-08 06:15:00,online
17643,400,165,13.37,2026-06-08 06:18:00,online
17644,430,1,12.14,2026-06-08 06:25:00,presencial
17645,392,185,35.46,2026-06-08 06:29:00,presencial
17646,494,155,29.04,2026-06-08 06:45:00,presencial
17647,196,41,61.1,2026-06-08 07:03:00,presencial
17648,61,148,7.91,2026-06-08 07:06:00,online
17649,294,104,33.89,2026-06-08 07:09:00,presencial
17650,2,70,26.33,2026-06-08 07:15:00,presencial
17651,29,102,55.79,2026-06-08 07:17:00,presencial
17652,31,2,58.81,2026-06-08 07:18:00,online
17653,47,177,53.09,2026-06-08 07:33:00,presencial
17654,425,158,15.04,2026-06-08 08:07:00,presencial
17655,359,36,45.93,2026-06-08 08:08:00,presencial
17656,561,20,25.42,2026-06-08 08:15:00,presencial
17657,174,85,189.73,2026-06-08 08:27:00,presencial
17658,199,93,50.47,2026-06-08 08:32:00,online
17659,295,155,48.78,2026-06-08 08:36:00,online
17660,469,169,10.92,2026-06-08 08:38:00,presencial
17661,559,13,23.35,2026-06-08 09:34:00,online
17662,438,49,59.42,2026-06-08 09:50:00,presencial
17663,305,118,40.99,2026-06-08 10:16:00,online
17664,587,76,40.51,2026-06-08 11:07:00,presencial
17665,109,199,6.49,2026-06-08 11:14:00,presencial
17666,283,133,18.26,2026-06-08 11:27:00,online
17667,149,65,33.04,2026-06-08 11:47:00,online
17668,100,135,167.65,2026-06-08 11:52:00,presencial
17669,238,87,5.58,2026-06-08 11:55:00,online
17670,460,93,14.18,2026-06-08 12:07:00,presencial
17671,192,143,5.54,2026-06-08 12:39:00,presencial
17672,492,87,63.94,2026-06-08 13:04:00,presencial
17673,367,140,164.81,2026-06-08 13:06:00,presencial
17674,425,84,66.46,2026-06-08 13:15:00,online
17675,146,119,84.35,2026-06-08 13:25:00,presencial
17676,518,98,14.36,2026-06-08 13:26:00,presencial
17677,123,115,67.11,2026-06-08 13:49:00,online
17678,223,70,19.11,2026-06-08 13:50:00,presencial
17679,470,24,47.74,2026-06-08 14:04:00,online
17680,415,52,77.69,2026-06-08 14:17:00,presencial
17681,180,72,32.42,2026-06-08 14:38:00,online
17682,159,64,110.19,2026-06-08 14:49:00,presencial
17683,260,85,37.34,2026-06-08 14:55:00,online
17684,268,96,60.4,2026-06-08 15:15:00,presencial
17685,36,51,357.83,2026-06-08 15:27:00,presencial
17686,146,77,77.26,2026-06-08 15:35:00,presencial
17687,93,57,19.6,2026-06-08 15:37:00,presencial
17688,93,118,26.35,2026-06-08 15:51:00,presencial
17689,213,96,116.79,2026-06-08 15:56:00,presencial
17690,22,127,140.75,2026-06-08 16:17:00,presencial
17691,407,87,42.94,2026-06-08 16:21:00,presencial
17692,403,200,8.33,2026-06-08 16:35:00,online
17693,133,97,15.72,2026-06-08 17:01:00,online
17694,526,124,54.53,2026-06-08 17:08:00,presencial
17695,357,89,84.64,2026-06-08 17:10:00,presencial
17696,189,147,135.0,2026-06-08 17:34:00,online
17697,117,112,4.78,2026-06-08 17:36:00,presencial
17698,258,20,116.58,2026-06-08 17:50:00,presencial
17699,577,146,214.8,2026-06-08 18:02:00,presencial
17700,3,153,3.21,2026-06-08 18:03:00,presencial
17701,13,81,44.44,2026-06-08 18:18:00,presencial
17702,248,102,102.88,2026-06-08 18:27:00,online
17703,552,3,9.46,2026-06-08 18:27:00,presencial
17704,169,174,25.81,2026-06-08 18:34:00,presencial
17705,449,156,82.78,2026-06-08 18:36:00,online
17706,345,195,25.15,2026-06-08 18:41:00,presencial
17707,120,120,29.96,2026-06-08 18:59:00,online
17708,546,47,56.99,2026-06-08 19:10:00,presencial
17709,98,58,12.34,2026-06-08 19:13:00,online
17710,304,186,13.82,2026-06-08 19:15:00,presencial
17711,398,9,74.83,2026-06-08 19:43:00,online
17712,406,135,126.96,2026-06-08 20:27:00,presencial
17713,513,14,69.29,2026-06-08 20:30:00,presencial
17714,424,148,199.81,2026-06-08 20:33:00,online
17715,395,117,70.93,2026-06-08 20:34:00,presencial
17716,92,95,340.95,2026-06-08 20:43:00,online
17717,184,141,48.06,2026-06-08 21:00:00,presencial
17718,208,71,59.03,2026-06-08 21:44:00,presencial
17719,223,115,69.65,2026-06-08 21:48:00,presencial
17720,68,161,22.4,2026-06-08 21:54:00,presencial
17721,58,92,19.04,2026-06-08 22:23:00,online
17722,265,5,16.61,2026-06-08 23:03:00,online
17723,434,199,24.26,2026-06-08 23:04:00,online
17724,533,109,436.08,2026-06-08 23:06:00,online
17725,565,86,331.5,2026-06-08 23:15:00,presencial
17726,289,15,31.16,2026-06-08 23:23:00,presencial
17727,539,19,28.15,2026-06-09 00:03:00,presencial
17728,274,51,4.21,2026-06-09 00:12:00,online
17729,285,185,14.97,2026-06-09 00:14:00,online
17730,126,146,18.35,2026-06-09 00:50:00,presencial
17731,377,83,27.56,2026-06-09 00:51:00,presencial
17732,187,151,23.89,2026-06-09 00:56:00,presencial
17733,292,79,56.61,2026-06-09 01:12:00,online
17734,562,178,104.84,2026-06-09 01:13:00,online
17735,328,66,20.07,2026-06-09 01:17:00,online
17736,182,144,217.16,2026-06-09 01:23:00,online
17737,403,88,65.38,2026-06-09 01:26:00,online
17738,439,135,118.76,2026-06-09 01:26:00,online
17739,364,38,27.56,2026-06-09 01:49:00,presencial
17740,26,190,81.54,2026-06-09 01:58:00,online
17741,136,58,73.62,2026-06-09 02:10:00,presencial
17742,77,108,224.61,2026-06-09 02:18:00,presencial
17743,574,138,91.65,2026-06-09 02:30:00,presencial
17744,187,131,114.33,2026-06-09 02:50:00,presencial
17745,285,111,24.98,2026-06-09 03:18:00,presencial
17746,541,174,166.59,2026-06-09 03:36:00,presencial
17747,595,194,10.98,2026-06-09 03:43:00,online
17748,132,153,23.8,2026-06-09 03:47:00,online
17749,516,37,60.91,2026-06-09 03:57:00,presencial
17750,437,154,12.58,2026-06-09 03:58:00,online
17751,369,101,16.19,2026-06-09 04:04:00,presencial
17752,101,108,16.2,2026-06-09 05:01:00,online
17753,415,189,67.8,2026-06-09 05:06:00,online
17754,368,106,37.53,2026-06-09 05:12:00,online
17755,268,171,129.04,2026-06-09 05:19:00,online
17756,353,130,353.77,2026-06-09 05:30:00,presencial
17757,127,18,60.19,2026-06-09 06:03:00,presencial
17758,374,141,25.47,2026-06-09 06:18:00,online
17759,92,99,67.03,2026-06-09 06:23:00,presencial
17760,172,110,16.69,2026-06-09 06:32:00,presencial
17761,297,61,41.68,2026-06-09 06:32:00,online
17762,98,38,670.8,2026-06-09 06:50:00,online
17763,549,149,35.75,2026-06-09 07:04:00,presencial
17764,532,50,62.36,2026-06-09 07:24:00,presencial
17765,285,19,37.42,2026-06-09 07:36:00,online
17766,342,99,28.49,2026-06-09 07:54:00,presencial
17767,175,143,75.87,2026-06-09 07:56:00,presencial
17768,128,41,11.05,2026-06-09 08:05:00,presencial
17769,577,73,37.23,2026-06-09 08:40:00,presencial
17770,248,85,10.04,2026-06-09 08:48:00,online
17771,573,185,244.43,2026-06-09 09:32:00,online
17772,41,30,132.41,2026-06-09 09:46:00,online
17773,65,184,19.2,2026-06-09 09:46:00,presencial
17774,286,30,5.8,2026-06-09 09:57:00,online
17775,470,116,76.66,2026-06-09 10:00:00,online
17776,255,169,42.6,2026-06-09 10:03:00,presencial
17777,504,181,527.5,2026-06-09 10:07:00,presencial
17778,80,109,208.91,2026-06-09 10:14:00,presencial
17779,514,99,89.9,2026-06-09 10:25:00,online
17780,267,157,25.0,2026-06-09 11:02:00,online
17781,172,182,33.52,2026-06-09 11:24:00,online
17782,384,3,62.32,2026-06-09 11:25:00,online
17783,468,53,66.06,2026-06-09 12:27:00,online
17784,558,58,20.52,2026-06-09 12:57:00,online
17785,53,167,9.97,2026-06-09 13:14:00,online
17786,422,4,372.8,2026-06-09 13:35:00,online
17787,189,26,46.4,2026-06-09 13:35:00,presencial
17788,302,1,71.28,2026-06-09 13:55:00,presencial
17789,278,191,17.41,2026-06-09 14:11:00,online
17790,463,7,200.9,2026-06-09 14:18:00,presencial
17791,240,54,140.34,2026-06-09 14:25:00,presencial
17792,168,105,47.78,2026-06-09 14:28:00,online
17793,293,70,56.32,2026-06-09 14:41:00,online
17794,402,19,61.16,2026-06-09 15:00:00,presencial
17795,508,83,49.8,2026-06-09 15:00:00,presencial
17796,4,160,82.57,2026-06-09 15:29:00,online
17797,342,58,67.64,2026-06-09 15:32:00,online
17798,44,104,36.84,2026-06-09 15:47:00,online
17799,372,94,12.36,2026-06-09 15:56:00,online
17800,375,50,43.47,2026-06-09 16:00:00,presencial
17801,514,1,102.03,2026-06-09 17:02:00,online
17802,116,168,93.63,2026-06-09 17:21:00,online
17803,477,199,189.36,2026-06-09 17:30:00,presencial
17804,414,102,212.74,2026-06-09 17:32:00,online
17805,400,167,96.72,2026-06-09 17:40:00,presencial
17806,383,71,54.94,2026-06-09 17:54:00,presencial
17807,330,189,65.23,2026-06-09 18:03:00,presencial
17808,39,114,23.76,2026-06-09 18:04:00,presencial
17809,488,161,107.68,2026-06-09 18:11:00,online
17810,236,135,191.72,2026-06-09 18:18:00,online
17811,63,185,140.58,2026-06-09 18:28:00,presencial
17812,368,112,82.43,2026-06-09 18:46:00,presencial
17813,569,170,34.3,2026-06-09 18:54:00,online
17814,429,187,30.22,2026-06-09 19:07:00,online
17815,148,153,37.5,2026-06-09 19:58:00,online
17816,490,71,20.02,2026-06-09 20:06:00,online
17817,508,19,60.47,2026-06-09 20:17:00,online
17818,199,82,2.06,2026-06-09 20:19:00,online
17819,314,139,24.71,2026-06-09 20:24:00,presencial
17820,503,172,48.18,2026-06-09 21:04:00,presencial
17821,95,154,700.52,2026-06-09 21:21:00,presencial
17822,213,128,44.92,2026-06-09 21:30:00,online
17823,274,108,46.78,2026-06-09 21:38:00,presencial
17824,5,194,17.87,2026-06-09 21:44:00,presencial
17825,101,49,296.33,2026-06-09 21:51:00,presencial
17826,367,159,18.27,2026-06-09 22:11:00,presencial
17827,159,111,418.25,2026-06-09 22:20:00,presencial
17828,146,103,19.81,2026-06-09 22:21:00,online
17829,178,80,125.94,2026-06-09 22:44:00,online
17830,75,127,42.0,2026-06-09 22:46:00,online
17831,383,200,24.08,2026-06-09 23:01:00,presencial
17832,156,82,135.71,2026-06-09 23:03:00,online
17833,391,23,192.74,2026-06-09 23:16:00,presencial
17834,497,26,36.45,2026-06-09 23:33:00,presencial
17835,288,36,43.53,2026-06-09 23:35:00,presencial
17836,549,82,28.39,2026-06-09 23:41:00,presencial
17837,118,1,57.19,2026-06-09 23:45:00,presencial
17838,578,57,13.41,2026-06-09 23:48:00,presencial
17839,194,140,2.31,2026-06-09 23:52:00,presencial
17840,182,136,5.71,2026-06-10 00:17:00,online
17841,588,134,35.05,2026-06-10 00:18:00,online
17842,274,134,13.78,2026-06-10 00:36:00,online
17843,449,16,39.28,2026-06-10 01:20:00,online
17844,482,188,25.44,2026-06-10 01:22:00,online
17845,269,60,20.55,2026-06-10 01:34:00,presencial
17846,191,16,21.9,2026-06-10 01:44:00,online
17847,295,163,129.53,2026-06-10 01:47:00,presencial
17848,232,94,57.91,2026-06-10 02:13:00,online
17849,250,70,250.0,2026-06-10 02:38:00,presencial
17850,143,80,50.08,2026-06-10 02:38:00,presencial
17851,549,117,5.47,2026-06-10 03:18:00,presencial
17852,344,106,14.18,2026-06-10 03:38:00,online
17853,478,3,50.74,2026-06-10 03:50:00,online
17854,396,24,58.33,2026-06-10 04:21:00,presencial
17855,212,190,23.46,2026-06-10 04:30:00,presencial
17856,192,99,18.63,2026-06-10 04:51:00,online
17857,590,198,22.9,2026-06-10 04:53:00,presencial
17858,15,132,38.13,2026-06-10 05:22:00,presencial
17859,177,148,42.35,2026-06-10 05:30:00,presencial
17860,442,63,13.36,2026-06-10 05:38:00,online
17861,328,168,58.61,2026-06-10 05:49:00,online
17862,370,131,58.02,2026-06-10 05:54:00,online
17863,13,151,39.61,2026-06-10 05:56:00,presencial
17864,132,54,20.9,2026-06-10 06:14:00,presencial
17865,360,118,93.57,2026-06-10 06:20:00,presencial
17866,189,74,191.71,2026-06-10 06:35:00,presencial
17867,283,182,27.3,2026-06-10 06:42:00,presencial
17868,575,182,22.39,2026-06-10 06:45:00,presencial
17869,383,71,74.63,2026-06-10 06:48:00,presencial
17870,379,6,12.33,2026-06-10 07:07:00,presencial
17871,118,50,10.98,2026-06-10 07:19:00,presencial
17872,358,55,21.9,2026-06-10 07:41:00,online
17873,577,4,62.83,2026-06-10 08:09:00,presencial
17874,384,188,16.97,2026-06-10 08:20:00,presencial
17875,472,94,43.79,2026-06-10 08:29:00,presencial
17876,573,30,4.9,2026-06-10 09:04:00,presencial
17877,541,122,88.1,2026-06-10 09:40:00,online
17878,204,80,218.0,2026-06-10 09:45:00,presencial
17879,178,35,16.43,2026-06-10 09:53:00,presencial
17880,169,91,72.86,2026-06-10 10:10:00,presencial
17881,463,120,35.56,2026-06-10 10:19:00,online
17882,227,131,50.24,2026-06-10 10:21:00,presencial
17883,494,46,34.11,2026-06-10 11:31:00,presencial
17884,481,123,32.01,2026-06-10 11:36:00,online
17885,400,159,17.88,2026-06-10 11:43:00,online
17886,73,126,13.43,2026-06-10 12:09:00,online
17887,428,191,149.8,2026-06-10 12:13:00,presencial
17888,125,189,7.05,2026-06-10 12:19:00,online
17889,332,100,43.79,2026-06-10 12:30:00,presencial
17890,137,79,41.66,2026-06-10 12:36:00,presencial
17891,38,92,42.45,2026-06-10 12:37:00,presencial
17892,382,98,92.88,2026-06-10 12:56:00,presencial
17893,271,35,29.73,2026-06-10 12:57:00,presencial
17894,385,193,91.68,2026-06-10 13:36:00,presencial
17895,295,114,397.21,2026-06-10 14:08:00,online
17896,224,26,37.81,2026-06-10 14:23:00,presencial
17897,10,181,4.78,2026-06-10 14:45:00,presencial
17898,166,190,38.21,2026-06-10 14:54:00,presencial
17899,529,113,34.3,2026-06-10 15:04:00,online
17900,453,190,69.56,2026-06-10 15:31:00,online
17901,279,195,4.99,2026-06-10 15:31:00,online
17902,20,191,63.88,2026-06-10 15:32:00,presencial
17903,591,193,28.12,2026-06-10 15:46:00,online
17904,444,14,108.09,2026-06-10 16:07:00,presencial
17905,14,7,25.27,2026-06-10 16:29:00,presencial
17906,127,116,116.14,2026-06-10 16:49:00,presencial
17907,103,150,8.48,2026-06-10 16:49:00,presencial
17908,542,168,45.58,2026-06-10 17:20:00,presencial
17909,573,129,15.35,2026-06-10 17:39:00,online
17910,249,63,26.13,2026-06-10 17:53:00,online
17911,107,187,890.78,2026-06-10 17:54:00,presencial
17912,386,119,15.73,2026-06-10 17:59:00,presencial
17913,164,137,29.67,2026-06-10 18:19:00,presencial
17914,73,52,12.7,2026-06-10 18:35:00,online
17915,156,152,31.89,2026-06-10 18:41:00,online
17916,153,26,37.9,2026-06-10 18:59:00,presencial
17917,33,175,19.92,2026-06-10 19:22:00,online
17918,421,171,253.16,2026-06-10 19:23:00,presencial
17919,212,137,159.28,2026-06-10 20:56:00,presencial
17920,331,197,15.78,2026-06-10 20:58:00,online
17921,331,183,109.77,2026-06-10 22:39:00,online
17922,463,14,26.36,2026-06-10 23:05:00,online
17923,458,45,11.56,2026-06-10 23:19:00,presencial
17924,339,25,20.29,2026-06-10 23:20:00,online
17925,503,65,11.23,2026-06-11 00:13:00,presencial
17926,342,118,125.88,2026-06-11 00:17:00,presencial
17927,16,29,17.05,2026-06-11 00:37:00,presencial
17928,515,18,184.37,2026-06-11 00:50:00,online
17929,462,129,52.19,2026-06-11 01:03:00,presencial
17930,255,127,28.68,2026-06-11 01:07:00,online
17931,232,74,25.73,2026-06-11 01:13:00,presencial
17932,538,144,307.33,2026-06-11 01:25:00,online
17933,256,119,45.21,2026-06-11 02:02:00,presencial
17934,224,83,25.67,2026-06-11 02:02:00,presencial
17935,440,14,114.3,2026-06-11 02:03:00,presencial
17936,198,152,85.12,2026-06-11 02:14:00,presencial
17937,243,125,15.08,2026-06-11 02:26:00,presencial
17938,468,23,44.96,2026-06-11 02:52:00,presencial
17939,134,38,6.11,2026-06-11 03:06:00,presencial
17940,7,61,43.09,2026-06-11 03:37:00,presencial
17941,202,36,63.16,2026-06-11 03:38:00,presencial
17942,104,162,73.16,2026-06-11 04:32:00,online
17943,218,187,14.89,2026-06-11 04:34:00,presencial
17944,44,18,19.84,2026-06-11 04:44:00,online
17945,354,48,58.68,2026-06-11 04:45:00,presencial
17946,308,58,176.89,2026-06-11 04:50:00,presencial
17947,164,199,49.47,2026-06-11 05:04:00,online
17948,377,125,24.19,2026-06-11 05:12:00,online
17949,87,191,129.96,2026-06-11 05:18:00,presencial
17950,7,50,51.52,2026-06-11 05:33:00,presencial
17951,287,14,54.41,2026-06-11 05:49:00,online
17952,97,97,107.5,2026-06-11 06:18:00,online
17953,514,164,40.21,2026-06-11 06:32:00,online
17954,182,168,16.01,2026-06-11 07:09:00,online
17955,258,95,37.71,2026-06-11 07:13:00,presencial
17956,177,54,151.92,2026-06-11 07:14:00,online
17957,261,10,358.5,2026-06-11 07:20:00,online
17958,59,88,11.7,2026-06-11 07:30:00,presencial
17959,561,108,270.69,2026-06-11 07:55:00,online
17960,104,4,29.86,2026-06-11 07:57:00,online
17961,238,187,45.72,2026-06-11 08:02:00,presencial
17962,509,142,289.99,2026-06-11 08:21:00,presencial
17963,256,66,28.48,2026-06-11 08:51:00,online
17964,421,72,33.05,2026-06-11 09:02:00,presencial
17965,42,72,22.04,2026-06-11 09:06:00,presencial
17966,178,173,46.6,2026-06-11 09:08:00,online
17967,456,145,62.99,2026-06-11 09:11:00,presencial
17968,159,18,20.99,2026-06-11 09:16:00,presencial
17969,249,62,220.39,2026-06-11 09:20:00,presencial
17970,49,157,19.65,2026-06-11 09:23:00,online
17971,303,72,77.34,2026-06-11 09:48:00,presencial
17972,210,163,46.03,2026-06-11 09:58:00,online
17973,517,102,175.58,2026-06-11 10:03:00,online
17974,239,156,18.46,2026-06-11 10:16:00,presencial
17975,497,106,83.91,2026-06-11 10:30:00,online
17976,543,147,641.1,2026-06-11 10:37:00,presencial
17977,504,87,9.15,2026-06-11 10:47:00,online
17978,446,48,16.6,2026-06-11 11:00:00,presencial
17979,351,177,442.47,2026-06-11 11:03:00,presencial
17980,288,84,38.57,2026-06-11 11:30:00,presencial
17981,49,2,50.65,2026-06-11 11:39:00,presencial
17982,81,78,31.02,2026-06-11 12:09:00,presencial
17983,229,83,275.78,2026-06-11 12:15:00,online
17984,394,49,7.58,2026-06-11 12:20:00,presencial
17985,3,176,174.29,2026-06-11 12:25:00,presencial
17986,562,99,8.8,2026-06-11 12:37:00,presencial
17987,596,75,7.98,2026-06-11 12:39:00,online
17988,47,140,13.52,2026-06-11 13:07:00,online
17989,58,128,38.84,2026-06-11 13:24:00,presencial
17990,510,96,20.37,2026-06-11 13:27:00,online
17991,120,195,19.09,2026-06-11 13:46:00,presencial
17992,109,195,16.11,2026-06-11 13:53:00,online
17993,113,96,16.42,2026-06-11 13:54:00,online
17994,421,142,16.02,2026-06-11 13:59:00,presencial
17995,80,11,57.88,2026-06-11 14:11:00,presencial
17996,111,89,22.21,2026-06-11 14:15:00,presencial
17997,239,89,2.38,2026-06-11 14:27:00,presencial
17998,361,81,42.9,2026-06-11 14:38:00,presencial
17999,595,169,101.94,2026-06-11 14:45:00,online
18000,143,117,32.89,2026-06-11 14:56:00,online
18001,153,95,11.17,2026-06-11 15:37:00,presencial
18002,326,87,101.45,2026-06-11 15:52:00,presencial
18003,251,124,9.88,2026-06-11 16:22:00,presencial
18004,361,45,31.4,2026-06-11 16:26:00,presencial
18005,148,50,43.64,2026-06-11 16:29:00,online
18006,372,105,146.51,2026-06-11 16:48:00,online
18007,556,64,84.4,2026-06-11 16:50:00,presencial
18008,410,135,58.11,2026-06-11 16:58:00,online
18009,442,181,124.42,2026-06-11 17:43:00,online
18010,42,72,12.51,2026-06-11 17:47:00,presencial
18011,542,116,254.16,2026-06-11 17:49:00,online
18012,423,57,1.53,2026-06-11 18:25:00,presencial
18013,377,159,214.98,2026-06-11 18:53:00,online
18014,93,44,17.72,2026-06-11 18:56:00,presencial
18015,333,105,67.91,2026-06-11 19:06:00,online
18016,407,73,219.93,2026-06-11 19:20:00,presencial
18017,375,153,82.85,2026-06-11 19:26:00,online
18018,75,49,67.33,2026-06-11 19:37:00,presencial
18019,25,41,115.93,2026-06-11 19:44:00,presencial
18020,288,153,8.78,2026-06-11 19:50:00,presencial
18021,431,112,10.35,2026-06-11 20:11:00,presencial
18022,233,128,60.25,2026-06-11 20:22:00,presencial
18023,413,159,35.97,2026-06-11 21:32:00,online
18024,581,58,31.69,2026-06-11 21:58:00,presencial
18025,534,49,174.52,2026-06-11 22:16:00,presencial
18026,379,199,158.64,2026-06-11 22:16:00,presencial
18027,437,23,16.24,2026-06-11 22:17:00,online
18028,53,130,72.72,2026-06-11 22:40:00,presencial
18029,52,78,8.0,2026-06-11 23:18:00,presencial
18030,421,29,7.79,2026-06-12 00:02:00,presencial
18031,481,191,16.74,2026-06-12 00:23:00,presencial
18032,117,166,42.17,2026-06-12 00:39:00,presencial
18033,356,45,21.79,2026-06-12 00:48:00,presencial
18034,172,151,73.43,2026-06-12 00:48:00,presencial
18035,66,154,43.95,2026-06-12 01:03:00,presencial
18036,228,101,152.25,2026-06-12 01:05:00,presencial
18037,269,192,81.47,2026-06-12 01:12:00,presencial
18038,466,47,14.26,2026-06-12 01:12:00,online
18039,519,15,120.38,2026-06-12 01:55:00,online
18040,567,163,17.32,2026-06-12 01:56:00,online
18041,63,72,70.29,2026-06-12 02:01:00,presencial
18042,555,25,26.01,2026-06-12 02:04:00,online
18043,311,194,191.81,2026-06-12 02:40:00,presencial
18044,103,84,99.91,2026-06-12 02:47:00,online
18045,389,174,20.87,2026-06-12 02:56:00,online
18046,37,164,29.24,2026-06-12 03:26:00,online
18047,277,61,1629.85,2026-06-12 03:39:00,online
18048,498,161,11.17,2026-06-12 04:21:00,presencial
18049,583,94,20.25,2026-06-12 04:44:00,presencial
18050,173,126,21.37,2026-06-12 04:46:00,presencial
18051,105,58,12.49,2026-06-12 05:06:00,presencial
18052,350,2,14.02,2026-06-12 05:14:00,online
18053,95,39,39.66,2026-06-12 05:27:00,presencial
18054,588,67,75.5,2026-06-12 05:49:00,presencial
18055,197,110,7.75,2026-06-12 05:57:00,online
18056,112,171,25.75,2026-06-12 06:21:00,online
18057,143,36,18.46,2026-06-12 06:48:00,presencial
18058,225,145,12.34,2026-06-12 07:05:00,online
18059,445,150,133.67,2026-06-12 07:09:00,presencial
18060,521,163,19.27,2026-06-12 07:28:00,online
18061,442,163,9.91,2026-06-12 07:32:00,online
18062,390,13,117.7,2026-06-12 07:54:00,online
18063,163,44,177.04,2026-06-12 08:07:00,online
18064,563,189,58.06,2026-06-12 08:11:00,presencial
18065,600,127,15.88,2026-06-12 08:16:00,presencial
18066,380,46,32.94,2026-06-12 08:25:00,online
18067,470,200,21.75,2026-06-12 08:26:00,online
18068,183,67,42.34,2026-06-12 09:17:00,presencial
18069,269,58,98.25,2026-06-12 09:52:00,presencial
18070,484,169,43.48,2026-06-12 09:56:00,presencial
18071,255,193,44.53,2026-06-12 10:14:00,presencial
18072,456,82,25.42,2026-06-12 10:26:00,presencial
18073,516,130,92.88,2026-06-12 10:45:00,presencial
18074,561,129,67.03,2026-06-12 11:16:00,online
18075,175,46,5.92,2026-06-12 11:25:00,presencial
18076,286,111,6.3,2026-06-12 11:28:00,online
18077,232,12,31.04,2026-06-12 11:31:00,presencial
18078,302,174,130.03,2026-06-12 11:46:00,online
18079,446,166,161.31,2026-06-12 12:10:00,presencial
18080,195,32,103.47,2026-06-12 12:13:00,presencial
18081,140,122,37.87,2026-06-12 12:29:00,presencial
18082,162,20,223.94,2026-06-12 12:35:00,presencial
18083,460,18,20.19,2026-06-12 12:42:00,online
18084,598,127,30.72,2026-06-12 12:54:00,presencial
18085,62,160,9.36,2026-06-12 13:22:00,online
18086,587,169,30.57,2026-06-12 13:28:00,presencial
18087,20,67,17.32,2026-06-12 13:35:00,presencial
18088,318,185,242.66,2026-06-12 13:38:00,presencial
18089,81,108,195.41,2026-06-12 14:09:00,online
18090,574,80,47.92,2026-06-12 14:12:00,presencial
18091,458,69,74.71,2026-06-12 14:27:00,presencial
18092,214,147,23.0,2026-06-12 14:39:00,presencial
18093,412,75,2.74,2026-06-12 15:06:00,online
18094,510,79,19.32,2026-06-12 15:15:00,online
18095,131,78,101.77,2026-06-12 16:22:00,presencial
18096,381,64,72.38,2026-06-12 16:33:00,presencial
18097,180,80,29.04,2026-06-12 16:36:00,online
18098,431,5,100.83,2026-06-12 16:41:00,presencial
18099,341,175,26.63,2026-06-12 16:49:00,presencial
18100,431,51,12.73,2026-06-12 16:51:00,online
18101,383,90,100.84,2026-06-12 16:56:00,presencial
18102,382,35,22.81,2026-06-12 16:56:00,presencial
18103,51,108,138.28,2026-06-12 17:09:00,presencial
18104,512,54,4.97,2026-06-12 17:32:00,presencial
18105,103,34,23.89,2026-06-12 17:48:00,online
18106,236,58,86.22,2026-06-12 18:41:00,online
18107,307,181,76.96,2026-06-12 18:49:00,online
18108,510,172,35.05,2026-06-12 18:58:00,presencial
18109,378,158,61.32,2026-06-12 19:28:00,online
18110,111,41,52.15,2026-06-12 19:40:00,online
18111,172,130,8.69,2026-06-12 19:43:00,presencial
18112,120,164,29.96,2026-06-12 19:56:00,presencial
18113,355,130,57.4,2026-06-12 20:11:00,online
18114,431,172,78.01,2026-06-12 20:16:00,online
18115,426,41,41.61,2026-06-12 20:26:00,online
18116,451,93,24.36,2026-06-12 21:03:00,online
18117,422,67,10.3,2026-06-12 22:24:00,presencial
18118,542,145,102.32,2026-06-12 22:25:00,presencial
18119,544,26,90.66,2026-06-12 22:47:00,presencial
18120,165,64,132.42,2026-06-12 23:57:00,presencial
18121,183,141,13.65,2026-06-13 00:00:00,presencial
18122,34,4,51.12,2026-06-13 00:05:00,presencial
18123,161,52,20.87,2026-06-13 00:07:00,presencial
18124,305,142,47.04,2026-06-13 00:09:00,online
18125,396,48,1093.71,2026-06-13 00:16:00,presencial
18126,526,122,120.78,2026-06-13 00:29:00,online
18127,357,81,19.47,2026-06-13 00:44:00,presencial
18128,583,93,33.86,2026-06-13 00:52:00,online
18129,332,72,30.02,2026-06-13 01:01:00,online
18130,515,180,51.23,2026-06-13 01:22:00,online
18131,485,145,8.36,2026-06-13 01:29:00,presencial
18132,294,146,63.82,2026-06-13 01:55:00,presencial
18133,524,159,4.35,2026-06-13 02:21:00,presencial
18134,519,86,7.1,2026-06-13 02:22:00,online
18135,188,21,404.17,2026-06-13 02:42:00,presencial
18136,129,11,30.06,2026-06-13 02:48:00,presencial
18137,73,97,214.62,2026-06-13 02:49:00,presencial
18138,553,176,18.34,2026-06-13 02:50:00,presencial
18139,266,97,4.43,2026-06-13 02:51:00,online
18140,341,197,14.07,2026-06-13 02:52:00,presencial
18141,164,105,859.89,2026-06-13 02:52:00,online
18142,234,127,9.47,2026-06-13 03:16:00,presencial
18143,242,16,315.49,2026-06-13 03:56:00,online
18144,349,154,65.35,2026-06-13 04:03:00,online
18145,106,178,51.0,2026-06-13 04:10:00,presencial
18146,471,102,19.62,2026-06-13 04:15:00,presencial
18147,235,181,16.59,2026-06-13 04:24:00,presencial
18148,145,48,83.14,2026-06-13 04:25:00,online
18149,9,98,190.8,2026-06-13 04:55:00,presencial
18150,62,183,55.47,2026-06-13 05:24:00,presencial
18151,162,121,100.84,2026-06-13 05:49:00,presencial
18152,440,138,27.99,2026-06-13 06:02:00,online
18153,513,81,488.04,2026-06-13 06:36:00,online
18154,572,110,58.12,2026-06-13 07:05:00,presencial
18155,179,75,418.43,2026-06-13 07:18:00,presencial
18156,383,137,15.46,2026-06-13 07:22:00,online
18157,161,12,42.54,2026-06-13 07:44:00,online
18158,86,103,145.28,2026-06-13 08:02:00,online
18159,326,186,52.26,2026-06-13 08:11:00,online
18160,387,12,79.0,2026-06-13 08:51:00,online
18161,457,91,15.25,2026-06-13 09:06:00,online
18162,70,133,28.62,2026-06-13 09:14:00,presencial
18163,449,17,17.07,2026-06-13 09:42:00,online
18164,183,2,40.69,2026-06-13 09:54:00,online
18165,168,34,36.33,2026-06-13 10:16:00,presencial
18166,19,45,24.98,2026-06-13 10:19:00,presencial
18167,123,176,89.62,2026-06-13 10:22:00,presencial
18168,293,32,13.85,2026-06-13 10:24:00,online
18169,114,129,4.2,2026-06-13 10:44:00,presencial
18170,193,69,23.84,2026-06-13 11:50:00,presencial
18171,319,108,477.06,2026-06-13 12:00:00,presencial
18172,59,182,78.33,2026-06-13 12:03:00,online
18173,526,172,17.62,2026-06-13 12:20:00,presencial
18174,186,16,72.93,2026-06-13 12:24:00,presencial
18175,456,18,38.57,2026-06-13 13:11:00,presencial
18176,389,72,68.47,2026-06-13 13:13:00,presencial
18177,451,162,117.78,2026-06-13 13:14:00,presencial
18178,174,152,55.31,2026-06-13 13:15:00,presencial
18179,104,124,51.04,2026-06-13 14:20:00,online
18180,86,173,229.33,2026-06-13 14:25:00,online
18181,138,37,80.93,2026-06-13 14:38:00,presencial
18182,327,148,55.39,2026-06-13 14:42:00,online
18183,375,194,46.83,2026-06-13 14:45:00,online
18184,452,194,23.99,2026-06-13 14:51:00,presencial
18185,579,143,11.36,2026-06-13 14:52:00,presencial
18186,499,140,93.45,2026-06-13 15:06:00,online
18187,215,45,182.04,2026-06-13 15:11:00,presencial
18188,284,149,71.57,2026-06-13 15:24:00,presencial
18189,573,50,83.31,2026-06-13 15:57:00,presencial
18190,427,85,16.85,2026-06-13 16:10:00,online
18191,251,24,23.2,2026-06-13 16:20:00,presencial
18192,500,61,10.91,2026-06-13 16:28:00,presencial
18193,82,16,33.97,2026-06-13 16:30:00,presencial
18194,404,93,131.83,2026-06-13 16:54:00,presencial
18195,570,15,20.76,2026-06-13 17:06:00,online
18196,317,154,41.18,2026-06-13 17:07:00,online
18197,368,132,96.8,2026-06-13 17:22:00,online
18198,36,131,168.84,2026-06-13 18:01:00,presencial
18199,363,141,7.3,2026-06-13 18:18:00,presencial
18200,175,155,26.46,2026-06-13 18:18:00,presencial
18201,597,136,19.84,2026-06-13 18:19:00,online
18202,192,126,17.04,2026-06-13 18:19:00,online
18203,189,37,29.33,2026-06-13 18:38:00,online
18204,238,147,5.25,2026-06-13 18:44:00,online
18205,419,98,29.83,2026-06-13 18:55:00,presencial
18206,571,32,46.46,2026-06-13 18:59:00,presencial
18207,208,97,14.19,2026-06-13 19:03:00,online
18208,126,65,26.31,2026-06-13 19:06:00,presencial
18209,459,40,45.67,2026-06-13 19:31:00,presencial
18210,325,113,51.0,2026-06-13 19:35:00,online
18211,273,179,7.4,2026-06-13 19:53:00,presencial
18212,595,4,96.57,2026-06-13 20:36:00,presencial
18213,298,27,99.16,2026-06-13 20:58:00,presencial
18214,372,183,19.75,2026-06-13 21:10:00,presencial
18215,589,139,283.08,2026-06-13 21:17:00,presencial
18216,126,48,73.8,2026-06-13 21:42:00,online
18217,542,74,62.95,2026-06-13 22:04:00,presencial
18218,577,18,94.76,2026-06-13 22:23:00,presencial
18219,283,169,14.35,2026-06-13 22:30:00,presencial
18220,202,133,30.3,2026-06-13 22:32:00,online
18221,98,47,88.18,2026-06-13 22:52:00,online
18222,29,39,18.59,2026-06-13 23:01:00,online
18223,591,139,30.34,2026-06-13 23:03:00,presencial
18224,259,113,86.58,2026-06-13 23:03:00,online
18225,401,150,62.86,2026-06-13 23:04:00,presencial
18226,145,50,45.74,2026-06-13 23:09:00,presencial
18227,195,199,47.89,2026-06-13 23:27:00,presencial
18228,492,34,36.88,2026-06-13 23:44:00,presencial
18229,394,36,114.21,2026-06-14 00:35:00,presencial
18230,132,147,445.44,2026-06-14 01:29:00,presencial
18231,4,113,61.68,2026-06-14 01:37:00,presencial
18232,492,78,183.14,2026-06-14 01:43:00,presencial
18233,49,148,27.65,2026-06-14 02:08:00,online
18234,22,115,21.12,2026-06-14 02:20:00,online
18235,181,81,18.78,2026-06-14 02:44:00,online
18236,558,44,16.28,2026-06-14 03:11:00,online
18237,387,144,32.37,2026-06-14 03:13:00,presencial
18238,26,111,118.48,2026-06-14 03:16:00,online
18239,551,179,134.72,2026-06-14 03:17:00,presencial
18240,564,85,25.52,2026-06-14 03:47:00,online
18241,419,54,31.3,2026-06-14 04:02:00,presencial
18242,45,11,44.6,2026-06-14 04:17:00,presencial
18243,9,55,57.83,2026-06-14 04:25:00,online
18244,524,146,85.23,2026-06-14 04:32:00,online
18245,494,58,28.82,2026-06-14 04:43:00,presencial
18246,499,111,35.86,2026-06-14 05:17:00,online
18247,292,43,198.37,2026-06-14 05:42:00,presencial
18248,357,186,32.9,2026-06-14 05:46:00,presencial
18249,104,181,23.76,2026-06-14 05:46:00,presencial
18250,22,162,40.69,2026-06-14 05:53:00,online
18251,133,147,48.71,2026-06-14 06:21:00,presencial
18252,373,115,8.21,2026-06-14 06:21:00,online
18253,242,2,27.44,2026-06-14 06:26:00,online
18254,371,9,70.95,2026-06-14 06:44:00,online
18255,265,89,405.43,2026-06-14 06:51:00,presencial
18256,335,151,24.98,2026-06-14 07:01:00,online
18257,571,27,103.69,2026-06-14 07:10:00,presencial
18258,379,110,54.44,2026-06-14 07:33:00,presencial
18259,573,191,160.13,2026-06-14 07:47:00,presencial
18260,581,168,22.63,2026-06-14 07:50:00,presencial
18261,371,111,150.43,2026-06-14 08:49:00,presencial
18262,598,116,208.99,2026-06-14 09:04:00,online
18263,150,13,219.0,2026-06-14 09:05:00,presencial
18264,313,1,214.89,2026-06-14 09:09:00,online
18265,45,64,55.14,2026-06-14 09:14:00,presencial
18266,56,163,85.07,2026-06-14 09:23:00,online
18267,80,2,28.18,2026-06-14 09:32:00,online
18268,81,160,3.88,2026-06-14 09:47:00,online
18269,247,52,59.23,2026-06-14 09:48:00,presencial
18270,433,20,37.45,2026-06-14 10:00:00,online
18271,592,20,128.94,2026-06-14 10:02:00,presencial
18272,590,137,115.37,2026-06-14 10:30:00,presencial
18273,108,9,13.9,2026-06-14 11:42:00,presencial
18274,262,106,585.85,2026-06-14 11:45:00,presencial
18275,259,187,68.51,2026-06-14 12:04:00,online
18276,59,118,10.89,2026-06-14 12:09:00,presencial
18277,24,67,12.7,2026-06-14 12:30:00,presencial
18278,212,178,4.07,2026-06-14 12:34:00,presencial
18279,514,15,103.55,2026-06-14 12:38:00,presencial
18280,232,50,25.04,2026-06-14 12:44:00,online
18281,231,35,17.74,2026-06-14 12:46:00,presencial
18282,598,3,22.01,2026-06-14 12:53:00,online
18283,227,191,32.12,2026-06-14 13:16:00,presencial
18284,412,42,84.2,2026-06-14 13:21:00,presencial
18285,589,15,7.32,2026-06-14 13:24:00,presencial
18286,71,184,13.78,2026-06-14 13:36:00,presencial
18287,307,193,74.56,2026-06-14 13:41:00,presencial
18288,203,43,23.25,2026-06-14 13:53:00,online
18289,72,81,84.82,2026-06-14 14:09:00,presencial
18290,30,135,25.86,2026-06-14 14:19:00,presencial
18291,389,86,252.72,2026-06-14 15:00:00,presencial
18292,392,158,56.23,2026-06-14 15:04:00,presencial
18293,338,50,172.24,2026-06-14 15:14:00,online
18294,404,163,79.01,2026-06-14 15:26:00,presencial
18295,432,112,84.45,2026-06-14 16:02:00,online
18296,35,3,19.54,2026-06-14 16:07:00,presencial
18297,21,125,161.44,2026-06-14 16:32:00,online
18298,202,2,56.68,2026-06-14 16:42:00,presencial
18299,342,170,15.66,2026-06-14 16:58:00,online
18300,542,198,4.39,2026-06-14 17:05:00,presencial
18301,588,31,52.14,2026-06-14 17:21:00,presencial
18302,497,106,234.78,2026-06-14 17:23:00,presencial
18303,175,68,16.48,2026-06-14 17:43:00,presencial
18304,345,13,15.88,2026-06-14 17:51:00,presencial
18305,70,136,31.57,2026-06-14 17:55:00,presencial
18306,291,6,150.11,2026-06-14 17:59:00,presencial
18307,60,5,5.93,2026-06-14 18:03:00,online
18308,596,163,21.86,2026-06-14 18:12:00,presencial
18309,271,57,14.79,2026-06-14 18:30:00,presencial
18310,434,181,82.96,2026-06-14 18:38:00,online
18311,63,119,38.21,2026-06-14 18:41:00,presencial
18312,572,105,30.53,2026-06-14 18:52:00,online
18313,315,82,36.67,2026-06-14 19:10:00,presencial
18314,43,75,105.99,2026-06-14 19:38:00,presencial
18315,222,45,153.51,2026-06-14 19:41:00,online
18316,128,141,137.98,2026-06-14 19:57:00,presencial
18317,42,122,84.18,2026-06-14 20:01:00,online
18318,19,5,204.85,2026-06-14 20:05:00,presencial
18319,428,65,16.04,2026-06-14 20:08:00,presencial
18320,521,180,68.47,2026-06-14 20:11:00,presencial
18321,397,99,591.96,2026-06-14 20:58:00,presencial
18322,417,52,5.93,2026-06-14 21:10:00,presencial
18323,23,46,24.84,2026-06-14 21:14:00,presencial
18324,107,39,14.3,2026-06-14 21:22:00,online
18325,21,173,61.41,2026-06-14 21:41:00,presencial
18326,585,63,217.37,2026-06-14 22:25:00,presencial
18327,443,60,80.74,2026-06-14 22:32:00,presencial
18328,574,13,35.2,2026-06-14 22:33:00,presencial
18329,544,178,81.47,2026-06-14 22:37:00,presencial
18330,135,78,32.5,2026-06-14 22:47:00,online
18331,307,141,55.36,2026-06-14 22:52:00,presencial
18332,389,143,88.28,2026-06-14 22:58:00,presencial
18333,445,71,307.39,2026-06-14 22:59:00,presencial
18334,401,100,73.29,2026-06-14 23:21:00,online
18335,272,21,56.8,2026-06-14 23:53:00,online
18336,3,134,419.45,2026-06-14 23:58:00,presencial
18337,564,135,5.2,2026-06-15 00:03:00,presencial
18338,414,43,40.4,2026-06-15 00:07:00,online
18339,502,40,19.78,2026-06-15 00:08:00,presencial
18340,133,80,34.39,2026-06-15 00:22:00,presencial
18341,64,139,86.87,2026-06-15 00:39:00,presencial
18342,541,104,131.46,2026-06-15 00:47:00,presencial
18343,484,13,25.22,2026-06-15 01:15:00,presencial
18344,504,115,93.32,2026-06-15 01:24:00,presencial
18345,265,142,16.65,2026-06-15 02:23:00,presencial
18346,544,38,10.93,2026-06-15 02:34:00,online
18347,135,89,48.32,2026-06-15 02:45:00,online
18348,455,162,35.15,2026-06-15 02:48:00,presencial
18349,297,65,230.35,2026-06-15 03:08:00,online
18350,99,19,464.66,2026-06-15 04:05:00,presencial
18351,431,186,22.89,2026-06-15 05:09:00,presencial
18352,217,20,6.09,2026-06-15 05:11:00,presencial
18353,96,13,9.94,2026-06-15 05:15:00,presencial
18354,426,50,17.83,2026-06-15 05:26:00,presencial
18355,464,151,56.15,2026-06-15 05:30:00,presencial
18356,194,131,33.54,2026-06-15 05:36:00,presencial
18357,581,48,11.2,2026-06-15 06:30:00,presencial
18358,427,16,318.86,2026-06-15 06:36:00,presencial
18359,14,191,92.68,2026-06-15 06:50:00,presencial
18360,202,2,309.49,2026-06-15 07:00:00,presencial
18361,585,185,6.16,2026-06-15 07:01:00,online
18362,107,95,181.26,2026-06-15 07:13:00,presencial
18363,573,39,37.94,2026-06-15 07:19:00,presencial
18364,311,70,29.05,2026-06-15 07:28:00,online
18365,406,63,45.91,2026-06-15 07:35:00,presencial
18366,412,32,20.71,2026-06-15 07:55:00,online
18367,308,87,38.2,2026-06-15 08:04:00,presencial
18368,311,132,126.6,2026-06-15 08:17:00,presencial
18369,341,95,5.16,2026-06-15 08:28:00,presencial
18370,386,129,232.07,2026-06-15 08:37:00,online
18371,443,195,68.83,2026-06-15 08:37:00,presencial
18372,263,25,39.6,2026-06-15 08:56:00,online
18373,262,148,125.11,2026-06-15 08:58:00,presencial
18374,467,46,66.7,2026-06-15 09:04:00,presencial
18375,455,4,26.37,2026-06-15 09:12:00,presencial
18376,390,73,19.1,2026-06-15 09:29:00,online
18377,277,79,232.64,2026-06-15 09:41:00,presencial
18378,345,199,8.79,2026-06-15 09:51:00,online
18379,343,69,36.0,2026-06-15 10:09:00,online
18380,262,154,9.47,2026-06-15 10:27:00,online
18381,108,188,76.44,2026-06-15 10:33:00,online
18382,322,68,40.18,2026-06-15 10:46:00,online
18383,266,36,11.31,2026-06-15 10:48:00,presencial
18384,31,194,17.19,2026-06-15 10:52:00,presencial
18385,574,92,46.94,2026-06-15 10:56:00,presencial
18386,401,91,61.17,2026-06-15 11:02:00,presencial
18387,69,146,5.31,2026-06-15 11:05:00,online
18388,123,77,20.57,2026-06-15 11:05:00,presencial
18389,343,109,53.33,2026-06-15 11:08:00,presencial
18390,517,189,169.15,2026-06-15 11:14:00,online
18391,292,10,112.53,2026-06-15 11:26:00,presencial
18392,488,148,27.1,2026-06-15 11:47:00,presencial
18393,77,80,134.16,2026-06-15 12:07:00,presencial
18394,317,110,31.61,2026-06-15 12:15:00,online
18395,497,183,1.44,2026-06-15 12:22:00,presencial
18396,509,121,218.1,2026-06-15 12:50:00,presencial
18397,145,84,73.95,2026-06-15 12:57:00,presencial
18398,403,195,54.97,2026-06-15 13:03:00,presencial
18399,24,122,45.11,2026-06-15 13:26:00,online
18400,85,31,62.36,2026-06-15 13:58:00,presencial
18401,541,18,45.06,2026-06-15 14:00:00,online
18402,445,70,32.52,2026-06-15 14:12:00,presencial
18403,125,144,21.79,2026-06-15 14:38:00,presencial
18404,598,85,48.65,2026-06-15 14:55:00,presencial
18405,596,34,16.96,2026-06-15 15:27:00,presencial
18406,25,197,12.72,2026-06-15 15:57:00,presencial
18407,16,40,60.15,2026-06-15 16:07:00,online
18408,147,17,131.37,2026-06-15 16:58:00,presencial
18409,477,77,18.62,2026-06-15 17:16:00,online
18410,359,23,22.55,2026-06-15 17:33:00,online
18411,308,119,6.92,2026-06-15 17:59:00,presencial
18412,250,88,10.51,2026-06-15 18:12:00,online
18413,288,186,10.95,2026-06-15 18:26:00,presencial
18414,383,34,130.54,2026-06-15 18:28:00,presencial
18415,39,54,6.62,2026-06-15 18:31:00,presencial
18416,352,137,74.08,2026-06-15 18:31:00,presencial
18417,133,140,33.39,2026-06-15 18:32:00,presencial
18418,473,73,86.99,2026-06-15 18:33:00,online
18419,118,185,161.23,2026-06-15 18:59:00,presencial
18420,43,170,43.25,2026-06-15 19:29:00,online
18421,261,123,155.57,2026-06-15 19:34:00,presencial
18422,265,150,245.88,2026-06-15 19:42:00,presencial
18423,312,108,196.56,2026-06-15 19:50:00,presencial
18424,517,95,21.34,2026-06-15 20:06:00,online
18425,420,110,5.12,2026-06-15 20:10:00,online
18426,218,169,38.97,2026-06-15 20:39:00,presencial
18427,436,4,54.39,2026-06-15 20:56:00,presencial
18428,303,21,5.21,2026-06-15 20:59:00,presencial
18429,135,95,47.81,2026-06-15 21:01:00,online
18430,13,117,2.64,2026-06-15 21:40:00,presencial
18431,3,36,244.79,2026-06-15 21:47:00,presencial
18432,135,122,75.58,2026-06-15 21:51:00,presencial
18433,492,5,18.18,2026-06-15 21:58:00,presencial
18434,279,50,51.39,2026-06-15 22:16:00,presencial
18435,272,92,58.86,2026-06-15 22:24:00,presencial
18436,240,10,76.04,2026-06-15 22:35:00,presencial
18437,154,127,48.25,2026-06-15 22:36:00,presencial
18438,429,108,126.4,2026-06-15 22:42:00,presencial
18439,8,114,11.08,2026-06-15 22:53:00,online
18440,368,103,38.78,2026-06-15 23:14:00,presencial
18441,563,139,319.04,2026-06-15 23:38:00,online
18442,529,131,30.36,2026-06-15 23:49:00,online
18443,222,133,58.3,2026-06-15 23:56:00,online
18444,513,43,14.96,2026-06-16 00:28:00,presencial
18445,143,138,479.41,2026-06-16 00:35:00,online
18446,145,36,61.18,2026-06-16 00:43:00,presencial
18447,207,5,11.19,2026-06-16 00:44:00,presencial
18448,11,196,148.32,2026-06-16 00:52:00,presencial
18449,160,36,13.73,2026-06-16 01:05:00,presencial
18450,513,23,94.84,2026-06-16 01:42:00,presencial
18451,458,61,138.79,2026-06-16 02:00:00,online
18452,198,200,415.44,2026-06-16 02:13:00,presencial
18453,188,173,57.18,2026-06-16 02:27:00,online
18454,209,144,47.17,2026-06-16 02:46:00,presencial
18455,72,38,4.81,2026-06-16 02:46:00,presencial
18456,96,126,27.05,2026-06-16 02:56:00,presencial
18457,596,167,20.38,2026-06-16 03:06:00,presencial
18458,416,68,36.64,2026-06-16 03:19:00,online
18459,407,52,25.23,2026-06-16 03:25:00,online
18460,169,174,106.15,2026-06-16 03:25:00,presencial
18461,514,27,24.15,2026-06-16 03:47:00,online
18462,107,183,75.42,2026-06-16 03:54:00,online
18463,582,96,39.37,2026-06-16 03:54:00,online
18464,303,145,22.53,2026-06-16 04:00:00,online
18465,199,75,20.39,2026-06-16 04:19:00,online
18466,451,142,57.76,2026-06-16 04:40:00,presencial
18467,251,185,201.91,2026-06-16 04:42:00,presencial
18468,162,99,20.01,2026-06-16 04:47:00,presencial
18469,411,43,47.1,2026-06-16 04:51:00,online
18470,434,16,76.11,2026-06-16 04:53:00,online
18471,362,186,43.74,2026-06-16 05:27:00,online
18472,278,200,6.45,2026-06-16 06:17:00,online
18473,198,131,75.71,2026-06-16 06:32:00,online
18474,243,4,8.52,2026-06-16 06:44:00,online
18475,525,177,8.66,2026-06-16 06:50:00,presencial
18476,216,100,10.64,2026-06-16 06:51:00,online
18477,581,47,37.41,2026-06-16 07:08:00,presencial
18478,88,74,15.49,2026-06-16 07:08:00,presencial
18479,98,189,9.22,2026-06-16 07:14:00,presencial
18480,200,156,67.9,2026-06-16 08:13:00,online
18481,2,120,43.4,2026-06-16 08:17:00,online
18482,528,148,102.87,2026-06-16 08:23:00,presencial
18483,205,170,20.04,2026-06-16 08:36:00,presencial
18484,62,126,41.68,2026-06-16 08:39:00,presencial
18485,372,63,107.81,2026-06-16 08:41:00,presencial
18486,575,15,10.54,2026-06-16 08:53:00,presencial
18487,597,25,21.59,2026-06-16 08:55:00,presencial
18488,65,48,133.23,2026-06-16 08:58:00,online
18489,476,154,45.67,2026-06-16 09:14:00,presencial
18490,218,19,37.88,2026-06-16 09:16:00,online
18491,502,26,42.84,2026-06-16 09:29:00,presencial
18492,364,196,171.63,2026-06-16 09:30:00,online
18493,440,81,43.53,2026-06-16 09:39:00,online
18494,503,26,47.0,2026-06-16 09:41:00,presencial
18495,538,175,43.89,2026-06-16 09:56:00,presencial
18496,87,194,7.56,2026-06-16 10:14:00,presencial
18497,435,101,77.7,2026-06-16 10:21:00,presencial
18498,85,23,18.11,2026-06-16 10:29:00,presencial
18499,567,126,11.15,2026-06-16 10:44:00,online
18500,378,173,6.55,2026-06-16 10:50:00,presencial
18501,116,194,8.23,2026-06-16 10:53:00,online
18502,176,115,3.68,2026-06-16 11:38:00,presencial
18503,538,189,14.47,2026-06-16 11:44:00,presencial
18504,387,167,27.71,2026-06-16 11:49:00,online
18505,138,33,143.65,2026-06-16 11:50:00,online
18506,493,127,47.79,2026-06-16 11:52:00,presencial
18507,431,134,59.08,2026-06-16 12:12:00,presencial
18508,47,154,182.6,2026-06-16 12:50:00,presencial
18509,170,107,1.94,2026-06-16 12:58:00,presencial
18510,507,147,68.77,2026-06-16 13:25:00,presencial
18511,211,117,63.21,2026-06-16 13:34:00,presencial
18512,23,53,110.61,2026-06-16 13:41:00,presencial
18513,363,97,6.2,2026-06-16 13:56:00,online
18514,540,188,23.77,2026-06-16 14:04:00,presencial
18515,334,169,16.05,2026-06-16 14:57:00,presencial
18516,586,129,10.84,2026-06-16 14:59:00,online
18517,69,65,569.02,2026-06-16 15:00:00,presencial
18518,401,41,23.98,2026-06-16 15:38:00,presencial
18519,390,58,123.96,2026-06-16 15:42:00,presencial
18520,591,62,97.15,2026-06-16 15:43:00,presencial
18521,313,193,9.17,2026-06-16 15:55:00,presencial
18522,494,107,25.09,2026-06-16 16:13:00,online
18523,88,79,47.77,2026-06-16 17:03:00,presencial
18524,27,177,69.06,2026-06-16 17:06:00,presencial
18525,430,74,64.31,2026-06-16 17:32:00,presencial
18526,3,160,307.49,2026-06-16 17:41:00,presencial
18527,525,129,121.69,2026-06-16 17:43:00,presencial
18528,13,61,92.08,2026-06-16 17:45:00,online
18529,414,193,129.69,2026-06-16 18:00:00,presencial
18530,272,138,197.96,2026-06-16 18:02:00,online
18531,388,198,22.53,2026-06-16 18:20:00,presencial
18532,375,1,7.87,2026-06-16 18:39:00,online
18533,267,57,22.94,2026-06-16 18:49:00,online
18534,289,67,9.87,2026-06-16 18:50:00,presencial
18535,303,135,15.16,2026-06-16 18:51:00,presencial
18536,407,168,49.89,2026-06-16 18:52:00,presencial
18537,427,25,24.32,2026-06-16 19:12:00,presencial
18538,270,31,91.18,2026-06-16 19:25:00,presencial
18539,212,135,62.43,2026-06-16 19:38:00,presencial
18540,26,71,66.77,2026-06-16 20:17:00,presencial
18541,468,140,11.12,2026-06-16 20:20:00,presencial
18542,136,1,17.02,2026-06-16 20:22:00,presencial
18543,261,105,5.47,2026-06-16 20:23:00,presencial
18544,596,5,83.5,2026-06-16 20:25:00,online
18545,471,191,370.32,2026-06-16 20:54:00,presencial
18546,208,30,54.42,2026-06-16 20:55:00,presencial
18547,285,36,60.01,2026-06-16 21:13:00,presencial
18548,195,21,24.91,2026-06-16 21:43:00,online
18549,376,45,35.23,2026-06-16 22:02:00,presencial
18550,92,98,181.66,2026-06-16 22:03:00,online
18551,572,124,49.39,2026-06-16 22:05:00,online
18552,593,181,90.31,2026-06-16 22:20:00,presencial
18553,180,176,186.96,2026-06-16 22:28:00,presencial
18554,139,17,149.98,2026-06-16 22:49:00,online
18555,324,86,46.32,2026-06-16 23:29:00,presencial
18556,389,174,50.22,2026-06-16 23:31:00,online
18557,387,34,29.23,2026-06-16 23:34:00,online
18558,26,134,77.39,2026-06-16 23:49:00,presencial
18559,427,86,28.37,2026-06-17 00:15:00,presencial
18560,40,34,65.7,2026-06-17 00:18:00,presencial
18561,206,13,140.07,2026-06-17 00:20:00,presencial
18562,431,58,7.0,2026-06-17 00:25:00,online
18563,533,1,5.79,2026-06-17 00:30:00,online
18564,382,39,42.56,2026-06-17 00:49:00,presencial
18565,96,110,93.29,2026-06-17 00:53:00,online
18566,409,158,61.29,2026-06-17 01:02:00,online
18567,23,102,11.8,2026-06-17 01:12:00,presencial
18568,139,146,120.26,2026-06-17 01:12:00,presencial
18569,75,15,364.72,2026-06-17 01:38:00,presencial
18570,591,61,17.19,2026-06-17 01:52:00,online
18571,222,132,20.14,2026-06-17 01:57:00,online
18572,336,11,45.98,2026-06-17 01:59:00,online
18573,475,117,38.93,2026-06-17 02:17:00,online
18574,582,34,167.9,2026-06-17 03:13:00,online
18575,598,84,61.07,2026-06-17 03:14:00,online
18576,99,126,32.44,2026-06-17 03:34:00,presencial
18577,237,198,23.37,2026-06-17 04:00:00,presencial
18578,244,19,8.33,2026-06-17 04:10:00,presencial
18579,478,111,201.63,2026-06-17 04:28:00,online
18580,202,108,89.16,2026-06-17 04:31:00,presencial
18581,139,13,40.47,2026-06-17 04:58:00,online
18582,454,123,50.38,2026-06-17 05:01:00,online
18583,298,16,39.71,2026-06-17 05:23:00,presencial
18584,449,138,6.41,2026-06-17 05:30:00,online
18585,228,42,9.36,2026-06-17 05:38:00,online
18586,292,26,35.71,2026-06-17 05:42:00,presencial
18587,6,15,35.05,2026-06-17 05:53:00,presencial
18588,10,92,44.11,2026-06-17 05:58:00,online
18589,1,48,289.25,2026-06-17 06:05:00,online
18590,106,93,32.62,2026-06-17 06:19:00,presencial
18591,209,180,19.32,2026-06-17 06:44:00,presencial
18592,31,168,47.39,2026-06-17 06:50:00,online
18593,97,151,9.62,2026-06-17 06:54:00,online
18594,509,94,53.04,2026-06-17 07:07:00,online
18595,513,23,20.14,2026-06-17 07:10:00,presencial
18596,174,82,57.26,2026-06-17 07:38:00,online
18597,568,5,36.66,2026-06-17 07:45:00,online
18598,71,25,38.26,2026-06-17 07:52:00,presencial
18599,19,61,89.05,2026-06-17 08:00:00,presencial
18600,213,139,100.27,2026-06-17 08:09:00,presencial
18601,159,158,418.4,2026-06-17 08:35:00,presencial
18602,47,124,95.94,2026-06-17 08:35:00,presencial
18603,509,52,34.14,2026-06-17 08:40:00,presencial
18604,588,144,22.29,2026-06-17 08:45:00,presencial
18605,163,200,65.47,2026-06-17 09:06:00,online
18606,190,132,223.09,2026-06-17 09:08:00,presencial
18607,432,153,114.65,2026-06-17 09:18:00,online
18608,560,176,20.42,2026-06-17 09:23:00,online
18609,173,144,73.54,2026-06-17 09:36:00,presencial
18610,410,176,57.07,2026-06-17 09:49:00,online
18611,14,60,141.74,2026-06-17 09:50:00,presencial
18612,340,62,62.27,2026-06-17 09:53:00,online
18613,593,35,59.77,2026-06-17 10:03:00,online
18614,286,37,12.19,2026-06-17 10:12:00,presencial
18615,385,111,106.83,2026-06-17 10:23:00,online
18616,413,186,9.68,2026-06-17 10:38:00,online
18617,380,45,49.33,2026-06-17 12:10:00,online
18618,412,143,24.39,2026-06-17 12:23:00,online
18619,533,16,22.86,2026-06-17 12:29:00,online
18620,7,195,84.85,2026-06-17 12:33:00,online
18621,531,106,44.54,2026-06-17 12:40:00,online
18622,545,100,3.21,2026-06-17 12:54:00,online
18623,543,72,35.96,2026-06-17 13:07:00,online
18624,221,193,29.16,2026-06-17 13:22:00,presencial
18625,350,84,178.25,2026-06-17 13:30:00,online
18626,212,25,11.4,2026-06-17 13:33:00,online
18627,505,113,368.2,2026-06-17 13:36:00,presencial
18628,244,119,114.71,2026-06-17 13:44:00,online
18629,188,150,32.92,2026-06-17 13:52:00,presencial
18630,412,100,28.2,2026-06-17 14:18:00,presencial
18631,30,56,22.15,2026-06-17 14:34:00,online
18632,226,1,63.52,2026-06-17 14:39:00,presencial
18633,124,198,18.79,2026-06-17 14:49:00,online
18634,225,39,39.29,2026-06-17 14:58:00,online
18635,270,71,13.53,2026-06-17 15:04:00,online
18636,39,31,97.91,2026-06-17 15:07:00,online
18637,519,48,53.86,2026-06-17 15:08:00,presencial
18638,250,13,26.72,2026-06-17 15:54:00,online
18639,216,69,34.26,2026-06-17 15:54:00,presencial
18640,90,190,20.86,2026-06-17 15:58:00,online
18641,598,45,63.09,2026-06-17 15:58:00,online
18642,514,194,11.24,2026-06-17 16:01:00,online
18643,290,127,120.56,2026-06-17 16:04:00,presencial
18644,201,179,54.09,2026-06-17 16:06:00,online
18645,281,125,27.29,2026-06-17 16:18:00,presencial
18646,577,198,85.32,2026-06-17 16:25:00,online
18647,133,111,68.54,2026-06-17 16:45:00,online
18648,411,167,14.15,2026-06-17 16:48:00,presencial
18649,543,8,188.31,2026-06-17 16:57:00,online
18650,454,187,2.87,2026-06-17 17:00:00,presencial
18651,523,4,148.19,2026-06-17 17:07:00,online
18652,569,40,37.36,2026-06-17 17:14:00,presencial
18653,36,148,132.9,2026-06-17 17:21:00,online
18654,144,52,217.99,2026-06-17 17:23:00,presencial
18655,87,9,27.93,2026-06-17 17:28:00,presencial
18656,341,173,29.41,2026-06-17 17:28:00,presencial
18657,245,103,63.19,2026-06-17 17:42:00,presencial
18658,25,96,12.85,2026-06-17 17:56:00,online
18659,335,64,31.04,2026-06-17 17:59:00,online
18660,61,144,28.27,2026-06-17 18:24:00,presencial
18661,245,63,12.12,2026-06-17 18:41:00,online
18662,220,113,26.68,2026-06-17 18:42:00,presencial
18663,537,27,102.35,2026-06-17 18:43:00,online
18664,410,62,94.53,2026-06-17 19:26:00,online
18665,375,6,36.78,2026-06-17 19:47:00,online
18666,500,57,47.88,2026-06-17 20:01:00,presencial
18667,109,77,31.99,2026-06-17 20:16:00,online
18668,154,150,6.44,2026-06-17 20:18:00,presencial
18669,452,165,14.61,2026-06-17 21:19:00,presencial
18670,450,107,128.37,2026-06-17 21:27:00,presencial
18671,13,186,166.83,2026-06-17 21:36:00,presencial
18672,135,72,17.39,2026-06-17 22:07:00,online
18673,137,99,153.09,2026-06-17 22:12:00,online
18674,4,124,11.93,2026-06-17 22:16:00,presencial
18675,397,36,25.31,2026-06-17 22:28:00,online
18676,33,84,39.22,2026-06-17 22:28:00,online
18677,505,180,33.1,2026-06-17 22:53:00,presencial
18678,352,96,20.88,2026-06-17 23:29:00,online
18679,458,187,51.39,2026-06-17 23:54:00,online
18680,299,136,105.01,2026-06-18 00:14:00,presencial
18681,583,34,9.03,2026-06-18 00:15:00,online
18682,163,92,51.36,2026-06-18 00:53:00,presencial
18683,335,74,129.21,2026-06-18 00:56:00,presencial
18684,4,190,28.39,2026-06-18 01:11:00,presencial
18685,500,68,24.49,2026-06-18 01:26:00,presencial
18686,341,98,17.53,2026-06-18 01:37:00,presencial
18687,106,139,403.59,2026-06-18 01:52:00,presencial
18688,491,193,231.02,2026-06-18 02:15:00,presencial
18689,594,110,32.32,2026-06-18 02:25:00,online
18690,42,170,163.74,2026-06-18 02:57:00,presencial
18691,508,24,25.06,2026-06-18 03:00:00,online
18692,442,179,37.67,2026-06-18 03:03:00,online
18693,213,42,13.93,2026-06-18 03:10:00,presencial
18694,381,153,5.89,2026-06-18 03:14:00,presencial
18695,472,107,23.61,2026-06-18 03:21:00,online
18696,288,121,28.01,2026-06-18 04:32:00,presencial
18697,400,19,71.47,2026-06-18 04:43:00,online
18698,30,107,91.88,2026-06-18 05:09:00,presencial
18699,556,18,39.06,2026-06-18 05:42:00,presencial
18700,555,111,15.03,2026-06-18 05:49:00,online
18701,127,82,21.68,2026-06-18 06:03:00,presencial
18702,287,41,257.29,2026-06-18 06:09:00,presencial
18703,144,99,89.31,2026-06-18 06:23:00,presencial
18704,240,43,213.82,2026-06-18 06:31:00,presencial
18705,166,17,315.66,2026-06-18 06:44:00,online
18706,517,7,21.69,2026-06-18 06:49:00,online
18707,417,69,110.19,2026-06-18 06:54:00,online
18708,508,150,16.57,2026-06-18 06:58:00,online
18709,476,116,139.3,2026-06-18 07:01:00,online
18710,437,25,111.12,2026-06-18 07:38:00,presencial
18711,100,89,4.37,2026-06-18 08:04:00,presencial
18712,498,117,69.62,2026-06-18 08:16:00,online
18713,470,47,17.42,2026-06-18 08:42:00,online
18714,75,28,30.74,2026-06-18 08:50:00,online
18715,53,50,21.64,2026-06-18 08:57:00,presencial
18716,457,14,121.36,2026-06-18 09:19:00,presencial
18717,235,49,21.08,2026-06-18 09:25:00,presencial
18718,197,107,10.95,2026-06-18 09:32:00,presencial
18719,238,161,18.39,2026-06-18 09:34:00,presencial
18720,521,175,35.31,2026-06-18 09:45:00,presencial
18721,219,135,70.19,2026-06-18 09:49:00,presencial
18722,223,72,166.58,2026-06-18 10:09:00,presencial
18723,240,187,78.65,2026-06-18 10:11:00,online
18724,33,184,84.96,2026-06-18 10:58:00,online
18725,23,72,100.72,2026-06-18 11:03:00,presencial
18726,249,3,109.85,2026-06-18 11:12:00,online
18727,11,87,139.31,2026-06-18 11:14:00,online
18728,455,94,703.17,2026-06-18 11:27:00,presencial
18729,255,136,107.87,2026-06-18 11:43:00,online
18730,301,30,61.26,2026-06-18 11:53:00,presencial
18731,202,109,26.8,2026-06-18 11:56:00,presencial
18732,459,64,62.86,2026-06-18 12:17:00,presencial
18733,257,100,159.06,2026-06-18 12:42:00,online
18734,22,5,11.7,2026-06-18 12:42:00,presencial
18735,293,106,178.47,2026-06-18 12:43:00,presencial
18736,107,8,27.95,2026-06-18 12:53:00,online
18737,358,171,34.64,2026-06-18 12:54:00,online
18738,339,143,79.36,2026-06-18 12:57:00,online
18739,285,185,25.04,2026-06-18 13:01:00,presencial
18740,232,131,74.05,2026-06-18 13:28:00,online
18741,358,196,12.59,2026-06-18 13:37:00,presencial
18742,409,42,117.16,2026-06-18 14:00:00,online
18743,528,2,55.45,2026-06-18 14:20:00,presencial
18744,578,181,44.52,2026-06-18 14:24:00,online
18745,50,132,60.47,2026-06-18 14:24:00,presencial
18746,396,138,43.72,2026-06-18 14:41:00,presencial
18747,51,59,72.65,2026-06-18 14:44:00,online
18748,251,68,35.59,2026-06-18 14:45:00,online
18749,445,136,32.46,2026-06-18 15:17:00,presencial
18750,326,82,6.39,2026-06-18 15:26:00,online
18751,485,16,200.61,2026-06-18 15:26:00,presencial
18752,548,59,12.44,2026-06-18 15:33:00,presencial
18753,585,77,264.28,2026-06-18 15:36:00,presencial
18754,404,167,34.24,2026-06-18 15:45:00,online
18755,405,69,170.59,2026-06-18 15:54:00,presencial
18756,482,99,140.67,2026-06-18 16:03:00,presencial
18757,140,120,128.82,2026-06-18 16:06:00,presencial
18758,181,28,47.04,2026-06-18 16:13:00,presencial
18759,205,117,12.01,2026-06-18 16:28:00,presencial
18760,447,41,36.59,2026-06-18 17:11:00,presencial
18761,211,176,31.63,2026-06-18 17:19:00,presencial
18762,84,60,39.95,2026-06-18 17:23:00,online
18763,480,61,11.58,2026-06-18 18:08:00,presencial
18764,450,81,32.63,2026-06-18 18:16:00,presencial
18765,357,73,1.8,2026-06-18 18:16:00,presencial
18766,529,119,32.13,2026-06-18 18:44:00,presencial
18767,476,145,51.34,2026-06-18 18:53:00,online
18768,541,193,18.91,2026-06-18 18:53:00,online
18769,156,178,33.21,2026-06-18 18:59:00,presencial
18770,70,53,53.45,2026-06-18 19:15:00,presencial
18771,205,121,136.2,2026-06-18 19:18:00,presencial
18772,498,66,142.61,2026-06-18 19:35:00,online
18773,555,162,62.55,2026-06-18 19:40:00,presencial
18774,66,5,43.28,2026-06-18 19:48:00,presencial
18775,514,199,66.07,2026-06-18 20:23:00,online
18776,288,75,323.74,2026-06-18 20:40:00,online
18777,491,149,77.6,2026-06-18 20:46:00,presencial
18778,410,136,59.54,2026-06-18 20:57:00,presencial
18779,37,74,145.5,2026-06-18 21:06:00,presencial
18780,291,193,47.13,2026-06-18 21:22:00,presencial
18781,54,54,17.48,2026-06-18 21:23:00,presencial
18782,204,149,74.07,2026-06-18 21:54:00,online
18783,455,186,53.91,2026-06-18 22:05:00,presencial
18784,411,24,35.15,2026-06-18 22:11:00,presencial
18785,423,184,81.3,2026-06-18 22:14:00,online
18786,397,179,6.09,2026-06-18 22:15:00,online
18787,9,76,24.66,2026-06-18 22:17:00,online
18788,350,168,17.0,2026-06-18 22:22:00,presencial
18789,292,2,19.06,2026-06-18 22:46:00,online
18790,318,38,37.74,2026-06-18 22:47:00,presencial
18791,128,151,16.43,2026-06-18 22:57:00,presencial
18792,424,187,282.78,2026-06-18 23:05:00,online
18793,365,26,73.47,2026-06-18 23:11:00,presencial
18794,242,143,18.66,2026-06-18 23:24:00,online
18795,34,21,6.59,2026-06-18 23:36:00,online
18796,42,157,23.53,2026-06-18 23:37:00,online
18797,216,180,31.1,2026-06-18 23:38:00,presencial
18798,323,92,22.23,2026-06-18 23:46:00,presencial
18799,599,21,732.7,2026-06-18 23:58:00,online
18800,435,41,7.25,2026-06-19 00:42:00,presencial
18801,292,102,47.28,2026-06-19 01:28:00,presencial
18802,180,160,38.75,2026-06-19 01:33:00,presencial
18803,102,104,33.99,2026-06-19 01:36:00,presencial
18804,85,96,5.29,2026-06-19 02:00:00,presencial
18805,44,121,42.65,2026-06-19 02:02:00,presencial
18806,548,194,54.51,2026-06-19 02:19:00,online
18807,10,158,97.58,2026-06-19 02:22:00,presencial
18808,519,31,76.06,2026-06-19 02:31:00,online
18809,351,40,170.73,2026-06-19 02:44:00,online
18810,372,72,4.71,2026-06-19 02:49:00,online
18811,576,55,34.52,2026-06-19 02:49:00,presencial
18812,472,148,702.72,2026-06-19 02:50:00,online
18813,89,199,143.47,2026-06-19 02:57:00,presencial
18814,582,115,9.04,2026-06-19 03:16:00,online
18815,106,179,49.25,2026-06-19 03:18:00,online
18816,342,87,14.12,2026-06-19 03:35:00,online
18817,385,138,27.81,2026-06-19 03:38:00,presencial
18818,147,141,403.28,2026-06-19 04:14:00,presencial
18819,379,59,128.3,2026-06-19 04:16:00,online
18820,384,147,8.4,2026-06-19 04:16:00,presencial
18821,588,108,19.26,2026-06-19 04:23:00,presencial
18822,549,116,44.74,2026-06-19 04:43:00,presencial
18823,240,51,33.42,2026-06-19 04:48:00,presencial
18824,415,64,63.09,2026-06-19 04:52:00,online
18825,493,172,19.07,2026-06-19 05:04:00,presencial
18826,16,124,29.88,2026-06-19 05:22:00,online
18827,411,27,18.83,2026-06-19 05:23:00,online
18828,551,110,29.83,2026-06-19 05:58:00,online
18829,73,124,96.96,2026-06-19 06:19:00,presencial
18830,453,160,61.96,2026-06-19 06:37:00,online
18831,37,171,20.67,2026-06-19 07:19:00,online
18832,242,131,155.33,2026-06-19 07:26:00,online
18833,492,3,144.04,2026-06-19 08:56:00,online
18834,593,100,44.65,2026-06-19 09:26:00,presencial
18835,437,42,33.65,2026-06-19 09:26:00,presencial
18836,434,4,310.69,2026-06-19 09:29:00,online
18837,156,185,261.81,2026-06-19 09:48:00,presencial
18838,496,34,8.44,2026-06-19 09:52:00,online
18839,396,50,166.29,2026-06-19 10:07:00,online
18840,566,68,297.72,2026-06-19 10:19:00,presencial
18841,362,94,92.05,2026-06-19 10:36:00,online
18842,24,121,26.75,2026-06-19 10:42:00,online
18843,307,63,30.56,2026-06-19 11:26:00,online
18844,465,159,293.44,2026-06-19 11:33:00,online
18845,473,32,112.05,2026-06-19 11:36:00,presencial
18846,232,192,81.61,2026-06-19 11:37:00,presencial
18847,103,172,581.76,2026-06-19 12:28:00,online
18848,522,120,14.75,2026-06-19 12:36:00,presencial
18849,494,10,40.45,2026-06-19 12:57:00,presencial
18850,528,146,55.09,2026-06-19 13:01:00,online
18851,403,141,35.42,2026-06-19 13:16:00,presencial
18852,498,125,5.9,2026-06-19 13:16:00,online
18853,242,57,134.86,2026-06-19 13:23:00,presencial
18854,468,87,19.56,2026-06-19 13:24:00,presencial
18855,293,84,19.18,2026-06-19 13:32:00,online
18856,477,122,30.12,2026-06-19 13:43:00,presencial
18857,88,67,34.7,2026-06-19 14:00:00,online
18858,178,81,39.11,2026-06-19 14:13:00,online
18859,129,182,129.03,2026-06-19 14:35:00,presencial
18860,244,91,161.7,2026-06-19 14:44:00,online
18861,489,119,33.61,2026-06-19 14:44:00,presencial
18862,70,183,23.15,2026-06-19 15:06:00,presencial
18863,439,189,38.81,2026-06-19 15:11:00,presencial
18864,499,113,16.73,2026-06-19 15:37:00,presencial
18865,403,54,43.33,2026-06-19 15:38:00,online
18866,388,21,15.79,2026-06-19 15:53:00,online
18867,84,172,464.03,2026-06-19 16:07:00,online
18868,368,105,51.46,2026-06-19 16:44:00,online
18869,136,114,24.74,2026-06-19 16:51:00,presencial
18870,148,191,97.17,2026-06-19 17:04:00,online
18871,517,75,11.53,2026-06-19 17:05:00,presencial
18872,370,21,20.44,2026-06-19 17:50:00,online
18873,597,135,71.25,2026-06-19 18:21:00,presencial
18874,273,195,51.88,2026-06-19 18:23:00,presencial
18875,215,34,141.69,2026-06-19 19:19:00,presencial
18876,598,198,2.22,2026-06-19 19:24:00,presencial
18877,374,109,109.94,2026-06-19 20:03:00,presencial
18878,518,113,24.59,2026-06-19 20:09:00,presencial
18879,27,192,12.34,2026-06-19 20:45:00,presencial
18880,316,67,6.72,2026-06-19 20:53:00,presencial
18881,491,150,24.26,2026-06-19 20:56:00,presencial
18882,486,2,256.97,2026-06-19 21:09:00,presencial
18883,430,135,129.8,2026-06-19 21:12:00,presencial
18884,99,4,269.83,2026-06-19 21:30:00,online
18885,329,1,39.44,2026-06-19 21:46:00,presencial
18886,61,78,50.27,2026-06-19 21:50:00,presencial
18887,482,75,7.87,2026-06-19 21:51:00,online
18888,379,157,7.87,2026-06-19 21:51:00,presencial
18889,117,179,38.05,2026-06-19 21:59:00,presencial
18890,437,189,9.84,2026-06-19 22:34:00,presencial
18891,432,125,17.41,2026-06-19 22:37:00,presencial
18892,32,31,46.88,2026-06-19 22:42:00,presencial
18893,54,135,181.2,2026-06-19 22:42:00,online
18894,121,98,45.19,2026-06-19 23:07:00,presencial
18895,43,106,10.01,2026-06-19 23:25:00,presencial
18896,323,101,6.03,2026-06-19 23:40:00,online
18897,528,177,51.0,2026-06-19 23:50:00,presencial
18898,38,77,22.38,2026-06-20 00:08:00,online
18899,369,193,50.79,2026-06-20 00:09:00,presencial
18900,255,108,35.71,2026-06-20 00:16:00,online
18901,502,138,41.37,2026-06-20 00:20:00,online
18902,290,186,167.63,2026-06-20 00:22:00,online
18903,402,163,142.45,2026-06-20 00:38:00,presencial
18904,554,88,67.07,2026-06-20 01:08:00,presencial
18905,82,41,16.7,2026-06-20 01:13:00,presencial
18906,190,28,24.38,2026-06-20 01:26:00,online
18907,162,73,103.5,2026-06-20 01:33:00,presencial
18908,102,134,187.08,2026-06-20 02:12:00,presencial
18909,389,160,11.01,2026-06-20 02:23:00,presencial
18910,5,7,239.91,2026-06-20 02:25:00,presencial
18911,232,93,18.96,2026-06-20 02:37:00,online
18912,73,189,93.29,2026-06-20 02:44:00,presencial
18913,370,165,973.76,2026-06-20 03:02:00,online
18914,451,188,7.78,2026-06-20 03:06:00,presencial
18915,281,192,77.92,2026-06-20 03:55:00,online
18916,267,19,31.65,2026-06-20 04:11:00,presencial
18917,270,137,73.11,2026-06-20 04:18:00,presencial
18918,120,111,22.63,2026-06-20 04:27:00,online
18919,226,96,2.92,2026-06-20 04:38:00,presencial
18920,560,160,19.51,2026-06-20 04:47:00,presencial
18921,25,187,65.48,2026-06-20 05:05:00,online
18922,473,93,197.18,2026-06-20 05:23:00,presencial
18923,99,130,69.83,2026-06-20 05:48:00,online
18924,69,96,225.89,2026-06-20 05:58:00,presencial
18925,172,128,25.98,2026-06-20 06:17:00,presencial
18926,162,195,23.75,2026-06-20 06:31:00,online
18927,190,163,65.2,2026-06-20 06:57:00,presencial
18928,510,47,29.59,2026-06-20 07:05:00,online
18929,543,174,153.66,2026-06-20 07:22:00,online
18930,416,106,9.52,2026-06-20 07:30:00,presencial
18931,88,117,115.47,2026-06-20 08:04:00,online
18932,568,23,168.82,2026-06-20 08:23:00,presencial
18933,509,89,66.79,2026-06-20 09:04:00,online
18934,46,61,122.0,2026-06-20 09:07:00,presencial
18935,233,18,21.89,2026-06-20 09:13:00,presencial
18936,466,171,17.91,2026-06-20 09:44:00,presencial
18937,54,26,65.85,2026-06-20 09:56:00,online
18938,46,144,20.2,2026-06-20 10:07:00,presencial
18939,364,150,62.21,2026-06-20 10:26:00,presencial
18940,202,123,62.29,2026-06-20 10:28:00,presencial
18941,265,169,41.51,2026-06-20 10:34:00,presencial
18942,451,23,60.98,2026-06-20 10:40:00,presencial
18943,327,4,89.85,2026-06-20 11:18:00,presencial
18944,427,171,40.04,2026-06-20 11:39:00,presencial
18945,76,37,26.46,2026-06-20 11:48:00,presencial
18946,2,60,110.49,2026-06-20 12:12:00,presencial
18947,152,138,60.38,2026-06-20 12:25:00,online
18948,122,107,73.42,2026-06-20 12:40:00,presencial
18949,195,41,84.85,2026-06-20 12:41:00,presencial
18950,468,47,52.64,2026-06-20 12:48:00,online
18951,92,168,30.61,2026-06-20 13:05:00,online
18952,76,105,22.68,2026-06-20 13:10:00,presencial
18953,121,185,40.56,2026-06-20 13:17:00,online
18954,196,113,75.94,2026-06-20 13:21:00,presencial
18955,119,133,79.94,2026-06-20 13:49:00,presencial
18956,111,69,52.37,2026-06-20 14:03:00,online
18957,348,6,65.85,2026-06-20 14:16:00,presencial
18958,67,102,13.26,2026-06-20 14:18:00,online
18959,93,147,26.82,2026-06-20 15:09:00,online
18960,502,82,93.5,2026-06-20 15:36:00,presencial
18961,11,173,17.87,2026-06-20 15:44:00,presencial
18962,37,140,52.22,2026-06-20 15:59:00,online
18963,42,102,47.31,2026-06-20 16:20:00,online
18964,322,109,39.44,2026-06-20 16:27:00,online
18965,417,46,94.32,2026-06-20 16:44:00,presencial
18966,416,176,57.39,2026-06-20 16:44:00,presencial
18967,415,12,11.97,2026-06-20 16:59:00,presencial
18968,35,10,78.87,2026-06-20 17:06:00,presencial
18969,207,157,25.59,2026-06-20 17:07:00,online
18970,381,6,9.97,2026-06-20 17:52:00,presencial
18971,410,102,101.14,2026-06-20 18:08:00,online
18972,201,38,12.13,2026-06-20 18:09:00,presencial
18973,509,137,30.26,2026-06-20 18:20:00,online
18974,501,24,61.74,2026-06-20 18:31:00,presencial
18975,460,53,41.24,2026-06-20 18:36:00,presencial
18976,479,106,22.49,2026-06-20 18:41:00,presencial
18977,586,76,14.98,2026-06-20 18:41:00,online
18978,477,41,19.37,2026-06-20 19:00:00,online
18979,352,13,13.66,2026-06-20 19:00:00,presencial
18980,240,4,38.89,2026-06-20 19:00:00,online
18981,218,39,24.53,2026-06-20 19:05:00,presencial
18982,494,57,9.81,2026-06-20 19:08:00,presencial
18983,178,24,32.52,2026-06-20 19:19:00,online
18984,378,102,22.03,2026-06-20 20:04:00,presencial
18985,302,178,60.03,2026-06-20 20:14:00,presencial
18986,228,143,66.57,2026-06-20 20:40:00,presencial
18987,271,62,195.62,2026-06-20 20:46:00,online
18988,49,88,91.15,2026-06-20 20:49:00,online
18989,426,154,13.5,2026-06-20 20:56:00,online
18990,41,193,4.09,2026-06-20 21:14:00,online
18991,45,111,8.41,2026-06-20 21:28:00,online
18992,151,40,25.72,2026-06-20 21:52:00,presencial
18993,319,174,7.62,2026-06-20 22:09:00,online
18994,180,103,22.7,2026-06-20 22:17:00,presencial
18995,529,6,46.32,2026-06-20 22:25:00,presencial
18996,557,51,24.06,2026-06-20 22:48:00,online
18997,236,107,60.74,2026-06-20 22:53:00,presencial
18998,600,162,22.89,2026-06-20 22:55:00,online
18999,54,171,19.33,2026-06-20 23:00:00,online
19000,87,38,292.6,2026-06-20 23:05:00,online
19001,209,145,43.11,2026-06-20 23:20:00,presencial
19002,566,193,50.56,2026-06-20 23:21:00,presencial
19003,303,160,113.14,2026-06-20 23:40:00,online
19004,424,144,117.3,2026-06-21 00:00:00,online
19005,392,160,29.88,2026-06-21 00:08:00,presencial
19006,300,112,141.25,2026-06-21 00:13:00,presencial
19007,560,122,27.28,2026-06-21 00:15:00,online
19008,573,107,136.71,2026-06-21 00:22:00,online
19009,269,192,11.51,2026-06-21 00:22:00,presencial
19010,429,73,31.9,2026-06-21 00:37:00,online
19011,375,156,57.1,2026-06-21 01:28:00,online
19012,357,5,66.48,2026-06-21 01:44:00,presencial
19013,61,84,17.67,2026-06-21 02:08:00,presencial
19014,126,184,7.29,2026-06-21 02:15:00,online
19015,595,49,74.17,2026-06-21 02:32:00,online
19016,147,159,35.61,2026-06-21 02:45:00,online
19017,392,101,29.08,2026-06-21 02:48:00,online
19018,547,27,275.85,2026-06-21 02:52:00,presencial
19019,362,22,32.38,2026-06-21 03:30:00,online
19020,130,25,25.31,2026-06-21 04:16:00,online
19021,516,94,6.17,2026-06-21 04:30:00,presencial
19022,20,62,13.58,2026-06-21 05:02:00,presencial
19023,434,179,117.14,2026-06-21 05:09:00,online
19024,160,153,20.13,2026-06-21 05:16:00,online
19025,385,29,89.24,2026-06-21 05:31:00,presencial
19026,289,101,10.79,2026-06-21 06:03:00,presencial
19027,342,154,17.18,2026-06-21 06:39:00,presencial
19028,230,131,16.71,2026-06-21 06:52:00,presencial
19029,318,2,75.52,2026-06-21 06:59:00,online
19030,562,2,35.41,2026-06-21 07:07:00,online
19031,496,117,13.17,2026-06-21 07:54:00,online
19032,252,185,98.09,2026-06-21 07:57:00,presencial
19033,565,11,76.99,2026-06-21 08:19:00,presencial
19034,534,34,65.01,2026-06-21 08:22:00,online
19035,377,38,61.85,2026-06-21 08:29:00,presencial
19036,357,64,17.47,2026-06-21 08:34:00,presencial
19037,22,179,178.47,2026-06-21 08:46:00,presencial
19038,315,190,40.0,2026-06-21 08:46:00,online
19039,128,62,60.03,2026-06-21 08:51:00,online
19040,97,147,68.12,2026-06-21 08:57:00,online
19041,516,3,15.81,2026-06-21 09:28:00,online
19042,163,103,359.97,2026-06-21 09:30:00,presencial
19043,370,126,43.39,2026-06-21 09:39:00,online
19044,521,173,46.37,2026-06-21 09:43:00,presencial
19045,359,165,28.4,2026-06-21 09:48:00,online
19046,468,13,158.38,2026-06-21 09:52:00,presencial
19047,466,83,165.9,2026-06-21 09:55:00,presencial
19048,269,16,53.2,2026-06-21 10:01:00,online
19049,554,2,8.91,2026-06-21 10:51:00,presencial
19050,546,32,37.3,2026-06-21 10:58:00,presencial
19051,203,187,41.62,2026-06-21 11:19:00,online
19052,492,53,27.2,2026-06-21 12:01:00,presencial
19053,110,148,15.16,2026-06-21 12:17:00,online
19054,68,142,8.09,2026-06-21 12:34:00,presencial
19055,319,174,225.49,2026-06-21 12:37:00,presencial
19056,364,107,101.06,2026-06-21 12:39:00,presencial
19057,351,196,46.43,2026-06-21 12:43:00,online
19058,480,86,21.87,2026-06-21 12:46:00,online
19059,235,158,66.43,2026-06-21 12:51:00,presencial
19060,486,157,55.95,2026-06-21 12:51:00,presencial
19061,542,109,28.75,2026-06-21 12:57:00,online
19062,55,64,68.62,2026-06-21 13:36:00,online
19063,270,32,78.54,2026-06-21 13:49:00,presencial
19064,135,18,95.21,2026-06-21 13:50:00,online
19065,394,100,16.83,2026-06-21 13:50:00,online
19066,248,80,71.84,2026-06-21 14:03:00,online
19067,169,42,163.26,2026-06-21 14:09:00,presencial
19068,151,154,61.93,2026-06-21 14:31:00,presencial
19069,213,33,507.26,2026-06-21 14:46:00,presencial
19070,66,95,36.66,2026-06-21 14:57:00,online
19071,63,86,6.76,2026-06-21 15:07:00,presencial
19072,378,196,17.57,2026-06-21 15:16:00,presencial
19073,566,21,21.41,2026-06-21 16:37:00,presencial
19074,305,172,82.64,2026-06-21 17:00:00,online
19075,557,137,111.61,2026-06-21 17:08:00,presencial
19076,93,159,51.92,2026-06-21 17:11:00,presencial
19077,584,156,61.67,2026-06-21 17:32:00,presencial
19078,352,155,367.45,2026-06-21 17:44:00,presencial
19079,447,88,17.92,2026-06-21 17:53:00,presencial
19080,38,117,41.26,2026-06-21 18:26:00,online
19081,363,73,27.18,2026-06-21 18:40:00,presencial
19082,230,181,12.29,2026-06-21 19:02:00,online
19083,540,46,4.82,2026-06-21 19:14:00,presencial
19084,476,118,186.08,2026-06-21 19:17:00,presencial
19085,519,43,19.29,2026-06-21 19:32:00,online
19086,535,75,33.94,2026-06-21 19:37:00,presencial
19087,433,193,71.78,2026-06-21 19:43:00,presencial
19088,148,40,12.07,2026-06-21 20:01:00,presencial
19089,170,178,17.85,2026-06-21 20:19:00,presencial
19090,516,163,43.64,2026-06-21 20:37:00,presencial
19091,361,74,27.6,2026-06-21 21:02:00,online
19092,536,75,10.98,2026-06-21 21:03:00,presencial
19093,478,2,87.17,2026-06-21 21:09:00,online
19094,365,159,26.83,2026-06-21 21:35:00,presencial
19095,92,134,51.96,2026-06-21 21:39:00,presencial
19096,590,197,47.59,2026-06-21 21:46:00,presencial
19097,146,59,129.88,2026-06-21 22:20:00,presencial
19098,148,80,65.92,2026-06-21 23:15:00,online
19099,88,138,17.31,2026-06-21 23:29:00,presencial
19100,42,69,160.52,2026-06-21 23:52:00,online
19101,226,64,26.56,2026-06-21 23:57:00,presencial
19102,507,35,18.26,2026-06-21 23:59:00,presencial
19103,520,198,15.51,2026-06-22 00:07:00,online
19104,295,96,3.39,2026-06-22 00:22:00,presencial
19105,189,154,22.89,2026-06-22 00:28:00,presencial
19106,208,131,69.15,2026-06-22 00:40:00,online
19107,552,120,9.99,2026-06-22 01:08:00,presencial
19108,34,63,292.79,2026-06-22 01:19:00,online
19109,35,64,3.8,2026-06-22 01:26:00,online
19110,39,98,18.89,2026-06-22 01:33:00,presencial
19111,533,28,8.7,2026-06-22 01:49:00,presencial
19112,55,108,122.72,2026-06-22 01:51:00,online
19113,565,19,91.63,2026-06-22 02:07:00,online
19114,111,56,33.36,2026-06-22 02:43:00,online
19115,330,127,9.36,2026-06-22 03:23:00,online
19116,583,5,11.96,2026-06-22 03:28:00,online
19117,70,9,58.85,2026-06-22 03:39:00,presencial
19118,169,44,21.25,2026-06-22 04:03:00,presencial
19119,437,152,24.09,2026-06-22 04:51:00,presencial
19120,491,161,41.22,2026-06-22 04:57:00,presencial
19121,545,1,28.39,2026-06-22 05:09:00,presencial
19122,12,56,6.52,2026-06-22 05:37:00,presencial
19123,467,12,10.34,2026-06-22 05:42:00,presencial
19124,194,3,10.62,2026-06-22 05:45:00,presencial
19125,335,189,20.08,2026-06-22 05:46:00,presencial
19126,544,85,49.36,2026-06-22 06:07:00,presencial
19127,542,160,47.17,2026-06-22 06:24:00,online
19128,112,137,164.89,2026-06-22 07:11:00,online
19129,283,90,9.51,2026-06-22 07:17:00,online
19130,171,151,62.62,2026-06-22 07:20:00,presencial
19131,369,50,18.82,2026-06-22 07:29:00,presencial
19132,496,83,392.71,2026-06-22 07:35:00,online
19133,191,76,39.79,2026-06-22 08:47:00,online
19134,73,115,24.1,2026-06-22 08:49:00,presencial
19135,39,43,60.44,2026-06-22 08:53:00,online
19136,32,150,55.52,2026-06-22 09:14:00,presencial
19137,220,169,29.43,2026-06-22 09:21:00,online
19138,580,178,85.91,2026-06-22 09:25:00,presencial
19139,152,179,235.43,2026-06-22 09:58:00,presencial
19140,243,128,122.73,2026-06-22 10:12:00,presencial
19141,405,160,37.95,2026-06-22 10:26:00,presencial
19142,395,139,315.55,2026-06-22 10:57:00,presencial
19143,163,191,75.97,2026-06-22 11:09:00,presencial
19144,77,20,13.36,2026-06-22 11:45:00,online
19145,94,40,47.48,2026-06-22 12:05:00,presencial
19146,133,85,35.22,2026-06-22 12:23:00,online
19147,52,125,24.64,2026-06-22 12:24:00,online
19148,276,178,63.17,2026-06-22 12:37:00,presencial
19149,388,19,5.66,2026-06-22 12:43:00,presencial
19150,406,33,260.72,2026-06-22 12:47:00,online
19151,546,173,87.63,2026-06-22 12:55:00,presencial
19152,176,62,5.9,2026-06-22 12:56:00,online
19153,393,4,86.5,2026-06-22 13:18:00,online
19154,531,136,72.79,2026-06-22 13:36:00,presencial
19155,18,176,224.04,2026-06-22 13:58:00,online
19156,469,181,297.81,2026-06-22 14:24:00,presencial
19157,53,171,358.45,2026-06-22 14:26:00,presencial
19158,331,12,32.93,2026-06-22 14:34:00,presencial
19159,499,27,81.04,2026-06-22 14:42:00,presencial
19160,276,175,26.35,2026-06-22 14:47:00,online
19161,336,139,131.14,2026-06-22 14:48:00,presencial
19162,372,45,4.15,2026-06-22 14:59:00,presencial
19163,347,78,10.99,2026-06-22 15:07:00,presencial
19164,439,173,27.74,2026-06-22 15:11:00,presencial
19165,516,186,41.84,2026-06-22 15:17:00,presencial
19166,81,178,53.51,2026-06-22 15:19:00,presencial
19167,250,93,181.6,2026-06-22 15:30:00,presencial
19168,512,156,21.87,2026-06-22 15:37:00,presencial
19169,229,10,10.79,2026-06-22 16:18:00,presencial
19170,294,185,29.19,2026-06-22 16:31:00,online
19171,446,45,22.95,2026-06-22 16:36:00,presencial
19172,562,193,82.15,2026-06-22 16:47:00,presencial
19173,151,4,239.25,2026-06-22 17:02:00,presencial
19174,574,186,216.7,2026-06-22 17:20:00,presencial
19175,426,106,148.17,2026-06-22 17:27:00,presencial
19176,19,103,23.89,2026-06-22 17:49:00,online
19177,517,136,37.42,2026-06-22 17:49:00,presencial
19178,231,93,71.31,2026-06-22 17:51:00,presencial
19179,170,191,19.15,2026-06-22 17:59:00,presencial
19180,316,22,21.22,2026-06-22 18:12:00,online
19181,346,132,67.49,2026-06-22 18:22:00,presencial
19182,324,44,9.97,2026-06-22 18:23:00,online
19183,34,8,148.69,2026-06-22 18:23:00,presencial
19184,494,131,28.74,2026-06-22 18:31:00,presencial
19185,206,136,81.01,2026-06-22 18:37:00,presencial
19186,85,26,56.12,2026-06-22 18:54:00,presencial
19187,340,146,177.61,2026-06-22 18:56:00,online
19188,374,189,4.3,2026-06-22 18:57:00,presencial
19189,63,140,178.84,2026-06-22 19:09:00,presencial
19190,566,46,174.5,2026-06-22 19:17:00,presencial
19191,361,17,60.91,2026-06-22 19:18:00,presencial
19192,599,18,79.32,2026-06-22 19:27:00,presencial
19193,403,124,86.14,2026-06-22 19:38:00,online
19194,7,48,16.59,2026-06-22 20:10:00,presencial
19195,126,75,47.44,2026-06-22 20:26:00,online
19196,584,10,118.99,2026-06-22 20:39:00,online
19197,336,89,6.26,2026-06-22 21:27:00,presencial
19198,74,34,75.05,2026-06-22 21:29:00,online
19199,45,86,49.19,2026-06-22 21:35:00,online
19200,323,118,89.13,2026-06-22 21:42:00,presencial
19201,357,193,11.03,2026-06-22 21:44:00,online
19202,148,58,19.73,2026-06-22 21:47:00,presencial
19203,117,65,9.62,2026-06-22 21:52:00,presencial
19204,364,161,9.51,2026-06-22 21:54:00,presencial
19205,262,191,111.5,2026-06-22 21:56:00,online
19206,23,81,23.39,2026-06-22 22:13:00,presencial
19207,35,70,21.57,2026-06-22 22:40:00,online
19208,143,143,148.37,2026-06-22 22:42:00,online
19209,339,151,30.64,2026-06-22 22:46:00,presencial
19210,181,142,129.04,2026-06-22 23:11:00,online
19211,9,128,14.09,2026-06-22 23:14:00,online
19212,550,28,30.54,2026-06-22 23:27:00,presencial
19213,417,53,16.51,2026-06-22 23:32:00,online
19214,351,12,81.67,2026-06-22 23:36:00,presencial
19215,147,78,35.6,2026-06-22 23:44:00,online
19216,425,169,99.91,2026-06-22 23:47:00,presencial
19217,568,45,52.89,2026-06-22 23:59:00,online
19218,406,141,5.26,2026-06-23 00:15:00,online
19219,178,85,33.43,2026-06-23 00:38:00,online
19220,236,35,8.26,2026-06-23 00:47:00,presencial
19221,558,45,65.44,2026-06-23 00:54:00,presencial
19222,9,136,82.33,2026-06-23 01:15:00,online
19223,133,159,92.28,2026-06-23 01:45:00,presencial
19224,65,66,39.05,2026-06-23 01:49:00,online
19225,385,184,7.42,2026-06-23 01:51:00,presencial
19226,276,12,56.29,2026-06-23 01:53:00,presencial
19227,80,115,69.96,2026-06-23 02:08:00,presencial
19228,565,46,36.57,2026-06-23 03:02:00,presencial
19229,332,179,49.11,2026-06-23 03:07:00,online
19230,150,152,5.6,2026-06-23 03:08:00,online
19231,568,12,48.08,2026-06-23 03:20:00,online
19232,419,79,39.68,2026-06-23 03:28:00,online
19233,78,150,11.78,2026-06-23 03:39:00,presencial
19234,496,109,79.93,2026-06-23 03:54:00,presencial
19235,36,98,25.95,2026-06-23 04:11:00,presencial
19236,545,28,57.51,2026-06-23 04:18:00,presencial
19237,237,115,76.47,2026-06-23 04:20:00,presencial
19238,177,19,64.18,2026-06-23 04:25:00,presencial
19239,33,64,10.23,2026-06-23 04:28:00,presencial
19240,559,48,29.3,2026-06-23 04:31:00,presencial
19241,336,132,465.17,2026-06-23 04:42:00,online
19242,365,95,207.49,2026-06-23 04:45:00,presencial
19243,511,86,111.94,2026-06-23 05:09:00,presencial
19244,306,170,60.45,2026-06-23 05:19:00,online
19245,174,78,15.08,2026-06-23 05:28:00,presencial
19246,468,153,37.39,2026-06-23 05:43:00,online
19247,319,178,28.09,2026-06-23 05:46:00,online
19248,144,33,40.72,2026-06-23 06:22:00,presencial
19249,507,149,9.11,2026-06-23 06:32:00,presencial
19250,488,15,127.73,2026-06-23 06:47:00,presencial
19251,149,129,2.33,2026-06-23 06:50:00,online
19252,390,46,114.76,2026-06-23 06:51:00,presencial
19253,553,52,117.2,2026-06-23 07:03:00,presencial
19254,480,171,577.97,2026-06-23 07:19:00,presencial
19255,120,38,33.96,2026-06-23 07:40:00,presencial
19256,514,104,25.23,2026-06-23 08:15:00,presencial
19257,34,157,51.03,2026-06-23 08:42:00,presencial
19258,371,162,82.75,2026-06-23 08:58:00,presencial
19259,307,41,40.48,2026-06-23 09:47:00,presencial
19260,23,74,12.17,2026-06-23 10:09:00,online
19261,436,113,82.63,2026-06-23 10:11:00,online
19262,179,119,44.67,2026-06-23 10:17:00,presencial
19263,512,33,14.75,2026-06-23 10:24:00,presencial
19264,527,119,7.48,2026-06-23 10:32:00,online
19265,355,1,675.74,2026-06-23 10:39:00,presencial
19266,377,126,111.64,2026-06-23 10:52:00,presencial
19267,32,148,82.71,2026-06-23 11:00:00,presencial
19268,535,95,39.39,2026-06-23 11:52:00,online
19269,409,50,95.49,2026-06-23 12:10:00,online
19270,231,48,14.05,2026-06-23 12:32:00,online
19271,52,139,55.66,2026-06-23 12:52:00,presencial
19272,303,86,58.4,2026-06-23 13:23:00,presencial
19273,541,186,14.44,2026-06-23 13:42:00,presencial
19274,518,195,39.85,2026-06-23 13:42:00,presencial
19275,60,87,28.39,2026-06-23 13:43:00,presencial
19276,458,55,19.29,2026-06-23 13:52:00,online
19277,50,163,24.71,2026-06-23 14:03:00,presencial
19278,227,145,6.84,2026-06-23 14:05:00,presencial
19279,269,33,143.9,2026-06-23 14:26:00,presencial
19280,14,189,249.27,2026-06-23 14:43:00,online
19281,83,41,16.14,2026-06-23 14:49:00,presencial
19282,529,114,151.56,2026-06-23 14:59:00,presencial
19283,378,38,43.15,2026-06-23 15:02:00,presencial
19284,472,98,44.2,2026-06-23 15:24:00,presencial
19285,343,125,10.75,2026-06-23 15:28:00,presencial
19286,270,25,24.2,2026-06-23 15:53:00,presencial
19287,11,52,80.33,2026-06-23 17:00:00,presencial
19288,328,151,15.29,2026-06-23 17:18:00,presencial
19289,463,192,19.77,2026-06-23 17:22:00,presencial
19290,123,183,25.56,2026-06-23 17:24:00,presencial
19291,295,151,1.05,2026-06-23 17:26:00,online
19292,248,197,64.14,2026-06-23 17:50:00,online
19293,523,33,90.08,2026-06-23 18:17:00,presencial
19294,98,41,66.76,2026-06-23 18:25:00,online
19295,64,82,126.11,2026-06-23 18:25:00,presencial
19296,127,185,27.43,2026-06-23 18:35:00,presencial
19297,94,160,327.77,2026-06-23 19:18:00,presencial
19298,508,75,17.65,2026-06-23 19:41:00,presencial
19299,157,4,34.92,2026-06-23 19:45:00,presencial
19300,218,124,31.33,2026-06-23 20:12:00,presencial
19301,155,62,54.87,2026-06-23 20:48:00,online
19302,489,45,34.35,2026-06-23 21:54:00,presencial
19303,399,43,39.92,2026-06-23 21:59:00,online
19304,285,50,21.19,2026-06-23 22:24:00,presencial
19305,480,64,27.6,2026-06-23 22:32:00,presencial
19306,43,124,3.83,2026-06-23 22:52:00,presencial
19307,408,33,108.06,2026-06-23 22:54:00,presencial
19308,217,97,14.52,2026-06-23 23:10:00,online
19309,228,185,26.06,2026-06-23 23:24:00,presencial
19310,95,193,13.93,2026-06-23 23:55:00,online
19311,59,166,83.65,2026-06-24 00:07:00,online
19312,417,53,24.59,2026-06-24 00:14:00,presencial
19313,511,30,3.04,2026-06-24 00:18:00,online
19314,547,176,60.88,2026-06-24 00:19:00,presencial
19315,147,81,19.65,2026-06-24 00:25:00,online
19316,458,93,43.57,2026-06-24 00:29:00,presencial
19317,67,86,111.65,2026-06-24 00:35:00,presencial
19318,468,27,15.08,2026-06-24 00:39:00,online
19319,340,145,42.27,2026-06-24 01:09:00,online
19320,518,48,19.13,2026-06-24 01:12:00,online
19321,41,47,132.34,2026-06-24 01:14:00,presencial
19322,466,152,48.76,2026-06-24 01:17:00,presencial
19323,281,143,43.58,2026-06-24 01:45:00,online
19324,342,166,11.42,2026-06-24 01:59:00,presencial
19325,324,142,102.02,2026-06-24 02:07:00,online
19326,429,8,117.31,2026-06-24 02:14:00,online
19327,360,84,19.24,2026-06-24 02:41:00,online
19328,250,83,52.95,2026-06-24 03:13:00,online
19329,262,65,85.35,2026-06-24 03:15:00,presencial
19330,43,99,512.74,2026-06-24 03:18:00,presencial
19331,435,100,68.73,2026-06-24 03:24:00,online
19332,424,124,44.68,2026-06-24 03:27:00,online
19333,341,192,37.67,2026-06-24 03:31:00,presencial
19334,433,131,40.21,2026-06-24 03:49:00,online
19335,162,187,103.96,2026-06-24 03:49:00,presencial
19336,135,167,16.94,2026-06-24 04:00:00,presencial
19337,555,147,124.71,2026-06-24 04:11:00,presencial
19338,573,55,8.2,2026-06-24 04:17:00,presencial
19339,512,116,93.03,2026-06-24 04:23:00,presencial
19340,32,23,126.38,2026-06-24 04:33:00,presencial
19341,330,185,108.5,2026-06-24 05:21:00,online
19342,442,38,60.19,2026-06-24 05:57:00,presencial
19343,23,48,69.02,2026-06-24 06:14:00,presencial
19344,582,188,28.78,2026-06-24 06:16:00,presencial
19345,473,25,12.97,2026-06-24 07:19:00,presencial
19346,186,110,58.83,2026-06-24 07:24:00,presencial
19347,304,115,48.23,2026-06-24 07:50:00,online
19348,548,44,123.48,2026-06-24 07:55:00,presencial
19349,513,78,38.27,2026-06-24 08:09:00,online
19350,496,158,53.24,2026-06-24 08:09:00,presencial
19351,591,143,61.32,2026-06-24 08:34:00,presencial
19352,447,118,83.9,2026-06-24 08:41:00,presencial
19353,562,109,126.91,2026-06-24 08:45:00,presencial
19354,573,74,15.66,2026-06-24 09:00:00,presencial
19355,12,125,96.73,2026-06-24 09:07:00,online
19356,393,4,36.65,2026-06-24 09:16:00,presencial
19357,201,15,90.64,2026-06-24 09:42:00,presencial
19358,297,157,227.31,2026-06-24 09:55:00,presencial
19359,101,35,4.4,2026-06-24 09:58:00,online
19360,406,144,170.02,2026-06-24 10:02:00,online
19361,501,4,39.24,2026-06-24 10:02:00,presencial
19362,248,53,17.44,2026-06-24 10:19:00,presencial
19363,419,188,27.63,2026-06-24 10:27:00,online
19364,195,54,14.37,2026-06-24 11:08:00,online
19365,450,197,78.12,2026-06-24 11:23:00,online
19366,50,55,14.32,2026-06-24 11:27:00,online
19367,529,128,168.13,2026-06-24 11:36:00,online
19368,227,135,95.69,2026-06-24 11:53:00,presencial
19369,303,127,57.39,2026-06-24 12:03:00,presencial
19370,482,59,4.76,2026-06-24 12:08:00,online
19371,18,152,10.44,2026-06-24 12:09:00,presencial
19372,568,63,40.93,2026-06-24 12:09:00,online
19373,369,163,43.46,2026-06-24 12:16:00,online
19374,586,76,125.69,2026-06-24 12:58:00,online
19375,331,168,1.82,2026-06-24 13:15:00,online
19376,124,197,19.39,2026-06-24 13:17:00,online
19377,350,151,112.26,2026-06-24 13:18:00,presencial
19378,343,93,30.85,2026-06-24 13:24:00,presencial
19379,553,85,26.73,2026-06-24 13:30:00,presencial
19380,346,76,7.59,2026-06-24 14:06:00,presencial
19381,244,71,143.22,2026-06-24 14:18:00,presencial
19382,106,95,26.22,2026-06-24 14:23:00,presencial
19383,196,98,148.87,2026-06-24 14:31:00,presencial
19384,349,144,224.15,2026-06-24 14:54:00,online
19385,222,178,190.35,2026-06-24 14:59:00,presencial
19386,218,177,43.14,2026-06-24 15:16:00,presencial
19387,9,121,26.24,2026-06-24 15:17:00,online
19388,566,199,24.35,2026-06-24 15:22:00,online
19389,503,179,389.62,2026-06-24 15:25:00,presencial
19390,154,98,35.41,2026-06-24 15:32:00,presencial
19391,83,83,142.38,2026-06-24 15:51:00,presencial
19392,501,93,75.99,2026-06-24 16:16:00,online
19393,503,5,28.43,2026-06-24 16:18:00,presencial
19394,539,67,33.84,2026-06-24 16:37:00,online
19395,329,77,164.31,2026-06-24 16:47:00,online
19396,442,156,46.27,2026-06-24 16:50:00,online
19397,438,53,27.13,2026-06-24 17:07:00,online
19398,129,132,18.4,2026-06-24 17:07:00,presencial
19399,315,65,63.57,2026-06-24 17:14:00,presencial
19400,157,73,25.33,2026-06-24 17:14:00,online
19401,453,14,85.91,2026-06-24 17:28:00,presencial
19402,583,104,734.04,2026-06-24 17:59:00,online
19403,46,20,79.04,2026-06-24 18:03:00,online
19404,46,42,325.22,2026-06-24 18:09:00,presencial
19405,159,101,20.36,2026-06-24 18:13:00,presencial
19406,71,139,94.86,2026-06-24 18:29:00,presencial
19407,6,81,177.9,2026-06-24 18:54:00,presencial
19408,588,51,203.94,2026-06-24 19:18:00,presencial
19409,350,180,182.58,2026-06-24 19:20:00,online
19410,467,70,45.52,2026-06-24 19:33:00,presencial
19411,340,65,118.97,2026-06-24 19:50:00,online
19412,448,14,14.59,2026-06-24 20:13:00,online
19413,412,71,261.87,2026-06-24 20:16:00,online
19414,97,44,15.68,2026-06-24 20:19:00,online
19415,91,71,177.6,2026-06-24 20:21:00,presencial
19416,294,39,140.88,2026-06-24 21:12:00,online
19417,223,40,139.9,2026-06-24 21:35:00,presencial
19418,505,148,433.61,2026-06-24 21:41:00,presencial
19419,184,95,142.26,2026-06-24 21:51:00,online
19420,198,139,10.39,2026-06-24 22:11:00,presencial
19421,318,116,85.53,2026-06-24 22:20:00,online
19422,116,108,5.59,2026-06-24 23:00:00,presencial
19423,516,94,40.44,2026-06-24 23:07:00,presencial
19424,7,78,28.09,2026-06-24 23:16:00,presencial
19425,509,53,90.16,2026-06-24 23:20:00,presencial
19426,374,178,18.08,2026-06-24 23:30:00,online
19427,533,82,18.68,2026-06-24 23:38:00,presencial
19428,177,177,77.58,2026-06-24 23:56:00,presencial
19429,541,154,162.75,2026-06-25 00:20:00,presencial
19430,519,121,44.83,2026-06-25 00:32:00,presencial
19431,275,169,575.57,2026-06-25 00:33:00,online
19432,171,132,30.64,2026-06-25 01:02:00,presencial
19433,119,164,94.42,2026-06-25 01:37:00,presencial
19434,91,160,65.06,2026-06-25 02:16:00,presencial
19435,350,130,30.66,2026-06-25 02:26:00,presencial
19436,577,145,189.15,2026-06-25 02:31:00,presencial
19437,340,164,16.79,2026-06-25 02:39:00,online
19438,579,45,4.56,2026-06-25 02:40:00,presencial
19439,454,176,38.91,2026-06-25 02:48:00,presencial
19440,412,101,33.7,2026-06-25 02:57:00,online
19441,435,25,143.9,2026-06-25 03:06:00,presencial
19442,558,31,11.31,2026-06-25 03:15:00,online
19443,515,151,79.53,2026-06-25 03:37:00,online
19444,98,162,69.61,2026-06-25 03:39:00,online
19445,351,131,63.76,2026-06-25 04:12:00,presencial
19446,277,131,140.96,2026-06-25 04:20:00,presencial
19447,528,174,43.56,2026-06-25 04:27:00,presencial
19448,123,196,47.34,2026-06-25 04:39:00,presencial
19449,492,167,73.35,2026-06-25 04:46:00,presencial
19450,288,28,39.96,2026-06-25 04:47:00,presencial
19451,560,161,10.09,2026-06-25 04:51:00,online
19452,475,103,28.46,2026-06-25 04:53:00,online
19453,207,160,33.62,2026-06-25 05:00:00,presencial
19454,507,145,24.08,2026-06-25 05:19:00,presencial
19455,113,136,31.56,2026-06-25 06:05:00,presencial
19456,3,174,54.47,2026-06-25 06:11:00,online
19457,305,31,33.07,2026-06-25 06:12:00,presencial
19458,234,171,114.36,2026-06-25 06:13:00,presencial
19459,76,70,116.34,2026-06-25 06:17:00,online
19460,597,41,3.27,2026-06-25 06:28:00,presencial
19461,24,145,9.24,2026-06-25 06:38:00,online
19462,354,197,3.17,2026-06-25 07:28:00,presencial
19463,157,18,33.08,2026-06-25 07:44:00,presencial
19464,178,197,30.89,2026-06-25 08:06:00,online
19465,127,69,52.78,2026-06-25 08:09:00,presencial
19466,234,194,112.93,2026-06-25 08:17:00,online
19467,401,10,42.65,2026-06-25 08:19:00,online
19468,194,123,23.03,2026-06-25 08:27:00,online
19469,433,107,44.49,2026-06-25 08:36:00,presencial
19470,269,167,25.96,2026-06-25 08:38:00,presencial
19471,472,95,8.8,2026-06-25 08:41:00,online
19472,267,16,128.2,2026-06-25 08:50:00,presencial
19473,220,37,71.31,2026-06-25 09:28:00,online
19474,305,52,220.04,2026-06-25 09:35:00,online
19475,412,175,11.46,2026-06-25 09:43:00,online
19476,279,19,7.57,2026-06-25 09:50:00,online
19477,544,168,15.97,2026-06-25 10:05:00,online
19478,310,102,69.32,2026-06-25 10:13:00,online
19479,178,114,114.99,2026-06-25 10:23:00,presencial
19480,17,193,61.25,2026-06-25 10:57:00,presencial
19481,236,154,52.35,2026-06-25 11:02:00,presencial
19482,33,130,114.43,2026-06-25 11:21:00,presencial
19483,22,165,26.97,2026-06-25 11:27:00,presencial
19484,223,93,142.89,2026-06-25 11:42:00,presencial
19485,175,187,396.83,2026-06-25 11:50:00,presencial
19486,531,159,13.89,2026-06-25 11:51:00,presencial
19487,439,196,33.8,2026-06-25 11:56:00,online
19488,475,111,9.69,2026-06-25 12:04:00,presencial
19489,328,129,15.46,2026-06-25 12:59:00,online
19490,67,92,68.84,2026-06-25 13:01:00,online
19491,511,186,7.0,2026-06-25 13:44:00,presencial
19492,297,126,18.96,2026-06-25 13:50:00,presencial
19493,258,32,142.45,2026-06-25 14:17:00,online
19494,363,103,57.16,2026-06-25 14:21:00,online
19495,99,27,104.04,2026-06-25 14:34:00,presencial
19496,289,129,10.77,2026-06-25 14:47:00,presencial
19497,364,140,48.16,2026-06-25 14:55:00,online
19498,419,161,356.16,2026-06-25 15:01:00,presencial
19499,301,31,21.58,2026-06-25 15:10:00,online
19500,599,93,26.13,2026-06-25 15:11:00,presencial
19501,595,71,84.76,2026-06-25 15:40:00,presencial
19502,58,84,16.61,2026-06-25 15:51:00,online
19503,50,188,98.39,2026-06-25 15:52:00,online
19504,310,112,6.19,2026-06-25 15:57:00,presencial
19505,497,89,3.1,2026-06-25 16:09:00,presencial
19506,308,181,63.17,2026-06-25 16:42:00,presencial
19507,131,107,15.21,2026-06-25 16:49:00,online
19508,338,85,23.99,2026-06-25 16:52:00,online
19509,566,109,117.25,2026-06-25 16:52:00,online
19510,101,170,88.82,2026-06-25 16:59:00,online
19511,268,91,11.59,2026-06-25 17:11:00,presencial
19512,384,124,79.18,2026-06-25 17:22:00,presencial
19513,236,36,32.13,2026-06-25 17:34:00,online
19514,27,3,70.73,2026-06-25 18:13:00,presencial
19515,402,14,43.72,2026-06-25 18:25:00,presencial
19516,445,96,8.55,2026-06-25 18:31:00,presencial
19517,394,144,20.4,2026-06-25 18:34:00,online
19518,398,43,3.15,2026-06-25 18:35:00,online
19519,395,189,54.8,2026-06-25 18:39:00,presencial
19520,199,31,69.17,2026-06-25 18:49:00,presencial
19521,10,140,20.6,2026-06-25 18:49:00,online
19522,594,47,39.36,2026-06-25 19:11:00,presencial
19523,123,12,15.31,2026-06-25 19:12:00,presencial
19524,498,143,178.05,2026-06-25 19:22:00,online
19525,325,104,10.86,2026-06-25 19:24:00,presencial
19526,324,126,31.75,2026-06-25 19:36:00,online
19527,13,189,10.72,2026-06-25 19:36:00,presencial
19528,595,108,57.88,2026-06-25 20:26:00,online
19529,318,169,140.05,2026-06-25 20:40:00,presencial
19530,499,100,4.56,2026-06-25 20:45:00,presencial
19531,467,70,91.78,2026-06-25 20:50:00,presencial
19532,83,78,269.0,2026-06-25 21:07:00,online
19533,569,69,51.51,2026-06-25 21:28:00,presencial
19534,355,178,21.28,2026-06-25 21:50:00,presencial
19535,112,103,42.87,2026-06-25 22:40:00,online
19536,349,187,24.53,2026-06-25 22:49:00,online
19537,370,51,387.89,2026-06-25 22:54:00,online
19538,392,153,112.0,2026-06-25 23:42:00,online
19539,193,24,120.36,2026-06-25 23:52:00,presencial
19540,565,58,478.45,2026-06-26 00:30:00,presencial
19541,143,7,196.17,2026-06-26 00:45:00,presencial
19542,296,183,39.11,2026-06-26 00:57:00,presencial
19543,504,60,45.97,2026-06-26 01:08:00,online
19544,47,164,599.3,2026-06-26 01:09:00,online
19545,243,86,19.82,2026-06-26 01:22:00,presencial
19546,288,25,37.01,2026-06-26 01:47:00,presencial
19547,464,69,14.67,2026-06-26 01:50:00,presencial
19548,473,69,6.05,2026-06-26 02:06:00,presencial
19549,479,102,16.98,2026-06-26 02:33:00,presencial
19550,216,66,17.35,2026-06-26 02:55:00,online
19551,295,136,22.47,2026-06-26 03:01:00,online
19552,17,147,87.66,2026-06-26 03:41:00,presencial
19553,494,32,44.12,2026-06-26 03:45:00,online
19554,182,105,135.93,2026-06-26 04:03:00,online
19555,281,116,52.78,2026-06-26 04:27:00,online
19556,410,54,54.43,2026-06-26 04:36:00,presencial
19557,466,155,32.44,2026-06-26 04:38:00,presencial
19558,52,47,380.57,2026-06-26 04:43:00,presencial
19559,461,175,28.06,2026-06-26 04:46:00,online
19560,226,92,122.53,2026-06-26 04:49:00,presencial
19561,251,74,12.18,2026-06-26 04:56:00,presencial
19562,80,134,34.2,2026-06-26 05:10:00,online
19563,431,124,406.8,2026-06-26 05:12:00,presencial
19564,286,102,94.97,2026-06-26 05:45:00,presencial
19565,63,138,9.59,2026-06-26 05:48:00,presencial
19566,85,53,14.37,2026-06-26 05:50:00,presencial
19567,433,162,260.43,2026-06-26 06:02:00,presencial
19568,66,124,49.26,2026-06-26 06:15:00,presencial
19569,313,43,33.02,2026-06-26 06:16:00,presencial
19570,419,200,18.97,2026-06-26 06:19:00,presencial
19571,548,174,31.53,2026-06-26 06:35:00,online
19572,95,36,211.72,2026-06-26 06:46:00,online
19573,178,157,20.7,2026-06-26 06:48:00,presencial
19574,93,106,23.05,2026-06-26 07:57:00,online
19575,528,154,86.44,2026-06-26 08:06:00,presencial
19576,356,76,14.24,2026-06-26 08:08:00,presencial
19577,590,49,15.98,2026-06-26 08:11:00,presencial
19578,27,44,45.01,2026-06-26 08:23:00,online
19579,424,14,46.27,2026-06-26 08:37:00,online
19580,20,176,18.35,2026-06-26 08:37:00,presencial
19581,66,63,75.23,2026-06-26 08:50:00,presencial
19582,259,192,56.87,2026-06-26 08:57:00,presencial
19583,221,46,5.1,2026-06-26 09:11:00,online
19584,220,71,105.48,2026-06-26 09:30:00,presencial
19585,41,176,23.89,2026-06-26 09:33:00,online
19586,327,70,108.49,2026-06-26 09:39:00,presencial
19587,205,152,440.39,2026-06-26 10:32:00,presencial
19588,597,19,41.52,2026-06-26 10:34:00,online
19589,474,191,21.99,2026-06-26 10:39:00,presencial
19590,261,124,203.7,2026-06-26 10:40:00,presencial
19591,460,151,17.76,2026-06-26 10:56:00,presencial
19592,346,6,358.41,2026-06-26 11:15:00,presencial
19593,298,193,26.85,2026-06-26 11:27:00,presencial
19594,552,100,22.43,2026-06-26 12:19:00,presencial
19595,353,43,603.34,2026-06-26 12:21:00,presencial
19596,290,31,66.64,2026-06-26 12:31:00,online
19597,340,18,266.18,2026-06-26 12:41:00,online
19598,469,135,43.43,2026-06-26 12:52:00,presencial
19599,445,43,40.16,2026-06-26 13:08:00,presencial
19600,330,186,1.79,2026-06-26 13:30:00,online
19601,107,46,136.03,2026-06-26 13:34:00,online
19602,383,18,68.29,2026-06-26 13:50:00,online
19603,259,171,39.53,2026-06-26 13:56:00,online
19604,560,156,85.72,2026-06-26 14:08:00,presencial
19605,546,104,46.62,2026-06-26 14:24:00,presencial
19606,1,167,15.84,2026-06-26 14:42:00,online
19607,600,146,66.61,2026-06-26 15:03:00,presencial
19608,541,36,36.24,2026-06-26 15:06:00,presencial
19609,545,84,101.0,2026-06-26 15:19:00,presencial
19610,299,185,32.84,2026-06-26 15:29:00,online
19611,163,136,26.69,2026-06-26 15:31:00,presencial
19612,365,125,24.57,2026-06-26 15:35:00,presencial
19613,530,36,16.91,2026-06-26 15:37:00,presencial
19614,271,107,25.16,2026-06-26 15:38:00,online
19615,592,34,71.89,2026-06-26 15:38:00,online
19616,157,135,19.6,2026-06-26 16:22:00,presencial
19617,512,45,12.27,2026-06-26 16:44:00,presencial
19618,40,58,106.52,2026-06-26 16:47:00,online
19619,504,115,38.4,2026-06-26 17:22:00,online
19620,568,6,104.04,2026-06-26 17:30:00,presencial
19621,422,140,35.08,2026-06-26 17:42:00,presencial
19622,375,89,23.83,2026-06-26 17:59:00,online
19623,247,103,6.57,2026-06-26 18:01:00,online
19624,525,149,12.9,2026-06-26 18:08:00,presencial
19625,76,155,17.12,2026-06-26 18:21:00,presencial
19626,175,184,60.89,2026-06-26 18:51:00,online
19627,79,36,39.65,2026-06-26 18:56:00,presencial
19628,167,87,14.47,2026-06-26 19:07:00,presencial
19629,314,20,2.1,2026-06-26 19:14:00,online
19630,202,53,74.36,2026-06-26 19:14:00,presencial
19631,253,111,117.35,2026-06-26 19:17:00,online
19632,139,27,129.17,2026-06-26 19:30:00,presencial
19633,212,90,15.47,2026-06-26 19:41:00,presencial
19634,299,188,138.31,2026-06-26 19:49:00,presencial
19635,129,15,83.31,2026-06-26 19:54:00,presencial
19636,562,47,82.88,2026-06-26 21:01:00,presencial
19637,539,57,22.87,2026-06-26 21:28:00,presencial
19638,526,183,38.63,2026-06-26 21:46:00,online
19639,1,147,335.18,2026-06-26 22:08:00,online
19640,298,37,282.9,2026-06-26 22:18:00,presencial
19641,478,141,42.39,2026-06-26 22:30:00,online
19642,210,4,55.19,2026-06-26 22:35:00,presencial
19643,139,160,4.0,2026-06-26 22:43:00,presencial
19644,368,45,168.07,2026-06-26 23:00:00,presencial
19645,2,143,101.51,2026-06-26 23:07:00,online
19646,368,99,65.34,2026-06-26 23:16:00,presencial
19647,271,147,23.04,2026-06-27 00:12:00,online
19648,411,70,48.09,2026-06-27 00:18:00,online
19649,410,107,224.15,2026-06-27 00:21:00,online
19650,322,182,66.56,2026-06-27 00:48:00,presencial
19651,351,161,808.22,2026-06-27 00:51:00,presencial
19652,17,110,109.14,2026-06-27 01:06:00,presencial
19653,589,185,16.27,2026-06-27 01:24:00,presencial
19654,46,24,28.45,2026-06-27 01:37:00,online
19655,586,141,20.48,2026-06-27 01:39:00,presencial
19656,585,126,114.83,2026-06-27 01:42:00,online
19657,431,52,159.0,2026-06-27 02:06:00,presencial
19658,448,78,295.28,2026-06-27 02:06:00,presencial
19659,18,82,31.01,2026-06-27 02:11:00,presencial
19660,569,136,74.8,2026-06-27 02:16:00,presencial
19661,318,125,182.81,2026-06-27 02:25:00,online
19662,204,158,245.87,2026-06-27 02:38:00,presencial
19663,402,132,11.55,2026-06-27 03:40:00,presencial
19664,321,198,88.42,2026-06-27 03:58:00,online
19665,217,166,12.03,2026-06-27 04:14:00,presencial
19666,194,116,23.06,2026-06-27 04:22:00,presencial
19667,71,4,10.62,2026-06-27 04:42:00,presencial
19668,546,74,22.58,2026-06-27 04:54:00,presencial
19669,400,26,9.07,2026-06-27 05:01:00,presencial
19670,173,87,12.18,2026-06-27 05:05:00,online
19671,434,199,16.53,2026-06-27 05:08:00,presencial
19672,417,81,62.39,2026-06-27 05:11:00,online
19673,84,164,46.4,2026-06-27 05:20:00,online
19674,106,91,7.33,2026-06-27 05:24:00,presencial
19675,139,116,911.9,2026-06-27 05:28:00,presencial
19676,64,7,26.12,2026-06-27 05:30:00,presencial
19677,494,138,10.36,2026-06-27 05:47:00,presencial
19678,94,50,84.84,2026-06-27 05:52:00,presencial
19679,487,93,44.48,2026-06-27 06:09:00,presencial
19680,318,198,18.29,2026-06-27 06:25:00,presencial
19681,71,45,68.7,2026-06-27 06:26:00,presencial
19682,507,186,21.33,2026-06-27 06:40:00,presencial
19683,105,166,32.29,2026-06-27 06:48:00,online
19684,600,10,224.12,2026-06-27 06:52:00,presencial
19685,9,74,51.21,2026-06-27 07:23:00,online
19686,374,196,87.84,2026-06-27 07:24:00,presencial
19687,189,91,25.17,2026-06-27 07:57:00,online
19688,321,159,52.91,2026-06-27 08:26:00,presencial
19689,504,184,19.15,2026-06-27 08:28:00,online
19690,473,1,18.24,2026-06-27 08:44:00,presencial
19691,169,147,28.4,2026-06-27 08:46:00,online
19692,39,183,20.82,2026-06-27 08:54:00,online
19693,171,116,140.03,2026-06-27 09:20:00,online
19694,486,193,84.53,2026-06-27 09:52:00,presencial
19695,310,140,3.59,2026-06-27 09:56:00,online
19696,456,126,297.85,2026-06-27 09:58:00,online
19697,297,25,90.49,2026-06-27 10:03:00,online
19698,318,158,157.44,2026-06-27 10:04:00,online
19699,39,172,37.04,2026-06-27 10:13:00,online
19700,14,67,8.64,2026-06-27 10:53:00,online
19701,423,32,10.42,2026-06-27 11:31:00,online
19702,122,115,292.36,2026-06-27 11:38:00,presencial
19703,217,188,7.46,2026-06-27 11:44:00,online
19704,222,147,9.11,2026-06-27 11:44:00,online
19705,380,163,27.77,2026-06-27 11:52:00,presencial
19706,565,113,9.74,2026-06-27 11:57:00,online
19707,455,84,80.35,2026-06-27 12:13:00,presencial
19708,384,61,87.52,2026-06-27 12:18:00,presencial
19709,501,162,70.46,2026-06-27 12:22:00,presencial
19710,307,130,22.75,2026-06-27 13:42:00,online
19711,88,150,61.41,2026-06-27 13:58:00,presencial
19712,294,168,317.96,2026-06-27 14:04:00,presencial
19713,587,196,9.23,2026-06-27 14:04:00,online
19714,468,168,152.68,2026-06-27 14:13:00,online
19715,210,90,108.72,2026-06-27 14:14:00,online
19716,195,27,39.81,2026-06-27 14:14:00,presencial
19717,551,112,53.68,2026-06-27 14:32:00,online
19718,57,90,66.18,2026-06-27 14:32:00,online
19719,560,188,15.27,2026-06-27 14:35:00,presencial
19720,407,8,7.42,2026-06-27 14:35:00,presencial
19721,485,172,121.17,2026-06-27 14:44:00,presencial
19722,198,127,11.37,2026-06-27 14:47:00,presencial
19723,390,15,13.43,2026-06-27 14:54:00,online
19724,196,49,25.35,2026-06-27 14:55:00,online
19725,11,13,61.13,2026-06-27 15:01:00,presencial
19726,273,187,25.81,2026-06-27 15:12:00,online
19727,588,129,20.16,2026-06-27 15:22:00,online
19728,146,124,127.49,2026-06-27 15:24:00,online
19729,98,105,30.98,2026-06-27 15:25:00,presencial
19730,554,81,18.57,2026-06-27 15:36:00,presencial
19731,547,35,69.0,2026-06-27 15:48:00,online
19732,509,147,47.68,2026-06-27 16:03:00,online
19733,586,27,46.14,2026-06-27 16:28:00,presencial
19734,595,42,72.8,2026-06-27 16:29:00,online
19735,552,196,38.43,2026-06-27 16:38:00,presencial
19736,579,19,113.2,2026-06-27 16:41:00,online
19737,447,191,9.29,2026-06-27 16:46:00,online
19738,189,18,175.11,2026-06-27 17:11:00,online
19739,275,98,16.37,2026-06-27 17:18:00,online
19740,229,117,7.39,2026-06-27 17:26:00,presencial
19741,306,23,18.78,2026-06-27 17:26:00,presencial
19742,419,178,30.43,2026-06-27 17:33:00,presencial
19743,146,192,19.92,2026-06-27 18:37:00,presencial
19744,10,45,15.46,2026-06-27 18:38:00,presencial
19745,362,45,135.86,2026-06-27 18:51:00,presencial
19746,597,153,17.16,2026-06-27 19:01:00,presencial
19747,518,75,3.73,2026-06-27 19:36:00,online
19748,7,8,30.4,2026-06-27 19:42:00,presencial
19749,360,151,424.08,2026-06-27 19:43:00,online
19750,319,71,13.87,2026-06-27 19:53:00,online
19751,255,82,16.62,2026-06-27 20:02:00,online
19752,402,131,28.67,2026-06-27 20:15:00,online
19753,256,116,244.36,2026-06-27 20:24:00,online
19754,549,166,30.1,2026-06-27 20:45:00,online
19755,545,160,14.5,2026-06-27 20:55:00,presencial
19756,387,189,66.65,2026-06-27 20:59:00,presencial
19757,276,184,61.41,2026-06-27 21:48:00,online
19758,359,127,76.35,2026-06-27 21:48:00,online
19759,541,112,13.89,2026-06-27 22:05:00,presencial
19760,181,93,24.02,2026-06-27 22:08:00,online
19761,522,133,154.2,2026-06-27 22:46:00,online
19762,355,13,70.1,2026-06-27 23:01:00,online
19763,39,81,108.8,2026-06-27 23:17:00,online
19764,450,56,42.12,2026-06-28 00:46:00,online
19765,122,112,142.88,2026-06-28 00:49:00,online
19766,310,185,61.71,2026-06-28 00:51:00,presencial
19767,571,97,25.13,2026-06-28 00:52:00,presencial
19768,468,117,101.5,2026-06-28 01:14:00,online
19769,420,81,17.07,2026-06-28 01:29:00,presencial
19770,42,69,244.18,2026-06-28 01:56:00,presencial
19771,516,137,135.5,2026-06-28 02:00:00,online
19772,202,50,32.4,2026-06-28 02:22:00,presencial
19773,31,176,36.47,2026-06-28 02:41:00,presencial
19774,576,23,51.71,2026-06-28 03:07:00,online
19775,115,45,36.96,2026-06-28 03:19:00,online
19776,195,151,190.74,2026-06-28 03:22:00,presencial
19777,86,17,24.71,2026-06-28 03:48:00,presencial
19778,374,83,8.56,2026-06-28 04:02:00,presencial
19779,521,76,33.63,2026-06-28 04:04:00,presencial
19780,312,188,102.29,2026-06-28 04:25:00,presencial
19781,522,32,136.47,2026-06-28 04:30:00,presencial
19782,562,91,50.66,2026-06-28 04:32:00,presencial
19783,524,92,22.26,2026-06-28 04:56:00,online
19784,98,164,42.59,2026-06-28 05:04:00,presencial
19785,124,109,21.74,2026-06-28 05:06:00,presencial
19786,180,27,3.54,2026-06-28 05:12:00,online
19787,383,175,17.51,2026-06-28 05:25:00,presencial
19788,518,31,78.37,2026-06-28 05:31:00,presencial
19789,188,139,33.19,2026-06-28 05:40:00,presencial
19790,400,55,31.84,2026-06-28 05:45:00,online
19791,113,25,151.04,2026-06-28 05:50:00,presencial
19792,326,39,15.48,2026-06-28 06:00:00,online
19793,468,189,17.24,2026-06-28 06:08:00,online
19794,237,196,64.33,2026-06-28 06:25:00,presencial
19795,98,121,20.43,2026-06-28 06:28:00,online
19796,247,162,20.32,2026-06-28 06:42:00,presencial
19797,458,181,245.71,2026-06-28 06:55:00,presencial
19798,561,70,13.75,2026-06-28 07:22:00,online
19799,370,152,19.97,2026-06-28 07:29:00,presencial
19800,403,104,72.44,2026-06-28 07:32:00,online
19801,252,35,42.36,2026-06-28 08:00:00,presencial
19802,558,107,9.87,2026-06-28 08:06:00,presencial
19803,522,10,318.12,2026-06-28 08:17:00,presencial
19804,584,122,18.66,2026-06-28 08:20:00,presencial
19805,519,53,34.12,2026-06-28 08:32:00,online
19806,329,21,72.28,2026-06-28 08:34:00,presencial
19807,577,142,482.32,2026-06-28 08:35:00,presencial
19808,366,70,28.48,2026-06-28 08:37:00,online
19809,361,90,16.26,2026-06-28 08:47:00,presencial
19810,394,18,77.28,2026-06-28 08:49:00,online
19811,112,16,444.5,2026-06-28 09:04:00,presencial
19812,504,184,51.91,2026-06-28 09:07:00,presencial
19813,218,120,32.65,2026-06-28 09:10:00,presencial
19814,396,81,68.75,2026-06-28 09:14:00,online
19815,507,134,4.56,2026-06-28 09:30:00,presencial
19816,69,146,22.73,2026-06-28 09:34:00,presencial
19817,181,23,6.0,2026-06-28 09:52:00,presencial
19818,566,185,30.08,2026-06-28 09:54:00,presencial
19819,217,132,25.42,2026-06-28 09:59:00,presencial
19820,397,62,2.46,2026-06-28 10:08:00,online
19821,337,54,54.44,2026-06-28 10:10:00,online
19822,522,18,88.23,2026-06-28 10:36:00,online
19823,307,52,36.13,2026-06-28 10:42:00,presencial
19824,255,68,8.32,2026-06-28 10:50:00,online
19825,10,43,179.78,2026-06-28 11:10:00,presencial
19826,285,135,360.28,2026-06-28 11:13:00,presencial
19827,352,51,69.42,2026-06-28 11:47:00,presencial
19828,414,100,30.28,2026-06-28 12:26:00,online
19829,469,112,30.72,2026-06-28 12:27:00,presencial
19830,466,15,72.0,2026-06-28 12:35:00,presencial
19831,276,34,49.35,2026-06-28 12:36:00,presencial
19832,48,15,72.17,2026-06-28 12:59:00,online
19833,153,139,73.33,2026-06-28 12:59:00,presencial
19834,245,140,19.85,2026-06-28 13:00:00,presencial
19835,588,26,18.08,2026-06-28 13:08:00,presencial
19836,462,148,32.84,2026-06-28 13:18:00,presencial
19837,537,163,74.76,2026-06-28 13:37:00,presencial
19838,596,22,8.04,2026-06-28 13:59:00,presencial
19839,80,24,34.76,2026-06-28 14:22:00,presencial
19840,7,159,42.97,2026-06-28 14:29:00,online
19841,345,62,26.17,2026-06-28 14:30:00,presencial
19842,159,70,209.14,2026-06-28 14:30:00,presencial
19843,522,118,173.34,2026-06-28 14:35:00,presencial
19844,279,14,70.61,2026-06-28 14:36:00,presencial
19845,6,88,313.39,2026-06-28 14:48:00,presencial
19846,134,67,117.47,2026-06-28 14:53:00,online
19847,205,165,51.81,2026-06-28 15:05:00,online
19848,17,147,26.45,2026-06-28 15:25:00,presencial
19849,191,58,28.94,2026-06-28 15:26:00,online
19850,324,132,67.94,2026-06-28 15:32:00,presencial
19851,536,81,29.7,2026-06-28 15:38:00,presencial
19852,390,97,8.43,2026-06-28 16:12:00,online
19853,56,148,29.41,2026-06-28 16:15:00,online
19854,250,56,138.43,2026-06-28 16:18:00,presencial
19855,462,116,2.63,2026-06-28 16:55:00,online
19856,222,84,209.21,2026-06-28 16:58:00,online
19857,338,131,84.05,2026-06-28 17:01:00,online
19858,592,77,34.54,2026-06-28 17:13:00,presencial
19859,83,188,61.34,2026-06-28 17:29:00,presencial
19860,287,79,128.67,2026-06-28 17:44:00,online
19861,366,22,46.37,2026-06-28 18:07:00,presencial
19862,479,98,126.91,2026-06-28 18:09:00,online
19863,503,48,113.97,2026-06-28 18:11:00,presencial
19864,173,92,54.2,2026-06-28 19:11:00,online
19865,281,185,13.17,2026-06-28 19:21:00,presencial
19866,499,21,40.14,2026-06-28 19:27:00,online
19867,504,9,4.73,2026-06-28 19:46:00,presencial
19868,495,59,72.99,2026-06-28 19:52:00,presencial
19869,401,88,28.17,2026-06-28 20:01:00,presencial
19870,161,26,22.72,2026-06-28 20:05:00,online
19871,221,140,91.93,2026-06-28 20:06:00,presencial
19872,394,121,11.05,2026-06-28 20:16:00,presencial
19873,153,141,50.57,2026-06-28 21:15:00,online
19874,410,85,30.76,2026-06-28 21:40:00,presencial
19875,310,187,36.65,2026-06-28 21:44:00,presencial
19876,266,135,61.11,2026-06-28 21:48:00,online
19877,214,185,332.21,2026-06-28 22:24:00,presencial
19878,465,18,69.29,2026-06-28 22:28:00,online
19879,280,134,199.16,2026-06-28 23:14:00,presencial
19880,185,69,207.48,2026-06-28 23:17:00,online
19881,231,39,104.24,2026-06-28 23:33:00,presencial
19882,291,37,5.88,2026-06-28 23:35:00,presencial
19883,371,40,34.34,2026-06-28 23:35:00,online
19884,595,19,13.47,2026-06-29 00:16:00,online
19885,205,91,1043.17,2026-06-29 00:28:00,presencial
19886,108,155,14.82,2026-06-29 00:30:00,presencial
19887,587,93,8.61,2026-06-29 00:39:00,presencial
19888,89,27,2.12,2026-06-29 00:57:00,presencial
19889,543,142,14.3,2026-06-29 01:33:00,presencial
19890,86,35,51.17,2026-06-29 01:36:00,online
19891,219,174,147.82,2026-06-29 01:38:00,presencial
19892,599,74,13.77,2026-06-29 01:38:00,online
19893,100,1,162.17,2026-06-29 01:40:00,online
19894,96,59,41.68,2026-06-29 01:41:00,online
19895,366,167,26.21,2026-06-29 01:48:00,online
19896,115,184,54.06,2026-06-29 02:03:00,presencial
19897,15,85,212.58,2026-06-29 02:26:00,presencial
19898,417,198,47.29,2026-06-29 03:20:00,online
19899,576,47,13.21,2026-06-29 03:35:00,online
19900,456,85,71.28,2026-06-29 04:10:00,presencial
19901,579,92,70.03,2026-06-29 04:13:00,online
19902,317,41,36.26,2026-06-29 04:40:00,presencial
19903,369,77,137.51,2026-06-29 04:47:00,online
19904,590,100,3.6,2026-06-29 04:48:00,online
19905,303,140,66.21,2026-06-29 04:58:00,presencial
19906,24,100,105.93,2026-06-29 05:16:00,presencial
19907,144,21,9.08,2026-06-29 05:17:00,presencial
19908,373,94,8.74,2026-06-29 05:19:00,online
19909,515,170,134.01,2026-06-29 05:43:00,presencial
19910,364,5,162.7,2026-06-29 06:29:00,online
19911,244,200,199.49,2026-06-29 06:47:00,online
19912,193,26,20.86,2026-06-29 06:54:00,presencial
19913,410,2,55.77,2026-06-29 06:55:00,online
19914,540,29,64.5,2026-06-29 07:06:00,presencial
19915,167,51,6.84,2026-06-29 07:16:00,online
19916,332,71,53.14,2026-06-29 07:39:00,online
19917,257,166,52.07,2026-06-29 07:49:00,online
19918,148,117,101.48,2026-06-29 07:50:00,online
19919,244,128,23.84,2026-06-29 07:51:00,presencial
19920,54,176,176.88,2026-06-29 08:06:00,online
19921,319,27,48.83,2026-06-29 08:17:00,presencial
19922,65,45,293.15,2026-06-29 08:35:00,presencial
19923,285,194,101.62,2026-06-29 08:52:00,presencial
19924,539,155,60.67,2026-06-29 08:54:00,presencial
19925,88,12,12.18,2026-06-29 09:33:00,online
19926,151,46,10.46,2026-06-29 09:36:00,online
19927,433,75,260.07,2026-06-29 09:38:00,presencial
19928,545,7,117.39,2026-06-29 09:55:00,presencial
19929,574,117,32.67,2026-06-29 09:56:00,online
19930,73,130,28.26,2026-06-29 09:59:00,online
19931,144,68,57.06,2026-06-29 10:05:00,presencial
19932,591,43,10.18,2026-06-29 10:38:00,presencial
19933,304,86,26.72,2026-06-29 10:41:00,online
19934,501,184,87.69,2026-06-29 11:01:00,presencial
19935,9,144,101.59,2026-06-29 11:03:00,online
19936,70,187,29.82,2026-06-29 11:09:00,presencial
19937,123,111,259.89,2026-06-29 11:19:00,online
19938,52,22,141.1,2026-06-29 11:20:00,presencial
19939,535,12,19.19,2026-06-29 11:24:00,presencial
19940,483,39,10.99,2026-06-29 12:19:00,presencial
19941,235,105,85.97,2026-06-29 12:22:00,presencial
19942,47,43,27.25,2026-06-29 12:52:00,online
19943,64,64,22.11,2026-06-29 13:01:00,presencial
19944,158,183,57.12,2026-06-29 13:11:00,online
19945,437,9,98.62,2026-06-29 13:20:00,presencial
19946,481,16,106.82,2026-06-29 13:23:00,online
19947,324,78,47.5,2026-06-29 13:38:00,presencial
19948,545,151,3.58,2026-06-29 13:40:00,presencial
19949,557,165,127.72,2026-06-29 13:50:00,presencial
19950,461,58,18.42,2026-06-29 13:50:00,presencial
19951,48,59,62.75,2026-06-29 13:55:00,online
19952,534,117,39.08,2026-06-29 13:57:00,presencial
19953,546,174,527.66,2026-06-29 14:01:00,online
19954,336,36,429.96,2026-06-29 14:18:00,online
19955,360,179,26.97,2026-06-29 14:33:00,online
19956,468,162,10.18,2026-06-29 15:06:00,presencial
19957,356,54,11.1,2026-06-29 16:01:00,online
19958,207,135,60.26,2026-06-29 16:20:00,presencial
19959,419,126,24.69,2026-06-29 16:27:00,presencial
19960,472,5,13.17,2026-06-29 16:41:00,presencial
19961,85,81,25.13,2026-06-29 17:05:00,presencial
19962,408,48,73.43,2026-06-29 17:24:00,presencial
19963,104,14,41.01,2026-06-29 17:37:00,presencial
19964,345,94,26.29,2026-06-29 17:59:00,online
19965,65,141,30.19,2026-06-29 18:18:00,online
19966,596,107,37.41,2026-06-29 18:21:00,presencial
19967,401,18,57.1,2026-06-29 18:22:00,presencial
19968,282,166,60.91,2026-06-29 18:36:00,presencial
19969,303,15,7.29,2026-06-29 18:56:00,online
19970,372,78,53.7,2026-06-29 18:56:00,online
19971,75,114,30.02,2026-06-29 19:05:00,presencial
19972,306,186,14.66,2026-06-29 19:07:00,presencial
19973,430,151,29.67,2026-06-29 19:12:00,presencial
19974,157,39,159.45,2026-06-29 19:51:00,presencial
19975,288,86,108.8,2026-06-29 19:54:00,presencial
19976,199,172,49.75,2026-06-29 19:56:00,online
19977,97,50,16.66,2026-06-29 19:57:00,online
19978,588,181,10.02,2026-06-29 20:12:00,presencial
19979,356,107,15.86,2026-06-29 20:34:00,presencial
19980,236,126,45.31,2026-06-29 20:37:00,presencial
19981,203,133,46.37,2026-06-29 20:48:00,presencial
19982,408,194,21.83,2026-06-29 20:56:00,presencial
19983,65,138,117.4,2026-06-29 21:21:00,online
19984,341,83,68.23,2026-06-29 21:21:00,online
19985,139,119,2.42,2026-06-29 21:26:00,online
19986,534,140,50.4,2026-06-29 21:30:00,presencial
19987,471,120,102.62,2026-06-29 21:40:00,presencial
19988,455,3,55.85,2026-06-29 21:41:00,presencial
19989,88,181,84.75,2026-06-29 21:46:00,presencial
19990,49,55,33.45,2026-06-29 21:47:00,presencial
19991,276,131,41.6,2026-06-29 21:55:00,presencial
19992,214,114,42.57,2026-06-29 22:06:00,presencial
19993,435,25,54.73,2026-06-29 22:46:00,online
19994,428,176,23.64,2026-06-29 22:59:00,online
19995,239,17,148.67,2026-06-29 23:08:00,online
19996,97,191,213.8,2026-06-29 23:11:00,online
19997,195,185,24.93,2026-06-29 23:23:00,online
19998,303,116,12.36,2026-06-29 23:36:00,presencial
19999,153,191,10.18,2026-06-29 23:49:00,online
20000,191,172,69.79,2026-06-29 23:54:00,presencial
10651,480,96,0.0,2026-04-05 21:42:00,online
2042,473,7,0.0,2026-01-19 07:32:00,presencial
8669,370,127,0.0,2026-03-19 03:26:00,presencial
1115,289,52,0.0,2026-01-10 16:03:00,presencial
13903,571,87,0.0,2026-05-05 06:05:00,presencial
11964,516,82,0.0,2026-04-17 14:53:00,presencial
11073,514,86,0.0,2026-04-09 15:06:00,online
3003,374,178,0.0,2026-01-27 21:53:00,presencial
19772,202,50,0.0,2026-06-28 02:22:00,presencial
8116,128,76,0.0,2026-03-14 06:47:00,presencial
3526,448,86,0.0,2026-02-01 12:02:00,presencial
7880,473,59,0.0,2026-03-12 08:42:00,online
16442,515,135,0.0,2026-05-27 21:37:00,presencial
16297,96,22,0.0,2026-05-26 13:41:00,presencial
12567,383,149,0.0,2026-04-22 21:53:00,online
5253,19,140,0.0,2026-02-16 19:15:00,presencial
19394,539,67,0.0,2026-06-24 16:37:00,online
16797,104,134,0.0,2026-05-31 09:56:00,online
8095,596,28,0.0,2026-03-14 01:58:00,presencial
323,568,37,0.0,2026-01-03 20:42:00,presencial
9924,597,9,0.0,2026-03-30 11:45:00,online
7460,93,178,0.0,2026-03-08 09:00:00,online
19025,385,29,0.0,2026-06-21 05:31:00,presencial
17554,445,193,0.0,2026-06-07 11:57:00,online
9120,175,18,0.0,2026-03-23 02:19:00,presencial
16422,56,160,0.0,2026-05-27 18:22:00,presencial
16061,492,131,0.0,2026-05-24 07:21:00,presencial
10121,4,100,0.0,2026-04-01 09:06:00,presencial
19056,364,107,0.0,2026-06-21 12:39:00,presencial
3650,564,51,0.0,2026-02-02 12:21:00,presencial
3942,331,59,0.0,2026-02-05 03:38:00,online
17881,463,120,0.0,2026-06-10 10:19:00,online
16676,502,178,0.0,2026-05-30 03:06:00,presencial
12631,314,80,0.0,2026-04-23 12:55:00,online
11444,98,146,0.0,2026-04-12 22:38:00,online
12158,185,71,0.0,2026-04-19 09:50:00,presencial
13836,338,148,0.0,2026-05-04 12:14:00,presencial
3435,94,65,0.0,2026-01-31 16:39:00,online
18740,232,131,0.0,2026-06-18 13:28:00,online
17408,589,88,0.0,2026-06-06 01:51:00,presencial
15441,414,37,0.0,2026-05-18 15:57:00,online
10407,563,136,0.0,2026-04-03 21:38:00,presencial
6518,74,93,0.0,2026-02-27 23:29:00,presencial
972,171,26,0.0,2026-01-09 07:00:00,online
16488,269,79,0.0,2026-05-28 07:59:00,online
19731,547,35,0.0,2026-06-27 15:48:00,online
13138,362,112,0.0,2026-04-28 08:10:00,presencial
3670,59,109,0.0,2026-02-02 15:54:00,presencial
15984,553,162,0.0,2026-05-23 14:57:00,presencial
4059,309,166,0.0,2026-02-06 04:29:00,presencial
14977,598,71,0.0,2026-05-14 21:25:00,presencial
15699,21,92,0.0,2026-05-21 01:15:00,presencial
13830,373,53,0.0,2026-05-04 11:43:00,presencial
13420,55,35,0.0,2026-04-30 17:28:00,presencial
961,453,139,0.0,2026-01-09 04:55:00,online
17745,285,111,0.0,2026-06-09 03:18:00,presencial
9865,1,39,0.0,2026-03-30 00:11:00,online
11264,137,185,0.0,2026-04-11 05:39:00,presencial
15783,384,70,0.0,2026-05-21 21:36:00,online
17197,48,76,0.0,2026-06-04 00:22:00,presencial
7555,515,138,0.0,2026-03-09 06:46:00,presencial
10499,363,92,0.0,2026-04-04 16:17:00,presencial
17060,598,36,0.0,2026-06-02 18:41:00,presencial
17929,462,129,0.0,2026-06-11 01:03:00,presencial
7086,260,184,0.0,2026-03-04 22:14:00,presencial
14754,24,138,0.0,2026-05-12 16:47:00,online
4520,331,169,0.0,2026-02-10 05:46:00,presencial
3025,188,75,0.0,2026-01-28 01:51:00,presencial
12122,483,184,0.0,2026-04-19 01:23:00,presencial
18495,538,175,0.0,2026-06-16 09:56:00,presencial
5484,587,59,0.0,2026-02-18 22:48:00,presencial
1420,184,176,0.0,2026-01-13 10:41:00,presencial
6210,33,185,0.0,2026-02-25 07:19:00,presencial
10743,467,155,0.0,2026-04-06 14:02:00,presencial
16144,4,77,0.0,2026-05-25 01:37:00,online
17618,130,154,0.0,2026-06-08 02:36:00,presencial
14569,48,115,0.0,2026-05-11 04:51:00,presencial
981,177,94,0.0,2026-01-09 08:33:00,presencial
2784,82,43,0.0,2026-01-25 20:38:00,online
7714,597,176,0.0,2026-03-10 19:09:00,online
11519,374,67,0.0,2026-04-13 13:42:00,presencial
8601,123,107,0.0,2026-03-18 13:49:00,presencial
11641,28,143,0.0,2026-04-14 14:15:00,online
18831,37,171,0.0,2026-06-19 07:19:00,online
12563,213,144,0.0,2026-04-22 20:57:00,online
12752,216,73,0.0,2026-04-24 18:22:00,presencial
6385,14,95,0.0,2026-02-26 22:18:00,presencial
4808,156,107,0.0,2026-02-12 22:34:00,presencial
6196,207,181,0.0,2026-02-25 05:15:00,presencial
10649,110,181,0.0,2026-04-05 21:03:00,presencial
7568,394,145,0.0,2026-03-09 09:16:00,presencial
16398,394,113,0.0,2026-05-27 13:25:00,presencial
17525,371,157,0.0,2026-06-07 04:34:00,presencial
1347,8,116,0.0,2026-01-12 19:46:00,presencial
13125,242,196,0.0,2026-04-28 05:59:00,online
12674,396,11,0.0,2026-04-23 19:35:00,online
15456,176,110,0.0,2026-05-18 19:11:00,online
14002,348,51,0.0,2026-05-06 01:28:00,online
18622,545,100,0.0,2026-06-17 12:54:00,online
2120,320,191,0.0,2026-01-20 00:00:00,presencial
