serie_id,data,preco,imputado
APU0000701111,2015-01-01,0.545,False
APU0000701111,2015-02-01,0.525,False
APU0000701111,2015-03-01,0.518,False
APU0000701111,2015-04-01,0.509,False
APU0000701111,2015-05-01,0.52,False
APU0000701111,2015-06-01,0.519,False
APU0000701111,2015-07-01,0.515,False
APU0000701111,2015-08-01,0.524,False
APU0000701111,2015-09-01,0.517,False
APU0000701111,2015-10-01,0.511,False
APU0000701111,2015-11-01,0.496,False
APU0000701111,2015-12-01,0.501,False
APU0000701111,2016-01-01,0.522,False
APU0000701111,2016-02-01,0.522,False
APU0000701111,2016-03-01,0.512,False
APU0000701111,2016-04-01,0.521,False
APU0000701111,2016-05-01,0.525,False
APU0000701111,2016-06-01,0.529,False
APU0000701111,2016-07-01,0.543,False
APU0000701111,2016-08-01,0.546,False
APU0000701111,2016-09-01,0.547,False
APU0000701111,2016-10-01,0.523,False
APU0000701111,2016-11-01,0.507,False
APU0000701111,2016-12-01,0.503,False
APU0000701111,2017-01-01,0.53,False
APU0000701111,2017-02-01,0.526,False
APU0000701111,2017-03-01,0.531,False
APU0000701111,2017-04-01,0.516,False
APU0000701111,2017-05-01,0.517,False
APU0000701111,2017-06-01,0.507,False
APU0000701111,2017-07-01,0.512,False
APU0000701111,2017-08-01,0.512,False
APU0000701111,2017-09-01,0.505,False
APU0000701111,2017-10-01,0.5,False
APU0000701111,2017-11-01,0.469,False
APU0000701111,2017-12-01,0.462,False
APU0000701111,2018-01-01,0.471,False
APU0000701111,2018-02-01,0.47,False
APU0000701111,2018-03-01,0.468,False
APU0000701111,2018-04-01,0.472,False
APU0000701111,2018-05-01,0.469,False
APU0000701111,2018-06-01,0.469,False
APU0000701111,2018-07-01,0.468,False
APU0000701111,2018-08-01,0.464,False
APU0000701111,2018-09-01,0.467,False
APU0000701111,2018-10-01,0.453,False
APU0000701111,2018-11-01,0.433,False
APU0000701111,2018-12-01,0.437,False
APU0000701111,2019-01-01,0.439,False
APU0000701111,2019-02-01,0.443,False
APU0000701111,2019-03-01,0.445,False
APU0000701111,2019-04-01,0.434,False
APU0000701111,2019-05-01,0.454,False
APU0000701111,2019-06-01,0.448,False
APU0000701111,2019-07-01,0.454,False
APU0000701111,2019-08-01,0.45,False
APU0000701111,2019-09-01,0.449,False
APU0000701111,2019-10-01,0.432,False
APU0000701111,2019-11-01,0.417,False
APU0000701111,2019-12-01,0.429,False
APU0000701111,2020-01-01,0.438,False
APU0000701111,2020-02-01,0.438,False
APU0000701111,2020-03-01,0.442,False
APU0000701111,2020-04-01,0.451,True
APU0000701111,2020-05-01,0.461,False
APU0000701111,2020-06-01,0.468,False
APU0000701111,2020-07-01,0.461,False
APU0000701111,2020-08-01,0.459,False
APU0000701111,2020-09-01,0.451,False
APU0000701111,2020-10-01,0.452,False
APU0000701111,2020-11-01,0.445,False
APU0000701111,2020-12-01,0.45,False
APU0000701111,2021-01-01,0.446,False
APU0000701111,2021-02-01,0.44,False
APU0000701111,2021-03-01,0.436,False
APU0000701111,2021-04-01,0.437,False
APU0000701111,2021-05-01,0.439,False
APU0000701111,2021-06-01,0.356,False
APU0000701111,2021-07-01,0.368,False
APU0000701111,2021-08-01,0.371,False
APU0000701111,2021-09-01,0.382,False
APU0000701111,2021-10-01,0.396,False
APU0000701111,2021-11-01,0.386,False
APU0000701111,2021-12-01,0.388,False
APU0000701111,2022-01-01,0.424,False
APU0000701111,2022-02-01,0.428,False
APU0000701111,2022-03-01,0.448,False
APU0000701111,2022-04-01,0.455,False
APU0000701111,2022-05-01,0.456,False
APU0000701111,2022-06-01,0.498,False
APU0000701111,2022-07-01,0.533,False
APU0000701111,2022-08-01,0.549,False
APU0000701111,2022-09-01,0.556,False
APU0000701111,2022-10-01,0.534,False
APU0000701111,2022-11-01,0.524,False
APU0000701111,2022-12-01,0.522,False
APU0000701111,2023-01-01,0.54,False
APU0000701111,2023-02-01,0.55,False
APU0000701111,2023-03-01,0.546,False
APU0000701111,2023-04-01,0.542,False
APU0000701111,2023-05-01,0.544,False
APU0000701111,2023-06-01,0.551,False
APU0000701111,2023-07-01,0.564,False
APU0000701111,2023-08-01,0.566,False
APU0000701111,2023-09-01,0.565,False
APU0000701111,2023-10-01,0.562,False
APU0000701111,2023-11-01,0.541,False
APU0000701111,2023-12-01,0.538,False
APU0000701111,2024-01-01,0.554,False
APU0000701111,2024-02-01,0.558,False
APU0000701111,2024-03-01,0.565,False
APU0000701111,2024-04-01,0.574,False
APU0000701111,2024-05-01,0.57,False
APU0000701111,2024-06-01,0.575,False
APU0000701111,2024-07-01,0.574,False
APU0000701111,2024-08-01,0.574,False
APU0000701111,2024-09-01,0.573,False
APU0000701111,2024-10-01,0.566,False
APU0000701111,2024-11-01,0.552,False
APU0000701111,2024-12-01,0.548,False
APU0000701111,2025-01-01,0.561,False
APU0000701111,2025-02-01,0.561,False
APU0000701111,2025-03-01,0.565,False
APU0000701111,2025-04-01,0.557,False
APU0000701111,2025-05-01,0.562,False
APU0000701111,2025-06-01,0.574,False
APU0000701111,2025-07-01,0.557,False
APU0000701111,2025-08-01,0.557,False
APU0000701111,2025-09-01,0.563,False
APU0000701111,2025-10-01,0.557,True
APU0000701111,2025-11-01,0.552,False
APU0000701111,2025-12-01,0.554,False
APU0000701111,2026-01-01,0.565,False
APU0000701111,2026-02-01,0.549,False
APU0000701111,2026-03-01,0.549,False
APU0000701111,2026-04-01,0.543,False
APU0000701111,2026-05-01,0.544,False
APU0000701111,2026-06-01,0.544,False
APU0000701111,2026-07-01,0.543,False
APU0000701312,2015-01-01,0.692,False
APU0000701312,2015-02-01,0.689,False
APU0000701312,2015-03-01,0.67,False
APU0000701312,2015-04-01,0.67,False
APU0000701312,2015-05-01,0.676,False
APU0000701312,2015-06-01,0.691,False
APU0000701312,2015-07-01,0.673,False
APU0000701312,2015-08-01,0.669,False
APU0000701312,2015-09-01,0.662,False
APU0000701312,2015-10-01,0.69,False
APU0000701312,2015-11-01,0.732,False
APU0000701312,2015-12-01,0.711,False
APU0000701312,2016-01-01,0.709,False
APU0000701312,2016-02-01,0.707,False
APU0000701312,2016-03-01,0.711,False
APU0000701312,2016-04-01,0.703,False
APU0000701312,2016-05-01,0.747,False
APU0000701312,2016-06-01,0.734,False
APU0000701312,2016-07-01,0.74,False
APU0000701312,2016-08-01,0.729,False
APU0000701312,2016-09-01,0.721,False
APU0000701312,2016-10-01,0.697,False
APU0000701312,2016-11-01,0.703,False
APU0000701312,2016-12-01,0.693,False
APU0000701312,2017-01-01,0.7,False
APU0000701312,2017-02-01,0.695,False
APU0000701312,2017-03-01,0.692,False
APU0000701312,2017-04-01,0.686,False
APU0000701312,2017-05-01,0.726,False
APU0000701312,2017-06-01,0.752,False
APU0000701312,2017-07-01,0.764,False
APU0000701312,2017-08-01,0.753,False
APU0000701312,2017-09-01,0.741,False
APU0000701312,2017-10-01,0.723,False
APU0000701312,2017-11-01,0.712,False
APU0000701312,2017-12-01,0.711,False
APU0000701312,2018-01-01,0.682,False
APU0000701312,2018-02-01,0.691,False
APU0000701312,2018-03-01,0.682,False
APU0000701312,2018-04-01,0.685,False
APU0000701312,2018-05-01,0.698,False
APU0000701312,2018-06-01,0.689,False
APU0000701312,2018-07-01,0.69,False
APU0000701312,2018-08-01,0.705,False
APU0000701312,2018-09-01,0.693,False
APU0000701312,2018-10-01,0.685,False
APU0000701312,2018-11-01,0.711,False
APU0000701312,2018-12-01,0.712,False
APU0000701312,2019-01-01,0.73,False
APU0000701312,2019-02-01,0.762,False
APU0000701312,2019-03-01,0.757,False
APU0000701312,2019-04-01,0.767,False
APU0000701312,2019-05-01,0.761,False
APU0000701312,2019-06-01,0.801,False
APU0000701312,2019-07-01,0.798,False
APU0000701312,2019-08-01,0.793,False
APU0000701312,2019-09-01,0.797,False
APU0000701312,2019-10-01,0.773,False
APU0000701312,2019-11-01,0.721,False
APU0000701312,2019-12-01,0.714,False
APU0000701312,2020-01-01,0.716,False
APU0000701312,2020-02-01,0.734,False
APU0000701312,2020-03-01,0.733,False
APU0000701312,2020-04-01,0.74,True
APU0000701312,2020-05-01,0.748,False
APU0000701312,2020-06-01,0.749,False
APU0000701312,2020-07-01,0.772,False
APU0000701312,2020-08-01,0.769,False
APU0000701312,2020-09-01,0.777,False
APU0000701312,2020-10-01,0.766,False
APU0000701312,2020-11-01,0.791,False
APU0000701312,2020-12-01,0.789,False
APU0000701312,2021-01-01,0.794,False
APU0000701312,2021-02-01,0.779,False
APU0000701312,2021-03-01,0.772,False
APU0000701312,2021-04-01,0.785,False
APU0000701312,2021-05-01,0.801,False
APU0000701312,2021-06-01,0.778,False
APU0000701312,2021-07-01,0.782,False
APU0000701312,2021-08-01,0.784,False
APU0000701312,2021-09-01,0.798,False
APU0000701312,2021-10-01,0.788,False
APU0000701312,2021-11-01,0.844,False
APU0000701312,2021-12-01,0.82,False
APU0000701312,2022-01-01,0.832,False
APU0000701312,2022-02-01,0.83,False
APU0000701312,2022-03-01,0.871,False
APU0000701312,2022-04-01,0.9,False
APU0000701312,2022-05-01,0.909,False
APU0000701312,2022-06-01,0.924,False
APU0000701312,2022-07-01,0.929,False
APU0000701312,2022-08-01,0.925,False
APU0000701312,2022-09-01,0.939,False
APU0000701312,2022-10-01,0.963,False
APU0000701312,2022-11-01,0.963,False
APU0000701312,2022-12-01,0.971,False
APU0000701312,2023-01-01,0.97,False
APU0000701312,2023-02-01,0.959,False
APU0000701312,2023-03-01,0.982,False
APU0000701312,2023-04-01,0.98,False
APU0000701312,2023-05-01,0.997,False
APU0000701312,2023-06-01,1.003,False
APU0000701312,2023-07-01,1.006,False
APU0000701312,2023-08-01,0.997,False
APU0000701312,2023-09-01,0.981,False
APU0000701312,2023-10-01,0.96,False
APU0000701312,2023-11-01,0.992,False
APU0000701312,2023-12-01,0.99,False
APU0000701312,2024-01-01,1.0,False
APU0000701312,2024-02-01,1.001,False
APU0000701312,2024-03-01,1.014,False
APU0000701312,2024-04-01,1.025,False
APU0000701312,2024-05-01,1.002,False
APU0000701312,2024-06-01,1.018,False
APU0000701312,2024-07-01,1.039,False
APU0000701312,2024-08-01,1.085,False
APU0000701312,2024-09-01,1.078,False
APU0000701312,2024-10-01,1.056,False
APU0000701312,2024-11-01,1.061,False
APU0000701312,2024-12-01,1.032,False
APU0000701312,2025-01-01,1.008,False
APU0000701312,2025-02-01,1.03,False
APU0000701312,2025-03-01,1.038,False
APU0000701312,2025-04-01,1.031,False
APU0000701312,2025-05-01,1.067,False
APU0000701312,2025-06-01,1.061,False
APU0000701312,2025-07-01,1.068,False
APU0000701312,2025-08-01,1.059,False
APU0000701312,2025-09-01,1.06,False
APU0000701312,2025-10-01,1.062,True
APU0000701312,2025-11-01,1.065,False
APU0000701312,2025-12-01,1.076,False
APU0000701312,2026-01-01,1.059,False
APU0000701312,2026-02-01,1.074,False
APU0000701312,2026-03-01,1.06,False
APU0000701312,2026-04-01,1.076,False
APU0000701312,2026-05-01,1.071,False
APU0000701312,2026-06-01,1.089,False
APU0000701312,2026-07-01,1.1,False
APU0000701322,2015-01-01,1.264,False
APU0000701322,2015-02-01,1.319,False
APU0000701322,2015-03-01,1.392,False
APU0000701322,2015-04-01,1.337,False
APU0000701322,2015-05-01,1.335,False
APU0000701322,2015-06-01,1.36,False
APU0000701322,2015-07-01,1.325,False
APU0000701322,2015-08-01,1.351,False
APU0000701322,2015-09-01,1.282,False
APU0000701322,2015-10-01,1.297,False
APU0000701322,2015-11-01,1.266,False
APU0000701322,2015-12-01,1.292,False
APU0000701322,2016-01-01,1.265,False
APU0000701322,2016-02-01,1.309,False
APU0000701322,2016-03-01,1.341,False
APU0000701322,2016-04-01,1.294,False
APU0000701322,2016-05-01,1.32,False
APU0000701322,2016-06-01,1.292,False
APU0000701322,2016-07-01,1.32,False
APU0000701322,2016-08-01,1.292,False
APU0000701322,2016-09-01,1.289,False
APU0000701322,2016-10-01,1.292,False
APU0000701322,2016-11-01,1.302,False
APU0000701322,2016-12-01,1.287,False
APU0000701322,2017-01-01,1.31,False
APU0000701322,2017-02-01,1.29,False
APU0000701322,2017-03-01,1.265,False
APU0000701322,2017-04-01,1.271,False
APU0000701322,2017-05-01,1.272,False
APU0000701322,2017-06-01,1.281,False
APU0000701322,2017-07-01,1.294,False
APU0000701322,2017-08-01,1.305,False
APU0000701322,2017-09-01,1.299,False
APU0000701322,2017-10-01,1.259,False
APU0000701322,2017-11-01,1.242,False
APU0000701322,2017-12-01,1.235,False
APU0000701322,2018-01-01,1.218,False
APU0000701322,2018-02-01,1.176,False
APU0000701322,2018-03-01,1.187,False
APU0000701322,2018-04-01,1.176,False
APU0000701322,2018-05-01,1.143,False
APU0000701322,2018-06-01,1.201,False
APU0000701322,2018-07-01,1.204,False
APU0000701322,2018-08-01,1.227,False
APU0000701322,2018-09-01,1.2,False
APU0000701322,2018-10-01,1.138,False
APU0000701322,2018-11-01,1.196,False
APU0000701322,2018-12-01,1.161,False
APU0000701322,2019-01-01,1.217,False
APU0000701322,2019-02-01,1.206,False
APU0000701322,2019-03-01,1.237,False
APU0000701322,2019-04-01,1.223,False
APU0000701322,2019-05-01,1.197,False
APU0000701322,2019-06-01,1.192,False
APU0000701322,2019-07-01,1.198,False
APU0000701322,2019-08-01,1.215,False
APU0000701322,2019-09-01,1.184,False
APU0000701322,2019-10-01,1.178,False
APU0000701322,2019-11-01,1.231,False
APU0000701322,2019-12-01,1.189,False
APU0000701322,2020-01-01,1.225,False
APU0000701322,2020-02-01,1.235,False
APU0000701322,2020-03-01,1.238,False
APU0000701322,2020-04-01,1.265,False
APU0000701322,2020-05-01,1.26,False
APU0000701322,2020-06-01,1.28,False
APU0000701322,2020-07-01,1.295,False
APU0000701322,2020-08-01,1.303,False
APU0000701322,2020-09-01,1.256,False
APU0000701322,2020-10-01,1.22,False
APU0000701322,2020-11-01,1.262,False
APU0000701322,2020-12-01,1.313,False
APU0000701322,2021-01-01,1.314,False
APU0000701322,2021-02-01,1.324,False
APU0000701322,2021-03-01,1.341,False
APU0000701322,2021-04-01,1.251,False
APU0000701322,2021-05-01,1.336,False
APU0000701322,2021-06-01,1.073,False
APU0000701322,2021-07-01,1.094,False
APU0000701322,2021-08-01,1.089,False
APU0000701322,2021-09-01,1.077,False
APU0000701322,2021-10-01,1.067,False
APU0000701322,2021-11-01,1.093,False
APU0000701322,2021-12-01,1.092,False
APU0000701322,2022-01-01,1.116,False
APU0000701322,2022-02-01,1.148,False
APU0000701322,2022-03-01,1.182,False
APU0000701322,2022-04-01,1.217,False
APU0000701322,2022-05-01,1.291,False
APU0000701322,2022-06-01,1.316,False
APU0000701322,2022-07-01,1.349,False
APU0000701322,2022-08-01,1.368,False
APU0000701322,2022-09-01,1.357,False
APU0000701322,2022-10-01,1.349,False
APU0000701322,2022-11-01,1.428,False
APU0000701322,2022-12-01,1.434,False
APU0000701322,2023-01-01,1.475,False
APU0000701322,2023-02-01,1.486,False
APU0000701322,2023-03-01,1.465,False
APU0000701322,2023-04-01,1.461,False
APU0000701322,2023-05-01,1.458,False
APU0000701322,2023-06-01,1.466,False
APU0000701322,2023-07-01,1.42,False
APU0000701322,2023-08-01,1.404,False
APU0000701322,2023-09-01,1.41,False
APU0000701322,2023-10-01,1.4,False
APU0000701322,2023-11-01,1.369,False
APU0000701322,2023-12-01,1.377,False
APU0000701322,2024-01-01,1.425,False
APU0000701322,2024-02-01,1.432,False
APU0000701322,2024-03-01,1.42,False
APU0000701322,2024-04-01,1.422,False
APU0000701322,2024-05-01,1.377,False
APU0000701322,2024-06-01,1.435,False
APU0000701322,2024-07-01,1.432,False
APU0000701322,2024-08-01,1.421,False
APU0000701322,2024-09-01,1.431,False
APU0000701322,2024-10-01,1.445,False
APU0000701322,2024-11-01,1.367,False
APU0000701322,2024-12-01,1.38,False
APU0000701322,2025-01-01,1.366,False
APU0000701322,2025-02-01,1.381,False
APU0000701322,2025-03-01,1.379,False
APU0000701322,2025-04-01,1.361,False
APU0000701322,2025-05-01,1.322,False
APU0000701322,2025-06-01,1.318,False
APU0000701322,2025-07-01,1.306,False
APU0000701322,2025-08-01,1.294,False
APU0000701322,2025-09-01,1.205,False
APU0000701322,2025-10-01,1.252,True
APU0000701322,2025-11-01,1.3,False
APU0000701322,2025-12-01,1.311,False
APU0000701322,2026-01-01,1.325,False
APU0000701322,2026-02-01,1.323,False
APU0000701322,2026-03-01,1.308,False
APU0000701322,2026-04-01,1.343,False
APU0000701322,2026-05-01,1.374,False
APU0000701322,2026-06-01,1.367,False
APU0000701322,2026-07-01,1.381,False
APU0000702111,2015-01-01,1.479,False
APU0000702111,2015-02-01,1.435,False
APU0000702111,2015-03-01,1.44,False
APU0000702111,2015-04-01,1.454,False
APU0000702111,2015-05-01,1.463,False
APU0000702111,2015-06-01,1.467,False
APU0000702111,2015-07-01,1.447,False
APU0000702111,2015-08-01,1.42,False
APU0000702111,2015-09-01,1.432,False
APU0000702111,2015-10-01,1.418,False
APU0000702111,2015-11-01,1.409,False
APU0000702111,2015-12-01,1.428,False
APU0000702111,2016-01-01,1.425,False
APU0000702111,2016-02-01,1.407,False
APU0000702111,2016-03-01,1.416,False
APU0000702111,2016-04-01,1.406,False
APU0000702111,2016-05-01,1.382,False
APU0000702111,2016-06-01,1.333,False
APU0000702111,2016-07-01,1.349,False
APU0000702111,2016-08-01,1.341,False
APU0000702111,2016-09-01,1.329,False
APU0000702111,2016-10-01,1.343,False
APU0000702111,2016-11-01,1.362,False
APU0000702111,2016-12-01,1.362,False
APU0000702111,2017-01-01,1.351,False
APU0000702111,2017-02-01,1.358,False
APU0000702111,2017-03-01,1.329,False
APU0000702111,2017-04-01,1.328,False
APU0000702111,2017-05-01,1.327,False
APU0000702111,2017-06-01,1.335,False
APU0000702111,2017-07-01,1.327,False
APU0000702111,2017-08-01,1.348,False
APU0000702111,2017-09-01,1.349,False
APU0000702111,2017-10-01,1.328,False
APU0000702111,2017-11-01,1.295,False
APU0000702111,2017-12-01,1.316,False
APU0000702111,2018-01-01,1.281,False
APU0000702111,2018-02-01,1.265,False
APU0000702111,2018-03-01,1.309,False
APU0000702111,2018-04-01,1.281,False
APU0000702111,2018-05-01,1.293,False
APU0000702111,2018-06-01,1.279,False
APU0000702111,2018-07-01,1.293,False
APU0000702111,2018-08-01,1.302,False
APU0000702111,2018-09-01,1.288,False
APU0000702111,2018-10-01,1.277,False
APU0000702111,2018-11-01,1.274,False
APU0000702111,2018-12-01,1.29,False
APU0000702111,2019-01-01,1.274,False
APU0000702111,2019-02-01,1.282,False
APU0000702111,2019-03-01,1.261,False
APU0000702111,2019-04-01,1.285,False
APU0000702111,2019-05-01,1.289,False
APU0000702111,2019-06-01,1.28,False
APU0000702111,2019-07-01,1.281,False
APU0000702111,2019-08-01,1.275,False
APU0000702111,2019-09-01,1.296,False
APU0000702111,2019-10-01,1.325,False
APU0000702111,2019-11-01,1.361,False
APU0000702111,2019-12-01,1.363,False
APU0000702111,2020-01-01,1.351,False
APU0000702111,2020-02-01,1.375,False
APU0000702111,2020-03-01,1.374,False
APU0000702111,2020-04-01,1.406,False
APU0000702111,2020-05-01,1.412,False
APU0000702111,2020-06-01,1.474,False
APU0000702111,2020-07-01,1.485,False
APU0000702111,2020-08-01,1.495,False
APU0000702111,2020-09-01,1.492,False
APU0000702111,2020-10-01,1.503,False
APU0000702111,2020-11-01,1.515,False
APU0000702111,2020-12-01,1.538,False
APU0000702111,2021-01-01,1.546,False
APU0000702111,2021-02-01,1.537,False
APU0000702111,2021-03-01,1.526,False
APU0000702111,2021-04-01,1.51,False
APU0000702111,2021-05-01,1.511,False
APU0000702111,2021-06-01,1.51,False
APU0000702111,2021-07-01,1.491,False
APU0000702111,2021-08-01,1.467,False
APU0000702111,2021-09-01,1.58,False
APU0000702111,2021-10-01,1.526,False
APU0000702111,2021-11-01,1.547,False
APU0000702111,2021-12-01,1.532,False
APU0000702111,2022-01-01,1.555,False
APU0000702111,2022-02-01,1.578,False
APU0000702111,2022-03-01,1.607,False
APU0000702111,2022-04-01,1.612,False
APU0000702111,2022-05-01,1.606,False
APU0000702111,2022-06-01,1.691,False
APU0000702111,2022-07-01,1.715,False
APU0000702111,2022-08-01,1.756,False
APU0000702111,2022-09-01,1.749,False
APU0000702111,2022-10-01,1.814,False
APU0000702111,2022-11-01,1.847,False
APU0000702111,2022-12-01,1.873,False
APU0000702111,2023-01-01,1.888,False
APU0000702111,2023-02-01,1.896,False
APU0000702111,2023-03-01,1.936,False
APU0000702111,2023-04-01,1.989,False
APU0000702111,2023-05-01,1.951,False
APU0000702111,2023-06-01,1.937,False
APU0000702111,2023-07-01,1.98,False
APU0000702111,2023-08-01,1.97,False
APU0000702111,2023-09-01,1.972,False
APU0000702111,2023-10-01,2.002,False
APU0000702111,2023-11-01,1.976,False
APU0000702111,2023-12-01,2.024,False
APU0000702111,2024-01-01,2.033,False
APU0000702111,2024-02-01,2.006,False
APU0000702111,2024-03-01,1.997,False
APU0000702111,2024-04-01,1.998,False
APU0000702111,2024-05-01,1.971,False
APU0000702111,2024-06-01,1.973,False
APU0000702111,2024-07-01,1.975,False
APU0000702111,2024-08-01,1.951,False
APU0000702111,2024-09-01,1.976,False
APU0000702111,2024-10-01,1.937,False
APU0000702111,2024-11-01,1.916,False
APU0000702111,2024-12-01,1.912,False
APU0000702111,2025-01-01,1.925,False
APU0000702111,2025-02-01,1.925,False
APU0000702111,2025-03-01,1.88,False
APU0000702111,2025-04-01,1.913,False
APU0000702111,2025-05-01,1.876,False
APU0000702111,2025-06-01,1.864,False
APU0000702111,2025-07-01,1.851,False
APU0000702111,2025-08-01,1.841,False
APU0000702111,2025-09-01,1.867,False
APU0000702111,2025-10-01,1.828,True
APU0000702111,2025-11-01,1.79,False
APU0000702111,2025-12-01,1.833,False
APU0000702111,2026-01-01,1.843,False
APU0000702111,2026-02-01,1.85,False
APU0000702111,2026-03-01,1.808,False
APU0000702111,2026-04-01,1.869,False
APU0000702111,2026-05-01,1.83,False
APU0000702111,2026-06-01,1.814,False
APU0000702111,2026-07-01,1.82,False
APU0000702212,2015-01-01,1.948,False
APU0000702212,2015-02-01,2.024,False
APU0000702212,2015-03-01,2.042,False
APU0000702212,2015-04-01,2.008,False
APU0000702212,2015-05-01,2.041,False
APU0000702212,2015-06-01,1.957,False
APU0000702212,2015-07-01,1.963,False
APU0000702212,2015-08-01,1.956,False
APU0000702212,2015-09-01,2.008,False
APU0000702212,2015-10-01,1.978,False
APU0000702212,2015-11-01,2.028,False
APU0000702212,2015-12-01,1.949,False
APU0000702212,2016-01-01,1.943,False
APU0000702212,2016-02-01,1.947,False
APU0000702212,2016-03-01,1.909,False
APU0000702212,2016-04-01,1.915,False
APU0000702212,2016-05-01,1.962,False
APU0000702212,2016-06-01,1.977,False
APU0000702212,2016-07-01,1.966,False
APU0000702212,2016-08-01,1.992,False
APU0000702212,2016-09-01,1.974,False
APU0000702212,2016-10-01,2.004,False
APU0000702212,2016-11-01,2.024,False
APU0000702212,2016-12-01,1.96,False
APU0000702212,2017-01-01,1.975,False
APU0000702212,2017-02-01,1.986,False
APU0000702212,2017-03-01,1.929,False
APU0000702212,2017-04-01,2.014,False
APU0000702212,2017-05-01,1.974,False
APU0000702212,2017-06-01,2.032,False
APU0000702212,2017-07-01,1.967,False
APU0000702212,2017-08-01,2.025,False
APU0000702212,2017-09-01,1.986,False
APU0000702212,2017-10-01,2.009,False
APU0000702212,2017-11-01,2.024,False
APU0000702212,2017-12-01,1.97,False
APU0000702212,2018-01-01,2.033,False
APU0000702212,2018-02-01,2.011,False
APU0000702212,2018-03-01,2.039,False
APU0000702212,2018-04-01,2.016,False
APU0000702212,2018-05-01,1.966,False
APU0000702212,2018-06-01,1.896,False
APU0000702212,2018-07-01,1.899,False
APU0000702212,2018-08-01,1.936,False
APU0000702212,2018-09-01,1.951,False
APU0000702212,2018-10-01,1.91,False
APU0000702212,2018-11-01,1.945,False
APU0000702212,2018-12-01,1.924,False
APU0000702212,2019-01-01,1.94,False
APU0000702212,2019-02-01,1.951,False
APU0000702212,2019-03-01,1.962,False
APU0000702212,2019-04-01,1.952,False
APU0000702212,2019-05-01,1.941,False
APU0000702212,2019-06-01,1.905,False
APU0000702212,2019-07-01,1.951,False
APU0000702212,2019-08-01,1.94,False
APU0000702212,2019-09-01,1.935,False
APU0000702212,2019-10-01,1.948,False
APU0000702212,2019-11-01,1.943,False
APU0000702212,2019-12-01,1.964,False
APU0000702212,2020-01-01,1.961,False
APU0000702212,2020-02-01,1.986,False
APU0000702212,2020-03-01,1.994,False
APU0000702212,2020-04-01,2.07,False
APU0000702212,2020-05-01,2.075,False
APU0000702212,2020-06-01,2.118,False
APU0000702212,2020-07-01,2.144,False
APU0000702212,2020-08-01,2.084,False
APU0000702212,2020-09-01,2.081,False
APU0000702212,2020-10-01,2.17,False
APU0000702212,2020-11-01,2.207,False
APU0000702212,2020-12-01,2.203,False
APU0000702212,2021-01-01,2.175,False
APU0000702212,2021-02-01,2.203,False
APU0000702212,2021-03-01,2.196,False
APU0000702212,2021-04-01,2.209,False
APU0000702212,2021-05-01,2.151,False
APU0000702212,2021-06-01,2.026,False
APU0000702212,2021-07-01,2.1,False
APU0000702212,2021-08-01,2.076,False
APU0000702212,2021-09-01,2.102,False
APU0000702212,2021-10-01,2.175,False
APU0000702212,2021-11-01,2.094,False
APU0000702212,2021-12-01,2.099,False
APU0000702212,2022-01-01,2.119,False
APU0000702212,2022-02-01,2.029,False
APU0000702212,2022-03-01,2.121,False
APU0000702212,2022-04-01,2.145,False
APU0000702212,2022-05-01,2.22,False
APU0000702212,2022-06-01,2.23,False
APU0000702212,2022-07-01,2.316,False
APU0000702212,2022-08-01,2.298,False
APU0000702212,2022-09-01,2.362,False
APU0000702212,2022-10-01,2.386,False
APU0000702212,2022-11-01,2.419,False
APU0000702212,2022-12-01,2.419,False
APU0000702212,2023-01-01,2.451,False
APU0000702212,2023-02-01,2.5,False
APU0000702212,2023-03-01,2.533,False
APU0000702212,2023-04-01,2.553,False
APU0000702212,2023-05-01,2.502,False
APU0000702212,2023-06-01,2.564,False
APU0000702212,2023-07-01,2.58,False
APU0000702212,2023-08-01,2.535,False
APU0000702212,2023-09-01,2.537,False
APU0000702212,2023-10-01,2.67,False
APU0000702212,2023-11-01,2.624,False
APU0000702212,2023-12-01,2.647,False
APU0000702212,2024-01-01,2.631,False
APU0000702212,2024-02-01,2.604,False
APU0000702212,2024-03-01,2.585,False
APU0000702212,2024-04-01,2.625,False
APU0000702212,2024-05-01,2.749,False
APU0000702212,2024-06-01,2.775,False
APU0000702212,2024-07-01,2.693,False
APU0000702212,2024-08-01,2.674,False
APU0000702212,2024-09-01,2.748,False
APU0000702212,2024-10-01,2.833,False
APU0000702212,2024-11-01,2.724,False
APU0000702212,2024-12-01,2.796,False
APU0000702212,2025-01-01,2.76,False
APU0000702212,2025-02-01,2.759,False
APU0000702212,2025-03-01,2.719,False
APU0000702212,2025-04-01,2.751,False
APU0000702212,2025-05-01,2.602,False
APU0000702212,2025-06-01,2.656,False
APU0000702212,2025-07-01,2.714,False
APU0000702212,2025-08-01,2.684,False
APU0000702212,2025-09-01,2.775,False
APU0000702212,2025-10-01,2.706,True
APU0000702212,2025-11-01,2.638,False
APU0000702212,2025-12-01,2.677,False
APU0000702212,2026-01-01,2.729,False
APU0000702212,2026-02-01,2.687,False
APU0000702212,2026-03-01,2.747,False
APU0000702212,2026-04-01,2.735,False
APU0000702212,2026-05-01,2.814,False
APU0000702421,2015-01-01,3.428,False
APU0000702421,2015-02-01,3.477,False
APU0000702421,2015-03-01,3.486,False
APU0000702421,2015-04-01,3.335,False
APU0000702421,2015-05-01,3.212,False
APU0000702421,2015-06-01,3.286,False
APU0000702421,2015-07-01,3.305,False
APU0000702421,2015-08-01,3.233,False
APU0000702421,2015-09-01,3.366,False
APU0000702421,2015-10-01,3.391,False
APU0000702421,2015-11-01,3.413,False
APU0000702421,2015-12-01,3.316,False
APU0000702421,2016-01-01,3.33,False
APU0000702421,2016-02-01,3.289,False
APU0000702421,2016-03-01,3.4,False
APU0000702421,2016-04-01,3.42,False
APU0000702421,2016-05-01,3.423,False
APU0000702421,2016-06-01,3.32,False
APU0000702421,2016-07-01,3.217,False
APU0000702421,2016-08-01,3.219,False
APU0000702421,2016-09-01,3.3,False
APU0000702421,2016-10-01,3.47,False
APU0000702421,2016-11-01,3.366,False
APU0000702421,2016-12-01,3.409,False
APU0000702421,2017-01-01,3.397,False
APU0000702421,2017-02-01,3.39,False
APU0000702421,2017-03-01,3.346,False
APU0000702421,2017-04-01,3.404,False
APU0000702421,2017-05-01,3.506,False
APU0000702421,2017-06-01,3.575,False
APU0000702421,2017-07-01,3.467,False
APU0000702421,2017-08-01,3.568,False
APU0000702421,2017-09-01,3.494,False
APU0000702421,2017-10-01,3.511,False
APU0000702421,2017-11-01,3.639,False
APU0000702421,2017-12-01,3.601,False
APU0000702421,2018-01-01,3.681,False
APU0000702421,2018-02-01,3.725,False
APU0000702421,2018-03-01,3.579,False
APU0000702421,2018-04-01,3.328,False
APU0000702421,2018-05-01,3.4,False
APU0000702421,2018-06-01,3.49,False
APU0000702421,2018-07-01,3.481,False
APU0000702421,2018-08-01,3.351,False
APU0000702421,2018-09-01,3.451,False
APU0000702421,2018-10-01,3.456,False
APU0000702421,2018-11-01,3.527,False
APU0000702421,2018-12-01,3.527,False
APU0000702421,2019-01-01,3.466,False
APU0000702421,2019-02-01,3.516,False
APU0000702421,2019-03-01,3.311,False
APU0000702421,2019-04-01,3.426,False
APU0000702421,2019-05-01,3.352,False
APU0000702421,2019-06-01,3.504,False
APU0000702421,2019-07-01,3.468,False
APU0000702421,2019-08-01,3.496,False
APU0000702421,2019-09-01,3.587,False
APU0000702421,2019-10-01,3.602,False
APU0000702421,2019-11-01,3.603,False
APU0000702421,2019-12-01,3.584,False
APU0000702421,2020-01-01,3.525,False
APU0000702421,2020-02-01,3.551,False
APU0000702421,2020-03-01,3.633,False
APU0000702421,2020-04-01,3.826,False
APU0000702421,2020-05-01,3.617,False
APU0000702421,2020-06-01,3.717,False
APU0000702421,2020-07-01,3.696,False
APU0000702421,2020-08-01,3.769,False
APU0000702421,2020-09-01,3.659,False
APU0000702421,2020-10-01,3.848,False
APU0000702421,2020-11-01,3.767,False
APU0000702421,2020-12-01,3.793,False
APU0000702421,2021-01-01,3.669,False
APU0000702421,2021-02-01,3.8,False
APU0000702421,2021-03-01,3.964,False
APU0000702421,2021-04-01,3.939,False
APU0000702421,2021-05-01,4.019,False
APU0000702421,2021-06-01,4.068,False
APU0000702421,2021-07-01,4.065,False
APU0000702421,2021-08-01,4.065,False
APU0000702421,2021-09-01,3.981,False
APU0000702421,2021-10-01,3.815,False
APU0000702421,2021-11-01,3.999,False
APU0000702421,2021-12-01,4.089,False
APU0000702421,2022-01-01,4.223,False
APU0000702421,2022-02-01,4.15,False
APU0000702421,2022-03-01,4.147,False
APU0000702421,2022-04-01,4.174,False
APU0000702421,2022-05-01,4.505,False
APU0000702421,2022-06-01,4.567,False
APU0000702421,2022-07-01,4.654,False
APU0000702421,2022-08-01,4.676,False
APU0000702421,2022-09-01,4.796,False
APU0000702421,2022-10-01,4.869,False
APU0000702421,2022-11-01,4.942,False
APU0000702421,2022-12-01,4.974,False
APU0000702421,2023-01-01,5.058,False
APU0000702421,2023-02-01,5.177,False
APU0000702421,2023-03-01,5.234,False
APU0000702421,2023-04-01,5.193,False
APU0000702421,2023-05-01,5.153,False
APU0000702421,2023-06-01,5.111,False
APU0000702421,2023-07-01,5.091,False
APU0000702421,2023-08-01,5.056,False
APU0000702421,2023-09-01,5.113,False
APU0000702421,2023-10-01,5.129,False
APU0000702421,2023-11-01,5.044,False
APU0000702421,2023-12-01,5.117,False
APU0000702421,2024-01-01,5.019,False
APU0000702421,2024-02-01,5.248,False
APU0000702421,2024-03-01,5.145,False
APU0000702421,2024-04-01,5.121,False
APU0000702421,2024-05-01,5.124,False
APU0000702421,2024-06-01,5.017,False
APU0000702421,2024-07-01,5.102,False
APU0000702421,2024-08-01,5.046,False
APU0000702421,2024-09-01,5.173,False
APU0000702421,2024-10-01,4.852,False
APU0000702421,2024-11-01,4.918,False
APU0000702421,2024-12-01,4.773,False
APU0000702421,2025-01-01,4.895,False
APU0000702421,2025-02-01,4.658,False
APU0000702421,2025-03-01,4.863,False
APU0000702421,2025-04-01,4.956,False
APU0000702421,2025-05-01,5.049,False
APU0000702421,2025-06-01,5.108,False
APU0000702421,2025-07-01,5.264,False
APU0000702421,2025-08-01,5.122,False
APU0000702421,2025-09-01,5.15,False
APU0000702421,2025-10-01,5.24,True
APU0000702421,2025-11-01,5.331,False
APU0000702421,2025-12-01,5.128,False
APU0000702421,2026-01-01,5.352,False
APU0000702421,2026-02-01,5.255,False
APU0000702421,2026-03-01,5.309,False
APU0000702421,2026-04-01,5.182,False
APU0000702421,2026-05-01,5.181,False
APU0000702421,2026-06-01,4.964,False
APU0000702421,2026-07-01,5.008,False
APU0000703111,2015-01-01,4.375,False
APU0000703111,2015-02-01,4.403,False
APU0000703111,2015-03-01,4.364,False
APU0000703111,2015-04-01,4.323,False
APU0000703111,2015-05-01,4.308,False
APU0000703111,2015-06-01,4.324,False
APU0000703111,2015-07-01,4.266,False
APU0000703111,2015-08-01,4.222,False
APU0000703111,2015-09-01,4.195,False
APU0000703111,2015-10-01,4.119,False
APU0000703111,2015-11-01,4.082,False
APU0000703111,2015-12-01,4.025,False
APU0000703111,2016-01-01,4.019,False
APU0000703111,2016-02-01,3.945,False
APU0000703111,2016-03-01,3.929,False
APU0000703111,2016-04-01,3.933,False
APU0000703111,2016-05-01,3.902,False
APU0000703111,2016-06-01,3.84,False
APU0000703111,2016-07-01,3.807,False
APU0000703111,2016-08-01,3.912,False
APU0000703111,2016-09-01,3.791,False
APU0000703111,2016-10-01,3.742,False
APU0000703111,2016-11-01,3.703,False
APU0000703111,2016-12-01,3.619,False
APU0000703111,2017-01-01,3.621,False
APU0000703111,2017-02-01,3.549,False
APU0000703111,2017-03-01,3.59,False
APU0000703111,2017-04-01,3.675,False
APU0000703111,2017-05-01,3.645,False
APU0000703111,2017-06-01,3.768,False
APU0000703111,2017-07-01,3.866,False
APU0000703111,2017-08-01,3.785,False
APU0000703111,2017-09-01,3.801,False
APU0000703111,2017-10-01,3.703,False
APU0000703111,2017-11-01,3.775,False
APU0000703111,2017-12-01,3.729,False
APU0000703111,2018-01-01,3.668,False
APU0000703111,2018-02-01,3.659,False
APU0000703111,2018-03-01,3.728,False
APU0000703111,2018-04-01,3.775,False
APU0000703111,2018-05-01,3.688,False
APU0000703111,2018-06-01,3.824,False
APU0000703111,2018-07-01,3.786,False
APU0000703111,2018-08-01,3.738,False
APU0000703111,2018-09-01,3.701,False
APU0000703111,2018-10-01,3.692,False
APU0000703111,2018-11-01,3.745,False
APU0000703111,2018-12-01,3.709,False
APU0000703111,2019-01-01,3.727,False
APU0000703111,2019-02-01,3.847,False
APU0000703111,2019-03-01,3.831,False
APU0000703111,2019-04-01,3.907,False
APU0000703111,2019-05-01,4.023,False
APU0000703111,2019-06-01,3.951,False
APU0000703111,2019-07-01,4.001,False
APU0000703111,2019-08-01,4.019,False
APU0000703111,2019-09-01,3.885,False
APU0000703111,2019-10-01,4.027,False
APU0000703111,2019-11-01,3.993,False
APU0000703111,2019-12-01,4.066,False
APU0000703111,2020-01-01,4.1,False
APU0000703111,2020-02-01,4.033,False
APU0000703111,2020-03-01,4.108,False
APU0000703111,2020-04-01,4.343,False
APU0000703111,2020-05-01,4.789,False
APU0000703111,2020-06-01,5.33,False
APU0000703111,2020-07-01,4.732,False
APU0000703111,2020-08-01,4.307,False
APU0000703111,2020-09-01,4.165,False
APU0000703111,2020-10-01,4.212,False
APU0000703111,2020-11-01,4.33,False
APU0000703111,2020-12-01,4.202,False
APU0000703111,2021-01-01,4.31,False
APU0000703111,2021-02-01,4.252,False
APU0000703111,2021-03-01,4.377,False
APU0000703111,2021-04-01,4.29,False
APU0000703111,2021-05-01,4.495,False
APU0000703111,2021-06-01,4.565,False
APU0000703111,2021-07-01,4.521,False
APU0000703111,2021-08-01,4.636,False
APU0000703111,2021-09-01,4.786,False
APU0000703111,2021-10-01,4.869,False
APU0000703111,2021-11-01,4.81,False
APU0000703111,2021-12-01,4.792,False
APU0000703111,2022-01-01,4.765,False
APU0000703111,2022-02-01,4.627,False
APU0000703111,2022-03-01,4.87,False
APU0000703111,2022-04-01,4.945,False
APU0000703111,2022-05-01,4.894,False
APU0000703111,2022-06-01,4.997,False
APU0000703111,2022-07-01,5.075,False
APU0000703111,2022-08-01,5.12,False
APU0000703111,2022-09-01,4.89,False
APU0000703111,2022-10-01,4.789,False
APU0000703111,2022-11-01,4.728,False
APU0000703111,2022-12-01,4.758,False
APU0000703111,2023-01-01,4.644,False
APU0000703111,2023-02-01,4.777,False
APU0000703111,2023-03-01,4.753,False
APU0000703111,2023-04-01,4.747,False
APU0000703111,2023-05-01,4.953,False
APU0000703111,2023-06-01,5.106,False
APU0000703111,2023-07-01,5.253,False
APU0000703111,2023-08-01,5.259,False
APU0000703111,2023-09-01,5.185,False
APU0000703111,2023-10-01,5.349,False
APU0000703111,2023-11-01,5.201,False
APU0000703111,2023-12-01,5.118,False
APU0000703111,2024-01-01,5.093,False
APU0000703111,2024-02-01,5.213,False
APU0000703111,2024-03-01,5.421,False
APU0000703111,2024-04-01,5.277,False
APU0000703111,2024-05-01,5.331,False
APU0000703111,2024-06-01,5.364,False
APU0000703111,2024-07-01,5.47,False
APU0000703111,2024-08-01,5.638,False
APU0000703111,2024-09-01,5.576,False
APU0000703111,2024-10-01,5.586,False
APU0000703111,2024-11-01,5.605,False
APU0000703111,2024-12-01,5.576,False
APU0000703111,2025-01-01,5.495,False
APU0000703111,2025-02-01,5.744,False
APU0000703111,2025-03-01,5.854,False
APU0000703111,2025-04-01,5.996,False
APU0000703111,2025-05-01,6.018,False
APU0000703111,2025-06-01,6.103,False
APU0000703111,2025-07-01,6.338,False
APU0000703111,2025-08-01,6.626,False
APU0000703111,2025-09-01,6.326,False
APU0000703111,2025-10-01,6.414,True
APU0000703111,2025-11-01,6.504,False
APU0000703111,2025-12-01,6.521,False
APU0000703111,2026-01-01,6.693,False
APU0000703111,2026-02-01,6.703,False
APU0000703111,2026-03-01,6.684,False
APU0000703111,2026-04-01,6.921,False
APU0000703111,2026-05-01,6.718,False
APU0000703111,2026-06-01,6.975,False
APU0000703111,2026-07-01,6.85,False
APU0000703112,2015-01-01,4.235,False
APU0000703112,2015-02-01,4.238,False
APU0000703112,2015-03-01,4.2,False
APU0000703112,2015-04-01,4.231,False
APU0000703112,2015-05-01,4.136,False
APU0000703112,2015-06-01,4.221,False
APU0000703112,2015-07-01,4.2,False
APU0000703112,2015-08-01,4.159,False
APU0000703112,2015-09-01,4.126,False
APU0000703112,2015-10-01,4.083,False
APU0000703112,2015-11-01,4.113,False
APU0000703112,2015-12-01,4.06,False
APU0000703112,2016-01-01,3.978,False
APU0000703112,2016-02-01,3.964,False
APU0000703112,2016-03-01,3.955,False
APU0000703112,2016-04-01,3.815,False
APU0000703112,2016-05-01,3.717,False
APU0000703112,2016-06-01,3.725,False
APU0000703112,2016-07-01,3.69,False
APU0000703112,2016-08-01,3.657,False
APU0000703112,2016-09-01,3.665,False
APU0000703112,2016-10-01,3.679,False
APU0000703112,2016-11-01,3.597,False
APU0000703112,2016-12-01,3.559,False
APU0000703112,2017-01-01,3.553,False
APU0000703112,2017-02-01,3.557,False
APU0000703112,2017-03-01,3.594,False
APU0000703112,2017-04-01,3.547,False
APU0000703112,2017-05-01,3.559,False
APU0000703112,2017-06-01,3.679,False
APU0000703112,2017-07-01,3.754,False
APU0000703112,2017-08-01,3.732,False
APU0000703112,2017-09-01,3.707,False
APU0000703112,2017-10-01,3.688,False
APU0000703112,2017-11-01,3.638,False
APU0000703112,2017-12-01,3.708,False
APU0000703112,2018-01-01,3.641,False
APU0000703112,2018-02-01,3.642,False
APU0000703112,2018-03-01,3.657,False
APU0000703112,2018-04-01,3.73,False
APU0000703112,2018-05-01,3.685,False
APU0000703112,2018-06-01,3.729,False
APU0000703112,2018-07-01,3.745,False
APU0000703112,2018-08-01,3.792,False
APU0000703112,2018-09-01,3.743,False
APU0000703112,2018-10-01,3.714,False
APU0000703112,2018-11-01,3.781,False
APU0000703112,2018-12-01,3.725,False
APU0000703112,2019-01-01,3.801,False
APU0000703112,2019-02-01,3.758,False
APU0000703112,2019-03-01,3.725,False
APU0000703112,2019-04-01,3.775,False
APU0000703112,2019-05-01,3.822,False
APU0000703112,2019-06-01,3.812,False
APU0000703112,2019-07-01,3.8,False
APU0000703112,2019-08-01,3.819,False
APU0000703112,2019-09-01,3.851,False
APU0000703112,2019-10-01,3.841,False
APU0000703112,2019-11-01,3.812,False
APU0000703112,2019-12-01,3.862,False
APU0000703112,2020-01-01,3.886,False
APU0000703112,2020-02-01,3.865,False
APU0000703112,2020-03-01,3.881,False
APU0000703112,2020-04-01,4.052,False
APU0000703112,2020-05-01,4.461,False
APU0000703112,2020-06-01,4.737,False
APU0000703112,2020-07-01,4.264,False
APU0000703112,2020-08-01,4.177,False
APU0000703112,2020-09-01,4.076,False
APU0000703112,2020-10-01,4.008,False
APU0000703112,2020-11-01,4.027,False
APU0000703112,2020-12-01,3.951,False
APU0000703112,2021-01-01,3.965,False
APU0000703112,2021-02-01,3.987,False
APU0000703112,2021-03-01,4.042,False
APU0000703112,2021-04-01,4.096,False
APU0000703112,2021-05-01,4.101,False
APU0000703112,2021-06-01,4.357,False
APU0000703112,2021-07-01,4.388,False
APU0000703112,2021-08-01,4.468,False
APU0000703112,2021-09-01,4.504,False
APU0000703112,2021-10-01,4.719,False
APU0000703112,2021-11-01,4.716,False
APU0000703112,2021-12-01,4.604,False
APU0000703112,2022-01-01,4.554,False
APU0000703112,2022-02-01,4.63,False
APU0000703112,2022-03-01,4.757,False
APU0000703112,2022-04-01,4.916,False
APU0000703112,2022-05-01,4.794,False
APU0000703112,2022-06-01,4.889,False
APU0000703112,2022-07-01,4.893,False
APU0000703112,2022-08-01,4.937,False
APU0000703112,2022-09-01,4.862,False
APU0000703112,2022-10-01,4.836,False
APU0000703112,2022-11-01,4.853,False
APU0000703112,2022-12-01,4.8,False
APU0000703112,2023-01-01,4.791,False
APU0000703112,2023-02-01,4.778,False
APU0000703112,2023-03-01,4.813,False
APU0000703112,2023-04-01,4.79,False
APU0000703112,2023-05-01,4.96,False
APU0000703112,2023-06-01,5.028,False
APU0000703112,2023-07-01,5.102,False
APU0000703112,2023-08-01,5.076,False
APU0000703112,2023-09-01,5.109,False
APU0000703112,2023-10-01,5.226,False
APU0000703112,2023-11-01,5.353,False
APU0000703112,2023-12-01,5.21,False
APU0000703112,2024-01-01,5.03,False
APU0000703112,2024-02-01,5.132,False
APU0000703112,2024-03-01,5.132,False
APU0000703112,2024-04-01,5.236,False
APU0000703112,2024-05-01,5.148,False
APU0000703112,2024-06-01,5.472,False
APU0000703112,2024-07-01,5.497,False
APU0000703112,2024-08-01,5.577,False
APU0000703112,2024-09-01,5.67,False
APU0000703112,2024-10-01,5.588,False
APU0000703112,2024-11-01,5.628,False
APU0000703112,2024-12-01,5.605,False
APU0000703112,2025-01-01,5.545,False
APU0000703112,2025-02-01,5.625,False
APU0000703112,2025-03-01,5.79,False
APU0000703112,2025-04-01,5.801,False
APU0000703112,2025-05-01,5.981,False
APU0000703112,2025-06-01,6.12,False
APU0000703112,2025-07-01,6.254,False
APU0000703112,2025-08-01,6.318,False
APU0000703112,2025-09-01,6.323,False
APU0000703112,2025-10-01,6.431,True
APU0000703112,2025-11-01,6.54,False
APU0000703112,2025-12-01,6.687,False
APU0000703112,2026-01-01,6.752,False
APU0000703112,2026-02-01,6.739,False
APU0000703112,2026-03-01,6.701,False
APU0000703112,2026-04-01,6.899,False
APU0000703112,2026-05-01,6.745,False
APU0000703112,2026-06-01,6.825,False
APU0000703112,2026-07-01,6.885,False
APU0000703113,2015-01-01,6.032,False
APU0000703113,2015-02-01,6.184,False
APU0000703113,2015-03-01,6.099,False
APU0000703113,2015-04-01,6.105,False
APU0000703113,2015-05-01,6.195,False
APU0000703113,2015-06-01,6.111,False
APU0000703113,2015-07-01,6.184,False
APU0000703113,2015-08-01,6.116,False
APU0000703113,2015-09-01,6.139,False
APU0000703113,2015-10-01,6.097,False
APU0000703113,2015-11-01,6.047,False
APU0000703113,2015-12-01,5.885,False
APU0000703113,2016-01-01,5.7,False
APU0000703113,2016-02-01,5.611,False
APU0000703113,2016-03-01,5.678,False
APU0000703113,2016-04-01,5.638,False
APU0000703113,2016-05-01,5.742,False
APU0000703113,2016-06-01,5.786,False
APU0000703113,2016-07-01,5.865,False
APU0000703113,2016-08-01,5.844,False
APU0000703113,2016-09-01,5.764,False
APU0000703113,2016-10-01,5.693,False
APU0000703113,2016-11-01,5.672,False
APU0000703113,2016-12-01,5.542,False
APU0000703113,2017-01-01,5.543,False
APU0000703113,2017-02-01,5.563,False
APU0000703113,2017-03-01,5.612,False
APU0000703113,2017-04-01,5.707,False
APU0000703113,2017-05-01,5.613,False
APU0000703113,2017-06-01,5.759,False
APU0000703113,2017-07-01,5.741,False
APU0000703113,2017-08-01,5.888,False
APU0000703113,2017-09-01,5.772,False
APU0000703113,2017-10-01,5.369,False
APU0000703113,2017-11-01,5.43,False
APU0000703113,2017-12-01,5.516,False
APU0000703113,2018-01-01,5.247,False
APU0000703113,2018-02-01,5.333,False
APU0000703113,2018-03-01,5.367,False
APU0000703113,2018-04-01,5.523,False
APU0000703113,2018-05-01,5.426,False
APU0000703113,2018-06-01,5.36,False
APU0000703113,2018-07-01,5.36,False
APU0000703113,2018-08-01,5.381,False
APU0000703113,2018-09-01,5.404,False
APU0000703113,2018-10-01,5.252,False
APU0000703113,2018-11-01,5.245,False
APU0000703113,2018-12-01,5.262,False
APU0000703113,2019-01-01,5.253,False
APU0000703113,2019-02-01,5.208,False
APU0000703113,2019-03-01,5.186,False
APU0000703113,2019-04-01,5.288,False
APU0000703113,2019-05-01,5.486,False
APU0000703113,2019-06-01,5.428,False
APU0000703113,2019-07-01,5.462,False
APU0000703113,2019-08-01,5.444,False
APU0000703113,2019-09-01,5.351,False
APU0000703113,2019-10-01,5.463,False
APU0000703113,2019-11-01,5.475,False
APU0000703113,2019-12-01,5.518,False
APU0000703113,2020-01-01,5.63,False
APU0000703113,2020-02-01,5.521,False
APU0000703113,2020-03-01,5.635,False
APU0000703113,2020-04-01,5.708,False
APU0000703113,2020-05-01,6.101,False
APU0000703113,2020-06-01,6.314,False
APU0000703113,2020-07-01,6.052,False
APU0000703113,2020-08-01,5.76,False
APU0000703113,2020-09-01,5.73,False
APU0000703113,2020-10-01,5.758,False
APU0000703113,2020-11-01,5.672,False
APU0000703113,2020-12-01,5.715,False
APU0000703113,2021-01-01,5.705,False
APU0000703113,2021-02-01,5.611,False
APU0000703113,2021-03-01,5.78,False
APU0000703113,2021-04-01,5.973,False
APU0000703113,2021-05-01,5.952,False
APU0000703113,2021-06-01,6.016,False
APU0000703113,2021-07-01,6.081,False
APU0000703113,2021-08-01,6.179,False
APU0000703113,2021-09-01,6.146,False
APU0000703113,2021-10-01,6.371,False
APU0000703113,2021-11-01,6.27,False
APU0000703113,2021-12-01,6.315,False
APU0000703113,2022-01-01,6.519,False
APU0000703113,2022-02-01,6.465,False
APU0000703113,2022-03-01,6.476,False
APU0000703113,2022-04-01,6.479,False
APU0000703113,2022-05-01,6.546,False
APU0000703113,2022-06-01,6.492,False
APU0000703113,2022-07-01,6.58,False
APU0000703113,2022-08-01,6.512,False
APU0000703113,2022-09-01,6.624,False
APU0000703113,2022-10-01,6.68,False
APU0000703113,2022-11-01,6.227,False
APU0000703113,2022-12-01,6.386,False
APU0000703113,2023-01-01,6.393,False
APU0000703113,2023-02-01,6.427,False
APU0000703113,2023-03-01,6.354,False
APU0000703113,2023-04-01,6.579,False
APU0000703113,2023-05-01,6.697,False
APU0000703113,2023-06-01,6.681,False
APU0000703113,2023-07-01,6.851,False
APU0000703113,2023-08-01,6.947,False
APU0000703113,2023-09-01,6.884,False
APU0000703113,2023-10-01,6.991,False
APU0000703113,2023-11-01,6.731,False
APU0000703113,2023-12-01,6.674,False
APU0000703113,2024-01-01,6.778,False
APU0000703113,2024-02-01,6.651,False
APU0000703113,2024-03-01,6.734,False
APU0000703113,2024-04-01,6.809,False
APU0000703113,2024-05-01,6.847,False
APU0000703113,2024-06-01,6.893,False
APU0000703113,2024-07-01,7.169,False
APU0000703113,2024-08-01,6.918,False
APU0000703113,2024-09-01,7.223,False
APU0000703113,2024-10-01,7.22,False
APU0000703113,2024-11-01,6.977,False
APU0000703113,2024-12-01,7.124,False
APU0000703113,2025-01-01,7.11,False
APU0000703113,2025-02-01,7.244,False
APU0000703113,2025-03-01,7.476,False
APU0000703113,2025-04-01,7.551,False
APU0000703113,2025-05-01,7.688,False
APU0000703113,2025-06-01,7.672,False
APU0000703113,2025-07-01,8.035,False
APU0000703113,2025-08-01,7.95,False
APU0000703113,2025-09-01,8.182,False
APU0000703113,2025-10-01,8.207,True
APU0000703113,2025-11-01,8.232,False
APU0000703113,2025-12-01,8.254,False
APU0000703113,2026-01-01,8.191,False
APU0000703113,2026-02-01,8.338,False
APU0000703113,2026-03-01,8.2,False
APU0000703113,2026-04-01,8.512,False
APU0000703113,2026-05-01,8.624,False
APU0000703113,2026-06-01,8.651,False
APU0000703113,2026-07-01,8.414,False
APU0000703212,2015-01-01,5.335,False
APU0000703212,2015-02-01,5.31,False
APU0000703212,2015-03-01,5.362,False
APU0000703212,2015-04-01,5.348,False
APU0000703212,2015-05-01,5.295,False
APU0000703212,2015-06-01,5.327,False
APU0000703212,2015-07-01,5.235,False
APU0000703212,2015-08-01,5.179,False
APU0000703212,2015-09-01,5.134,False
APU0000703212,2015-10-01,5.104,False
APU0000703212,2015-11-01,5.009,False
APU0000703212,2015-12-01,4.783,False
APU0000703212,2016-01-01,4.756,False
APU0000703212,2016-02-01,5.026,False
APU0000703212,2016-03-01,5.136,False
APU0000703212,2016-04-01,5.097,False
APU0000703212,2016-05-01,5.143,False
APU0000703212,2016-06-01,4.896,False
APU0000703212,2016-07-01,4.944,False
APU0000703212,2016-08-01,4.927,False
APU0000703212,2016-09-01,4.88,False
APU0000703212,2016-10-01,4.836,False
APU0000703212,2016-11-01,4.704,False
APU0000703212,2016-12-01,4.484,False
APU0000703212,2017-01-01,4.516,False
APU0000703212,2017-02-01,4.265,False
APU0000703212,2017-03-01,4.404,False
APU0000703212,2017-04-01,4.474,False
APU0000703212,2017-05-01,4.766,False
APU0000703212,2017-06-01,5.03,False
APU0000703212,2017-07-01,5.02,False
APU0000703212,2017-08-01,4.813,False
APU0000703212,2017-09-01,4.901,False
APU0000703212,2017-10-01,4.697,False
APU0000703212,2017-11-01,4.591,False
APU0000703212,2017-12-01,4.624,False
APU0000703213,2015-01-01,5.624,False
APU0000703213,2015-02-01,5.546,False
APU0000703213,2015-03-01,5.563,False
APU0000703213,2015-04-01,5.659,False
APU0000703213,2015-05-01,5.7,False
APU0000703213,2015-06-01,5.704,False
APU0000703213,2015-07-01,5.677,False
APU0000703213,2015-08-01,5.639,False
APU0000703213,2015-09-01,5.513,False
APU0000703213,2015-10-01,5.546,False
APU0000703213,2015-11-01,5.649,False
APU0000703213,2015-12-01,5.414,False
APU0000703213,2016-01-01,5.177,False
APU0000703213,2016-02-01,5.346,False
APU0000703213,2016-03-01,5.321,False
APU0000703213,2016-04-01,5.194,False
APU0000703213,2016-05-01,5.381,False
APU0000703213,2016-06-01,5.323,False
APU0000703213,2016-07-01,5.211,False
APU0000703213,2016-08-01,5.124,False
APU0000703213,2016-09-01,5.163,False
APU0000703213,2016-10-01,5.129,False
APU0000703213,2016-11-01,5.187,False
APU0000703213,2016-12-01,5.104,False
APU0000703213,2017-01-01,4.962,False
APU0000703213,2017-02-01,5.186,False
APU0000703213,2017-03-01,5.141,False
APU0000703213,2017-04-01,5.126,False
APU0000703213,2017-05-01,5.145,False
APU0000703213,2017-06-01,5.342,False
APU0000703213,2017-07-01,5.228,False
APU0000703213,2017-08-01,5.189,False
APU0000703213,2017-09-01,5.098,False
APU0000703213,2017-10-01,5.124,False
APU0000703213,2017-11-01,5.09,False
APU0000703213,2017-12-01,5.12,False
APU0000703213,2018-01-01,4.792,False
APU0000703213,2018-02-01,4.996,False
APU0000703213,2018-03-01,5.026,False
APU0000703213,2018-04-01,5.168,False
APU0000703213,2018-05-01,5.234,False
APU0000703213,2018-06-01,5.301,False
APU0000703213,2018-07-01,5.458,False
APU0000703213,2018-08-01,5.399,False
APU0000703213,2018-09-01,5.332,False
APU0000703213,2018-10-01,5.173,False
APU0000703213,2018-11-01,5.222,False
APU0000703213,2018-12-01,5.122,False
APU0000703213,2019-01-01,5.139,False
APU0000703213,2019-02-01,5.145,False
APU0000703213,2019-03-01,5.467,False
APU0000703213,2019-04-01,5.246,False
APU0000703213,2019-05-01,5.476,False
APU0000703213,2019-06-01,5.517,False
APU0000703213,2019-07-01,5.479,False
APU0000703213,2019-08-01,5.279,False
APU0000703213,2019-09-01,5.294,False
APU0000703213,2019-10-01,5.131,False
APU0000703213,2019-11-01,5.404,False
APU0000703213,2019-12-01,5.646,False
APU0000703213,2020-01-01,5.398,False
APU0000703213,2020-02-01,5.368,False
APU0000703213,2020-03-01,5.382,False
APU0000703213,2020-04-01,5.786,False
APU0000703213,2020-05-01,7.049,False
APU0000703213,2020-06-01,7.165,False
APU0000703213,2020-07-01,6.476,False
APU0000703213,2020-08-01,5.972,False
APU0000703213,2020-09-01,5.849,False
APU0000703213,2020-10-01,5.749,False
APU0000703213,2020-11-01,5.96,False
APU0000703213,2020-12-01,6.008,False
APU0000703213,2021-01-01,5.811,False
APU0000703213,2021-02-01,5.991,False
APU0000703213,2021-03-01,6.088,False
APU0000703213,2021-04-01,5.949,False
APU0000703213,2021-05-01,6.381,False
APU0000703213,2021-06-01,6.635,False
APU0000703213,2021-07-01,6.7,False
APU0000703213,2021-08-01,6.8,False
APU0000703213,2021-09-01,7.457,False
APU0000703213,2021-10-01,7.397,False
APU0000703213,2021-11-01,7.272,False
APU0000703213,2021-12-01,6.922,False
APU0000703213,2022-01-01,6.83,False
APU0000703213,2022-02-01,6.83,False
APU0000703213,2022-03-01,6.989,False
APU0000703213,2022-04-01,7.012,False
APU0000703213,2022-05-01,7.031,False
APU0000703213,2022-06-01,6.705,False
APU0000703213,2022-07-01,6.911,False
APU0000703213,2022-08-01,6.975,False
APU0000703213,2022-09-01,6.98,False
APU0000703213,2022-10-01,6.73,False
APU0000703213,2022-11-01,6.782,False
APU0000703213,2022-12-01,6.857,False
APU0000703213,2023-01-01,6.862,False
APU0000703213,2023-02-01,6.819,False
APU0000703213,2023-03-01,6.727,False
APU0000703213,2023-04-01,6.76,False
APU0000703213,2023-05-01,7.042,False
APU0000703213,2023-06-01,7.011,False
APU0000703213,2023-07-01,7.299,False
APU0000703213,2023-08-01,7.298,False
APU0000703213,2023-09-01,7.177,False
APU0000703213,2023-10-01,7.305,False
APU0000703213,2023-11-01,7.612,False
APU0000703213,2023-12-01,7.378,False
APU0000703213,2024-01-01,7.255,False
APU0000703213,2024-02-01,7.513,False
APU0000703213,2024-03-01,7.362,False
APU0000703213,2024-04-01,7.516,False
APU0000703213,2024-05-01,7.531,False
APU0000703213,2024-06-01,7.649,False
APU0000703213,2024-07-01,7.781,False
APU0000703213,2024-08-01,7.692,False
APU0000703213,2024-09-01,7.596,False
APU0000703213,2024-10-01,7.301,False
APU0000703213,2024-11-01,7.578,False
APU0000703213,2024-12-01,7.769,False
APU0000703213,2025-01-01,7.694,False
APU0000703213,2025-02-01,8.104,False
APU0000703213,2025-03-01,8.097,False
APU0000703213,2025-04-01,7.98,False
APU0000703213,2025-05-01,7.875,False
APU0000703213,2025-06-01,8.197,False
APU0000703213,2025-07-01,8.439,False
APU0000703213,2025-08-01,8.845,False
APU0000703213,2025-09-01,9.232,False
APU0000703213,2025-10-01,9.287,True
APU0000703213,2025-11-01,9.343,False
APU0000703213,2025-12-01,8.951,False
APU0000703213,2026-01-01,8.709,False
APU0000703213,2026-02-01,8.957,False
APU0000703213,2026-03-01,8.833,False
APU0000703213,2026-04-01,9.495,False
APU0000703213,2026-05-01,9.607,False
APU0000703213,2026-06-01,9.55,False
APU0000703213,2026-07-01,9.631,False
APU0000703311,2015-01-01,5.62,False
APU0000703311,2015-02-01,5.657,False
APU0000703311,2015-03-01,5.736,False
APU0000703311,2015-04-01,5.644,False
APU0000703311,2015-05-01,5.653,False
APU0000703311,2015-06-01,5.638,False
APU0000703311,2015-07-01,5.685,False
APU0000703311,2015-08-01,5.688,False
APU0000703311,2015-09-01,5.601,False
APU0000703311,2015-10-01,5.523,False
APU0000703311,2015-11-01,5.445,False
APU0000703311,2015-12-01,5.279,False
APU0000703311,2016-01-01,5.225,False
APU0000703311,2016-02-01,5.295,False
APU0000703311,2016-03-01,5.47,False
APU0000703311,2016-04-01,5.406,False
APU0000703311,2016-05-01,5.534,False
APU0000703311,2016-06-01,5.443,False
APU0000703311,2016-07-01,5.274,False
APU0000703311,2016-08-01,5.133,False
APU0000703311,2016-09-01,5.016,False
APU0000703311,2016-10-01,4.82,False
APU0000703311,2016-11-01,4.987,False
APU0000703311,2016-12-01,4.884,False
APU0000703311,2017-01-01,4.934,False
APU0000703311,2017-02-01,5.088,False
APU0000703311,2017-03-01,5.152,False
APU0000703311,2017-04-01,5.124,False
APU0000703311,2017-05-01,5.202,False
APU0000703311,2017-06-01,5.29,False
APU0000703311,2017-07-01,5.326,False
APU0000703311,2017-08-01,5.182,False
APU0000703311,2017-09-01,5.168,False
APU0000703311,2017-10-01,4.916,False
APU0000703311,2017-11-01,4.934,False
APU0000703311,2017-12-01,5.02,False
APU0000703311,2018-01-01,4.925,False
APU0000703311,2018-02-01,4.99,False
APU0000703311,2018-03-01,5.107,False
APU0000703311,2018-04-01,5.192,False
APU0000703311,2018-05-01,5.179,False
APU0000703311,2018-06-01,5.205,False
APU0000703311,2018-07-01,5.163,False
APU0000703311,2018-08-01,5.152,False
APU0000703311,2018-09-01,4.995,False
APU0000703311,2018-10-01,4.875,False
APU0000703311,2018-11-01,4.806,False
APU0000703311,2018-12-01,4.791,False
APU0000703311,2019-01-01,5.011,False
APU0000703311,2019-02-01,4.968,False
APU0000703311,2019-03-01,5.16,False
APU0000703311,2019-04-01,5.26,False
APU0000703311,2019-05-01,5.374,False
APU0000703311,2019-06-01,5.401,False
APU0000703311,2019-07-01,5.458,False
APU0000703311,2019-08-01,5.305,False
APU0000703311,2019-09-01,5.222,False
APU0000703311,2019-10-01,4.988,False
APU0000703311,2019-11-01,5.211,False
APU0000703311,2019-12-01,5.069,False
APU0000703311,2020-01-01,5.062,False
APU0000703311,2020-02-01,5.26,False
APU0000703311,2020-03-01,5.175,False
APU0000703311,2020-04-01,5.528,False
APU0000703311,2020-05-01,6.906,False
APU0000703311,2020-06-01,6.546,False
APU0000703311,2020-07-01,5.884,False
APU0000703311,2020-08-01,5.668,False
APU0000703311,2020-09-01,5.76,False
APU0000703311,2020-10-01,5.614,False
APU0000703311,2020-11-01,5.522,False
APU0000703311,2020-12-01,5.302,False
APU0000703311,2021-01-01,5.475,False
APU0000703311,2021-02-01,5.582,False
APU0000703311,2021-03-01,5.625,False
APU0000703311,2021-04-01,5.771,False
APU0000703311,2021-05-01,5.822,False
APU0000703311,2021-06-01,6.209,False
APU0000703311,2021-07-01,6.1,False
APU0000703311,2021-08-01,6.004,False
APU0000703311,2021-09-01,6.276,False
APU0000703311,2021-10-01,6.33,False
APU0000703311,2021-11-01,6.426,False
APU0000703311,2021-12-01,6.234,False
APU0000703311,2022-01-01,6.158,False
APU0000703311,2022-02-01,6.318,False
APU0000703311,2022-03-01,6.295,False
APU0000703311,2022-04-01,6.249,False
APU0000703311,2022-05-01,6.305,False
APU0000703311,2022-06-01,6.27,False
APU0000703311,2022-07-01,6.121,False
APU0000703311,2022-08-01,6.162,False
APU0000703311,2022-09-01,6.249,False
APU0000703311,2022-10-01,6.084,False
APU0000703311,2022-11-01,6.049,False
APU0000703311,2022-12-01,6.217,False
APU0000703311,2023-01-01,6.222,False
APU0000703311,2023-02-01,6.237,False
APU0000703311,2023-03-01,6.221,False
APU0000703311,2023-04-01,6.164,False
APU0000703311,2023-05-01,6.393,False
APU0000703311,2023-06-01,6.367,False
APU0000703311,2023-07-01,6.625,False
APU0000703311,2023-08-01,6.656,False
APU0000703311,2023-09-01,6.613,False
APU0000703311,2023-10-01,6.795,False
APU0000703311,2023-11-01,6.846,False
APU0000703311,2023-12-01,6.885,False
APU0000703311,2024-01-01,6.737,False
APU0000703311,2024-02-01,6.71,False
APU0000703311,2024-03-01,6.974,False
APU0000703311,2024-04-01,6.858,False
APU0000703311,2024-05-01,6.987,False
APU0000703311,2024-06-01,6.879,False
APU0000703311,2024-07-01,7.121,False
APU0000703311,2024-08-01,7.161,False
APU0000703311,2024-09-01,7.244,False
APU0000703311,2024-10-01,7.008,False
APU0000703311,2024-11-01,7.141,False
APU0000703311,2024-12-01,7.486,False
APU0000703311,2025-01-01,7.27,False
APU0000703311,2025-02-01,7.49,False
APU0000703311,2025-03-01,7.557,False
APU0000703311,2025-04-01,7.616,False
APU0000703311,2025-05-01,7.57,False
APU0000703311,2025-06-01,7.762,False
APU0000703311,2025-07-01,7.909,False
APU0000703311,2025-08-01,8.13,False
APU0000703311,2025-09-01,8.506,False
APU0000703311,2025-10-01,8.722,True
APU0000703311,2025-11-01,8.943,False
APU0000703311,2025-12-01,8.853,False
APU0000703311,2026-01-01,8.546,False
APU0000703311,2026-02-01,8.587,False
APU0000703311,2026-03-01,8.477,False
APU0000703311,2026-04-01,8.983,False
APU0000703311,2026-05-01,8.615,False
APU0000703311,2026-06-01,8.962,False
APU0000703311,2026-07-01,9.155,False
APU0000703432,2015-01-01,5.712,False
APU0000703432,2015-02-01,5.552,False
APU0000703432,2015-03-01,5.595,False
APU0000703432,2015-04-01,5.654,False
APU0000703432,2015-05-01,5.581,False
APU0000703432,2015-06-01,5.7,False
APU0000703432,2015-07-01,5.684,False
APU0000703432,2015-08-01,5.587,False
APU0000703432,2015-09-01,5.608,False
APU0000703432,2015-10-01,5.579,False
APU0000703432,2015-11-01,5.421,False
APU0000703432,2015-12-01,5.498,False
APU0000703432,2016-01-01,5.373,False
APU0000703432,2016-02-01,5.541,False
APU0000703432,2016-03-01,5.585,False
APU0000703432,2016-04-01,5.44,False
APU0000703432,2016-05-01,5.442,False
APU0000703432,2016-06-01,5.38,False
APU0000703432,2016-07-01,5.215,False
APU0000703432,2016-08-01,5.203,False
APU0000703432,2016-09-01,5.05,False
APU0000703432,2016-10-01,5.196,False
APU0000703432,2016-11-01,5.143,False
APU0000703432,2016-12-01,5.262,False
APU0000703432,2017-01-01,5.084,False
APU0000703432,2017-02-01,5.042,False
APU0000703432,2017-03-01,5.073,False
APU0000703432,2017-04-01,5.188,False
APU0000703432,2017-05-01,5.411,False
APU0000703432,2017-06-01,5.677,False
APU0000703432,2017-07-01,5.631,False
APU0000703432,2017-08-01,5.69,False
APU0000703432,2017-09-01,5.536,False
APU0000703432,2017-10-01,5.399,False
APU0000703432,2017-11-01,5.329,False
APU0000703432,2017-12-01,5.343,False
APU0000703432,2018-11-01,5.518,False
APU0000703432,2018-12-01,5.399,False
APU0000703432,2019-01-01,5.527,False
APU0000703432,2019-02-01,5.593,False
APU0000703432,2019-03-01,5.601,False
APU0000703432,2019-04-01,5.79,False
APU0000703432,2019-05-01,5.718,True
APU0000703432,2019-06-01,5.647,False
APU0000703432,2019-07-01,5.575,False
APU0000703432,2019-08-01,5.614,False
APU0000703432,2019-09-01,5.632,False
APU0000703432,2019-10-01,5.566,False
APU0000703432,2019-11-01,5.792,False
APU0000703432,2019-12-01,5.751,False
APU0000703432,2020-01-01,5.754,False
APU0000703432,2020-02-01,5.83,False
APU0000703432,2020-03-01,5.73,False
APU0000703432,2020-04-01,5.697,False
APU0000703432,2020-05-01,6.308,False
APU0000703432,2020-06-01,6.752,False
APU0000703432,2020-07-01,6.336,False
APU0000703432,2020-08-01,5.995,False
APU0000703432,2020-09-01,5.872,False
APU0000703432,2020-10-01,5.696,False
APU0000703432,2020-11-01,5.729,False
APU0000703432,2020-12-01,5.87,False
APU0000703432,2021-01-01,5.949,False
APU0000703432,2021-02-01,5.782,False
APU0000703432,2021-03-01,5.762,False
APU0000703432,2021-04-01,6.034,False
APU0000703432,2021-05-01,6.225,False
APU0000703432,2021-06-01,6.802,False
APU0000703432,2021-07-01,6.731,False
APU0000703432,2021-08-01,6.666,False
APU0000703432,2021-09-01,6.874,False
APU0000703432,2021-10-01,6.92,False
APU0000703432,2021-11-01,7.159,False
APU0000703432,2021-12-01,7.363,False
APU0000703432,2022-01-01,6.806,False
APU0000703432,2022-02-01,6.977,False
APU0000703432,2022-03-01,7.16,False
APU0000703432,2022-04-01,7.13,False
APU0000703432,2022-05-01,7.023,False
APU0000703432,2022-06-01,6.9,False
APU0000703432,2022-07-01,7.015,False
APU0000703432,2022-08-01,7.08,False
APU0000703432,2022-09-01,6.982,False
APU0000703432,2022-10-01,6.857,False
APU0000703432,2022-11-01,6.58,False
APU0000703432,2022-12-01,6.873,False
APU0000703432,2023-01-01,6.773,False
APU0000703432,2023-02-01,6.785,False
APU0000703432,2023-03-01,6.762,False
APU0000703432,2023-04-01,6.939,False
APU0000703432,2023-05-01,6.756,False
APU0000703432,2023-06-01,6.914,False
APU0000703432,2023-07-01,7.21,False
APU0000703432,2023-08-01,7.157,False
APU0000703432,2023-09-01,7.23,False
APU0000703432,2023-10-01,7.311,False
APU0000703432,2023-11-01,7.16,False
APU0000703432,2023-12-01,7.025,False
APU0000703432,2024-01-01,7.001,False
APU0000703432,2024-02-01,6.839,False
APU0000703432,2024-03-01,6.991,False
APU0000703432,2024-04-01,7.197,False
APU0000703432,2024-05-01,7.229,False
APU0000703432,2024-06-01,7.239,False
APU0000703432,2024-07-01,7.145,False
APU0000703432,2024-08-01,7.298,False
APU0000703432,2024-09-01,7.217,False
APU0000703432,2024-10-01,7.177,False
APU0000703432,2024-11-01,7.432,False
APU0000703432,2024-12-01,7.393,False
APU0000703432,2025-01-01,7.318,False
APU0000703432,2025-02-01,7.677,False
APU0000703432,2025-03-01,7.601,False
APU0000703432,2025-04-01,7.733,False
APU0000703432,2025-05-01,7.729,False
APU0000703432,2025-06-01,8.016,False
APU0000703432,2025-07-01,8.188,False
APU0000703432,2025-08-01,8.815,False
APU0000703432,2025-09-01,8.68,False
APU0000703432,2025-10-01,8.923,True
APU0000703432,2025-11-01,9.172,False
APU0000703432,2025-12-01,8.63,False
APU0000703432,2026-01-01,8.463,False
APU0000703432,2026-02-01,8.358,False
APU0000703432,2026-03-01,8.413,False
APU0000703432,2026-04-01,8.651,False
APU0000703432,2026-05-01,9.003,False
APU0000703432,2026-06-01,9.304,False
APU0000703432,2026-07-01,9.025,False
APU0000703511,2015-01-01,6.052,False
APU0000703511,2015-02-01,6.18,False
APU0000703511,2015-03-01,6.209,False
APU0000703511,2015-04-01,6.157,False
APU0000703511,2015-05-01,6.185,False
APU0000703511,2015-06-01,6.183,False
APU0000703511,2015-07-01,6.243,False
APU0000703511,2015-08-01,6.147,False
APU0000703511,2015-09-01,6.184,False
APU0000703511,2015-10-01,6.209,False
APU0000703511,2015-11-01,6.081,False
APU0000703511,2015-12-01,5.932,False
APU0000703511,2016-01-01,5.856,False
APU0000703511,2016-02-01,6.002,False
APU0000703511,2016-03-01,5.968,False
APU0000703511,2016-04-01,6.026,False
APU0000703511,2016-05-01,6.07,False
APU0000703511,2016-06-01,6.134,False
APU0000703511,2016-07-01,5.76,False
APU0000703511,2016-08-01,5.758,False
APU0000703511,2016-09-01,6.067,False
APU0000703511,2016-10-01,5.807,False
APU0000703511,2016-11-01,5.758,False
APU0000703511,2016-12-01,5.556,False
APU0000703511,2017-01-01,5.733,False
APU0000703511,2017-02-01,5.754,False
APU0000703511,2017-03-01,5.728,False
APU0000703511,2017-04-01,5.577,False
APU0000703511,2017-05-01,5.758,False
APU0000703511,2017-06-01,5.838,False
APU0000703511,2017-07-01,5.939,False
APU0000703511,2017-08-01,5.838,False
APU0000703511,2017-09-01,5.882,False
APU0000703511,2017-10-01,5.778,False
APU0000703511,2017-11-01,5.798,False
APU0000703511,2017-12-01,5.832,False
APU0000703511,2018-01-01,5.608,False
APU0000703511,2018-02-01,5.619,False
APU0000703511,2018-03-01,5.512,False
APU0000703511,2018-04-01,5.785,False
APU0000703511,2018-05-01,5.649,False
APU0000703511,2018-06-01,5.8,False
APU0000703511,2018-07-01,5.694,False
APU0000703511,2018-08-01,5.807,False
APU0000703511,2018-09-01,5.839,False
APU0000703511,2018-10-01,5.791,False
APU0000703511,2018-11-01,5.681,False
APU0000703511,2018-12-01,5.687,False
APU0000703511,2019-01-01,5.601,False
APU0000703511,2019-02-01,5.722,False
APU0000703511,2019-03-01,5.839,False
APU0000703511,2019-04-01,5.856,False
APU0000703511,2019-05-01,5.892,False
APU0000703511,2019-06-01,5.882,False
APU0000703511,2019-07-01,5.977,False
APU0000703511,2019-08-01,5.834,False
APU0000703511,2019-09-01,5.858,False
APU0000703511,2019-10-01,5.774,False
APU0000703511,2019-11-01,5.793,False
APU0000703511,2019-12-01,5.977,False
APU0000703511,2020-01-01,5.963,False
APU0000703511,2020-02-01,6.091,False
APU0000703511,2020-03-01,6.091,False
APU0000703511,2020-04-01,6.41,False
APU0000703511,2020-05-01,7.301,False
APU0000703511,2020-06-01,7.394,False
APU0000703511,2020-07-01,6.95,False
APU0000703511,2020-08-01,6.579,False
APU0000703511,2020-09-01,6.447,False
APU0000703511,2020-10-01,6.383,False
APU0000703511,2020-11-01,6.449,False
APU0000703511,2020-12-01,6.339,False
APU0000703511,2021-01-01,6.522,False
APU0000703511,2021-02-01,6.443,False
APU0000703511,2021-03-01,6.412,False
APU0000703511,2021-04-01,6.64,False
APU0000703511,2021-05-01,6.737,False
APU0000703511,2021-06-01,7.297,False
APU0000703511,2021-07-01,7.183,False
APU0000703511,2021-08-01,7.112,False
APU0000703511,2021-09-01,7.282,False
APU0000703511,2021-10-01,7.304,False
APU0000703511,2021-11-01,7.404,False
APU0000703511,2021-12-01,7.342,False
APU0000703511,2022-01-01,7.378,False
APU0000703511,2022-02-01,7.489,False
APU0000703511,2022-03-01,7.324,False
APU0000703511,2022-04-01,7.266,False
APU0000703511,2022-05-01,7.438,False
APU0000703511,2022-06-01,7.318,False
APU0000703511,2022-07-01,7.131,False
APU0000703511,2022-08-01,7.201,False
APU0000703511,2022-09-01,7.184,False
APU0000703511,2022-10-01,7.173,False
APU0000703511,2022-11-01,7.159,False
APU0000703511,2022-12-01,7.061,False
APU0000703511,2023-01-01,7.272,False
APU0000703511,2023-02-01,7.218,False
APU0000703511,2023-03-01,7.179,False
APU0000703511,2023-04-01,7.345,False
APU0000703511,2023-05-01,7.511,False
APU0000703511,2023-06-01,7.43,False
APU0000703511,2023-07-01,7.664,False
APU0000703511,2023-08-01,7.646,False
APU0000703511,2023-09-01,7.774,False
APU0000703511,2023-10-01,7.987,False
APU0000703511,2023-11-01,7.862,False
APU0000703511,2023-12-01,7.994,False
APU0000703511,2024-01-01,8.106,False
APU0000703511,2024-02-01,7.883,False
APU0000703511,2024-03-01,8.031,False
APU0000703511,2024-04-01,8.11,False
APU0000703511,2024-05-01,8.247,False
APU0000703511,2024-06-01,7.927,False
APU0000703511,2024-07-01,8.059,False
APU0000703511,2024-08-01,8.226,False
APU0000703511,2024-09-01,8.148,False
APU0000703511,2024-10-01,8.154,False
APU0000703511,2024-11-01,8.159,False
APU0000703511,2024-12-01,8.136,False
APU0000703511,2025-01-01,8.28,False
APU0000703511,2025-02-01,8.485,False
APU0000703511,2025-03-01,8.554,False
APU0000703511,2025-04-01,8.627,False
APU0000703511,2025-05-01,8.401,False
APU0000703511,2025-06-01,8.457,False
APU0000703511,2025-07-01,8.69,False
APU0000703511,2025-08-01,9.076,False
APU0000703511,2025-09-01,9.36,False
APU0000703511,2025-10-01,9.511,True
APU0000703511,2025-11-01,9.665,False
APU0000703511,2025-12-01,9.875,False
APU0000703511,2026-01-01,9.836,False
APU0000703511,2026-02-01,10.095,False
APU0000703511,2026-03-01,9.61,False
APU0000703511,2026-04-01,9.825,False
APU0000703511,2026-05-01,9.789,False
APU0000703511,2026-06-01,9.844,False
APU0000703511,2026-07-01,10.036,False
APU0000703512,2015-01-01,6.161,False
APU0000703512,2015-02-01,6.024,False
APU0000703512,2015-03-01,6.085,False
APU0000703512,2015-04-01,6.155,False
APU0000703512,2015-05-01,6.013,False
APU0000703512,2015-06-01,5.931,False
APU0000703512,2015-07-01,6.179,False
APU0000703512,2015-08-01,6.256,False
APU0000703512,2015-09-01,6.129,False
APU0000703512,2015-10-01,6.174,False
APU0000703512,2015-11-01,6.014,False
APU0000703512,2015-12-01,5.918,False
APU0000703512,2016-01-01,5.693,False
APU0000703512,2016-02-01,5.662,False
APU0000703512,2016-03-01,5.801,False
APU0000703512,2016-04-01,5.954,False
APU0000703512,2016-05-01,5.888,False
APU0000703512,2016-06-01,5.748,False
APU0000703512,2016-07-01,5.856,False
APU0000703512,2016-08-01,5.875,False
APU0000703512,2016-09-01,5.738,False
APU0000703512,2016-10-01,5.755,False
APU0000703512,2016-11-01,5.56,False
APU0000703512,2016-12-01,5.465,False
APU0000703512,2017-01-01,5.304,False
APU0000703512,2017-02-01,5.334,False
APU0000703512,2017-03-01,5.461,False
APU0000703512,2017-04-01,5.59,False
APU0000703512,2017-05-01,5.928,False
APU0000703512,2017-06-01,6.132,False
APU0000703512,2017-07-01,6.133,False
APU0000703512,2017-08-01,5.935,False
APU0000703512,2017-09-01,5.94,False
APU0000703512,2017-10-01,5.851,False
APU0000703512,2017-11-01,5.893,False
APU0000703512,2017-12-01,5.943,False
APU0000703512,2018-01-01,6.048,False
APU0000703512,2018-02-01,5.934,False
APU0000703512,2018-03-01,6.062,False
APU0000703512,2018-04-01,6.125,False
APU0000703512,2018-05-01,6.129,False
APU0000703512,2018-06-01,5.819,False
APU0000703512,2018-07-01,5.867,False
APU0000703512,2018-08-01,5.956,False
APU0000703512,2018-09-01,5.865,False
APU0000703512,2018-10-01,5.808,False
APU0000703512,2018-11-01,5.717,True
APU0000703512,2018-12-01,5.628,False
APU0000703512,2019-04-01,6.036,False
APU0000703512,2024-07-01,7.886,False
APU0000703512,2024-08-01,7.966,False
APU0000703512,2024-09-01,8.09,False
APU0000703512,2024-10-01,7.816,False
APU0000703512,2024-11-01,7.626,False
APU0000703512,2024-12-01,7.626,False
APU0000703512,2025-01-01,8.055,False
APU0000703512,2025-02-01,8.128,False
APU0000703512,2025-03-01,8.155,False
APU0000703512,2025-04-01,8.126,False
APU0000703512,2025-05-01,8.199,False
APU0000703512,2025-06-01,8.394,False
APU0000703512,2025-07-01,8.706,False
APU0000703512,2025-08-01,8.769,False
APU0000703512,2025-09-01,9.062,False
APU0000703512,2025-10-01,9.152,True
APU0000703512,2025-11-01,9.243,True
APU0000703512,2025-12-01,9.335,False
APU0000703512,2026-01-01,9.057,False
APU0000703512,2026-02-01,9.122,True
APU0000703512,2026-03-01,9.188,False
APU0000703512,2026-04-01,9.328,False
APU0000703613,2015-01-01,8.08,False
APU0000703613,2015-02-01,8.194,False
APU0000703613,2015-03-01,8.372,False
APU0000703613,2015-04-01,8.329,False
APU0000703613,2015-05-01,8.816,False
APU0000703613,2015-06-01,8.842,False
APU0000703613,2015-07-01,8.837,False
APU0000703613,2015-08-01,8.697,False
APU0000703613,2015-09-01,8.864,False
APU0000703613,2015-10-01,8.802,False
APU0000703613,2015-11-01,8.724,False
APU0000703613,2015-12-01,8.287,False
APU0000703613,2016-01-01,8.144,False
APU0000703613,2016-02-01,8.275,False
APU0000703613,2016-03-01,8.514,False
APU0000703613,2016-04-01,8.502,False
APU0000703613,2016-05-01,8.678,False
APU0000703613,2016-06-01,8.69,False
APU0000703613,2016-07-01,8.521,False
APU0000703613,2016-08-01,8.544,False
APU0000703613,2016-09-01,8.585,False
APU0000703613,2016-10-01,8.323,False
APU0000703613,2016-11-01,7.943,False
APU0000703613,2016-12-01,7.91,False
APU0000703613,2017-01-01,7.79,False
APU0000703613,2017-02-01,7.848,False
APU0000703613,2017-03-01,7.856,False
APU0000703613,2017-04-01,8.081,False
APU0000703613,2017-05-01,8.082,False
APU0000703613,2017-06-01,8.349,False
APU0000703613,2017-07-01,8.359,False
APU0000703613,2017-08-01,8.251,False
APU0000703613,2017-09-01,8.084,False
APU0000703613,2017-10-01,8.039,False
APU0000703613,2017-11-01,7.906,False
APU0000703613,2017-12-01,7.927,False
APU0000703613,2018-01-01,8.205,False
APU0000703613,2018-02-01,8.297,False
APU0000703613,2018-03-01,8.339,False
APU0000703613,2018-04-01,8.551,False
APU0000703613,2018-05-01,8.247,False
APU0000703613,2018-06-01,8.509,False
APU0000703613,2018-07-01,8.552,False
APU0000703613,2018-08-01,8.561,False
APU0000703613,2018-09-01,8.544,False
APU0000703613,2018-10-01,8.331,False
APU0000703613,2018-11-01,8.375,False
APU0000703613,2018-12-01,8.311,False
APU0000703613,2019-01-01,8.348,False
APU0000703613,2019-02-01,8.529,False
APU0000703613,2019-03-01,8.575,False
APU0000703613,2019-04-01,8.706,False
APU0000703613,2019-05-01,8.662,False
APU0000703613,2019-06-01,8.133,False
APU0000703613,2019-07-01,8.284,False
APU0000703613,2019-08-01,8.134,False
APU0000703613,2019-09-01,8.083,False
APU0000703613,2019-10-01,8.225,False
APU0000703613,2019-11-01,8.318,False
APU0000703613,2019-12-01,8.481,False
APU0000703613,2020-01-01,8.441,False
APU0000703613,2020-02-01,8.333,False
APU0000703613,2020-03-01,8.265,False
APU0000703613,2020-04-01,8.6,False
APU0000703613,2020-05-01,9.48,False
APU0000703613,2020-06-01,10.423,False
APU0000703613,2020-07-01,9.413,False
APU0000703613,2020-08-01,8.875,False
APU0000703613,2020-09-01,8.795,False
APU0000703613,2020-10-01,8.931,False
APU0000703613,2020-11-01,8.876,False
APU0000703613,2020-12-01,8.98,False
APU0000703613,2021-01-01,9.148,False
APU0000703613,2021-02-01,9.079,False
APU0000703613,2021-03-01,9.134,False
APU0000703613,2021-04-01,9.344,False
APU0000703613,2021-05-01,9.892,False
APU0000703613,2021-06-01,10.78,False
APU0000703613,2021-07-01,10.538,False
APU0000703613,2021-08-01,10.599,False
APU0000703613,2021-09-01,11.01,False
APU0000703613,2021-10-01,11.654,False
APU0000703613,2021-11-01,11.508,False
APU0000703613,2021-12-01,11.055,False
APU0000703613,2022-01-01,10.826,False
APU0000703613,2022-02-01,10.584,False
APU0000703613,2022-03-01,10.658,False
APU0000703613,2022-04-01,10.656,False
APU0000703613,2022-05-01,10.447,False
APU0000703613,2022-06-01,10.721,False
APU0000703613,2022-07-01,10.57,False
APU0000703613,2022-08-01,10.312,False
APU0000703613,2022-09-01,10.543,False
APU0000703613,2022-10-01,10.496,False
APU0000703613,2022-11-01,10.268,False
APU0000703613,2022-12-01,10.169,False
APU0000703613,2023-01-01,10.313,False
APU0000703613,2023-02-01,10.286,False
APU0000703613,2023-03-01,10.284,False
APU0000703613,2023-04-01,10.607,False
APU0000703613,2023-05-01,10.753,False
APU0000703613,2023-06-01,11.164,False
APU0000703613,2023-07-01,11.507,False
APU0000703613,2023-08-01,11.432,False
APU0000703613,2023-09-01,11.626,False
APU0000703613,2023-10-01,11.697,False
APU0000703613,2023-11-01,11.533,False
APU0000703613,2023-12-01,11.691,False
APU0000703613,2024-01-01,11.637,False
APU0000703613,2024-02-01,11.716,False
APU0000703613,2024-03-01,11.537,False
APU0000703613,2024-04-01,11.662,False
APU0000703613,2024-05-01,11.558,False
APU0000703613,2024-06-01,11.465,False
APU0000703613,2024-07-01,11.726,False
APU0000703613,2024-08-01,11.54,False
APU0000703613,2024-09-01,11.787,False
APU0000703613,2024-10-01,11.497,False
APU0000703613,2024-11-01,12.014,False
APU0000703613,2024-12-01,11.666,False
APU0000703613,2025-01-01,11.965,False
APU0000703613,2025-02-01,11.899,False
APU0000703613,2025-03-01,11.924,False
APU0000703613,2025-04-01,12.326,False
APU0000703613,2025-05-01,12.207,False
APU0000703613,2025-06-01,12.923,False
APU0000703613,2025-07-01,13.554,False
APU0000703613,2025-08-01,14.319,False
APU0000703613,2025-09-01,14.135,False
APU0000703613,2025-10-01,13.733,True
APU0000703613,2025-11-01,13.342,False
APU0000703613,2025-12-01,14.027,False
APU0000703613,2026-01-01,13.837,False
APU0000703613,2026-02-01,14.191,False
APU0000703613,2026-03-01,14.124,False
APU0000703613,2026-04-01,14.727,False
APU0000703613,2026-05-01,14.274,False
APU0000703613,2026-06-01,14.451,False
APU0000703613,2026-07-01,14.592,False
APU0000704111,2015-01-01,5.589,False
APU0000704111,2015-02-01,5.472,False
APU0000704111,2015-03-01,5.367,False
APU0000704111,2015-04-01,5.211,False
APU0000704111,2015-05-01,4.94,False
APU0000704111,2015-06-01,5.059,False
APU0000704111,2015-07-01,5.184,False
APU0000704111,2015-08-01,5.41,False
APU0000704111,2015-09-01,5.734,False
APU0000704111,2015-10-01,5.899,False
APU0000704111,2015-11-01,5.847,False
APU0000704111,2015-12-01,5.734,False
APU0000704111,2016-01-01,5.656,False
APU0000704111,2016-02-01,5.394,False
APU0000704111,2016-03-01,5.494,False
APU0000704111,2016-04-01,5.613,False
APU0000704111,2016-05-01,5.552,False
APU0000704111,2016-06-01,5.374,False
APU0000704111,2016-07-01,5.454,False
APU0000704111,2016-08-01,5.448,False
APU0000704111,2016-09-01,5.481,False
APU0000704111,2016-10-01,5.375,False
APU0000704111,2016-11-01,5.106,False
APU0000704111,2016-12-01,5.102,False
APU0000704111,2017-01-01,5.18,False
APU0000704111,2017-02-01,5.334,False
APU0000704111,2017-03-01,5.745,False
APU0000704111,2017-04-01,5.775,False
APU0000704111,2017-05-01,5.699,False
APU0000704111,2017-06-01,5.665,False
APU0000704111,2017-07-01,5.819,False
APU0000704111,2017-08-01,6.241,False
APU0000704111,2017-09-01,6.366,False
APU0000704111,2017-10-01,6.066,False
APU0000704111,2017-11-01,5.708,False
APU0000704111,2017-12-01,5.629,False
APU0000704111,2018-01-01,5.654,False
APU0000704111,2018-02-01,5.533,False
APU0000704111,2018-03-01,5.527,False
APU0000704111,2018-04-01,5.421,False
APU0000704111,2018-05-01,5.452,False
APU0000704111,2018-06-01,5.247,False
APU0000704111,2018-07-01,5.418,False
APU0000704111,2018-08-01,5.577,False
APU0000704111,2018-09-01,5.501,False
APU0000704111,2018-10-01,5.37,False
APU0000704111,2018-11-01,5.392,False
APU0000704111,2018-12-01,5.502,False
APU0000704111,2019-01-01,5.518,False
APU0000704111,2019-02-01,5.502,False
APU0000704111,2019-03-01,5.608,False
APU0000704111,2019-04-01,5.552,False
APU0000704111,2019-05-01,5.812,False
APU0000704111,2019-06-01,5.878,False
APU0000704111,2019-07-01,5.701,False
APU0000704111,2019-08-01,5.576,False
APU0000704111,2019-09-01,5.571,False
APU0000704111,2019-10-01,5.653,False
APU0000704111,2019-11-01,5.505,False
APU0000704111,2019-12-01,5.474,False
APU0000704111,2020-01-01,5.505,False
APU0000704111,2020-02-01,5.497,False
APU0000704111,2020-03-01,5.257,False
APU0000704111,2020-04-01,5.346,False
APU0000704111,2020-05-01,5.348,False
APU0000704111,2020-06-01,5.772,False
APU0000704111,2020-07-01,5.776,False
APU0000704111,2020-08-01,5.559,False
APU0000704111,2020-09-01,5.619,False
APU0000704111,2020-10-01,5.722,False
APU0000704111,2020-11-01,5.754,False
APU0000704111,2020-12-01,5.831,False
APU0000704111,2021-01-01,5.831,False
APU0000704111,2021-02-01,5.778,False
APU0000704111,2021-03-01,5.852,False
APU0000704111,2021-04-01,6.215,False
APU0000704111,2021-05-01,6.346,False
APU0000704111,2021-06-01,6.67,False
APU0000704111,2021-07-01,6.857,False
APU0000704111,2021-08-01,7.096,False
APU0000704111,2021-09-01,7.22,False
APU0000704111,2021-10-01,7.317,False
APU0000704111,2021-11-01,7.265,False
APU0000704111,2021-12-01,7.211,False
APU0000704111,2022-01-01,7.222,False
APU0000704111,2022-02-01,7.097,False
APU0000704111,2022-03-01,7.203,False
APU0000704111,2022-04-01,7.422,False
APU0000704111,2022-05-01,7.364,False
APU0000704111,2022-06-01,7.403,False
APU0000704111,2022-07-01,7.415,False
APU0000704111,2022-08-01,7.372,False
APU0000704111,2022-09-01,7.383,False
APU0000704111,2022-10-01,7.608,False
APU0000704111,2022-11-01,7.243,False
APU0000704111,2022-12-01,6.956,False
APU0000704111,2023-01-01,6.808,False
APU0000704111,2023-02-01,6.595,False
APU0000704111,2023-03-01,6.613,False
APU0000704111,2023-04-01,6.549,False
APU0000704111,2023-05-01,6.339,False
APU0000704111,2023-06-01,6.224,False
APU0000704111,2023-07-01,6.236,False
APU0000704111,2023-08-01,6.502,False
APU0000704111,2023-09-01,7.083,False
APU0000704111,2023-10-01,7.223,False
APU0000704111,2023-11-01,6.899,False
APU0000704111,2023-12-01,6.774,False
APU0000704111,2024-01-01,6.614,False
APU0000704111,2024-02-01,6.56,False
APU0000704111,2024-03-01,6.609,False
APU0000704111,2024-04-01,6.637,False
APU0000704111,2024-05-01,6.818,False
APU0000704111,2024-06-01,6.827,False
APU0000704111,2024-07-01,6.883,False
APU0000704111,2024-08-01,6.785,False
APU0000704111,2024-09-01,6.955,False
APU0000704111,2024-10-01,6.869,False
APU0000704111,2024-11-01,6.843,False
APU0000704111,2024-12-01,6.915,False
APU0000704111,2025-01-01,7.044,False
APU0000704111,2025-02-01,6.798,False
APU0000704111,2025-03-01,6.978,False
APU0000704111,2025-04-01,7.009,False
APU0000704111,2025-05-01,6.985,False
APU0000704111,2025-06-01,7.098,False
APU0000704111,2025-07-01,7.118,False
APU0000704111,2025-08-01,7.208,False
APU0000704111,2025-09-01,7.29,False
APU0000704111,2025-10-01,7.107,True
APU0000704111,2025-11-01,6.928,False
APU0000704111,2025-12-01,6.76,False
APU0000704111,2026-01-01,6.978,False
APU0000704111,2026-02-01,6.904,False
APU0000704111,2026-03-01,6.801,False
APU0000704111,2026-04-01,6.826,False
APU0000704111,2026-05-01,6.712,False
APU0000704111,2026-06-01,6.561,False
APU0000704111,2026-07-01,6.584,False
APU0000704211,2015-01-01,4.167,False
APU0000704211,2015-02-01,4.138,False
APU0000704211,2015-03-01,4.224,False
APU0000704211,2015-04-01,4.141,False
APU0000704211,2015-05-01,4.132,False
APU0000704211,2015-06-01,3.965,False
APU0000704211,2015-07-01,4.062,False
APU0000704211,2015-08-01,4.042,False
APU0000704211,2015-09-01,4.107,False
APU0000704211,2015-10-01,4.106,False
APU0000704211,2015-11-01,4.104,False
APU0000704211,2015-12-01,4.089,False
APU0000704211,2016-01-01,3.714,False
APU0000704211,2016-02-01,3.841,False
APU0000704211,2016-03-01,3.901,False
APU0000704211,2016-04-01,4.028,False
APU0000704211,2016-05-01,3.968,False
APU0000704211,2016-06-01,3.94,False
APU0000704211,2016-07-01,3.986,False
APU0000704211,2016-08-01,3.926,False
APU0000704211,2016-09-01,3.89,False
APU0000704211,2016-10-01,3.92,False
APU0000704211,2016-11-01,3.703,False
APU0000704211,2016-12-01,3.633,False
APU0000704211,2017-01-01,3.639,False
APU0000704211,2017-02-01,3.625,False
APU0000704211,2017-03-01,3.699,False
APU0000704211,2017-04-01,3.639,False
APU0000704211,2017-05-01,3.746,False
APU0000704211,2017-06-01,3.625,False
APU0000704211,2017-07-01,3.793,False
APU0000704211,2017-08-01,3.76,False
APU0000704211,2017-09-01,3.896,False
APU0000704211,2017-10-01,3.708,False
APU0000704211,2017-11-01,3.87,False
APU0000704211,2017-12-01,3.809,False
APU0000704211,2018-01-01,3.814,False
APU0000704211,2018-02-01,3.718,False
APU0000704211,2018-03-01,3.702,False
APU0000704211,2018-04-01,4.004,False
APU0000704211,2018-05-01,3.829,False
APU0000704211,2018-06-01,3.811,False
APU0000704211,2018-07-01,3.558,False
APU0000704211,2018-08-01,3.843,False
APU0000704211,2018-09-01,3.799,False
APU0000704211,2018-10-01,3.889,False
APU0000704211,2018-11-01,3.736,False
APU0000704211,2018-12-01,3.947,False
APU0000704211,2019-01-01,3.576,False
APU0000704211,2019-02-01,3.852,False
APU0000704211,2019-03-01,3.648,False
APU0000704211,2019-04-01,3.779,False
APU0000704211,2019-05-01,4.019,False
APU0000704211,2019-06-01,3.941,False
APU0000704211,2019-07-01,4.041,False
APU0000704211,2019-08-01,3.982,False
APU0000704211,2019-09-01,3.841,False
APU0000704211,2019-10-01,3.773,False
APU0000704211,2019-11-01,3.85,False
APU0000704211,2019-12-01,3.772,False
APU0000704211,2020-01-01,3.781,False
APU0000704211,2020-02-01,3.92,False
APU0000704211,2020-03-01,3.907,False
APU0000704211,2020-04-01,4.148,False
APU0000704211,2020-05-01,4.371,False
APU0000704211,2020-06-01,4.544,False
APU0000704211,2020-07-01,4.351,False
APU0000704211,2020-08-01,4.06,False
APU0000704211,2020-09-01,4.066,False
APU0000704211,2020-10-01,3.947,False
APU0000704211,2020-11-01,4.054,False
APU0000704211,2020-12-01,4.248,False
APU0000704211,2021-01-01,3.943,False
APU0000704211,2021-02-01,3.963,False
APU0000704211,2021-03-01,4.067,False
APU0000704211,2021-04-01,4.161,False
APU0000704211,2021-05-01,4.162,False
APU0000704211,2021-06-01,4.351,False
APU0000704211,2021-07-01,4.322,False
APU0000704211,2021-08-01,4.326,False
APU0000704211,2021-09-01,4.233,False
APU0000704211,2021-10-01,4.394,False
APU0000704211,2021-11-01,4.356,False
APU0000704211,2021-12-01,4.357,False
APU0000704211,2022-01-01,4.392,False
APU0000704211,2022-02-01,4.367,False
APU0000704211,2022-03-01,4.679,False
APU0000704211,2022-04-01,4.587,False
APU0000704211,2022-05-01,4.463,False
APU0000704211,2022-06-01,4.468,False
APU0000704211,2022-07-01,4.62,False
APU0000704211,2022-08-01,4.559,False
APU0000704211,2022-09-01,4.595,False
APU0000704211,2022-10-01,4.578,False
APU0000704211,2022-11-01,4.572,False
APU0000704211,2022-12-01,4.674,False
APU0000704211,2023-01-01,4.573,False
APU0000704211,2023-02-01,4.611,False
APU0000704211,2023-03-01,4.617,False
APU0000704211,2023-04-01,4.505,False
APU0000704211,2023-05-01,4.51,False
APU0000704211,2023-06-01,4.562,False
APU0000704211,2023-07-01,4.448,False
APU0000704211,2023-08-01,4.63,False
APU0000704211,2023-09-01,4.552,False
APU0000704211,2023-10-01,4.426,False
APU0000704211,2023-11-01,4.278,False
APU0000704211,2023-12-01,4.327,False
APU0000704211,2024-01-01,4.534,False
APU0000704211,2024-02-01,4.4,False
APU0000704211,2024-03-01,4.333,False
APU0000704211,2024-04-01,4.332,False
APU0000704211,2024-05-01,4.545,False
APU0000704211,2024-06-01,4.616,False
APU0000704211,2024-07-01,4.568,False
APU0000704211,2024-08-01,4.64,False
APU0000704211,2024-09-01,4.62,False
APU0000704211,2024-10-01,4.487,False
APU0000704211,2024-11-01,4.647,False
APU0000704211,2024-12-01,4.58,False
APU0000704211,2025-01-01,4.625,False
APU0000704211,2025-02-01,4.463,False
APU0000704211,2025-03-01,4.498,False
APU0000704211,2025-04-01,4.454,False
APU0000704211,2025-05-01,4.505,False
APU0000704211,2025-06-01,4.617,False
APU0000704211,2025-07-01,4.607,False
APU0000704211,2025-08-01,4.6,False
APU0000704211,2025-09-01,4.603,False
APU0000704211,2025-10-01,4.564,True
APU0000704211,2025-11-01,4.526,False
APU0000704211,2025-12-01,4.716,False
APU0000704211,2026-01-01,4.453,False
APU0000704211,2026-02-01,4.564,False
APU0000704211,2026-03-01,4.571,False
APU0000704211,2026-04-01,4.597,False
APU0000704211,2026-05-01,4.905,False
APU0000704212,2015-01-01,4.484,False
APU0000704212,2015-02-01,4.468,False
APU0000704212,2015-03-01,4.196,False
APU0000704212,2015-04-01,4.227,False
APU0000704212,2015-05-01,4.273,False
APU0000704212,2015-06-01,4.326,False
APU0000704212,2015-07-01,4.47,False
APU0000704212,2015-08-01,4.396,False
APU0000704212,2015-09-01,4.357,False
APU0000704212,2015-10-01,4.355,False
APU0000704212,2015-11-01,4.153,False
APU0000704212,2015-12-01,4.223,False
APU0000704212,2016-01-01,4.143,False
APU0000704212,2016-02-01,4.169,False
APU0000704212,2016-03-01,4.146,False
APU0000704212,2016-04-01,4.13,False
APU0000704212,2016-05-01,4.15,False
APU0000704212,2016-06-01,4.289,False
APU0000704212,2016-07-01,4.292,False
APU0000704212,2016-08-01,4.197,False
APU0000704212,2016-09-01,4.031,False
APU0000704212,2016-10-01,3.945,False
APU0000704212,2016-11-01,3.812,False
APU0000704212,2016-12-01,3.751,False
APU0000704212,2017-01-01,3.727,False
APU0000704212,2017-02-01,3.814,False
APU0000704212,2017-03-01,3.822,False
APU0000704212,2017-04-01,3.802,False
APU0000704212,2017-05-01,3.832,False
APU0000704212,2017-06-01,3.875,False
APU0000704212,2017-07-01,3.821,False
APU0000704212,2017-08-01,3.917,False
APU0000704212,2017-09-01,3.809,False
APU0000704212,2017-10-01,3.812,False
APU0000704212,2017-11-01,3.802,False
APU0000704212,2017-12-01,3.664,False
APU0000704212,2018-01-01,3.694,False
APU0000704212,2018-02-01,3.718,False
APU0000704212,2018-03-01,3.696,False
APU0000704212,2018-04-01,3.73,False
APU0000704212,2018-05-01,3.686,False
APU0000704212,2018-06-01,3.665,False
APU0000704212,2018-07-01,3.79,False
APU0000704212,2018-08-01,3.83,False
APU0000704212,2018-09-01,3.699,False
APU0000704212,2018-10-01,3.786,False
APU0000704212,2018-11-01,3.734,False
APU0000704212,2018-12-01,3.74,False
APU0000704212,2019-01-01,3.666,False
APU0000704212,2019-02-01,3.716,False
APU0000704212,2019-03-01,3.762,False
APU0000704212,2019-04-01,3.804,False
APU0000704212,2019-05-01,3.833,False
APU0000704212,2019-06-01,3.69,False
APU0000704212,2019-07-01,3.83,False
APU0000704212,2019-08-01,3.784,False
APU0000704212,2019-09-01,3.761,False
APU0000704212,2019-10-01,3.715,False
APU0000704212,2019-11-01,3.786,False
APU0000704212,2019-12-01,3.805,False
APU0000704212,2020-01-01,3.854,False
APU0000704212,2020-02-01,3.813,False
APU0000704212,2020-03-01,3.791,False
APU0000704212,2020-04-01,4.014,False
APU0000704212,2020-05-01,4.409,False
APU0000704212,2020-06-01,4.689,False
APU0000704212,2020-07-01,4.355,False
APU0000704212,2020-08-01,4.343,False
APU0000704212,2020-09-01,4.369,False
APU0000704212,2020-10-01,4.138,False
APU0000704212,2020-11-01,4.289,False
APU0000704212,2020-12-01,4.134,False
APU0000704212,2021-01-01,4.204,False
APU0000704212,2021-02-01,4.137,False
APU0000704212,2021-03-01,4.253,False
APU0000704212,2021-04-01,4.328,False
APU0000704212,2021-05-01,4.362,False
APU0000704212,2021-06-01,4.541,False
APU0000704212,2021-07-01,4.455,False
APU0000704212,2021-08-01,4.469,False
APU0000704212,2021-09-01,4.393,False
APU0000704212,2021-10-01,4.495,False
APU0000704212,2021-11-01,4.43,False
APU0000704212,2021-12-01,4.409,False
APU0000704212,2022-01-01,4.374,False
APU0000704212,2022-02-01,4.449,False
APU0000704212,2022-03-01,4.446,False
APU0000704212,2022-04-01,4.575,False
APU0000704212,2022-05-01,4.512,False
APU0000704212,2022-06-01,4.418,False
APU0000704212,2022-07-01,4.459,False
APU0000704212,2022-08-01,4.597,False
APU0000704212,2022-09-01,4.487,False
APU0000704212,2022-10-01,4.492,False
APU0000704212,2022-11-01,4.488,False
APU0000704212,2022-12-01,4.555,False
APU0000704212,2023-01-01,4.283,False
APU0000704212,2023-02-01,4.494,False
APU0000704212,2023-03-01,4.321,False
APU0000704212,2023-04-01,4.489,False
APU0000704212,2023-05-01,4.474,False
APU0000704212,2023-06-01,4.521,False
APU0000704212,2023-07-01,4.473,False
APU0000704212,2023-08-01,4.556,False
APU0000704212,2023-09-01,4.558,False
APU0000704212,2023-10-01,4.767,False
APU0000704212,2023-11-01,4.629,False
APU0000704212,2023-12-01,4.557,False
APU0000704212,2024-01-01,4.524,False
APU0000704212,2024-02-01,4.377,False
APU0000704212,2024-03-01,4.527,False
APU0000704212,2024-04-01,4.511,False
APU0000704212,2024-05-01,4.634,False
APU0000704212,2024-06-01,4.589,False
APU0000704212,2024-07-01,4.652,False
APU0000704212,2024-08-01,4.622,False
APU0000704212,2024-09-01,4.615,False
APU0000704212,2024-10-01,4.585,False
APU0000704212,2024-11-01,4.874,False
APU0000704212,2024-12-01,4.658,False
APU0000704212,2025-01-01,4.53,False
APU0000704212,2025-02-01,4.558,False
APU0000704212,2025-03-01,4.771,False
APU0000704212,2025-04-01,4.609,False
APU0000704212,2025-05-01,4.601,False
APU0000704212,2025-06-01,4.618,False
APU0000704212,2025-07-01,4.691,False
APU0000704212,2025-08-01,4.688,False
APU0000704212,2025-09-01,4.748,False
APU0000704212,2025-10-01,4.566,True
APU0000704212,2025-11-01,4.391,False
APU0000704212,2025-12-01,4.671,False
APU0000704212,2026-01-01,4.433,False
APU0000704212,2026-02-01,4.496,False
APU0000704212,2026-03-01,4.484,False
APU0000704212,2026-04-01,4.699,False
APU0000704212,2026-05-01,4.616,False
APU0000704212,2026-06-01,4.555,False
APU0000704212,2026-07-01,4.573,False
APU0000704312,2015-01-01,4.405,False
APU0000704312,2015-02-01,4.428,False
APU0000704312,2015-03-01,4.314,False
APU0000704312,2015-04-01,4.114,False
APU0000704312,2015-05-01,4.164,False
APU0000704312,2015-06-01,4.105,False
APU0000704312,2015-07-01,4.098,False
APU0000704312,2015-08-01,4.121,False
APU0000704312,2015-09-01,4.131,False
APU0000704312,2015-10-01,4.232,False
APU0000704312,2015-11-01,4.122,False
APU0000704312,2015-12-01,4.034,False
APU0000704312,2016-01-01,4.121,False
APU0000704312,2016-02-01,4.137,False
APU0000704312,2016-03-01,4.07,False
APU0000704312,2016-04-01,3.965,False
APU0000704312,2016-05-01,4.003,False
APU0000704312,2016-06-01,4.039,False
APU0000704312,2016-07-01,3.959,False
APU0000704312,2016-08-01,4.062,False
APU0000704312,2016-09-01,4.126,False
APU0000704312,2016-10-01,4.054,False
APU0000704312,2016-11-01,3.931,False
APU0000704312,2016-12-01,3.93,False
APU0000704312,2017-01-01,3.724,False
APU0000704312,2017-02-01,3.781,False
APU0000704312,2017-03-01,3.871,False
APU0000704312,2017-04-01,3.768,False
APU0000704312,2017-05-01,3.78,False
APU0000704312,2017-06-01,3.921,False
APU0000704312,2017-07-01,4.02,False
APU0000704312,2017-08-01,3.956,False
APU0000704312,2017-09-01,3.938,False
APU0000704312,2017-10-01,3.95,False
APU0000704312,2017-11-01,3.851,False
APU0000704312,2017-12-01,3.869,False
APU0000704312,2018-01-01,3.742,False
APU0000704312,2018-02-01,3.882,False
APU0000704312,2018-03-01,3.955,False
APU0000704312,2018-04-01,3.986,False
APU0000704312,2018-05-01,4.122,False
APU0000704312,2018-06-01,4.234,False
APU0000704312,2018-07-01,4.21,False
APU0000704312,2018-08-01,4.184,False
APU0000704312,2018-09-01,4.165,False
APU0000704312,2018-10-01,4.018,False
APU0000704312,2018-11-01,3.863,False
APU0000704312,2018-12-01,3.884,False
APU0000704312,2019-01-01,3.974,False
APU0000704312,2019-02-01,4.002,False
APU0000704312,2019-03-01,4.306,False
APU0000704312,2019-04-01,4.255,False
APU0000704312,2019-05-01,4.147,False
APU0000704312,2019-06-01,4.235,False
APU0000704312,2019-07-01,4.239,False
APU0000704312,2019-08-01,4.454,False
APU0000704312,2019-09-01,4.439,False
APU0000704312,2019-10-01,4.464,False
APU0000704312,2019-11-01,4.253,False
APU0000704312,2019-12-01,4.07,False
APU0000704312,2020-01-01,4.194,False
APU0000704312,2020-02-01,4.226,False
APU0000704312,2020-03-01,4.464,False
APU0000704312,2020-04-01,4.506,True
APU0000704312,2020-05-01,4.549,False
APU0000704312,2020-06-01,4.608,False
APU0000704312,2020-07-01,4.574,False
APU0000704312,2020-08-01,4.631,False
APU0000704312,2020-09-01,4.538,False
APU0000704312,2020-10-01,4.559,False
APU0000704312,2020-11-01,4.55,False
APU0000704312,2020-12-01,4.469,False
APU0000704312,2021-01-01,4.616,False
APU0000704312,2021-02-01,4.921,False
APU0000704312,2021-03-01,4.79,False
APU0000704312,2021-04-01,4.856,False
APU0000704312,2021-05-01,4.907,False
APU0000704312,2021-06-01,4.922,False
APU0000704312,2021-07-01,4.667,False
APU0000704312,2021-08-01,4.683,False
APU0000704312,2021-09-01,4.847,False
APU0000704312,2021-10-01,4.964,False
APU0000704312,2021-11-01,4.937,False
APU0000704312,2021-12-01,4.827,False
APU0000704312,2022-01-01,4.998,False
APU0000704312,2022-02-01,5.119,False
APU0000704312,2022-03-01,5.151,False
APU0000704312,2022-04-01,4.985,False
APU0000704312,2022-05-01,5.172,False
APU0000704312,2022-06-01,5.381,False
APU0000704312,2022-07-01,5.285,False
APU0000704312,2022-08-01,5.346,False
APU0000704312,2022-09-01,5.504,False
APU0000704312,2022-10-01,5.65,False
APU0000704312,2022-11-01,5.521,False
APU0000704312,2022-12-01,5.368,False
APU0000704312,2023-01-01,5.484,False
APU0000704312,2023-02-01,5.668,False
APU0000704312,2023-03-01,5.679,False
APU0000704312,2023-04-01,5.564,False
APU0000704312,2023-05-01,5.813,False
APU0000704312,2023-06-01,5.898,False
APU0000704312,2023-07-01,5.889,False
APU0000704312,2023-08-01,5.895,False
APU0000704312,2023-09-01,5.882,False
APU0000704312,2023-10-01,5.766,False
APU0000704312,2023-11-01,5.528,False
APU0000704312,2023-12-01,5.497,False
APU0000704312,2024-01-01,5.532,False
APU0000704312,2024-02-01,5.666,False
APU0000704312,2024-03-01,5.572,False
APU0000704312,2024-04-01,5.594,False
APU0000704312,2024-05-01,5.668,False
APU0000704312,2024-06-01,5.567,False
APU0000704312,2024-07-01,5.727,False
APU0000704312,2024-08-01,5.633,False
APU0000704312,2024-09-01,5.63,False
APU0000704312,2024-10-01,5.67,False
APU0000704312,2024-11-01,5.63,False
APU0000704312,2024-12-01,5.458,False
APU0000704312,2025-01-01,5.476,False
APU0000704312,2025-02-01,5.52,False
APU0000704312,2025-03-01,5.603,False
APU0000704312,2025-04-01,5.473,False
APU0000704312,2025-05-01,5.453,False
APU0000704312,2025-06-01,5.379,False
APU0000704312,2025-07-01,5.685,False
APU0000704312,2025-08-01,5.432,False
APU0000704312,2025-09-01,5.478,False
APU0000704312,2025-10-01,5.47,True
APU0000704312,2025-11-01,5.462,False
APU0000704312,2025-12-01,5.356,False
APU0000704312,2026-01-01,5.5,False
APU0000704312,2026-02-01,5.616,False
APU0000704312,2026-03-01,5.479,False
APU0000704312,2026-04-01,5.405,False
APU0000704312,2026-05-01,5.457,False
APU0000704312,2026-06-01,5.508,False
APU0000704312,2026-07-01,5.492,False
APU0000705111,2015-10-01,3.515,False
APU0000705111,2015-11-01,3.59,False
APU0000705111,2015-12-01,3.605,False
APU0000705111,2016-01-01,3.473,False
APU0000705111,2016-02-01,3.579,False
APU0000705111,2016-03-01,3.621,False
APU0000705111,2016-04-01,3.441,False
APU0000705111,2016-05-01,3.195,False
APU0000705111,2016-06-01,3.083,False
APU0000705111,2016-07-01,2.913,False
APU0000705111,2016-08-01,3.122,False
APU0000705111,2016-09-01,3.341,False
APU0000705111,2016-10-01,3.115,False
APU0000705111,2016-11-01,2.949,False
APU0000705111,2016-12-01,3.048,False
APU0000705111,2017-01-01,3.036,False
APU0000705111,2017-02-01,2.958,False
APU0000705111,2017-03-01,3.081,False
APU0000705111,2017-04-01,2.963,False
APU0000705111,2017-05-01,2.651,False
APU0000705111,2017-06-01,2.602,False
APU0000705111,2017-07-01,2.689,False
APU0000705111,2017-08-01,2.708,False
APU0000705111,2017-09-01,2.824,False
APU0000705111,2017-10-01,2.978,False
APU0000705111,2017-11-01,2.801,False
APU0000705111,2017-12-01,2.925,False
APU0000705111,2018-01-01,2.837,False
APU0000705111,2018-02-01,2.887,False
APU0000705111,2018-03-01,2.95,False
APU0000705111,2018-04-01,3.024,False
APU0000705111,2018-05-01,2.746,False
APU0000705111,2018-06-01,2.772,False
APU0000705111,2018-07-01,2.899,False
APU0000705111,2018-08-01,2.832,False
APU0000705111,2018-09-01,2.826,False
APU0000705111,2018-10-01,3.049,False
APU0000705111,2018-11-01,3.043,False
APU0000705111,2018-12-01,3.116,False
APU0000705111,2019-01-01,3.049,False
APU0000705111,2019-02-01,3.175,False
APU0000705111,2019-03-01,3.219,False
APU0000705111,2019-04-01,3.163,False
APU0000705111,2019-05-01,3.031,False
APU0000705111,2019-06-01,2.866,False
APU0000705111,2019-07-01,2.91,False
APU0000705111,2019-08-01,2.971,False
APU0000705111,2019-09-01,2.91,False
APU0000705111,2019-10-01,3.09,False
APU0000705111,2019-11-01,3.408,False
APU0000705111,2019-12-01,3.401,False
APU0000705111,2020-01-01,3.405,False
APU0000705111,2020-02-01,3.352,False
APU0000705111,2020-03-01,3.347,False
APU0000705111,2020-04-01,3.52,False
APU0000705111,2020-05-01,3.473,False
APU0000705111,2020-06-01,3.663,False
APU0000705111,2020-07-01,3.632,False
APU0000705111,2020-08-01,3.603,False
APU0000705111,2020-09-01,3.416,False
APU0000705111,2020-10-01,3.558,False
APU0000705111,2020-11-01,3.692,False
APU0000705111,2020-12-01,3.787,False
APU0000705111,2021-01-01,3.669,False
APU0000705111,2021-02-01,3.766,False
APU0000705111,2021-03-01,3.83,False
APU0000705111,2021-04-01,3.808,False
APU0000705111,2021-05-01,3.652,False
APU0000705111,2021-06-01,3.735,False
APU0000705111,2021-07-01,3.929,False
APU0000705111,2021-08-01,3.697,False
APU0000705111,2021-09-01,4.105,False
APU0000705111,2021-10-01,4.257,False
APU0000705111,2021-11-01,4.854,False
APU0000705111,2021-12-01,4.789,False
APU0000705111,2022-01-01,4.991,False
APU0000705111,2022-02-01,4.962,False
APU0000705111,2022-03-01,5.181,False
APU0000705111,2022-04-01,5.221,False
APU0000705121,2015-01-01,2.957,False
APU0000705121,2015-02-01,3.038,False
APU0000705121,2015-03-01,2.956,False
APU0000705121,2015-04-01,2.98,False
APU0000705121,2015-05-01,2.846,False
APU0000705121,2015-06-01,2.799,False
APU0000705121,2015-07-01,2.82,False
APU0000705121,2015-08-01,2.817,False
APU0000705121,2015-09-01,2.756,False
APU0000705121,2015-10-01,2.65,False
APU0000705121,2015-11-01,2.598,False
APU0000705121,2015-12-01,2.63,False
APU0000705121,2016-01-01,2.634,False
APU0000705121,2016-02-01,2.653,False
APU0000705121,2016-03-01,2.702,False
APU0000705121,2016-04-01,2.628,False
APU0000705121,2016-05-01,2.643,False
APU0000705121,2016-06-01,2.654,False
APU0000705121,2016-07-01,2.62,False
APU0000705121,2016-08-01,2.655,False
APU0000705121,2016-09-01,2.657,False
APU0000705121,2016-10-01,2.718,False
APU0000705121,2016-11-01,2.619,False
APU0000705121,2016-12-01,2.625,False
APU0000705121,2017-01-01,2.637,False
APU0000705121,2017-02-01,2.633,False
APU0000705121,2017-03-01,2.672,False
APU0000705121,2017-04-01,2.592,False
APU0000705121,2017-05-01,2.763,False
APU0000705121,2017-06-01,2.8,False
APU0000705121,2017-07-01,2.814,False
APU0000705121,2017-08-01,2.793,False
APU0000705121,2017-09-01,2.809,False
APU0000705121,2017-10-01,2.757,False
APU0000705121,2017-11-01,2.839,False
APU0000705121,2017-12-01,2.808,False
APU0000705121,2018-01-01,2.528,False
APU0000705121,2018-02-01,2.593,False
APU0000705121,2018-03-01,2.719,False
APU0000705121,2018-04-01,2.605,False
APU0000705121,2018-05-01,2.754,False
APU0000705121,2018-06-01,2.69,False
APU0000705121,2018-07-01,2.654,False
APU0000705121,2018-08-01,2.718,False
APU0000705121,2018-09-01,2.677,False
APU0000705121,2018-10-01,2.841,False
APU0000705121,2018-11-01,2.642,False
APU0000705121,2018-12-01,2.632,False
APU0000705121,2019-01-01,2.624,False
APU0000705121,2019-02-01,2.599,False
APU0000705121,2019-03-01,2.604,False
APU0000705121,2019-04-01,2.625,False
APU0000705121,2019-05-01,2.687,False
APU0000705121,2019-06-01,2.837,False
APU0000705121,2019-07-01,2.719,False
APU0000705121,2019-08-01,2.777,False
APU0000705121,2019-09-01,2.791,False
APU0000706111,2015-01-01,1.546,False
APU0000706111,2015-02-01,1.55,False
APU0000706111,2015-03-01,1.545,False
APU0000706111,2015-04-01,1.539,False
APU0000706111,2015-05-01,1.483,False
APU0000706111,2015-06-01,1.515,False
APU0000706111,2015-07-01,1.487,False
APU0000706111,2015-08-01,1.428,False
APU0000706111,2015-09-01,1.415,False
APU0000706111,2015-10-01,1.43,False
APU0000706111,2015-11-01,1.484,False
APU0000706111,2015-12-01,1.437,False
APU0000706111,2016-01-01,1.429,False
APU0000706111,2016-02-01,1.478,False
APU0000706111,2016-03-01,1.463,False
APU0000706111,2016-04-01,1.496,False
APU0000706111,2016-05-01,1.489,False
APU0000706111,2016-06-01,1.408,False
APU0000706111,2016-07-01,1.445,False
APU0000706111,2016-08-01,1.426,False
APU0000706111,2016-09-01,1.487,False
APU0000706111,2016-10-01,1.502,False
APU0000706111,2016-11-01,1.478,False
APU0000706111,2016-12-01,1.463,False
APU0000706111,2017-01-01,1.418,False
APU0000706111,2017-02-01,1.473,False
APU0000706111,2017-03-01,1.462,False
APU0000706111,2017-04-01,1.444,False
APU0000706111,2017-05-01,1.499,False
APU0000706111,2017-06-01,1.497,False
APU0000706111,2017-07-01,1.496,False
APU0000706111,2017-08-01,1.489,False
APU0000706111,2017-09-01,1.48,False
APU0000706111,2017-10-01,1.484,False
APU0000706111,2017-11-01,1.451,False
APU0000706111,2017-12-01,1.47,False
APU0000706111,2018-01-01,1.509,False
APU0000706111,2018-02-01,1.478,False
APU0000706111,2018-03-01,1.502,False
APU0000706111,2018-04-01,1.511,False
APU0000706111,2018-05-01,1.523,False
APU0000706111,2018-06-01,1.514,False
APU0000706111,2018-07-01,1.519,False
APU0000706111,2018-08-01,1.511,False
APU0000706111,2018-09-01,1.487,False
APU0000706111,2018-10-01,1.444,False
APU0000706111,2018-11-01,1.501,False
APU0000706111,2018-12-01,1.466,False
APU0000706111,2019-01-01,1.473,False
APU0000706111,2019-02-01,1.486,False
APU0000706111,2019-03-01,1.468,False
APU0000706111,2019-04-01,1.463,False
APU0000706111,2019-05-01,1.479,False
APU0000706111,2019-06-01,1.59,False
APU0000706111,2019-07-01,1.562,False
APU0000706111,2019-08-01,1.514,False
APU0000706111,2019-09-01,1.487,False
APU0000706111,2019-10-01,1.538,False
APU0000706111,2019-11-01,1.43,False
APU0000706111,2019-12-01,1.45,False
APU0000706111,2020-01-01,1.409,False
APU0000706111,2020-02-01,1.362,False
APU0000706111,2020-03-01,1.4,False
APU0000706111,2020-04-01,1.571,False
APU0000706111,2020-05-01,1.657,True
APU0000706111,2020-06-01,1.747,False
APU0000706111,2020-07-01,1.712,False
APU0000706111,2020-08-01,1.609,False
APU0000706111,2020-09-01,1.542,False
APU0000706111,2020-10-01,1.58,False
APU0000706111,2020-11-01,1.639,False
APU0000706111,2020-12-01,1.621,False
APU0000706111,2021-01-01,1.595,False
APU0000706111,2021-02-01,1.583,False
APU0000706111,2021-03-01,1.543,False
APU0000706111,2021-04-01,1.515,False
APU0000706111,2021-05-01,1.486,False
APU0000706111,2021-06-01,1.474,False
APU0000706111,2021-07-01,1.435,False
APU0000706111,2021-08-01,1.472,False
APU0000706111,2021-09-01,1.504,False
APU0000706111,2021-10-01,1.523,False
APU0000706111,2021-11-01,1.583,False
APU0000706111,2021-12-01,1.606,False
APU0000706111,2022-01-01,1.622,False
APU0000706111,2022-02-01,1.632,False
APU0000706111,2022-03-01,1.724,False
APU0000706111,2022-04-01,1.794,False
APU0000706111,2022-05-01,1.824,False
APU0000706111,2022-06-01,1.826,False
APU0000706111,2022-07-01,1.88,False
APU0000706111,2022-08-01,1.879,False
APU0000706111,2022-09-01,1.891,False
APU0000706111,2022-10-01,1.863,False
APU0000706111,2022-11-01,1.843,False
APU0000706111,2022-12-01,1.83,False
APU0000706111,2023-01-01,1.855,False
APU0000706111,2023-02-01,1.894,False
APU0000706111,2023-03-01,1.868,False
APU0000706111,2023-04-01,1.873,False
APU0000706111,2023-05-01,1.92,False
APU0000706111,2023-06-01,1.953,False
APU0000706111,2023-07-01,1.891,False
APU0000706111,2023-08-01,1.958,False
APU0000706111,2023-09-01,1.901,False
APU0000706111,2023-10-01,1.926,False
APU0000706111,2023-11-01,1.976,False
APU0000706111,2023-12-01,1.955,False
APU0000706111,2024-01-01,1.987,False
APU0000706111,2024-02-01,1.951,False
APU0000706111,2024-03-01,1.991,False
APU0000706111,2024-04-01,1.953,False
APU0000706111,2024-05-01,2.013,False
APU0000706111,2024-06-01,2.007,False
APU0000706111,2024-07-01,1.988,False
APU0000706111,2024-08-01,1.988,False
APU0000706111,2024-09-01,1.979,False
APU0000706111,2024-10-01,1.987,False
APU0000706111,2024-11-01,2.076,False
APU0000706111,2024-12-01,2.061,False
APU0000706111,2025-01-01,2.061,False
APU0000706111,2025-02-01,2.051,False
APU0000706111,2025-03-01,2.064,False
APU0000706111,2025-04-01,2.059,False
APU0000706111,2025-05-01,2.061,False
APU0000706111,2025-06-01,2.086,False
APU0000706111,2025-07-01,2.078,False
APU0000706111,2025-08-01,2.076,False
APU0000706111,2025-09-01,2.061,False
APU0000706111,2025-10-01,2.052,True
APU0000706111,2025-11-01,2.044,False
APU0000706111,2025-12-01,2.02,False
APU0000706111,2026-01-01,2.041,False
APU0000706111,2026-02-01,2.049,False
APU0000706111,2026-03-01,2.033,False
APU0000706111,2026-04-01,2.026,False
APU0000706111,2026-05-01,2.036,False
APU0000706111,2026-06-01,2.044,False
APU0000706111,2026-07-01,2.005,False
APU0000706212,2015-01-01,1.584,False
APU0000706212,2015-02-01,1.581,False
APU0000706212,2015-03-01,1.588,False
APU0000706212,2015-04-01,1.609,False
APU0000706212,2015-05-01,1.552,False
APU0000706212,2015-06-01,1.622,False
APU0000706212,2015-07-01,1.591,False
APU0000706212,2015-08-01,1.612,False
APU0000706212,2015-09-01,1.595,False
APU0000706212,2015-10-01,1.61,False
APU0000706212,2015-11-01,1.605,False
APU0000706212,2015-12-01,1.573,False
APU0000706212,2016-01-01,1.579,False
APU0000706212,2016-02-01,1.485,False
APU0000706212,2016-03-01,1.509,False
APU0000706212,2016-04-01,1.565,False
APU0000706212,2016-05-01,1.528,False
APU0000706212,2016-06-01,1.562,False
APU0000706212,2016-07-01,1.547,False
APU0000706212,2016-08-01,1.57,False
APU0000706212,2016-09-01,1.548,False
APU0000706212,2016-10-01,1.509,False
APU0000706212,2016-11-01,1.51,False
APU0000706212,2016-12-01,1.432,False
APU0000706212,2017-01-01,1.462,False
APU0000706212,2017-02-01,1.484,False
APU0000706212,2017-03-01,1.48,False
APU0000706212,2017-04-01,1.492,False
APU0000706212,2017-05-01,1.454,False
APU0000706212,2017-06-01,1.436,False
APU0000706212,2017-07-01,1.418,False
APU0000706212,2017-08-01,1.453,False
APU0000706212,2017-09-01,1.439,False
APU0000706212,2017-10-01,1.436,False
APU0000706212,2017-11-01,1.437,False
APU0000706212,2017-12-01,1.461,False
APU0000706212,2018-01-01,1.327,False
APU0000706212,2018-02-01,1.402,False
APU0000706212,2018-03-01,1.394,False
APU0000706212,2018-04-01,1.45,False
APU0000706212,2018-05-01,1.447,False
APU0000706212,2018-06-01,1.427,False
APU0000706212,2018-07-01,1.431,False
APU0000706212,2018-08-01,1.439,False
APU0000706212,2018-09-01,1.426,False
APU0000706212,2018-10-01,1.46,False
APU0000706212,2018-11-01,1.385,False
APU0000706212,2018-12-01,1.404,False
APU0000706212,2019-01-01,1.381,False
APU0000706212,2019-02-01,1.417,False
APU0000706212,2019-03-01,1.392,False
APU0000706212,2019-04-01,1.435,False
APU0000706212,2019-05-01,1.442,False
APU0000706212,2019-06-01,1.415,False
APU0000706212,2019-07-01,1.412,False
APU0000706212,2019-08-01,1.414,False
APU0000706212,2019-09-01,1.425,False
APU0000706212,2019-10-01,1.429,False
APU0000706212,2019-11-01,1.488,False
APU0000706212,2019-12-01,1.505,False
APU0000706212,2020-01-01,1.451,False
APU0000706212,2020-02-01,1.479,False
APU0000706212,2020-03-01,1.538,False
APU0000706212,2020-04-01,1.598,False
APU0000706212,2020-05-01,1.581,False
APU0000706212,2020-06-01,1.602,False
APU0000706212,2020-07-01,1.579,False
APU0000706212,2020-08-01,1.568,False
APU0000706212,2020-09-01,1.557,False
APU0000706212,2020-10-01,1.551,False
APU0000706212,2020-11-01,1.55,False
APU0000706212,2020-12-01,1.543,False
APU0000706212,2021-01-01,1.6,False
APU0000706212,2021-02-01,1.553,False
APU0000706212,2021-03-01,1.569,False
APU0000706212,2021-04-01,1.579,False
APU0000706212,2021-05-01,1.593,False
APU0000706212,2021-06-01,1.611,False
APU0000706212,2021-07-01,1.615,False
APU0000706212,2021-08-01,1.706,False
APU0000706212,2021-09-01,1.723,False
APU0000706212,2021-10-01,1.709,False
APU0000706212,2021-11-01,1.733,False
APU0000706212,2021-12-01,1.729,False
APU0000706212,2022-01-01,1.731,False
APU0000706212,2022-02-01,1.797,False
APU0000706212,2022-03-01,1.834,False
APU0000706212,2022-04-01,1.886,False
APU0000706212,2022-05-01,1.861,False
APU0000706212,2022-06-01,1.882,False
APU0000706212,2022-07-01,1.835,False
APU0000706212,2022-08-01,1.993,False
APU0000706212,2022-09-01,1.975,False
APU0000706212,2022-10-01,2.013,False
APU0000706212,2022-11-01,2.024,False
APU0000706212,2022-12-01,1.945,False
APU0000706212,2023-01-01,1.869,False
APU0000706212,2023-02-01,1.843,False
APU0000706212,2023-03-01,1.858,False
APU0000706212,2023-04-01,1.935,False
APU0000706212,2023-05-01,1.919,False
APU0000706212,2023-06-01,1.998,False
APU0000706212,2023-07-01,2.025,False
APU0000706212,2023-08-01,2.031,False
APU0000706212,2023-09-01,1.899,False
APU0000706212,2023-10-01,1.917,False
APU0000706212,2023-11-01,1.851,False
APU0000706212,2023-12-01,1.856,False
APU0000706212,2024-01-01,1.825,False
APU0000706212,2024-02-01,1.752,False
APU0000706212,2024-03-01,1.821,False
APU0000706212,2024-04-01,1.815,False
APU0000706212,2024-05-01,1.833,False
APU0000706212,2024-06-01,1.771,False
APU0000706212,2024-07-01,1.786,False
APU0000706212,2024-08-01,1.835,False
APU0000706212,2024-09-01,1.873,False
APU0000706212,2024-10-01,1.83,False
APU0000706212,2024-11-01,1.77,False
APU0000706212,2024-12-01,1.781,False
APU0000706212,2025-01-01,1.791,False
APU0000706212,2025-02-01,1.792,False
APU0000706212,2025-03-01,1.805,False
APU0000706212,2025-04-01,1.789,False
APU0000706212,2025-05-01,1.785,False
APU0000706212,2025-06-01,1.815,False
APU0000706212,2025-07-01,1.799,False
APU0000706212,2025-08-01,1.797,False
APU0000706212,2025-09-01,1.796,False
APU0000706212,2025-10-01,1.795,True
APU0000706212,2025-11-01,1.795,False
APU0000706212,2025-12-01,1.725,False
APU0000706212,2026-01-01,1.735,False
APU0000706212,2026-02-01,1.707,False
APU0000706212,2026-03-01,1.739,False
APU0000706212,2026-04-01,1.712,False
APU0000706212,2026-05-01,1.786,False
APU0000706212,2026-06-01,1.688,False
APU0000706212,2026-07-01,1.723,False
APU0000706311,2015-01-01,1.445,False
APU0000706311,2015-02-01,1.48,False
APU0000706311,2015-03-01,1.503,False
APU0000706311,2015-04-01,1.487,False
APU0000706311,2015-05-01,1.527,False
APU0000706311,2015-06-01,1.541,False
APU0000706311,2015-07-01,1.568,False
APU0000706311,2015-08-01,1.546,False
APU0000706311,2015-09-01,1.538,False
APU0000706311,2015-10-01,1.558,False
APU0000706311,2015-11-01,1.424,False
APU0000706311,2015-12-01,1.448,False
APU0000706311,2016-01-01,1.528,False
APU0000706311,2016-02-01,1.494,False
APU0000706311,2016-03-01,1.509,False
APU0000706311,2016-04-01,1.488,False
APU0000706311,2016-05-01,1.527,False
APU0000706311,2016-06-01,1.515,False
APU0000706311,2016-07-01,1.586,False
APU0000706311,2016-08-01,1.622,False
APU0000706311,2016-09-01,1.649,False
APU0000706311,2016-10-01,1.692,False
APU0000706311,2016-11-01,1.527,False
APU0000706311,2016-12-01,1.495,False
APU0000706311,2017-01-01,1.581,False
APU0000706311,2017-02-01,1.57,False
APU0000706311,2017-03-01,1.585,False
APU0000706311,2017-04-01,1.567,False
APU0000706311,2017-05-01,1.532,False
APU0000706311,2017-06-01,1.576,False
APU0000706311,2017-07-01,1.622,False
APU0000706311,2017-08-01,1.615,False
APU0000706311,2017-09-01,1.623,False
APU0000706311,2017-10-01,1.656,False
APU0000706311,2017-11-01,1.556,False
APU0000706311,2017-12-01,1.502,False
APU0000706311,2018-01-01,1.399,False
APU0000706311,2018-02-01,1.435,False
APU0000706311,2018-03-01,1.512,False
APU0000706311,2018-04-01,1.483,False
APU0000706311,2018-05-01,1.526,False
APU0000706311,2018-06-01,1.529,False
APU0000706311,2018-07-01,1.585,False
APU0000706311,2018-08-01,1.567,False
APU0000706311,2018-09-01,1.578,False
APU0000706311,2018-10-01,1.582,False
APU0000706311,2018-11-01,1.4,False
APU0000706311,2018-12-01,1.413,False
APU0000706311,2019-01-01,1.455,False
APU0000706311,2019-02-01,1.488,False
APU0000706311,2019-03-01,1.521,False
APU0000706311,2019-04-01,1.543,False
APU0000706311,2019-05-01,1.56,False
APU0000706311,2019-06-01,1.574,False
APU0000706311,2019-07-01,1.531,False
APU0000706311,2019-08-01,1.562,False
APU0000706311,2019-09-01,1.604,False
APU0000706311,2019-10-01,1.601,False
APU0000706311,2019-11-01,1.412,False
APU0000706311,2019-12-01,1.389,False
APU0000706311,2020-01-01,1.58,False
APU0000706311,2020-02-01,1.639,False
APU0000708111,2015-01-01,2.113,False
APU0000708111,2015-02-01,2.088,False
APU0000708111,2015-03-01,2.133,False
APU0000708111,2015-04-01,2.065,False
APU0000708111,2015-05-01,1.962,False
APU0000708111,2015-06-01,2.57,False
APU0000708111,2015-07-01,2.57,False
APU0000708111,2015-08-01,2.943,False
APU0000708111,2015-09-01,2.966,False
APU0000708111,2015-10-01,2.808,False
APU0000708111,2015-11-01,2.664,False
APU0000708111,2015-12-01,2.751,False
APU0000708111,2016-01-01,2.328,False
APU0000708111,2016-02-01,2.267,False
APU0000708111,2016-03-01,2.081,False
APU0000708111,2016-04-01,1.793,False
APU0000708111,2016-05-01,1.684,False
APU0000708111,2016-06-01,1.491,False
APU0000708111,2016-07-01,1.546,False
APU0000708111,2016-08-01,1.455,False
APU0000708111,2016-09-01,1.471,False
APU0000708111,2016-10-01,1.39,False
APU0000708111,2016-11-01,1.321,False
APU0000708111,2016-12-01,1.383,False
APU0000708111,2017-01-01,1.599,False
APU0000708111,2017-02-01,1.464,False
APU0000708111,2017-03-01,1.404,False
APU0000708111,2017-04-01,1.409,False
APU0000708111,2017-05-01,1.414,False
APU0000708111,2017-06-01,1.332,False
APU0000708111,2017-07-01,1.333,False
APU0000708111,2017-08-01,1.367,False
APU0000708111,2017-09-01,1.422,False
APU0000708111,2017-10-01,1.54,False
APU0000708111,2017-11-01,1.506,False
APU0000708111,2017-12-01,1.815,False
APU0000708111,2018-01-01,1.769,False
APU0000708111,2018-02-01,1.755,False
APU0000708111,2018-03-01,1.831,False
APU0000708111,2018-04-01,2.081,False
APU0000708111,2018-05-01,1.987,False
APU0000708111,2018-06-01,1.628,False
APU0000708111,2018-07-01,1.725,False
APU0000708111,2018-08-01,1.622,False
APU0000708111,2018-09-01,1.651,False
APU0000708111,2018-10-01,1.66,False
APU0000708111,2018-11-01,1.596,False
APU0000708111,2018-12-01,1.595,False
APU0000708111,2019-01-01,1.554,False
APU0000708111,2019-02-01,1.557,False
APU0000708111,2019-03-01,1.544,False
APU0000708111,2019-04-01,1.463,False
APU0000708111,2019-05-01,1.362,False
APU0000708111,2019-06-01,1.203,False
APU0000708111,2019-07-01,1.243,False
APU0000708111,2019-08-01,1.219,False
APU0000708111,2019-09-01,1.383,False
APU0000708111,2019-10-01,1.282,False
APU0000708111,2019-11-01,1.405,False
APU0000708111,2019-12-01,1.535,False
APU0000708111,2020-01-01,1.461,False
APU0000708111,2020-02-01,1.449,False
APU0000708111,2020-03-01,1.525,False
APU0000708111,2020-04-01,2.019,False
APU0000708111,2020-05-01,1.64,False
APU0000708111,2020-06-01,1.554,False
APU0000708111,2020-07-01,1.401,False
APU0000708111,2020-08-01,1.328,False
APU0000708111,2020-09-01,1.353,False
APU0000708111,2020-10-01,1.408,False
APU0000708111,2020-11-01,1.45,False
APU0000708111,2020-12-01,1.481,False
APU0000708111,2021-01-01,1.466,False
APU0000708111,2021-02-01,1.597,False
APU0000708111,2021-03-01,1.625,False
APU0000708111,2021-04-01,1.62,False
APU0000708111,2021-05-01,1.625,False
APU0000708111,2021-06-01,1.642,False
APU0000708111,2021-07-01,1.642,False
APU0000708111,2021-08-01,1.709,False
APU0000708111,2021-09-01,1.835,False
APU0000708111,2021-10-01,1.821,False
APU0000708111,2021-11-01,1.718,False
APU0000708111,2021-12-01,1.788,False
APU0000708111,2022-01-01,1.929,False
APU0000708111,2022-02-01,2.005,False
APU0000708111,2022-03-01,2.046,False
APU0000708111,2022-04-01,2.52,False
APU0000708111,2022-05-01,2.863,False
APU0000708111,2022-06-01,2.707,False
APU0000708111,2022-07-01,2.936,False
APU0000708111,2022-08-01,3.116,False
APU0000708111,2022-09-01,2.902,False
APU0000708111,2022-10-01,3.419,False
APU0000708111,2022-11-01,3.589,False
APU0000708111,2022-12-01,4.25,False
APU0000708111,2023-01-01,4.823,False
APU0000708111,2023-02-01,4.211,False
APU0000708111,2023-03-01,3.446,False
APU0000708111,2023-04-01,3.27,False
APU0000708111,2023-05-01,2.666,False
APU0000708111,2023-06-01,2.219,False
APU0000708111,2023-07-01,2.094,False
APU0000708111,2023-08-01,2.043,False
APU0000708111,2023-09-01,2.065,False
APU0000708111,2023-10-01,2.072,False
APU0000708111,2023-11-01,2.138,False
APU0000708111,2023-12-01,2.507,False
APU0000708111,2024-01-01,2.522,False
APU0000708111,2024-02-01,2.996,False
APU0000708111,2024-03-01,2.992,False
APU0000708111,2024-04-01,2.864,False
APU0000708111,2024-05-01,2.699,False
APU0000708111,2024-06-01,2.715,False
APU0000708111,2024-07-01,3.08,False
APU0000708111,2024-08-01,3.204,False
APU0000708111,2024-09-01,3.821,False
APU0000708111,2024-10-01,3.37,False
APU0000708111,2024-11-01,3.649,False
APU0000708111,2024-12-01,4.146,False
APU0000708111,2025-01-01,4.953,False
APU0000708111,2025-02-01,5.897,False
APU0000708111,2025-03-01,6.227,False
APU0000708111,2025-04-01,5.122,False
APU0000708111,2025-05-01,4.548,False
APU0000708111,2025-06-01,3.775,False
APU0000708111,2025-07-01,3.599,False
APU0000708111,2025-08-01,3.587,False
APU0000708111,2025-09-01,3.488,False
APU0000708111,2025-10-01,3.158,True
APU0000708111,2025-11-01,2.86,False
APU0000708111,2025-12-01,2.712,False
APU0000708111,2026-01-01,2.577,False
APU0000708111,2026-02-01,2.5,False
APU0000708111,2026-03-01,2.348,False
APU0000708111,2026-04-01,2.25,False
APU0000708111,2026-05-01,2.191,False
APU0000708111,2026-06-01,2.141,False
APU0000708111,2026-07-01,2.189,False
APU0000709112,2015-01-01,3.758,False
APU0000709112,2015-02-01,3.496,False
APU0000709112,2015-03-01,3.463,False
APU0000709112,2015-04-01,3.397,False
APU0000709112,2015-05-01,3.387,False
APU0000709112,2015-06-01,3.366,False
APU0000709112,2015-07-01,3.43,False
APU0000709112,2015-08-01,3.389,False
APU0000709112,2015-09-01,3.392,False
APU0000709112,2015-10-01,3.338,False
APU0000709112,2015-11-01,3.299,False
APU0000709112,2015-12-01,3.31,False
APU0000709112,2016-01-01,3.313,False
APU0000709112,2016-02-01,3.23,False
APU0000709112,2016-03-01,3.187,False
APU0000709112,2016-04-01,3.155,False
APU0000709112,2016-05-01,3.157,False
APU0000709112,2016-06-01,3.115,False
APU0000709112,2016-07-01,3.062,False
APU0000709112,2016-08-01,3.141,False
APU0000709112,2016-09-01,3.229,False
APU0000709112,2016-10-01,3.292,False
APU0000709112,2016-11-01,3.28,False
APU0000709112,2016-12-01,3.29,False
APU0000709112,2017-01-01,3.318,False
APU0000709112,2017-02-01,3.3,False
APU0000709112,2017-03-01,3.315,False
APU0000709112,2017-04-01,3.259,False
APU0000709112,2017-05-01,3.242,False
APU0000709112,2017-06-01,3.213,False
APU0000709112,2017-07-01,3.219,False
APU0000709112,2017-08-01,3.168,False
APU0000709112,2017-09-01,3.209,False
APU0000709112,2017-10-01,3.158,False
APU0000709112,2017-11-01,3.15,False
APU0000709112,2017-12-01,3.155,False
APU0000709112,2018-01-01,2.961,False
APU0000709112,2018-02-01,2.923,False
APU0000709112,2018-03-01,2.903,False
APU0000709112,2018-04-01,2.924,False
APU0000709112,2018-05-01,2.919,False
APU0000709112,2018-06-01,2.877,False
APU0000709112,2018-07-01,2.839,False
APU0000709112,2018-08-01,2.871,False
APU0000709112,2018-09-01,2.89,False
APU0000709112,2018-10-01,2.913,False
APU0000709112,2018-11-01,2.877,False
APU0000709112,2018-12-01,2.853,False
APU0000709112,2019-01-01,2.913,False
APU0000709112,2019-02-01,2.9,False
APU0000709112,2019-03-01,2.944,False
APU0000709112,2019-04-01,2.98,False
APU0000709112,2019-05-01,2.963,False
APU0000709112,2019-06-01,3.054,False
APU0000709112,2019-07-01,3.031,False
APU0000709112,2019-08-01,3.045,False
APU0000709112,2019-09-01,3.102,False
APU0000709112,2019-10-01,3.119,False
APU0000709112,2019-11-01,3.189,False
APU0000709112,2019-12-01,3.188,False
APU0000709112,2020-01-01,3.253,False
APU0000709112,2020-02-01,3.196,False
APU0000709112,2020-03-01,3.248,False
APU0000709112,2020-04-01,3.267,False
APU0000709112,2020-05-01,3.21,False
APU0000709112,2020-06-01,3.198,False
APU0000709112,2020-07-01,3.255,False
APU0000709112,2020-08-01,3.406,False
APU0000709112,2020-09-01,3.448,False
APU0000709112,2020-10-01,3.38,False
APU0000709112,2020-11-01,3.425,False
APU0000709112,2020-12-01,3.535,False
APU0000709112,2021-01-01,3.468,False
APU0000709112,2021-02-01,3.368,False
APU0000709112,2021-03-01,3.348,False
APU0000709112,2021-04-01,3.447,False
APU0000709112,2021-05-01,3.497,False
APU0000709112,2021-06-01,3.557,False
APU0000709112,2021-07-01,3.627,False
APU0000709112,2021-08-01,3.56,False
APU0000709112,2021-09-01,3.585,False
APU0000709112,2021-10-01,3.663,False
APU0000709112,2021-11-01,3.671,False
APU0000709112,2021-12-01,3.743,False
APU0000709112,2022-01-01,3.787,False
APU0000709112,2022-02-01,3.875,False
APU0000709112,2022-03-01,3.917,False
APU0000709112,2022-04-01,4.012,False
APU0000709112,2022-05-01,4.204,False
APU0000709112,2022-06-01,4.153,False
APU0000709112,2022-07-01,4.156,False
APU0000709112,2022-08-01,4.194,False
APU0000709112,2022-09-01,4.181,False
APU0000709112,2022-10-01,4.184,False
APU0000709112,2022-11-01,4.218,False
APU0000709112,2022-12-01,4.211,False
APU0000709112,2023-01-01,4.204,False
APU0000709112,2023-02-01,4.163,False
APU0000709112,2023-03-01,4.098,False
APU0000709112,2023-04-01,4.042,False
APU0000709112,2023-05-01,4.042,False
APU0000709112,2023-06-01,3.985,False
APU0000709112,2023-07-01,3.971,False
APU0000709112,2023-08-01,3.927,False
APU0000709112,2023-09-01,3.965,False
APU0000709112,2023-10-01,3.927,False
APU0000709112,2023-11-01,3.997,False
APU0000709112,2023-12-01,4.008,False
APU0000709112,2024-01-01,3.958,False
APU0000709112,2024-02-01,3.94,False
APU0000709112,2024-03-01,3.893,False
APU0000709112,2024-04-01,3.868,False
APU0000709112,2024-05-01,3.864,False
APU0000709112,2024-06-01,3.956,False
APU0000709112,2024-07-01,3.983,False
APU0000709112,2024-08-01,4.044,False
APU0000709112,2024-09-01,4.021,False
APU0000709112,2024-10-01,4.041,False
APU0000709112,2024-11-01,4.138,False
APU0000709112,2024-12-01,4.101,False
APU0000709112,2025-01-01,4.025,False
APU0000709112,2025-02-01,4.026,False
APU0000709112,2025-03-01,4.05,False
APU0000709112,2025-04-01,4.074,False
APU0000709112,2025-05-01,4.022,False
APU0000709112,2025-06-01,4.029,False
APU0000709112,2025-07-01,4.162,False
APU0000709112,2025-08-01,4.171,False
APU0000709112,2025-09-01,4.129,False
APU0000709112,2025-10-01,4.062,True
APU0000709112,2025-11-01,3.997,False
APU0000709112,2025-12-01,4.047,False
APU0000709112,2026-01-01,4.1,False
APU0000709112,2026-02-01,4.026,False
APU0000709112,2026-03-01,4.067,False
APU0000709112,2026-04-01,4.136,False
APU0000709112,2026-05-01,4.217,False
APU0000709112,2026-06-01,4.317,False
APU0000709112,2026-07-01,4.313,False
APU0000710211,2015-01-01,4.944,False
APU0000710211,2015-02-01,4.598,False
APU0000710211,2015-03-01,4.558,False
APU0000710211,2015-04-01,4.543,False
APU0000710211,2015-05-01,4.417,False
APU0000710211,2015-06-01,4.265,False
APU0000710211,2015-07-01,4.352,False
APU0000710211,2015-08-01,4.346,False
APU0000710211,2015-09-01,4.439,False
APU0000710211,2015-10-01,4.331,False
APU0000710211,2015-11-01,4.333,False
APU0000710211,2015-12-01,4.345,False
APU0000710211,2016-01-01,4.374,False
APU0000710211,2016-02-01,4.436,False
APU0000710211,2016-03-01,4.462,False
APU0000710211,2016-04-01,4.434,False
APU0000710211,2016-05-01,4.325,False
APU0000710211,2016-06-01,4.31,False
APU0000710211,2016-07-01,4.373,False
APU0000710211,2016-08-01,4.273,False
APU0000710211,2016-09-01,4.396,False
APU0000710211,2016-10-01,4.484,False
APU0000710211,2016-11-01,4.322,False
APU0000710211,2016-12-01,4.214,False
APU0000710211,2017-01-01,4.322,False
APU0000710211,2017-02-01,4.293,False
APU0000710211,2017-03-01,4.271,False
APU0000710211,2017-04-01,4.352,False
APU0000710211,2017-05-01,4.393,False
APU0000710211,2017-06-01,4.306,False
APU0000710211,2017-07-01,4.282,False
APU0000710211,2017-08-01,4.241,False
APU0000710211,2017-09-01,4.203,False
APU0000710211,2017-10-01,4.089,False
APU0000710211,2017-11-01,4.091,False
APU0000710211,2017-12-01,4.13,False
APU0000710211,2018-01-01,4.015,False
APU0000710211,2018-02-01,4.064,False
APU0000710211,2018-03-01,4.105,False
APU0000710211,2018-04-01,4.034,False
APU0000710211,2018-05-01,4.025,False
APU0000710211,2018-06-01,3.956,False
APU0000710211,2018-07-01,3.958,False
APU0000710211,2018-08-01,3.946,False
APU0000710211,2018-09-01,4.04,False
APU0000710211,2018-10-01,3.994,False
APU0000710211,2018-11-01,3.969,True
APU0000710211,2018-12-01,3.944,False
APU0000710211,2019-01-01,3.922,False
APU0000710211,2019-02-01,3.863,False
APU0000710211,2019-03-01,3.924,False
APU0000710211,2019-04-01,3.928,False
APU0000710211,2019-05-01,3.869,False
APU0000710211,2019-06-01,3.844,False
APU0000710211,2019-07-01,3.772,False
APU0000710211,2019-08-01,3.873,False
APU0000710211,2019-09-01,3.875,False
APU0000710211,2019-10-01,3.821,False
APU0000710211,2019-11-01,3.917,False
APU0000710211,2019-12-01,3.909,False
APU0000710211,2020-01-01,3.847,False
APU0000710211,2020-02-01,3.912,False
APU0000710211,2020-03-01,3.907,False
APU0000710211,2020-04-01,3.981,False
APU0000710211,2020-05-01,4.097,False
APU0000710211,2020-06-01,4.222,False
APU0000710211,2020-07-01,4.189,False
APU0000710211,2020-08-01,4.285,False
APU0000710211,2020-09-01,4.246,False
APU0000710211,2020-10-01,4.233,False
APU0000710211,2020-11-01,4.132,False
APU0000710211,2020-12-01,4.2,False
APU0000710211,2021-01-01,4.193,False
APU0000710211,2021-02-01,4.162,False
APU0000710211,2021-03-01,4.145,False
APU0000710211,2021-04-01,4.1,False
APU0000710211,2021-05-01,4.048,False
APU0000710211,2021-06-01,3.989,False
APU0000710211,2021-07-01,3.972,False
APU0000710211,2021-08-01,3.977,False
APU0000710211,2021-09-01,4.019,False
APU0000710211,2021-10-01,3.987,False
APU0000710211,2021-11-01,3.948,False
APU0000710211,2021-12-01,3.894,False
APU0000710211,2022-01-01,3.948,False
APU0000710211,2022-02-01,3.98,False
APU0000710211,2022-03-01,3.983,False
APU0000710211,2022-04-01,4.152,False
APU0000710211,2022-05-01,4.34,False
APU0000710211,2022-06-01,4.509,False
APU0000710211,2022-07-01,4.54,False
APU0000710211,2022-08-01,4.601,False
APU0000710211,2022-09-01,4.679,False
APU0000710211,2022-10-01,4.578,False
APU0000710211,2022-11-01,4.84,False
APU0000710211,2022-12-01,4.663,False
APU0000710211,2023-01-01,4.724,False
APU0000710211,2023-02-01,4.628,False
APU0000710211,2023-03-01,4.773,False
APU0000710211,2023-04-01,4.759,False
APU0000710211,2023-05-01,4.765,False
APU0000710211,2023-06-01,4.698,False
APU0000710211,2023-07-01,4.782,False
APU0000710211,2023-08-01,4.73,False
APU0000710211,2023-09-01,4.767,False
APU0000710211,2023-10-01,4.738,False
APU0000710211,2023-11-01,4.748,False
APU0000710211,2023-12-01,4.956,False
APU0000710211,2024-01-01,4.904,False
APU0000710211,2024-02-01,4.769,False
APU0000710211,2024-03-01,4.854,False
APU0000710211,2024-04-01,4.776,False
APU0000710211,2024-05-01,4.819,False
APU0000710211,2024-06-01,4.943,False
APU0000710211,2024-07-01,4.874,False
APU0000710211,2024-08-01,4.841,False
APU0000710211,2024-09-01,4.951,False
APU0000710211,2024-10-01,5.059,False
APU0000710211,2024-11-01,4.941,False
APU0000710211,2024-12-01,4.983,False
APU0000710211,2025-01-01,5.058,False
APU0000710211,2025-02-01,5.026,False
APU0000710211,2025-03-01,4.946,False
APU0000710211,2025-04-01,4.987,False
APU0000710211,2025-05-01,5.063,False
APU0000710211,2025-06-01,5.038,False
APU0000710211,2025-07-01,4.906,False
APU0000710211,2025-08-01,5.008,False
APU0000710211,2025-09-01,4.925,False
APU0000710211,2025-10-01,4.824,True
APU0000710211,2025-11-01,4.725,False
APU0000710211,2025-12-01,4.734,False
APU0000710211,2026-01-01,4.845,False
APU0000710211,2026-02-01,4.68,False
APU0000710211,2026-03-01,4.783,False
APU0000710211,2026-04-01,4.69,False
APU0000710211,2026-05-01,4.572,False
APU0000710211,2026-06-01,4.626,False
APU0000710211,2026-07-01,4.746,False
APU0000710212,2015-01-01,5.401,False
APU0000710212,2015-02-01,5.48,False
APU0000710212,2015-03-01,5.384,False
APU0000710212,2015-04-01,5.384,False
APU0000710212,2015-05-01,5.312,False
APU0000710212,2015-06-01,5.256,False
APU0000710212,2015-07-01,5.376,False
APU0000710212,2015-08-01,5.336,False
APU0000710212,2015-09-01,5.382,False
APU0000710212,2015-10-01,5.478,False
APU0000710212,2015-11-01,5.433,False
APU0000710212,2015-12-01,5.328,False
APU0000710212,2016-01-01,5.411,False
APU0000710212,2016-02-01,5.369,False
APU0000710212,2016-03-01,5.364,False
APU0000710212,2016-04-01,5.399,False
APU0000710212,2016-05-01,5.365,False
APU0000710212,2016-06-01,5.269,False
APU0000710212,2016-07-01,5.184,False
APU0000710212,2016-08-01,5.272,False
APU0000710212,2016-09-01,5.023,False
APU0000710212,2016-10-01,5.352,False
APU0000710212,2016-11-01,4.914,False
APU0000710212,2016-12-01,4.895,False
APU0000710212,2017-01-01,4.933,False
APU0000710212,2017-02-01,4.967,False
APU0000710212,2017-03-01,4.799,False
APU0000710212,2017-04-01,4.794,False
APU0000710212,2017-05-01,4.748,False
APU0000710212,2017-06-01,4.797,False
APU0000710212,2017-07-01,4.851,False
APU0000710212,2017-08-01,4.862,False
APU0000710212,2017-09-01,5.01,False
APU0000710212,2017-10-01,5.028,False
APU0000710212,2017-11-01,5.006,False
APU0000710212,2017-12-01,4.95,False
APU0000710212,2018-01-01,5.021,False
APU0000710212,2018-02-01,5.082,False
APU0000710212,2018-03-01,5.064,False
APU0000710212,2018-04-01,5.03,False
APU0000710212,2018-05-01,5.131,False
APU0000710212,2018-06-01,5.234,False
APU0000710212,2018-07-01,5.065,False
APU0000710212,2018-08-01,5.118,False
APU0000710212,2018-09-01,5.128,False
APU0000710212,2018-10-01,5.158,False
APU0000710212,2018-11-01,5.229,False
APU0000710212,2018-12-01,5.36,False
APU0000710212,2019-01-01,5.372,False
APU0000710212,2019-02-01,5.247,False
APU0000710212,2019-03-01,5.193,False
APU0000710212,2019-04-01,5.29,False
APU0000710212,2019-05-01,5.327,False
APU0000710212,2019-06-01,5.254,False
APU0000710212,2019-07-01,5.349,False
APU0000710212,2019-08-01,5.367,False
APU0000710212,2019-09-01,5.406,False
APU0000710212,2019-10-01,5.277,False
APU0000710212,2019-11-01,5.309,False
APU0000710212,2019-12-01,5.302,False
APU0000710212,2020-01-01,5.204,False
APU0000710212,2020-02-01,5.381,False
APU0000710212,2020-03-01,5.329,False
APU0000710212,2020-04-01,5.453,False
APU0000710212,2020-05-01,5.558,False
APU0000710212,2020-06-01,5.619,False
APU0000710212,2020-07-01,5.517,False
APU0000710212,2020-08-01,5.572,False
APU0000710212,2020-09-01,5.611,False
APU0000710212,2020-10-01,5.583,False
APU0000710212,2020-11-01,5.589,False
APU0000710212,2020-12-01,5.54,False
APU0000710212,2021-01-01,5.656,False
APU0000710212,2021-02-01,5.6,False
APU0000710212,2021-03-01,5.682,False
APU0000710212,2021-04-01,5.441,False
APU0000710212,2021-05-01,5.421,False
APU0000710212,2021-06-01,5.386,False
APU0000710212,2021-07-01,5.392,False
APU0000710212,2021-08-01,5.336,False
APU0000710212,2021-09-01,5.387,False
APU0000710212,2021-10-01,5.396,False
APU0000710212,2021-11-01,5.326,False
APU0000710212,2021-12-01,5.257,False
APU0000710212,2022-01-01,5.315,False
APU0000710212,2022-02-01,5.447,False
APU0000710212,2022-03-01,5.486,False
APU0000710212,2022-04-01,5.656,False
APU0000710212,2022-05-01,5.645,False
APU0000710212,2022-06-01,5.777,False
APU0000710212,2022-07-01,5.855,False
APU0000710212,2022-08-01,5.995,False
APU0000710212,2022-09-01,6.084,False
APU0000710212,2022-10-01,5.96,False
APU0000710212,2022-11-01,5.933,False
APU0000710212,2022-12-01,5.995,False
APU0000710212,2023-01-01,5.946,False
APU0000710212,2023-02-01,5.85,False
APU0000710212,2023-03-01,5.922,False
APU0000710212,2023-04-01,5.94,False
APU0000710212,2023-05-01,5.841,False
APU0000710212,2023-06-01,5.681,False
APU0000710212,2023-07-01,5.911,False
APU0000710212,2023-08-01,5.897,False
APU0000710212,2023-09-01,5.846,False
APU0000710212,2023-10-01,5.846,False
APU0000710212,2023-11-01,5.65,False
APU0000710212,2023-12-01,5.545,False
APU0000710212,2024-01-01,5.724,False
APU0000710212,2024-02-01,5.726,False
APU0000710212,2024-03-01,5.689,False
APU0000710212,2024-04-01,5.51,False
APU0000710212,2024-05-01,5.551,False
APU0000710212,2024-06-01,5.537,False
APU0000710212,2024-07-01,5.599,False
APU0000710212,2024-08-01,5.763,False
APU0000710212,2024-09-01,5.731,False
APU0000710212,2024-10-01,5.844,False
APU0000710212,2024-11-01,5.676,False
APU0000710212,2024-12-01,5.621,False
APU0000710212,2025-01-01,5.698,False
APU0000710212,2025-02-01,5.536,False
APU0000710212,2025-03-01,5.737,False
APU0000710212,2025-04-01,5.743,False
APU0000710212,2025-05-01,5.908,False
APU0000710212,2025-06-01,5.999,False
APU0000710212,2025-07-01,6.041,False
APU0000710212,2025-08-01,6.123,False
APU0000710212,2025-09-01,6.049,False
APU0000710212,2025-10-01,5.839,True
APU0000710212,2025-11-01,5.636,False
APU0000710212,2025-12-01,5.789,False
APU0000710212,2026-01-01,5.982,False
APU0000710212,2026-02-01,5.987,False
APU0000710212,2026-03-01,5.97,False
APU0000710212,2026-04-01,6.029,False
APU0000710212,2026-05-01,5.685,False
APU0000710212,2026-06-01,5.96,False
APU0000710212,2026-07-01,5.741,False
APU0000710411,2015-01-01,5.089,False
APU0000710411,2015-02-01,4.955,False
APU0000710411,2015-03-01,4.889,False
APU0000710411,2015-04-01,4.791,False
APU0000710411,2015-05-01,4.696,False
APU0000710411,2015-06-01,4.62,False
APU0000710411,2015-07-01,4.466,False
APU0000710411,2015-08-01,4.597,False
APU0000710411,2015-09-01,4.791,False
APU0000710411,2015-10-01,4.626,False
APU0000710411,2015-11-01,4.684,False
APU0000710411,2015-12-01,4.725,False
APU0000710411,2016-01-01,4.913,False
APU0000710411,2016-02-01,4.851,False
APU0000710411,2016-03-01,4.85,False
APU0000710411,2016-04-01,4.915,False
APU0000710411,2016-05-01,4.801,False
APU0000710411,2016-06-01,4.71,False
APU0000710411,2016-07-01,4.691,False
APU0000710411,2016-08-01,4.71,False
APU0000710411,2016-09-01,4.695,False
APU0000710411,2016-10-01,4.712,False
APU0000710411,2016-11-01,4.615,False
APU0000710411,2016-12-01,4.682,False
APU0000710411,2017-01-01,4.834,False
APU0000710411,2017-02-01,4.87,False
APU0000710411,2017-03-01,4.751,False
APU0000710411,2017-04-01,4.659,False
APU0000710411,2017-05-01,4.631,False
APU0000710411,2017-06-01,4.629,False
APU0000710411,2017-07-01,4.606,False
APU0000710411,2017-08-01,4.688,False
APU0000710411,2017-09-01,4.648,False
APU0000710411,2017-10-01,4.683,False
APU0000710411,2017-11-01,4.567,False
APU0000710411,2017-12-01,4.758,False
APU0000710411,2018-01-01,4.786,False
APU0000710411,2018-02-01,4.67,False
APU0000710411,2018-03-01,4.825,False
APU0000710411,2018-04-01,4.709,False
APU0000710411,2018-05-01,4.588,False
APU0000710411,2018-06-01,4.656,False
APU0000710411,2018-07-01,4.75,False
APU0000710411,2018-08-01,4.662,False
APU0000710411,2018-09-01,4.754,False
APU0000710411,2018-10-01,4.864,False
APU0000710411,2018-11-01,4.786,False
APU0000710411,2018-12-01,4.812,False
APU0000710411,2019-01-01,4.912,False
APU0000710411,2019-02-01,4.981,False
APU0000710411,2019-03-01,4.791,False
APU0000710411,2019-04-01,4.821,False
APU0000710411,2019-05-01,4.85,False
APU0000710411,2019-06-01,4.633,False
APU0000710411,2019-07-01,4.674,False
APU0000710411,2019-08-01,4.682,False
APU0000710411,2019-09-01,4.802,False
APU0000710411,2019-10-01,4.94,False
APU0000710411,2019-11-01,4.935,False
APU0000710411,2019-12-01,4.74,False
APU0000710411,2020-01-01,4.824,False
APU0000710411,2020-02-01,4.884,False
APU0000710411,2020-03-01,4.918,False
APU0000710411,2020-04-01,4.941,False
APU0000710411,2020-05-01,4.934,False
APU0000710411,2020-06-01,5.088,False
APU0000710411,2020-07-01,4.898,False
APU0000710411,2020-08-01,4.95,False
APU0000710411,2020-09-01,4.944,False
APU0000710411,2020-10-01,4.925,False
APU0000710411,2020-11-01,4.846,False
APU0000710411,2020-12-01,4.927,False
APU0000710411,2021-01-01,5.014,False
APU0000710411,2021-02-01,4.937,False
APU0000710411,2021-03-01,4.949,False
APU0000710411,2021-04-01,4.978,False
APU0000710411,2021-05-01,4.685,False
APU0000710411,2021-06-01,4.886,False
APU0000710411,2021-07-01,4.943,False
APU0000710411,2021-08-01,4.918,False
APU0000710411,2021-09-01,4.9,False
APU0000710411,2021-10-01,4.952,False
APU0000710411,2021-11-01,4.77,False
APU0000710411,2021-12-01,4.766,False
APU0000710411,2022-01-01,4.993,False
APU0000710411,2022-02-01,5.048,False
APU0000710411,2022-03-01,5.059,False
APU0000710411,2022-04-01,5.129,False
APU0000710411,2022-05-01,5.352,False
APU0000710411,2022-06-01,5.536,False
APU0000710411,2022-07-01,5.621,False
APU0000710411,2022-08-01,5.638,False
APU0000710411,2022-09-01,5.701,False
APU0000710411,2022-10-01,5.745,False
APU0000710411,2022-11-01,5.724,False
APU0000710411,2022-12-01,5.561,False
APU0000710411,2023-01-01,5.809,False
APU0000710411,2023-02-01,5.722,False
APU0000710411,2023-03-01,5.92,False
APU0000710411,2023-04-01,5.95,False
APU0000710411,2023-05-01,5.807,False
APU0000710411,2023-06-01,5.812,False
APU0000710411,2023-07-01,5.845,False
APU0000710411,2023-08-01,5.904,False
APU0000710411,2023-09-01,5.959,False
APU0000710411,2023-10-01,6.041,False
APU0000710411,2023-11-01,6.014,False
APU0000710411,2023-12-01,6.015,False
APU0000710411,2024-01-01,5.903,False
APU0000710411,2024-02-01,5.885,False
APU0000710411,2024-03-01,5.733,False
APU0000710411,2024-04-01,6.196,False
APU0000710411,2024-05-01,6.0,False
APU0000710411,2024-06-01,6.137,False
APU0000710411,2024-07-01,6.03,False
APU0000710411,2024-08-01,6.357,False
APU0000710411,2024-09-01,6.338,False
APU0000710411,2024-10-01,6.295,False
APU0000710411,2024-11-01,6.447,False
APU0000710411,2024-12-01,6.27,False
APU0000710411,2025-01-01,6.459,False
APU0000710411,2025-02-01,6.255,False
APU0000710411,2025-03-01,6.328,False
APU0000710411,2025-04-01,6.229,False
APU0000710411,2025-05-01,6.466,False
APU0000710411,2025-06-01,6.493,False
APU0000710411,2025-07-01,6.374,False
APU0000710411,2025-08-01,6.505,False
APU0000710411,2025-09-01,6.396,False
APU0000710411,2025-10-01,6.266,True
APU0000710411,2025-11-01,6.138,False
APU0000710411,2025-12-01,6.403,False
APU0000710411,2026-01-01,6.236,False
APU0000710411,2026-02-01,6.264,False
APU0000710411,2026-03-01,6.191,False
APU0000710411,2026-04-01,6.24,False
APU0000710411,2026-05-01,6.045,False
APU0000710411,2026-06-01,5.953,False
APU0000710411,2026-07-01,5.836,False
APU0000711211,2015-01-01,0.583,False
APU0000711211,2015-02-01,0.591,False
APU0000711211,2015-03-01,0.593,False
APU0000711211,2015-04-01,0.597,False
APU0000711211,2015-05-01,0.582,False
APU0000711211,2015-06-01,0.574,False
APU0000711211,2015-07-01,0.581,False
APU0000711211,2015-08-01,0.58,False
APU0000711211,2015-09-01,0.58,False
APU0000711211,2015-10-01,0.577,False
APU0000711211,2015-11-01,0.575,False
APU0000711211,2015-12-01,0.58,False
APU0000711211,2016-01-01,0.581,False
APU0000711211,2016-02-01,0.573,False
APU0000711211,2016-03-01,0.586,False
APU0000711211,2016-04-01,0.574,False
APU0000711211,2016-05-01,0.57,False
APU0000711211,2016-06-01,0.569,False
APU0000711211,2016-07-01,0.567,False
APU0000711211,2016-08-01,0.562,False
APU0000711211,2016-09-01,0.575,False
APU0000711211,2016-10-01,0.57,False
APU0000711211,2016-11-01,0.573,False
APU0000711211,2016-12-01,0.576,False
APU0000711211,2017-01-01,0.573,False
APU0000711211,2017-02-01,0.573,False
APU0000711211,2017-03-01,0.571,False
APU0000711211,2017-04-01,0.571,False
APU0000711211,2017-05-01,0.564,False
APU0000711211,2017-06-01,0.572,False
APU0000711211,2017-07-01,0.565,False
APU0000711211,2017-08-01,0.561,False
APU0000711211,2017-09-01,0.544,False
APU0000711211,2017-10-01,0.548,False
APU0000711211,2017-11-01,0.551,False
APU0000711211,2017-12-01,0.558,False
APU0000711211,2018-01-01,0.568,False
APU0000711211,2018-02-01,0.574,False
APU0000711211,2018-03-01,0.582,False
APU0000711211,2018-04-01,0.578,False
APU0000711211,2018-05-01,0.575,False
APU0000711211,2018-06-01,0.575,False
APU0000711211,2018-07-01,0.575,False
APU0000711211,2018-08-01,0.569,False
APU0000711211,2018-09-01,0.573,False
APU0000711211,2018-10-01,0.574,False
APU0000711211,2018-11-01,0.566,False
APU0000711211,2018-12-01,0.577,False
APU0000711211,2019-01-01,0.576,False
APU0000711211,2019-02-01,0.571,False
APU0000711211,2019-03-01,0.581,False
APU0000711211,2019-04-01,0.567,False
APU0000711211,2019-05-01,0.579,False
APU0000711211,2019-06-01,0.574,False
APU0000711211,2019-07-01,0.569,False
APU0000711211,2019-08-01,0.578,False
APU0000711211,2019-09-01,0.569,False
APU0000711211,2019-10-01,0.573,False
APU0000711211,2019-11-01,0.573,False
APU0000711211,2019-12-01,0.573,False
APU0000711211,2020-01-01,0.57,False
APU0000711211,2020-02-01,0.574,False
APU0000711211,2020-03-01,0.576,False
APU0000711211,2020-04-01,0.581,False
APU0000711211,2020-05-01,0.589,False
APU0000711211,2020-06-01,0.588,False
APU0000711211,2020-07-01,0.58,False
APU0000711211,2020-08-01,0.576,False
APU0000711211,2020-09-01,0.574,False
APU0000711211,2020-10-01,0.577,False
APU0000711211,2020-11-01,0.578,False
APU0000711211,2020-12-01,0.572,False
APU0000711211,2021-01-01,0.597,False
APU0000711211,2021-02-01,0.59,False
APU0000711211,2021-03-01,0.594,False
APU0000711211,2021-04-01,0.604,False
APU0000711211,2021-05-01,0.6,False
APU0000711211,2021-06-01,0.595,False
APU0000711211,2021-07-01,0.594,False
APU0000711211,2021-08-01,0.589,False
APU0000711211,2021-09-01,0.597,False
APU0000711211,2021-10-01,0.6,False
APU0000711211,2021-11-01,0.619,False
APU0000711211,2021-12-01,0.622,False
APU0000711211,2022-01-01,0.63,False
APU0000711211,2022-02-01,0.628,False
APU0000711211,2022-03-01,0.642,False
APU0000711211,2022-04-01,0.637,False
APU0000711211,2022-05-01,0.642,False
APU0000711211,2022-06-01,0.64,False
APU0000711211,2022-07-01,0.64,False
APU0000711211,2022-08-01,0.643,False
APU0000711211,2022-09-01,0.643,False
APU0000711211,2022-10-01,0.634,False
APU0000711211,2022-11-01,0.631,False
APU0000711211,2022-12-01,0.628,False
APU0000711211,2023-01-01,0.639,False
APU0000711211,2023-02-01,0.641,False
APU0000711211,2023-03-01,0.632,False
APU0000711211,2023-04-01,0.635,False
APU0000711211,2023-05-01,0.628,False
APU0000711211,2023-06-01,0.625,False
APU0000711211,2023-07-01,0.631,False
APU0000711211,2023-08-01,0.631,False
APU0000711211,2023-09-01,0.625,False
APU0000711211,2023-10-01,0.626,False
APU0000711211,2023-11-01,0.627,False
APU0000711211,2023-12-01,0.625,False
APU0000711211,2024-01-01,0.617,False
APU0000711211,2024-02-01,0.625,False
APU0000711211,2024-03-01,0.629,False
APU0000711211,2024-04-01,0.626,False
APU0000711211,2024-05-01,0.622,False
APU0000711211,2024-06-01,0.625,False
APU0000711211,2024-07-01,0.613,False
APU0000711211,2024-08-01,0.612,False
APU0000711211,2024-09-01,0.617,False
APU0000711211,2024-10-01,0.619,False
APU0000711211,2024-11-01,0.622,False
APU0000711211,2024-12-01,0.615,False
APU0000711211,2025-01-01,0.621,False
APU0000711211,2025-02-01,0.619,False
APU0000711211,2025-03-01,0.625,False
APU0000711211,2025-04-01,0.635,False
APU0000711211,2025-05-01,0.655,False
APU0000711211,2025-06-01,0.654,False
APU0000711211,2025-07-01,0.657,False
APU0000711211,2025-08-01,0.666,False
APU0000711211,2025-09-01,0.67,False
APU0000711211,2025-10-01,0.667,True
APU0000711211,2025-11-01,0.664,False
APU0000711211,2025-12-01,0.656,False
APU0000711211,2026-01-01,0.653,False
APU0000711211,2026-02-01,0.653,False
APU0000711211,2026-03-01,0.657,False
APU0000711211,2026-04-01,0.654,False
APU0000711211,2026-05-01,0.646,False
APU0000711211,2026-06-01,0.645,False
APU0000711211,2026-07-01,0.65,False
APU0000711311,2015-01-01,1.195,False
APU0000711311,2015-02-01,1.185,False
APU0000711311,2015-03-01,1.201,False
APU0000711311,2015-04-01,1.165,False
APU0000711311,2015-05-01,1.208,False
APU0000711311,2015-06-01,1.274,False
APU0000711311,2015-07-01,1.38,False
APU0000711311,2015-08-01,1.493,False
APU0000711311,2015-09-01,1.48,False
APU0000711311,2015-10-01,1.514,False
APU0000711311,2015-11-01,1.329,False
APU0000711311,2015-12-01,1.229,False
APU0000711311,2016-01-01,1.196,False
APU0000711311,2016-02-01,1.194,False
APU0000711311,2016-03-01,1.188,False
APU0000711311,2016-04-01,1.176,False
APU0000711311,2016-05-01,1.148,False
APU0000711311,2016-06-01,1.186,False
APU0000711311,2016-07-01,1.268,False
APU0000711311,2016-08-01,1.365,False
APU0000711311,2016-09-01,1.41,False
APU0000711311,2016-10-01,1.412,False
APU0000711311,2016-11-01,1.239,False
APU0000711311,2016-12-01,1.169,False
APU0000711311,2017-01-01,1.186,False
APU0000711311,2017-02-01,1.191,False
APU0000711311,2017-03-01,1.18,False
APU0000711311,2017-04-01,1.174,False
APU0000711311,2017-05-01,1.226,False
APU0000711311,2017-06-01,1.346,False
APU0000711311,2017-07-01,1.462,False
APU0000711311,2017-08-01,1.453,False
APU0000711311,2017-09-01,1.48,False
APU0000711311,2017-10-01,1.59,False
APU0000711311,2017-11-01,1.486,False
APU0000711311,2017-12-01,1.315,False
APU0000711311,2018-01-01,1.326,False
APU0000711311,2018-02-01,1.339,False
APU0000711311,2018-03-01,1.305,False
APU0000711311,2018-04-01,1.291,False
APU0000711311,2018-05-01,1.348,False
APU0000711311,2018-06-01,1.409,False
APU0000711311,2018-07-01,1.538,False
APU0000711311,2018-08-01,1.559,False
APU0000711311,2018-09-01,1.511,False
APU0000711311,2018-10-01,1.502,False
APU0000711311,2018-11-01,1.437,False
APU0000711311,2018-12-01,1.389,False
APU0000711311,2019-01-01,1.344,False
APU0000711311,2019-02-01,1.298,False
APU0000711311,2019-03-01,1.346,False
APU0000711311,2019-04-01,1.28,False
APU0000711311,2019-05-01,1.331,False
APU0000711311,2019-06-01,1.296,False
APU0000711311,2019-07-01,1.411,False
APU0000711311,2019-08-01,1.442,False
APU0000711311,2019-09-01,1.426,False
APU0000711311,2019-10-01,1.47,False
APU0000711311,2019-11-01,1.429,False
APU0000711311,2019-12-01,1.327,False
APU0000711311,2020-01-01,1.244,False
APU0000711311,2020-02-01,1.218,False
APU0000711311,2020-03-01,1.174,False
APU0000711311,2020-04-01,1.191,True
APU0000711311,2020-05-01,1.209,False
APU0000711311,2020-06-01,1.296,False
APU0000711311,2020-12-01,1.329,False
APU0000711311,2021-01-01,1.303,False
APU0000711311,2021-02-01,1.321,False
APU0000711311,2021-03-01,1.266,False
APU0000711311,2021-04-01,1.32,False
APU0000711311,2021-05-01,1.317,False
APU0000711311,2021-06-01,1.354,False
APU0000711311,2021-10-01,1.49,False
APU0000711311,2021-11-01,1.44,False
APU0000711311,2021-12-01,1.448,False
APU0000711311,2022-01-01,1.427,False
APU0000711311,2022-02-01,1.445,False
APU0000711311,2022-03-01,1.48,False
APU0000711311,2022-04-01,1.505,False
APU0000711311,2022-05-01,1.546,False
APU0000711311,2022-06-01,1.6,False
APU0000711311,2022-07-01,1.651,True
APU0000711311,2022-08-01,1.703,False
APU0000711311,2022-09-01,1.73,False
APU0000711311,2022-10-01,1.73,False
APU0000711311,2022-11-01,1.641,False
APU0000711311,2022-12-01,1.485,False
APU0000711311,2023-01-01,1.514,False
APU0000711311,2023-02-01,1.549,False
APU0000711311,2023-03-01,1.509,False
APU0000711311,2023-04-01,1.53,False
APU0000711311,2023-05-01,1.512,False
APU0000711311,2023-06-01,1.535,False
APU0000711311,2023-07-01,1.591,False
APU0000711311,2023-08-01,1.623,False
APU0000711311,2023-09-01,1.637,False
APU0000711311,2023-10-01,1.693,False
APU0000711311,2023-11-01,1.664,False
APU0000711311,2023-12-01,1.601,False
APU0000711311,2024-01-01,1.55,False
APU0000711311,2024-02-01,1.532,False
APU0000711311,2024-03-01,1.516,False
APU0000711311,2024-04-01,1.475,False
APU0000711311,2024-05-01,1.545,False
APU0000711311,2024-06-01,1.582,False
APU0000711311,2024-07-01,1.627,False
APU0000711311,2024-08-01,1.728,False
APU0000711311,2024-09-01,1.733,False
APU0000711311,2024-10-01,1.805,False
APU0000711311,2024-11-01,1.729,False
APU0000711311,2024-12-01,1.564,False
APU0000711311,2025-01-01,1.531,False
APU0000711311,2025-02-01,1.536,False
APU0000711311,2025-03-01,1.484,False
APU0000711311,2025-04-01,1.485,False
APU0000711311,2025-05-01,1.564,False
APU0000711311,2025-06-01,1.633,False
APU0000711311,2025-07-01,1.712,True
APU0000711311,2025-08-01,1.795,False
APU0000711311,2025-09-01,1.803,False
APU0000711311,2025-10-01,1.722,True
APU0000711311,2025-11-01,1.644,True
APU0000711311,2025-12-01,1.57,False
APU0000711311,2026-01-01,1.536,False
APU0000711311,2026-02-01,1.508,False
APU0000711311,2026-03-01,1.483,False
APU0000711311,2026-04-01,1.504,False
APU0000711311,2026-05-01,1.542,False
APU0000711311,2026-06-01,1.54,False
APU0000711411,2015-01-01,1.037,False
APU0000711411,2015-02-01,1.026,False
APU0000711411,2015-03-01,0.97,False
APU0000711411,2015-04-01,1.067,False
APU0000711411,2015-05-01,1.07,False
APU0000711411,2015-06-01,1.105,False
APU0000711411,2015-07-01,1.117,False
APU0000711411,2015-08-01,1.143,False
APU0000711411,2015-09-01,1.171,False
APU0000711411,2015-10-01,1.21,False
APU0000711411,2015-11-01,1.091,False
APU0000711411,2015-12-01,1.085,False
APU0000711411,2016-01-01,1.021,False
APU0000711411,2016-02-01,0.985,False
APU0000711411,2016-03-01,1.036,False
APU0000711411,2016-04-01,1.074,False
APU0000711411,2016-05-01,1.155,False
APU0000711411,2016-06-01,1.206,False
APU0000711411,2016-07-01,1.28,False
APU0000711411,2016-08-01,1.319,False
APU0000711411,2016-09-01,1.316,True
APU0000711411,2016-10-01,1.312,True
APU0000711411,2016-11-01,1.309,False
APU0000711411,2016-12-01,1.252,False
APU0000711411,2017-01-01,1.163,False
APU0000711411,2017-02-01,1.125,False
APU0000711411,2017-03-01,1.124,False
APU0000711411,2017-04-01,1.213,False
APU0000711411,2017-05-01,1.258,False
APU0000711411,2017-06-01,1.315,False
APU0000711411,2017-07-01,1.333,False
APU0000711411,2017-08-01,1.333,False
APU0000711411,2017-09-01,1.391,False
APU0000711411,2017-10-01,1.388,False
APU0000711411,2017-11-01,1.378,False
APU0000711411,2017-12-01,1.33,False
APU0000711411,2018-01-01,1.251,False
APU0000711411,2018-02-01,1.269,False
APU0000711411,2018-03-01,1.293,False
APU0000711411,2018-04-01,1.318,False
APU0000711411,2018-05-01,1.33,False
APU0000711411,2018-06-01,1.346,False
APU0000711411,2018-07-01,1.386,False
APU0000711411,2018-08-01,1.422,False
APU0000711411,2018-09-01,1.422,False
APU0000711411,2018-10-01,1.393,False
APU0000711411,2018-11-01,1.371,False
APU0000711411,2018-12-01,1.347,False
APU0000711411,2019-01-01,1.305,False
APU0000711411,2019-02-01,1.315,False
APU0000711411,2019-03-01,1.366,False
APU0000711411,2019-04-01,1.344,False
APU0000711411,2019-05-01,1.365,False
APU0000711411,2019-06-01,1.336,False
APU0000711411,2019-07-01,1.389,False
APU0000711411,2019-08-01,1.353,False
APU0000711411,2019-09-01,1.371,False
APU0000711411,2019-10-01,1.421,False
APU0000711411,2019-11-01,1.324,False
APU0000711411,2019-12-01,1.254,False
APU0000711411,2020-01-01,1.226,False
APU0000711411,2020-02-01,1.189,False
APU0000711411,2023-06-01,1.588,False
APU0000711411,2023-07-01,1.587,False
APU0000711411,2023-08-01,1.57,False
APU0000711411,2023-09-01,1.677,False
APU0000711411,2023-10-01,1.834,False
APU0000711411,2023-11-01,1.832,False
APU0000711411,2023-12-01,1.78,False
APU0000711411,2024-01-01,1.712,False
APU0000711411,2024-02-01,1.691,False
APU0000711411,2024-03-01,1.7,False
APU0000711411,2024-04-01,1.696,False
APU0000711411,2024-05-01,1.648,False
APU0000711411,2024-06-01,1.665,False
APU0000711411,2024-07-01,1.649,False
APU0000711411,2024-08-01,1.586,False
APU0000711411,2024-09-01,1.673,False
APU0000711411,2024-10-01,1.693,True
APU0000711411,2024-11-01,1.713,False
APU0000711411,2024-12-01,1.733,False
APU0000711411,2025-01-01,1.676,False
APU0000711411,2025-02-01,1.668,False
APU0000711411,2025-03-01,1.695,False
APU0000711411,2025-04-01,1.699,False
APU0000711411,2025-05-01,1.675,False
APU0000711411,2025-06-01,1.715,False
APU0000711411,2025-07-01,1.726,False
APU0000711411,2025-08-01,1.717,False
APU0000711411,2025-09-01,1.699,False
APU0000711411,2025-10-01,1.63,True
APU0000711411,2025-11-01,1.563,False
APU0000711411,2025-12-01,1.542,False
APU0000711411,2026-01-01,1.578,False
APU0000711411,2026-02-01,1.564,False
APU0000711411,2026-03-01,1.568,False
APU0000711411,2026-04-01,1.54,False
APU0000711411,2026-05-01,1.595,False
APU0000711411,2026-06-01,1.634,False
APU0000711411,2026-07-01,1.614,False
APU0000711412,2015-01-01,1.86,False
APU0000711412,2015-02-01,1.868,False
APU0000711412,2015-03-01,1.664,False
APU0000711412,2015-04-01,1.75,False
APU0000711412,2015-05-01,1.874,False
APU0000711412,2015-06-01,2.127,False
APU0000711412,2015-07-01,2.254,False
APU0000711412,2015-08-01,2.088,False
APU0000711412,2015-09-01,2.091,False
APU0000711412,2015-10-01,2.164,False
APU0000711412,2015-11-01,2.059,False
APU0000711412,2015-12-01,1.978,False
APU0000711412,2016-01-01,1.956,False
APU0000711412,2016-02-01,1.922,False
APU0000711412,2016-03-01,1.917,False
APU0000711412,2016-04-01,2.027,False
APU0000711412,2016-05-01,2.035,False
APU0000711412,2016-06-01,2.115,False
APU0000711412,2016-07-01,2.17,False
APU0000711412,2016-08-01,2.161,False
APU0000711412,2016-09-01,2.171,False
APU0000711412,2016-10-01,2.019,False
APU0000711412,2016-11-01,1.971,False
APU0000711412,2016-12-01,1.985,False
APU0000711412,2017-01-01,1.937,False
APU0000711412,2017-02-01,1.97,False
APU0000711412,2017-03-01,1.914,False
APU0000711412,2017-04-01,1.933,False
APU0000711412,2017-05-01,1.934,False
APU0000711412,2017-06-01,2.022,False
APU0000711412,2017-07-01,2.093,False
APU0000711412,2017-08-01,2.138,False
APU0000711412,2017-09-01,2.102,False
APU0000711412,2017-10-01,2.064,False
APU0000711412,2017-11-01,1.986,False
APU0000711412,2017-12-01,1.989,False
APU0000711412,2018-01-01,2.045,False
APU0000711412,2018-02-01,2.06,False
APU0000711412,2018-03-01,2.06,False
APU0000711412,2018-04-01,2.046,False
APU0000711412,2018-05-01,2.05,False
APU0000711412,2018-06-01,2.115,False
APU0000711412,2018-07-01,2.198,False
APU0000711412,2018-08-01,2.463,False
APU0000711412,2018-09-01,2.552,False
APU0000711412,2018-10-01,2.557,False
APU0000711412,2018-11-01,2.452,False
APU0000711412,2018-12-01,2.39,False
APU0000711412,2019-01-01,2.363,False
APU0000711412,2019-02-01,2.27,False
APU0000711412,2019-03-01,2.276,False
APU0000711412,2019-04-01,2.221,False
APU0000711412,2019-05-01,2.167,False
APU0000711412,2019-06-01,2.066,False
APU0000711412,2019-07-01,2.041,False
APU0000711412,2019-08-01,2.03,False
APU0000711412,2019-09-01,2.047,False
APU0000711412,2019-10-01,2.062,False
APU0000711412,2019-11-01,2.014,False
APU0000711412,2019-12-01,1.995,False
APU0000711412,2020-01-01,1.949,False
APU0000711412,2020-02-01,1.959,False
APU0000711412,2020-12-01,1.896,False
APU0000711412,2021-05-01,1.981,False
APU0000711412,2021-06-01,1.953,False
APU0000711412,2021-10-01,1.983,False
APU0000711412,2021-11-01,1.998,True
APU0000711412,2021-12-01,2.014,False
APU0000711412,2022-01-01,2.078,False
APU0000711412,2022-02-01,2.086,True
APU0000711412,2022-03-01,2.095,False
APU0000711412,2022-04-01,2.225,False
APU0000711412,2022-05-01,2.261,False
APU0000711412,2022-06-01,2.192,False
APU0000711412,2022-07-01,2.138,False
APU0000711412,2022-08-01,2.032,False
APU0000711412,2022-09-01,2.086,False
APU0000711412,2022-10-01,2.09,False
APU0000711412,2022-11-01,2.122,False
APU0000711412,2022-12-01,2.085,False
APU0000711412,2023-01-01,2.194,False
APU0000711412,2023-02-01,2.157,False
APU0000711412,2023-03-01,2.174,False
APU0000711412,2023-04-01,2.19,False
APU0000711412,2023-05-01,2.241,False
APU0000711412,2023-06-01,2.226,False
APU0000711412,2023-07-01,2.161,False
APU0000711412,2023-08-01,2.076,False
APU0000711412,2023-09-01,2.071,False
APU0000711412,2023-10-01,2.026,False
APU0000711412,2023-11-01,2.061,False
APU0000711412,2023-12-01,2.066,False
APU0000711412,2024-01-01,2.087,False
APU0000711412,2024-02-01,2.036,False
APU0000711412,2024-03-01,2.034,False
APU0000711412,2024-04-01,1.982,False
APU0000711412,2024-05-01,1.923,False
APU0000711412,2024-06-01,1.977,False
APU0000711412,2024-07-01,1.989,False
APU0000711412,2024-08-01,1.959,False
APU0000711412,2024-09-01,1.999,False
APU0000711412,2024-10-01,2.056,False
APU0000711412,2024-11-01,2.116,False
APU0000711412,2024-12-01,2.121,False
APU0000711412,2025-01-01,2.08,False
APU0000711412,2025-02-01,2.056,False
APU0000711412,2025-03-01,1.983,False
APU0000711412,2025-04-01,1.927,False
APU0000711412,2025-05-01,1.897,False
APU0000711412,2025-06-01,1.882,False
APU0000711412,2025-07-01,1.997,False
APU0000711412,2025-08-01,2.081,False
APU0000711412,2025-09-01,2.077,False
APU0000711412,2025-10-01,2.05,True
APU0000711412,2025-11-01,2.024,False
APU0000711412,2025-12-01,1.976,False
APU0000711412,2026-01-01,1.971,False
APU0000711412,2026-02-01,1.955,False
APU0000711412,2026-03-01,2.003,False
APU0000711412,2026-04-01,2.032,False
APU0000711412,2026-05-01,2.091,False
APU0000711412,2026-06-01,2.109,False
APU0000711412,2026-07-01,2.127,False
APU0000711413,2016-06-01,1.65,False
APU0000711413,2016-07-01,1.684,False
APU0000711413,2016-08-01,1.683,True
APU0000711413,2016-09-01,1.683,True
APU0000711413,2016-10-01,1.682,False
APU0000711413,2016-11-01,1.726,False
APU0000711413,2016-12-01,1.628,False
APU0000711413,2017-01-01,1.577,False
APU0000711413,2017-02-01,1.57,False
APU0000711413,2017-03-01,1.599,False
APU0000711413,2017-04-01,1.602,False
APU0000711413,2017-05-01,1.597,False
APU0000711413,2017-06-01,1.639,False
APU0000711413,2017-07-01,1.629,False
APU0000711413,2017-08-01,1.653,False
APU0000711413,2017-09-01,1.64,True
APU0000711413,2017-10-01,1.627,True
APU0000711413,2017-11-01,1.614,False
APU0000711413,2017-12-01,1.545,False
APU0000711413,2018-01-01,1.641,False
APU0000711413,2018-02-01,1.56,False
APU0000711413,2018-03-01,1.558,False
APU0000711413,2018-04-01,1.521,False
APU0000711413,2018-05-01,1.568,False
APU0000711413,2018-06-01,1.621,False
APU0000711413,2018-07-01,1.662,False
APU0000711413,2018-11-01,1.513,False
APU0000711413,2018-12-01,1.57,False
APU0000711413,2019-01-01,1.634,False
APU0000711413,2019-02-01,1.586,False
APU0000711413,2019-03-01,1.601,False
APU0000711413,2019-04-01,1.601,False
APU0000711413,2019-05-01,1.635,False
APU0000711413,2019-06-01,1.614,False
APU0000711413,2019-07-01,1.552,False
APU0000711415,2015-01-01,2.454,False
APU0000711415,2015-02-01,2.09,False
APU0000711415,2015-03-01,1.664,False
APU0000711415,2015-04-01,1.852,False
APU0000711415,2015-05-01,2.087,False
APU0000711415,2015-06-01,1.735,False
APU0000711415,2015-07-01,1.798,False
APU0000711415,2015-08-01,2.283,False
APU0000711415,2015-09-01,2.385,False
APU0000711415,2015-10-01,2.523,False
APU0000711415,2015-11-01,2.972,True
APU0000711415,2015-12-01,3.502,False
APU0000711415,2016-01-01,2.92,False
APU0000711415,2016-02-01,3.149,False
APU0000711415,2016-03-01,2.031,False
APU0000711415,2016-04-01,2.152,False
APU0000711415,2016-05-01,2.252,False
APU0000711415,2016-06-01,1.924,False
APU0000711415,2016-07-01,1.942,False
APU0000711415,2016-08-01,2.169,False
APU0000711415,2016-09-01,2.021,False
APU0000711415,2016-10-01,2.216,False
APU0000711415,2016-11-01,3.165,False
APU0000711415,2016-12-01,3.282,False
APU0000711415,2017-01-01,2.612,False
APU0000711415,2017-02-01,2.367,False
APU0000711415,2017-03-01,2.318,False
APU0000711415,2017-04-01,2.204,False
APU0000711415,2017-05-01,2.06,False
APU0000711415,2017-06-01,1.952,False
APU0000711415,2017-07-01,2.036,False
APU0000711415,2017-08-01,1.979,False
APU0000711415,2017-09-01,2.256,False
APU0000711415,2017-10-01,2.335,False
APU0000711415,2017-11-01,2.863,False
APU0000711415,2017-12-01,3.089,False
APU0000711415,2018-01-01,2.872,False
APU0000711415,2018-02-01,2.492,False
APU0000711415,2018-03-01,2.227,False
APU0000711415,2018-04-01,2.475,False
APU0000711415,2018-05-01,2.079,False
APU0000711415,2018-06-01,1.938,False
APU0000711415,2018-07-01,2.007,False
APU0000711415,2018-08-01,2.004,False
APU0000711415,2018-09-01,2.147,False
APU0000711415,2018-10-01,2.216,False
APU0000711415,2018-11-01,2.502,False
APU0000711415,2018-12-01,3.166,False
APU0000711415,2019-01-01,3.279,False
APU0000711415,2019-02-01,2.872,False
APU0000711415,2019-03-01,2.475,False
APU0000711415,2019-04-01,2.504,False
APU0000711415,2019-05-01,1.972,False
APU0000711415,2019-06-01,2.066,False
APU0000711415,2019-07-01,2.111,False
APU0000711415,2019-08-01,2.01,False
APU0000711415,2019-09-01,2.153,False
APU0000711415,2019-10-01,2.402,False
APU0000711415,2019-11-01,2.604,False
APU0000711415,2019-12-01,3.096,False
APU0000711415,2020-01-01,2.884,False
APU0000711415,2020-02-01,2.558,False
APU0000711415,2020-03-01,2.367,False
APU0000711415,2020-04-01,2.268,True
APU0000711415,2020-05-01,2.174,False
APU0000711415,2020-06-01,2.02,False
APU0000711415,2020-07-01,2.02,False
APU0000711415,2020-08-01,2.214,False
APU0000711415,2020-09-01,2.234,False
APU0000711415,2020-10-01,2.745,False
APU0000711415,2020-11-01,2.934,False
APU0000711415,2020-12-01,3.29,False
APU0000711415,2021-01-01,3.044,False
APU0000711415,2021-02-01,2.893,False
APU0000711415,2021-03-01,2.7,False
APU0000711415,2021-04-01,2.803,False
APU0000711415,2021-05-01,2.648,False
APU0000711415,2021-06-01,2.318,False
APU0000711415,2021-07-01,2.256,False
APU0000711415,2021-08-01,2.434,False
APU0000711415,2021-09-01,2.454,False
APU0000711415,2021-10-01,2.687,False
APU0000711415,2021-11-01,3.079,False
APU0000711415,2021-12-01,3.092,True
APU0000711415,2022-01-01,3.106,False
APU0000711415,2022-02-01,3.045,False
APU0000711415,2022-03-01,2.711,False
APU0000711415,2022-04-01,2.777,False
APU0000711415,2022-05-01,2.438,False
APU0000711415,2022-06-01,2.317,False
APU0000711415,2022-07-01,2.208,False
APU0000711415,2022-08-01,2.558,False
APU0000711415,2022-09-01,2.782,False
APU0000711415,2022-10-01,3.108,False
APU0000711415,2022-11-01,3.631,False
APU0000711415,2022-12-01,3.856,False
APU0000711415,2023-01-01,3.467,False
APU0000711415,2023-02-01,3.169,False
APU0000711415,2023-03-01,2.649,False
APU0000711415,2023-04-01,2.894,False
APU0000711415,2023-05-01,2.668,False
APU0000711415,2023-06-01,2.499,False
APU0000711415,2023-07-01,2.421,False
APU0000711415,2023-08-01,2.609,False
APU0000711415,2023-09-01,2.628,False
APU0000711415,2023-10-01,2.617,False
APU0000711415,2023-11-01,2.965,False
APU0000711415,2023-12-01,3.574,False
APU0000711415,2024-01-01,3.658,False
APU0000711415,2024-02-01,3.049,False
APU0000711415,2024-03-01,2.648,False
APU0000711415,2024-04-01,2.52,False
APU0000711415,2024-05-01,2.259,False
APU0000711415,2024-06-01,2.059,False
APU0000711415,2024-07-01,2.166,False
APU0000711415,2024-08-01,2.344,False
APU0000711415,2024-09-01,2.648,False
APU0000711415,2024-10-01,2.629,False
APU0000711415,2024-11-01,3.169,False
APU0000711415,2024-12-01,3.505,False
APU0000711415,2025-01-01,3.295,False
APU0000711415,2025-02-01,2.905,False
APU0000711415,2025-03-01,2.361,False
APU0000711415,2025-04-01,2.475,False
APU0000711415,2025-05-01,2.397,False
APU0000711415,2025-06-01,2.223,False
APU0000711415,2025-07-01,2.221,False
APU0000711415,2025-08-01,2.408,False
APU0000711415,2025-09-01,2.573,False
APU0000711415,2025-10-01,2.879,True
APU0000711415,2025-11-01,3.222,True
APU0000711415,2025-12-01,3.606,False
APU0000711415,2026-01-01,3.075,False
APU0000711415,2026-02-01,2.929,False
APU0000711415,2026-03-01,2.582,False
APU0000711415,2026-04-01,2.488,False
APU0000711415,2026-05-01,2.595,False
APU0000711415,2026-06-01,2.516,False
APU0000711415,2026-07-01,2.404,False
APU0000711417,2015-01-01,3.209,False
APU0000711417,2015-02-01,3.006,False
APU0000711417,2015-03-01,2.653,False
APU0000711417,2015-04-01,2.737,False
APU0000711417,2015-05-01,3.001,False
APU0000711417,2015-06-01,2.515,False
APU0000711417,2015-07-01,2.328,False
APU0000711417,2015-08-01,2.1,False
APU0000711417,2015-09-01,2.13,False
APU0000711417,2015-10-01,2.16,False
APU0000711417,2015-11-01,2.424,False
APU0000711417,2015-12-01,2.833,False
APU0000711417,2016-01-01,3.535,False
APU0000711417,2016-02-01,3.614,False
APU0000711417,2016-03-01,3.016,False
APU0000711417,2016-04-01,2.81,False
APU0000711417,2016-05-01,3.411,False
APU0000711417,2016-06-01,2.654,False
APU0000711417,2016-07-01,2.359,False
APU0000711417,2016-08-01,2.155,False
APU0000711417,2016-09-01,2.061,False
APU0000711417,2016-10-01,2.145,False
APU0000711417,2016-11-01,2.455,False
APU0000711417,2016-12-01,2.878,False
APU0000711417,2017-01-01,3.238,False
APU0000711417,2017-02-01,2.836,False
APU0000711417,2017-03-01,2.562,False
APU0000711417,2017-04-01,3.117,False
APU0000711417,2017-05-01,3.331,False
APU0000711417,2017-06-01,2.489,False
APU0000711417,2017-07-01,2.42,False
APU0000711417,2017-08-01,2.213,False
APU0000711417,2017-09-01,2.185,False
APU0000711417,2017-10-01,2.302,False
APU0000711417,2017-11-01,2.389,False
APU0000711417,2017-12-01,2.606,False
APU0000711417,2018-01-01,3.023,False
APU0000711417,2018-02-01,2.9,False
APU0000711417,2018-03-01,2.602,False
APU0000711417,2018-04-01,2.817,False
APU0000711417,2018-05-01,3.136,False
APU0000711417,2018-06-01,2.829,False
APU0000711417,2018-07-01,2.774,False
APU0000711417,2018-08-01,2.282,False
APU0000711417,2018-09-01,2.208,False
APU0000711417,2018-10-01,2.088,False
APU0000711417,2018-11-01,2.06,False
APU0000711417,2018-12-01,2.283,False
APU0000711417,2019-01-01,2.589,False
APU0000711417,2019-02-01,2.763,False
APU0000711417,2019-03-01,2.746,False
APU0000711417,2019-04-01,2.919,False
APU0000711417,2019-05-01,3.123,False
APU0000711417,2019-06-01,2.675,False
APU0000711417,2019-07-01,2.15,False
APU0000711417,2019-08-01,2.023,False
APU0000711417,2019-09-01,1.919,False
APU0000711417,2019-10-01,1.954,False
APU0000711417,2019-11-01,2.097,False
APU0000711417,2019-12-01,2.386,False
APU0000711417,2020-01-01,2.751,False
APU0000711417,2020-02-01,2.572,False
APU0000711417,2020-03-01,2.519,False
APU0000711417,2020-04-01,2.377,True
APU0000711417,2020-05-01,2.243,True
APU0000711417,2020-06-01,2.117,False
APU0000711417,2020-07-01,2.121,False
APU0000711417,2020-08-01,2.183,False
APU0000711417,2020-09-01,1.955,False
APU0000711417,2020-10-01,2.183,False
APU0000711417,2020-11-01,2.229,False
APU0000711417,2020-12-01,2.204,False
APU0000711417,2021-01-01,2.501,False
APU0000711417,2021-02-01,2.503,False
APU0000711417,2021-03-01,2.602,False
APU0000711417,2021-04-01,2.652,True
APU0000711417,2021-05-01,2.702,True
APU0000711417,2021-06-01,2.754,False
APU0000711417,2021-07-01,2.177,False
APU0000711417,2021-08-01,2.326,False
APU0000711417,2021-09-01,2.359,False
APU0000712112,2015-01-01,0.668,False
APU0000712112,2015-02-01,0.646,False
APU0000712112,2015-03-01,0.639,False
APU0000712112,2015-04-01,0.645,False
APU0000712112,2015-05-01,0.646,False
APU0000712112,2015-06-01,0.647,False
APU0000712112,2015-07-01,0.668,False
APU0000712112,2015-08-01,0.661,False
APU0000712112,2015-09-01,0.65,False
APU0000712112,2015-10-01,0.655,False
APU0000712112,2015-11-01,0.633,False
APU0000712112,2015-12-01,0.637,False
APU0000712112,2016-01-01,0.659,False
APU0000712112,2016-02-01,0.659,False
APU0000712112,2016-03-01,0.652,False
APU0000712112,2016-04-01,0.652,False
APU0000712112,2016-05-01,0.679,False
APU0000712112,2016-06-01,0.688,False
APU0000712112,2016-07-01,0.699,False
APU0000712112,2016-08-01,0.711,False
APU0000712112,2016-09-01,0.702,False
APU0000712112,2016-10-01,0.691,False
APU0000712112,2016-11-01,0.697,False
APU0000712112,2016-12-01,0.686,False
APU0000712112,2017-01-01,0.696,False
APU0000712112,2017-02-01,0.703,False
APU0000712112,2017-03-01,0.689,False
APU0000712112,2017-04-01,0.698,False
APU0000712112,2017-05-01,0.706,False
APU0000712112,2017-06-01,0.733,False
APU0000712112,2017-07-01,0.752,False
APU0000712112,2017-08-01,0.75,False
APU0000712112,2017-09-01,0.745,False
APU0000712112,2017-10-01,0.748,False
APU0000712112,2017-11-01,0.733,False
APU0000712112,2017-12-01,0.731,False
APU0000712112,2018-01-01,0.73,False
APU0000712112,2018-02-01,0.736,False
APU0000712112,2018-03-01,0.727,False
APU0000712112,2018-04-01,0.728,False
APU0000712112,2018-05-01,0.739,False
APU0000712112,2018-06-01,0.744,False
APU0000712112,2018-07-01,0.765,False
APU0000712112,2018-08-01,0.768,False
APU0000712112,2018-09-01,0.75,False
APU0000712112,2018-10-01,0.746,False
APU0000712112,2018-11-01,0.725,False
APU0000712112,2018-12-01,0.718,False
APU0000712112,2019-01-01,0.749,False
APU0000712112,2019-02-01,0.751,False
APU0000712112,2019-03-01,0.755,False
APU0000712112,2019-04-01,0.749,False
APU0000712112,2019-05-01,0.772,False
APU0000712112,2019-06-01,0.743,False
APU0000712112,2019-07-01,0.78,False
APU0000712112,2019-08-01,0.786,False
APU0000712112,2019-09-01,0.794,False
APU0000712112,2019-10-01,0.785,False
APU0000712112,2019-11-01,0.764,False
APU0000712112,2019-12-01,0.78,False
APU0000712112,2020-01-01,0.802,False
APU0000712112,2020-02-01,0.786,False
APU0000712112,2020-03-01,0.808,True
APU0000712112,2020-04-01,0.831,True
APU0000712112,2020-05-01,0.855,False
APU0000712112,2020-06-01,0.854,False
APU0000712112,2020-07-01,0.854,False
APU0000712112,2020-08-01,0.856,False
APU0000712112,2020-09-01,0.798,False
APU0000712112,2020-10-01,0.802,False
APU0000712112,2020-11-01,0.756,False
APU0000712112,2020-12-01,0.749,False
APU0000712112,2021-01-01,0.782,False
APU0000712112,2021-02-01,0.762,False
APU0000712112,2021-03-01,0.786,False
APU0000712112,2021-04-01,0.774,False
APU0000712112,2021-05-01,0.764,False
APU0000712112,2021-06-01,0.769,False
APU0000712112,2021-07-01,0.776,False
APU0000712112,2021-08-01,0.797,False
APU0000712112,2021-09-01,0.798,False
APU0000712112,2021-10-01,0.808,False
APU0000712112,2021-11-01,0.767,False
APU0000712112,2021-12-01,0.778,False
APU0000712112,2022-01-01,0.792,False
APU0000712112,2022-02-01,0.802,False
APU0000712112,2022-03-01,0.825,False
APU0000712112,2022-04-01,0.849,False
APU0000712112,2022-05-01,0.875,False
APU0000712112,2022-06-01,0.891,False
APU0000712112,2022-07-01,0.945,False
APU0000712112,2022-08-01,0.994,False
APU0000712112,2022-09-01,1.019,False
APU0000712112,2022-10-01,0.991,False
APU0000712112,2022-11-01,0.945,False
APU0000712112,2022-12-01,0.948,False
APU0000712112,2023-01-01,0.953,False
APU0000712112,2023-02-01,0.978,False
APU0000712112,2023-03-01,0.968,False
APU0000712112,2023-04-01,0.98,False
APU0000712112,2023-05-01,1.008,False
APU0000712112,2023-06-01,1.026,False
APU0000712112,2023-07-01,1.051,False
APU0000712112,2023-08-01,1.094,False
APU0000712112,2023-09-01,1.047,False
APU0000712112,2023-10-01,1.006,False
APU0000712112,2023-11-01,0.983,False
APU0000712112,2023-12-01,0.961,False
APU0000712112,2024-01-01,0.978,False
APU0000712112,2024-02-01,0.971,False
APU0000712112,2024-03-01,0.972,False
APU0000712112,2024-04-01,0.971,False
APU0000712112,2024-05-01,0.964,False
APU0000712112,2024-06-01,0.993,False
APU0000712112,2024-07-01,1.017,False
APU0000712112,2024-08-01,1.006,False
APU0000712112,2024-09-01,1.009,False
APU0000712112,2024-10-01,0.998,False
APU0000712112,2024-11-01,0.956,False
APU0000712112,2024-12-01,0.949,False
APU0000712112,2025-01-01,0.973,False
APU0000712112,2025-02-01,0.957,False
APU0000712112,2025-03-01,0.95,False
APU0000712112,2025-04-01,0.967,False
APU0000712112,2025-05-01,0.958,False
APU0000712112,2025-06-01,0.981,False
APU0000712112,2025-07-01,0.978,False
APU0000712112,2025-08-01,1.001,False
APU0000712112,2025-09-01,1.014,False
APU0000712112,2025-10-01,0.955,True
APU0000712112,2025-11-01,0.899,True
APU0000712112,2025-12-01,0.847,False
APU0000712112,2026-01-01,0.871,False
APU0000712112,2026-02-01,0.866,False
APU0000712112,2026-03-01,0.847,False
APU0000712112,2026-04-01,0.86,False
APU0000712112,2026-05-01,0.894,False
APU0000712112,2026-06-01,0.923,False
APU0000712112,2026-07-01,0.942,False
APU0000712211,2015-01-01,1.174,False
APU0000712211,2015-02-01,1.138,False
APU0000712211,2015-03-01,1.05,False
APU0000712211,2015-04-01,0.993,False
APU0000712211,2015-05-01,1.055,False
APU0000712211,2015-06-01,1.074,False
APU0000712211,2015-07-01,1.049,False
APU0000712211,2015-08-01,1.096,False
APU0000712211,2015-09-01,1.223,False
APU0000712211,2015-10-01,1.245,False
APU0000712211,2015-11-01,1.361,False
APU0000712211,2015-12-01,1.48,False
APU0000712211,2016-01-01,1.417,False
APU0000712211,2016-02-01,1.213,False
APU0000712211,2016-03-01,1.065,False
APU0000712211,2016-04-01,1.018,False
APU0000712211,2016-05-01,1.089,False
APU0000712211,2016-06-01,1.015,False
APU0000712211,2016-07-01,0.995,False
APU0000712211,2016-08-01,0.994,False
APU0000712211,2016-09-01,0.95,False
APU0000712211,2016-10-01,0.949,False
APU0000712211,2016-11-01,1.042,False
APU0000712211,2016-12-01,1.016,False
APU0000712211,2017-01-01,0.985,False
APU0000712211,2017-02-01,1.045,False
APU0000712211,2017-03-01,1.025,False
APU0000712211,2017-04-01,1.231,False
APU0000712211,2017-05-01,1.151,False
APU0000712211,2017-06-01,1.011,False
APU0000712211,2017-07-01,0.957,False
APU0000712211,2017-08-01,0.938,False
APU0000712211,2017-09-01,0.943,False
APU0000712211,2017-10-01,1.014,False
APU0000712211,2017-11-01,1.044,False
APU0000712211,2017-12-01,1.008,False
APU0000712211,2018-01-01,0.922,False
APU0000712211,2018-02-01,0.894,False
APU0000712211,2018-03-01,0.889,False
APU0000712211,2018-04-01,0.906,False
APU0000712211,2018-05-01,0.968,False
APU0000712211,2018-06-01,0.89,False
APU0000712211,2018-07-01,0.903,False
APU0000712211,2018-08-01,0.913,False
APU0000712211,2018-09-01,0.876,False
APU0000712211,2018-10-01,0.91,False
APU0000712211,2018-11-01,1.007,False
APU0000712211,2018-12-01,1.25,False
APU0000712211,2019-01-01,1.161,False
APU0000712211,2019-02-01,1.114,False
APU0000712211,2019-03-01,1.301,False
APU0000712211,2019-04-01,1.213,False
APU0000712211,2019-05-01,1.108,False
APU0000712211,2019-06-01,1.083,False
APU0000712211,2019-07-01,1.207,False
APU0000712211,2019-08-01,1.143,False
APU0000712211,2019-09-01,1.107,False
APU0000712211,2019-10-01,1.134,False
APU0000712211,2019-11-01,1.337,False
APU0000712211,2019-12-01,1.304,False
APU0000712211,2020-01-01,1.341,False
APU0000712211,2020-02-01,1.248,False
APU0000712211,2023-05-01,1.7,False
APU0000712211,2023-06-01,1.605,False
APU0000712211,2023-07-01,1.666,False
APU0000712211,2023-08-01,1.596,False
APU0000712211,2023-09-01,1.66,False
APU0000712211,2023-10-01,1.522,False
APU0000712211,2023-11-01,1.675,False
APU0000712211,2023-12-01,1.53,False
APU0000712211,2024-01-01,1.439,False
APU0000712211,2024-02-01,1.443,False
APU0000712211,2024-03-01,1.68,False
APU0000712211,2024-04-01,1.754,False
APU0000712211,2024-05-01,1.692,False
APU0000712211,2024-06-01,1.741,False
APU0000712211,2024-07-01,1.643,False
APU0000712211,2024-08-01,1.517,False
APU0000712211,2024-09-01,1.435,False
APU0000712211,2024-10-01,1.414,False
APU0000712211,2024-11-01,1.641,False
APU0000712211,2024-12-01,1.705,False
APU0000712211,2025-01-01,1.618,False
APU0000712211,2025-02-01,1.522,False
APU0000712211,2025-03-01,1.465,False
APU0000712211,2025-04-01,1.515,False
APU0000712211,2025-05-01,1.438,False
APU0000712211,2025-06-01,1.378,False
APU0000712211,2025-07-01,1.579,False
APU0000712211,2025-08-01,1.673,False
APU0000712211,2025-09-01,1.731,False
APU0000712211,2025-10-01,1.855,True
APU0000712211,2025-11-01,1.987,False
APU0000712211,2025-12-01,1.837,True
APU0000712211,2026-01-01,1.699,False
APU0000712211,2026-02-01,1.709,True
APU0000712211,2026-03-01,1.719,False
APU0000712211,2026-04-01,1.629,False
APU0000712211,2026-05-01,1.964,False
APU0000712211,2026-06-01,2.012,False
APU0000712211,2026-07-01,1.753,False
APU0000712311,2015-01-01,2.089,False
APU0000712311,2015-02-01,1.849,False
APU0000712311,2015-03-01,1.819,False
APU0000712311,2015-04-01,1.847,False
APU0000712311,2015-05-01,1.74,False
APU0000712311,2015-06-01,1.708,False
APU0000712311,2015-07-01,1.777,False
APU0000712311,2015-08-01,1.737,False
APU0000712311,2015-09-01,1.775,False
APU0000712311,2015-10-01,1.844,False
APU0000712311,2015-11-01,1.977,False
APU0000712311,2015-12-01,1.932,False
APU0000712311,2016-01-01,2.528,False
APU0000712311,2016-02-01,2.316,False
APU0000712311,2016-03-01,1.941,False
APU0000712311,2016-04-01,1.862,False
APU0000712311,2016-05-01,1.695,False
APU0000712311,2016-06-01,1.709,False
APU0000712311,2016-07-01,1.635,False
APU0000712311,2016-08-01,1.685,False
APU0000712311,2016-09-01,1.786,False
APU0000712311,2016-10-01,1.994,False
APU0000712311,2016-11-01,1.984,False
APU0000712311,2016-12-01,1.972,False
APU0000712311,2017-01-01,2.048,False
APU0000712311,2017-02-01,1.93,False
APU0000712311,2017-03-01,1.943,False
APU0000712311,2017-04-01,1.902,False
APU0000712311,2017-05-01,1.867,False
APU0000712311,2017-06-01,1.873,False
APU0000712311,2017-07-01,1.952,False
APU0000712311,2017-08-01,1.846,False
APU0000712311,2017-09-01,1.828,False
APU0000712311,2017-10-01,1.813,False
APU0000712311,2017-11-01,1.933,False
APU0000712311,2017-12-01,2.237,False
APU0000712311,2018-01-01,2.336,False
APU0000712311,2018-02-01,2.026,False
APU0000712311,2018-03-01,1.868,False
APU0000712311,2018-04-01,1.802,False
APU0000712311,2018-05-01,1.675,False
APU0000712311,2018-06-01,1.706,False
APU0000712311,2018-07-01,1.887,False
APU0000712311,2018-08-01,1.737,False
APU0000712311,2018-09-01,1.826,False
APU0000712311,2018-10-01,1.901,False
APU0000712311,2018-11-01,2.057,False
APU0000712311,2018-12-01,2.175,False
APU0000712311,2019-01-01,2.227,False
APU0000712311,2019-02-01,2.068,False
APU0000712311,2019-03-01,2.079,False
APU0000712311,2019-04-01,1.947,False
APU0000712311,2019-05-01,1.823,False
APU0000712311,2019-06-01,1.812,False
APU0000712311,2019-07-01,1.799,False
APU0000712311,2019-08-01,1.864,False
APU0000712311,2019-09-01,1.911,False
APU0000712311,2019-10-01,1.779,False
APU0000712311,2019-11-01,1.903,False
APU0000712311,2019-12-01,1.954,False
APU0000712311,2020-01-01,2.221,False
APU0000712311,2020-02-01,2.197,False
APU0000712311,2020-03-01,2.075,True
APU0000712311,2020-04-01,1.96,True
APU0000712311,2020-05-01,1.851,False
APU0000712311,2020-06-01,1.922,False
APU0000712311,2020-07-01,1.977,False
APU0000712311,2020-08-01,1.874,False
APU0000712311,2020-09-01,1.847,False
APU0000712311,2020-10-01,1.911,False
APU0000712311,2020-11-01,1.935,False
APU0000712311,2020-12-01,1.893,False
APU0000712311,2021-01-01,1.928,False
APU0000712311,2021-02-01,1.838,False
APU0000712311,2021-03-01,1.768,False
APU0000712311,2021-04-01,1.786,False
APU0000712311,2021-05-01,1.804,False
APU0000712311,2021-06-01,1.83,False
APU0000712311,2021-07-01,1.827,False
APU0000712311,2021-08-01,1.858,False
APU0000712311,2021-09-01,1.828,False
APU0000712311,2021-10-01,1.892,False
APU0000712311,2021-11-01,1.924,False
APU0000712311,2021-12-01,1.906,False
APU0000712311,2022-01-01,1.892,False
APU0000712311,2022-02-01,1.826,False
APU0000712311,2022-03-01,1.827,False
APU0000712311,2022-04-01,1.794,False
APU0000712311,2022-05-01,1.819,False
APU0000712311,2022-06-01,1.842,False
APU0000712311,2022-07-01,1.842,False
APU0000712311,2022-08-01,1.89,False
APU0000712311,2022-09-01,1.901,False
APU0000712311,2022-10-01,1.974,False
APU0000712311,2022-11-01,2.107,False
APU0000712311,2022-12-01,2.228,False
APU0000712311,2023-01-01,2.11,False
APU0000712311,2023-02-01,1.99,False
APU0000712311,2023-03-01,1.932,False
APU0000712311,2023-04-01,1.874,False
APU0000712311,2023-05-01,1.798,False
APU0000712311,2023-06-01,1.911,False
APU0000712311,2023-07-01,1.896,False
APU0000712311,2023-08-01,1.877,False
APU0000712311,2023-09-01,1.844,False
APU0000712311,2023-10-01,1.865,False
APU0000712311,2023-11-01,1.942,False
APU0000712311,2023-12-01,1.995,False
APU0000712311,2024-01-01,2.146,False
APU0000712311,2024-02-01,2.132,False
APU0000712311,2024-03-01,2.044,False
APU0000712311,2024-04-01,1.962,False
APU0000712311,2024-05-01,1.859,False
APU0000712311,2024-06-01,1.843,False
APU0000712311,2024-07-01,1.945,False
APU0000712311,2024-08-01,1.996,False
APU0000712311,2024-09-01,1.936,False
APU0000712311,2024-10-01,1.98,False
APU0000712311,2024-11-01,2.03,False
APU0000712311,2024-12-01,2.067,False
APU0000712311,2025-01-01,2.05,False
APU0000712311,2025-02-01,1.848,False
APU0000712311,2025-03-01,1.819,False
APU0000712311,2025-04-01,1.793,False
APU0000712311,2025-05-01,1.705,False
APU0000712311,2025-06-01,1.737,False
APU0000712311,2025-07-01,1.793,False
APU0000712311,2025-08-01,1.925,False
APU0000712311,2025-09-01,1.91,False
APU0000712311,2025-10-01,1.869,True
APU0000712311,2025-11-01,1.828,False
APU0000712311,2025-12-01,1.84,False
APU0000712311,2026-01-01,1.791,False
APU0000712311,2026-02-01,1.902,False
APU0000712311,2026-03-01,2.255,False
APU0000712311,2026-04-01,2.689,False
APU0000712311,2026-05-01,2.489,False
APU0000712311,2026-06-01,2.154,False
APU0000712311,2026-07-01,2.003,False
APU0000712406,2015-01-01,2.427,False
APU0000712406,2015-02-01,2.196,False
APU0000712406,2015-03-01,2.355,False
APU0000712406,2015-04-01,2.475,False
APU0000712406,2015-05-01,2.482,False
APU0000712406,2015-06-01,2.19,False
APU0000712406,2015-07-01,2.509,False
APU0000712406,2015-08-01,2.595,False
APU0000712406,2015-09-01,2.66,False
APU0000712406,2015-10-01,2.501,False
APU0000712406,2016-04-01,2.888,False
APU0000712406,2016-05-01,2.679,False
APU0000712406,2016-06-01,2.497,False
APU0000712406,2016-07-01,2.216,False
APU0000712406,2016-08-01,2.224,False
APU0000712406,2016-09-01,2.121,False
APU0000712406,2016-10-01,2.213,False
APU0000712406,2016-11-01,2.361,False
APU0000712406,2016-12-01,2.199,False
APU0000712406,2017-01-01,2.238,False
APU0000712406,2017-02-01,2.043,False
APU0000712406,2017-03-01,2.145,False
APU0000712406,2017-04-01,2.331,False
APU0000712406,2017-05-01,2.331,False
APU0000712406,2017-06-01,2.19,False
APU0000712406,2017-07-01,2.223,False
APU0000712406,2017-08-01,2.168,False
APU0000712406,2017-09-01,2.099,False
APU0000712406,2017-10-01,2.197,False
APU0000712406,2017-11-01,2.251,False
APU0000712406,2017-12-01,2.422,False
APU0000712406,2018-01-01,2.347,False
APU0000712406,2018-02-01,2.278,False
APU0000712406,2018-03-01,2.225,False
APU0000712406,2018-04-01,2.343,False
APU0000712406,2018-05-01,2.366,False
APU0000712406,2018-06-01,2.27,False
APU0000712406,2018-07-01,2.513,False
APU0000712406,2018-08-01,2.328,False
APU0000712406,2018-09-01,2.328,False
APU0000712406,2018-10-01,2.281,False
APU0000712406,2018-11-01,2.485,False
APU0000712406,2018-12-01,2.652,False
APU0000712406,2019-01-01,2.493,False
APU0000712406,2019-02-01,2.49,False
APU0000712406,2019-03-01,2.498,False
APU0000712406,2019-04-01,2.426,False
APU0000712406,2019-05-01,2.313,False
APU0000712406,2019-06-01,2.364,False
APU0000712406,2019-07-01,2.42,False
APU0000712406,2019-08-01,2.371,False
APU0000712406,2019-09-01,2.412,False
APU0000712406,2019-10-01,2.228,False
APU0000712406,2019-11-01,2.307,False
APU0000712406,2019-12-01,2.501,False
APU0000712406,2020-01-01,2.493,False
APU0000712406,2020-02-01,2.43,False
APU0000712406,2020-03-01,2.437,False
APU0000712412,2015-01-01,1.729,False
APU0000712412,2015-02-01,1.842,False
APU0000712412,2015-03-01,1.704,False
APU0000712412,2015-04-01,1.83,False
APU0000712412,2015-05-01,1.668,False
APU0000712412,2015-06-01,1.871,False
APU0000712412,2015-07-01,1.706,False
APU0000712412,2015-08-01,1.758,False
APU0000712412,2015-09-01,1.797,False
APU0000712412,2015-10-01,1.866,False
APU0000712412,2015-11-01,1.778,False
APU0000712412,2015-12-01,1.945,False
APU0000712412,2016-01-01,2.06,False
APU0000712412,2016-02-01,1.673,False
APU0000712412,2016-03-01,1.586,False
APU0000712412,2016-04-01,1.594,False
APU0000712412,2016-05-01,1.57,False
APU0000712412,2016-06-01,1.663,False
APU0000712412,2016-07-01,1.61,False
APU0000712412,2016-08-01,1.55,False
APU0000712412,2016-09-01,1.555,False
APU0000712412,2016-10-01,1.615,False
APU0000712412,2016-11-01,1.532,False
APU0000712412,2016-12-01,1.533,False
APU0000712412,2017-01-01,1.536,False
APU0000712412,2017-02-01,1.676,False
APU0000712412,2017-03-01,1.811,False
APU0000712412,2017-04-01,1.996,False
APU0000712412,2017-05-01,1.976,False
APU0000712412,2017-06-01,1.842,False
APU0000712412,2017-07-01,1.833,False
APU0000712412,2017-08-01,1.795,False
APU0000712412,2017-09-01,1.742,False
APU0000712412,2017-10-01,1.938,False
APU0000712412,2017-11-01,1.838,False
APU0000712412,2017-12-01,1.765,False
APU0000712412,2018-01-01,1.823,False
APU0000712412,2018-02-01,1.831,False
APU0000712412,2018-03-01,1.794,False
APU0000712412,2018-04-01,1.802,False
APU0000712412,2018-05-01,1.778,False
APU0000712412,2018-06-01,1.842,False
APU0000712412,2018-07-01,1.822,False
APU0000712412,2018-08-01,1.849,False
APU0000712412,2018-09-01,1.756,False
APU0000712412,2018-10-01,1.912,False
APU0000712412,2018-11-01,1.954,False
APU0000712412,2018-12-01,2.074,False
APU0000712412,2019-01-01,2.072,False
APU0000712412,2019-02-01,2.05,False
APU0000712412,2019-03-01,2.114,False
APU0000712412,2019-04-01,2.042,False
APU0000712412,2019-05-01,1.932,False
APU0000712412,2019-06-01,1.944,False
APU0000712412,2019-07-01,1.911,False
APU0000712412,2019-08-01,1.969,False
APU0000712412,2019-09-01,1.944,False
APU0000712412,2019-10-01,2.044,False
APU0000712412,2019-11-01,2.065,False
APU0000712412,2019-12-01,1.854,False
APU0000712412,2020-01-01,1.956,False
APU0000712412,2020-02-01,2.052,False
APU0000712412,2020-03-01,1.971,False
APU0000713111,2015-01-01,2.732,False
APU0000713111,2015-02-01,2.734,False
APU0000713111,2015-03-01,2.678,False
APU0000713111,2015-04-01,2.662,False
APU0000713111,2015-05-01,2.709,False
APU0000713111,2015-06-01,2.68,False
APU0000713111,2015-07-01,2.658,False
APU0000713111,2015-08-01,2.739,False
APU0000713111,2015-09-01,2.732,False
APU0000713111,2015-10-01,2.753,False
APU0000713111,2015-11-01,2.715,False
APU0000713111,2015-12-01,2.733,False
APU0000713111,2016-01-01,2.731,False
APU0000713111,2016-02-01,2.752,False
APU0000713111,2016-03-01,2.758,False
APU0000713111,2016-04-01,2.747,False
APU0000713111,2016-05-01,2.796,False
APU0000713111,2016-06-01,2.772,False
APU0000713111,2016-07-01,2.768,False
APU0000713111,2016-08-01,2.774,False
APU0000713111,2016-09-01,2.81,False
APU0000713111,2016-10-01,2.55,False
APU0000713111,2016-11-01,2.53,False
APU0000713111,2016-12-01,2.571,False
APU0000713111,2017-01-01,2.608,False
APU0000713111,2017-02-01,2.653,False
APU0000713111,2017-03-01,2.661,False
APU0000713111,2017-04-01,2.645,False
APU0000713111,2017-05-01,2.579,False
APU0000713111,2017-06-01,2.582,False
APU0000713111,2017-07-01,2.827,False
APU0000713111,2017-08-01,2.868,False
APU0000713111,2017-09-01,2.619,False
APU0000713111,2017-10-01,2.619,False
APU0000713111,2017-11-01,2.573,False
APU0000713111,2017-12-01,2.615,False
APU0000713111,2018-01-01,2.521,False
APU0000713111,2018-02-01,2.538,False
APU0000713111,2018-03-01,2.513,False
APU0000713111,2018-04-01,2.481,False
APU0000713111,2018-05-01,2.481,False
APU0000713111,2018-06-01,2.469,False
APU0000713111,2018-07-01,2.504,False
APU0000713111,2018-08-01,2.44,False
APU0000713111,2018-09-01,2.493,False
APU0000713111,2018-10-01,2.478,False
APU0000713111,2018-11-01,2.475,False
APU0000713111,2018-12-01,2.434,False
APU0000713111,2019-01-01,2.407,False
APU0000713111,2019-02-01,2.427,False
APU0000713111,2019-03-01,2.45,False
APU0000713111,2019-04-01,2.448,False
APU0000713111,2019-05-01,2.454,False
APU0000713111,2019-06-01,2.486,False
APU0000713111,2019-07-01,2.404,False
APU0000713111,2019-08-01,2.416,False
APU0000713111,2019-09-01,2.414,False
APU0000713111,2019-10-01,2.369,False
APU0000713111,2019-11-01,2.264,False
APU0000713111,2019-12-01,2.336,False
APU0000713111,2020-01-01,2.321,False
APU0000713111,2020-02-01,2.319,False
APU0000713111,2020-03-01,2.277,False
APU0000713111,2020-04-01,2.398,False
APU0000713111,2020-05-01,2.375,False
APU0000713111,2020-06-01,2.36,False
APU0000713111,2020-07-01,2.339,False
APU0000713111,2020-08-01,2.339,False
APU0000713111,2020-09-01,2.257,False
APU0000713111,2020-10-01,2.307,False
APU0000713111,2020-11-01,2.285,False
APU0000713111,2020-12-01,2.333,False
APU0000713111,2021-01-01,2.341,False
APU0000713111,2021-02-01,2.359,False
APU0000713111,2021-03-01,2.285,False
APU0000713111,2021-04-01,2.364,False
APU0000713111,2021-05-01,2.387,False
APU0000713111,2021-06-01,2.594,False
APU0000713111,2021-07-01,2.612,False
APU0000713111,2021-08-01,2.58,False
APU0000713111,2021-09-01,2.544,False
APU0000713111,2021-10-01,2.631,False
APU0000713111,2021-11-01,2.651,False
APU0000713111,2021-12-01,2.654,False
APU0000713111,2022-01-01,2.621,False
APU0000713111,2022-02-01,2.754,False
APU0000713111,2022-03-01,2.696,False
APU0000713111,2022-04-01,2.77,False
APU0000713111,2022-05-01,2.856,False
APU0000713111,2022-06-01,2.887,False
APU0000713111,2022-07-01,2.889,False
APU0000713111,2022-08-01,2.751,False
APU0000713111,2022-09-01,2.777,False
APU0000713111,2022-10-01,2.744,False
APU0000713111,2022-11-01,2.672,False
APU0000713111,2022-12-01,2.718,False
APU0000713111,2023-01-01,2.823,False
APU0000713111,2023-02-01,2.982,False
APU0000713111,2023-03-01,2.893,False
APU0000713111,2023-04-01,3.01,False
APU0000713111,2023-05-01,3.175,False
APU0000713111,2023-06-01,3.27,False
APU0000713111,2023-07-01,3.336,False
APU0000713111,2023-08-01,3.415,False
APU0000713111,2023-09-01,3.427,False
APU0000713111,2023-10-01,3.669,False
APU0000713111,2023-11-01,3.638,False
APU0000713111,2023-12-01,3.717,False
APU0000713111,2024-01-01,4.111,False
APU0000713111,2024-02-01,4.214,False
APU0000713111,2024-03-01,4.259,False
APU0000713111,2024-04-01,4.278,False
APU0000713111,2024-05-01,4.194,False
APU0000713111,2024-06-01,4.258,False
APU0000713111,2024-07-01,4.248,False
APU0000713111,2024-08-01,4.273,False
APU0000713111,2024-09-01,4.227,False
APU0000713111,2024-10-01,4.247,False
APU0000713111,2024-11-01,4.306,False
APU0000713111,2024-12-01,4.289,False
APU0000713111,2025-01-01,4.48,False
APU0000713111,2025-02-01,4.492,False
APU0000713111,2025-03-01,4.482,False
APU0000713111,2025-04-01,4.44,False
APU0000713111,2025-05-01,4.429,False
APU0000713111,2025-06-01,4.493,False
APU0000713111,2025-07-01,4.641,False
APU0000713111,2025-08-01,4.67,False
APU0000713111,2025-09-01,4.736,False
APU0000713111,2025-10-01,4.771,True
APU0000713111,2025-11-01,4.806,False
APU0000713111,2025-12-01,4.821,False
APU0000713111,2026-01-01,4.871,False
APU0000713111,2026-02-01,4.863,False
APU0000713111,2026-03-01,4.886,False
APU0000713111,2026-04-01,4.903,False
APU0000713111,2026-05-01,4.97,False
APU0000713111,2026-06-01,4.874,False
APU0000713111,2026-07-01,4.817,False
APU0000714221,2015-01-01,1.022,False
APU0000714221,2015-02-01,1.05,False
APU0000714221,2015-03-01,1.033,False
APU0000714221,2015-04-01,1.035,False
APU0000714221,2023-10-01,1.353,False
APU0000714221,2023-11-01,1.243,False
APU0000714221,2023-12-01,1.31,False
APU0000714221,2024-01-01,1.379,False
APU0000714221,2024-02-01,1.392,False
APU0000714221,2024-03-01,1.396,False
APU0000714221,2024-04-01,1.402,False
APU0000714221,2024-05-01,1.334,False
APU0000714221,2024-06-01,1.351,False
APU0000714221,2024-07-01,1.366,False
APU0000714221,2024-08-01,1.311,False
APU0000714221,2024-09-01,1.35,False
APU0000714221,2024-10-01,1.33,False
APU0000714221,2024-11-01,1.294,False
APU0000714221,2024-12-01,1.304,False
APU0000714221,2025-01-01,1.33,False
APU0000714221,2025-02-01,1.351,False
APU0000714221,2025-03-01,1.341,False
APU0000714221,2025-04-01,1.331,False
APU0000714221,2025-05-01,1.446,False
APU0000714221,2025-06-01,1.414,False
APU0000714221,2025-07-01,1.415,False
APU0000714221,2025-08-01,1.4,False
APU0000714221,2025-09-01,1.422,False
APU0000714221,2025-10-01,1.292,True
APU0000714221,2025-11-01,1.174,False
APU0000714221,2025-12-01,1.164,False
APU0000714221,2026-01-01,1.298,False
APU0000714221,2026-02-01,1.312,False
APU0000714221,2026-03-01,1.311,False
APU0000714221,2026-04-01,1.293,False
APU0000714221,2026-05-01,1.315,False
APU0000714221,2026-06-01,1.286,False
APU0000714221,2026-07-01,1.284,False
APU0000714233,2015-01-01,1.452,False
APU0000714233,2015-02-01,1.484,False
APU0000714233,2015-03-01,1.472,False
APU0000714233,2015-04-01,1.51,False
APU0000714233,2015-05-01,1.486,False
APU0000714233,2015-06-01,1.486,False
APU0000714233,2015-07-01,1.483,False
APU0000714233,2015-08-01,1.484,False
APU0000714233,2015-09-01,1.469,False
APU0000714233,2015-10-01,1.482,False
APU0000714233,2015-11-01,1.514,False
APU0000714233,2015-12-01,1.511,False
APU0000714233,2016-01-01,1.466,False
APU0000714233,2016-02-01,1.485,False
APU0000714233,2016-03-01,1.488,False
APU0000714233,2016-04-01,1.468,False
APU0000714233,2016-05-01,1.396,False
APU0000714233,2016-06-01,1.408,False
APU0000714233,2016-07-01,1.404,False
APU0000714233,2016-08-01,1.364,False
APU0000714233,2016-09-01,1.37,False
APU0000714233,2016-10-01,1.35,False
APU0000714233,2016-11-01,1.384,False
APU0000714233,2016-12-01,1.364,False
APU0000714233,2017-01-01,1.35,False
APU0000714233,2017-02-01,1.357,False
APU0000714233,2017-03-01,1.371,False
APU0000714233,2017-04-01,1.354,False
APU0000714233,2017-05-01,1.36,False
APU0000714233,2017-06-01,1.35,False
APU0000714233,2017-07-01,1.354,False
APU0000714233,2017-08-01,1.349,False
APU0000714233,2017-09-01,1.344,False
APU0000714233,2017-10-01,1.362,False
APU0000714233,2017-11-01,1.371,False
APU0000714233,2017-12-01,1.368,False
APU0000714233,2018-01-01,1.327,False
APU0000714233,2018-02-01,1.316,False
APU0000714233,2018-03-01,1.306,False
APU0000714233,2018-04-01,1.308,False
APU0000714233,2018-05-01,1.378,False
APU0000714233,2018-06-01,1.358,False
APU0000714233,2018-07-01,1.342,False
APU0000714233,2018-08-01,1.355,False
APU0000714233,2018-09-01,1.335,False
APU0000714233,2018-10-01,1.351,False
APU0000714233,2018-11-01,1.364,False
APU0000714233,2018-12-01,1.368,False
APU0000714233,2019-01-01,1.343,False
APU0000714233,2019-02-01,1.342,False
APU0000714233,2019-03-01,1.335,False
APU0000714233,2019-04-01,1.339,False
APU0000714233,2019-05-01,1.298,False
APU0000714233,2019-06-01,1.316,False
APU0000714233,2019-07-01,1.345,False
APU0000714233,2019-08-01,1.329,False
APU0000714233,2019-09-01,1.324,False
APU0000714233,2019-10-01,1.347,False
APU0000714233,2019-11-01,1.41,False
APU0000714233,2019-12-01,1.402,False
APU0000714233,2020-01-01,1.432,False
APU0000714233,2020-02-01,1.461,False
APU0000714233,2020-03-01,1.488,False
APU0000714233,2020-04-01,1.466,True
APU0000714233,2020-05-01,1.444,True
APU0000714233,2020-06-01,1.422,False
APU0000714233,2020-07-01,1.415,False
APU0000714233,2020-08-01,1.445,False
APU0000714233,2020-09-01,1.424,False
APU0000714233,2020-10-01,1.41,False
APU0000714233,2020-11-01,1.391,False
APU0000714233,2020-12-01,1.404,False
APU0000714233,2021-01-01,1.433,False
APU0000714233,2021-02-01,1.448,False
APU0000714233,2021-03-01,1.459,False
APU0000714233,2021-04-01,1.457,False
APU0000714233,2021-05-01,1.42,False
APU0000714233,2021-06-01,1.421,False
APU0000714233,2021-07-01,1.426,False
APU0000714233,2021-08-01,1.429,False
APU0000714233,2021-09-01,1.445,False
APU0000714233,2021-10-01,1.46,False
APU0000714233,2021-11-01,1.474,False
APU0000714233,2021-12-01,1.504,False
APU0000714233,2022-01-01,1.509,False
APU0000714233,2022-02-01,1.546,False
APU0000714233,2022-03-01,1.625,False
APU0000714233,2022-04-01,1.628,False
APU0000714233,2022-05-01,1.64,False
APU0000714233,2022-06-01,1.639,False
APU0000714233,2022-07-01,1.673,False
APU0000714233,2022-08-01,1.677,False
APU0000714233,2022-09-01,1.677,False
APU0000714233,2022-10-01,1.675,False
APU0000714233,2022-11-01,1.664,False
APU0000714233,2022-12-01,1.7,False
APU0000714233,2023-01-01,1.703,False
APU0000714233,2023-02-01,1.697,False
APU0000714233,2023-03-01,1.687,False
APU0000714233,2023-04-01,1.659,False
APU0000714233,2023-05-01,1.695,False
APU0000714233,2023-06-01,1.707,False
APU0000714233,2023-07-01,1.721,False
APU0000714233,2023-08-01,1.702,False
APU0000714233,2023-09-01,1.715,False
APU0000714233,2023-10-01,1.625,False
APU0000714233,2023-11-01,1.574,False
APU0000714233,2023-12-01,1.592,False
APU0000714233,2024-01-01,1.589,False
APU0000714233,2024-02-01,1.625,False
APU0000714233,2024-03-01,1.648,False
APU0000714233,2024-04-01,1.647,False
APU0000714233,2024-05-01,1.703,False
APU0000714233,2024-06-01,1.681,False
APU0000714233,2024-07-01,1.713,False
APU0000714233,2024-08-01,1.711,False
APU0000714233,2024-09-01,1.705,False
APU0000714233,2024-10-01,1.678,False
APU0000714233,2024-11-01,1.651,False
APU0000714233,2024-12-01,1.655,False
APU0000714233,2025-01-01,1.654,False
APU0000714233,2025-02-01,1.631,False
APU0000714233,2025-03-01,1.64,False
APU0000714233,2025-04-01,1.674,False
APU0000714233,2025-05-01,1.669,False
APU0000714233,2025-06-01,1.588,False
APU0000714233,2025-07-01,1.649,False
APU0000714233,2025-08-01,1.547,False
APU0000714233,2025-09-01,1.629,False
APU0000714233,2025-10-01,1.657,True
APU0000714233,2025-11-01,1.686,False
APU0000714233,2025-12-01,1.689,False
APU0000714233,2026-01-01,1.702,False
APU0000714233,2026-02-01,1.704,False
APU0000714233,2026-03-01,1.696,False
APU0000714233,2026-04-01,1.705,False
APU0000714233,2026-05-01,1.669,False
APU0000714233,2026-06-01,1.626,False
APU0000714233,2026-07-01,1.689,False
APU0000715211,2015-01-01,0.644,False
APU0000715211,2015-02-01,0.659,False
APU0000715211,2015-03-01,0.66,False
APU0000715211,2015-04-01,0.663,False
APU0000715211,2015-05-01,0.66,False
APU0000715211,2015-06-01,0.646,False
APU0000715211,2015-07-01,0.656,False
APU0000715211,2015-08-01,0.654,False
APU0000715211,2015-09-01,0.656,False
APU0000715211,2015-10-01,0.662,False
APU0000715211,2015-11-01,0.641,False
APU0000715211,2015-12-01,0.642,False
APU0000715211,2016-01-01,0.662,False
APU0000715211,2016-02-01,0.648,False
APU0000715211,2016-03-01,0.632,False
APU0000715211,2016-04-01,0.655,False
APU0000715211,2016-05-01,0.651,False
APU0000715211,2016-06-01,0.641,False
APU0000715211,2016-07-01,0.646,False
APU0000715211,2016-08-01,0.653,False
APU0000715211,2016-09-01,0.653,False
APU0000715211,2016-10-01,0.63,False
APU0000715211,2016-11-01,0.618,False
APU0000715211,2016-12-01,0.614,False
APU0000715211,2017-01-01,0.632,False
APU0000715211,2017-02-01,0.637,False
APU0000715211,2017-03-01,0.631,False
APU0000715211,2017-04-01,0.628,False
APU0000715211,2017-05-01,0.647,False
APU0000715211,2017-06-01,0.659,False
APU0000715211,2017-07-01,0.659,False
APU0000715211,2017-08-01,0.658,False
APU0000715211,2017-09-01,0.67,False
APU0000715211,2017-10-01,0.664,False
APU0000715211,2017-11-01,0.64,False
APU0000715211,2017-12-01,0.646,False
APU0000715211,2018-01-01,0.623,False
APU0000715211,2018-02-01,0.622,False
APU0000715211,2018-03-01,0.612,False
APU0000715211,2018-04-01,0.617,False
APU0000715211,2018-05-01,0.628,False
APU0000715211,2018-06-01,0.629,False
APU0000715211,2018-07-01,0.63,False
APU0000715211,2018-08-01,0.628,False
APU0000715211,2018-09-01,0.629,False
APU0000715211,2018-10-01,0.602,False
APU0000715211,2018-11-01,0.602,False
APU0000715211,2018-12-01,0.573,False
APU0000715211,2019-01-01,0.595,False
APU0000715211,2019-02-01,0.592,False
APU0000715211,2019-03-01,0.596,False
APU0000715211,2019-04-01,0.591,False
APU0000715211,2019-05-01,0.58,False
APU0000715211,2019-06-01,0.586,False
APU0000715211,2019-07-01,0.589,False
APU0000715211,2019-08-01,0.589,False
APU0000715211,2019-09-01,0.596,False
APU0000715211,2019-10-01,0.589,False
APU0000715211,2019-11-01,0.589,False
APU0000715211,2019-12-01,0.589,False
APU0000715211,2020-01-01,0.603,False
APU0000715211,2020-02-01,0.612,False
APU0000715211,2020-03-01,0.621,False
APU0000715211,2020-04-01,0.64,False
APU0000715211,2020-05-01,0.647,False
APU0000715211,2020-06-01,0.626,False
APU0000715211,2020-07-01,0.627,False
APU0000715211,2020-08-01,0.629,False
APU0000715211,2020-09-01,0.63,False
APU0000715211,2020-10-01,0.634,False
APU0000715211,2020-11-01,0.66,False
APU0000715211,2020-12-01,0.674,False
APU0000715211,2021-01-01,0.682,False
APU0000715211,2021-02-01,0.68,False
APU0000715211,2021-03-01,0.675,False
APU0000715211,2021-04-01,0.675,False
APU0000715211,2021-05-01,0.675,False
APU0000715211,2021-06-01,0.675,False
APU0000715211,2021-07-01,0.686,False
APU0000715211,2021-08-01,0.681,False
APU0000715211,2021-09-01,0.688,False
APU0000715211,2021-10-01,0.713,False
APU0000715211,2021-11-01,0.687,False
APU0000715211,2021-12-01,0.691,False
APU0000715211,2022-01-01,0.706,False
APU0000715211,2022-02-01,0.718,False
APU0000715211,2022-03-01,0.739,False
APU0000715211,2022-04-01,0.74,False
APU0000715211,2022-05-01,0.745,False
APU0000715211,2022-06-01,0.765,False
APU0000715211,2022-07-01,0.791,False
APU0000715211,2022-08-01,0.821,False
APU0000715211,2022-09-01,0.837,False
APU0000715211,2022-10-01,0.846,False
APU0000715211,2022-11-01,0.846,False
APU0000715211,2022-12-01,0.844,False
APU0000715211,2023-01-01,0.86,False
APU0000715211,2023-02-01,0.876,False
APU0000715211,2023-03-01,0.88,False
APU0000715211,2023-04-01,0.893,False
APU0000715211,2023-05-01,0.899,False
APU0000715211,2023-06-01,0.918,False
APU0000715211,2023-07-01,0.932,False
APU0000715211,2023-08-01,0.95,False
APU0000715211,2023-09-01,0.971,False
APU0000715211,2023-10-01,0.963,False
APU0000715211,2023-11-01,0.958,False
APU0000715211,2023-12-01,0.956,False
APU0000715211,2024-01-01,0.975,False
APU0000715211,2024-02-01,0.984,False
APU0000715211,2024-03-01,0.984,False
APU0000715211,2024-04-01,1.006,False
APU0000715211,2024-05-01,1.001,False
APU0000715211,2024-06-01,1.004,False
APU0000715211,2024-07-01,1.004,False
APU0000715211,2024-08-01,1.004,False
APU0000715211,2024-09-01,1.007,False
APU0000715211,2024-10-01,1.003,False
APU0000715211,2024-11-01,1.0,False
APU0000715211,2024-12-01,0.992,False
APU0000715211,2025-01-01,1.011,False
APU0000715211,2025-02-01,1.012,False
APU0000715211,2025-03-01,1.014,False
APU0000715211,2025-04-01,1.021,False
APU0000715211,2025-05-01,1.054,False
APU0000715211,2025-06-01,1.054,False
APU0000715211,2025-07-01,1.046,False
APU0000715211,2025-08-01,1.04,False
APU0000715211,2025-09-01,1.042,False
APU0000715211,2025-10-01,1.016,True
APU0000715211,2025-11-01,0.991,False
APU0000715211,2025-12-01,0.985,False
APU0000715211,2026-01-01,1.022,False
APU0000715211,2026-02-01,1.016,False
APU0000715211,2026-03-01,0.996,False
APU0000715211,2026-04-01,1.006,False
APU0000715211,2026-05-01,1.034,False
APU0000715211,2026-06-01,1.018,False
APU0000715211,2026-07-01,1.024,False
APU0000715212,2015-01-01,0.626,False
APU0000715212,2015-02-01,0.649,False
APU0000715212,2015-03-01,0.653,False
APU0000715212,2015-04-01,0.662,False
APU0000715212,2015-05-01,0.648,False
APU0000715212,2015-06-01,0.635,False
APU0000715212,2015-07-01,0.654,False
APU0000715212,2015-08-01,0.652,False
APU0000715212,2015-09-01,0.652,False
APU0000715212,2015-10-01,0.663,False
APU0000715212,2015-11-01,0.628,False
APU0000715212,2015-12-01,0.63,False
APU0000715212,2016-01-01,0.658,False
APU0000715212,2016-02-01,0.634,False
APU0000715212,2016-03-01,0.61,False
APU0000715212,2016-04-01,0.64,False
APU0000715212,2016-05-01,0.619,False
APU0000715212,2016-06-01,0.607,False
APU0000715212,2016-07-01,0.616,False
APU0000715212,2016-08-01,0.624,False
APU0000715212,2016-09-01,0.62,False
APU0000715212,2017-06-01,0.621,False
APU0000715212,2018-11-01,0.582,False
APU0000715212,2018-12-01,0.549,False
APU0000715212,2019-01-01,0.576,False
APU0000715212,2019-02-01,0.565,False
APU0000715212,2019-03-01,0.573,False
APU0000715212,2019-04-01,0.561,False
APU0000715212,2019-05-01,0.563,False
APU0000715212,2019-06-01,0.569,False
APU0000715212,2019-07-01,0.575,False
APU0000715212,2019-08-01,0.576,False
APU0000715212,2019-09-01,0.588,False
APU0000715212,2019-10-01,0.575,False
APU0000715212,2019-11-01,0.562,False
APU0000715212,2019-12-01,0.558,False
APU0000715212,2020-01-01,0.575,False
APU0000715212,2020-02-01,0.584,False
APU0000715212,2020-03-01,0.597,False
APU0000715212,2020-04-01,0.607,False
APU0000715212,2020-05-01,0.622,False
APU0000715212,2020-06-01,0.597,False
APU0000715212,2020-07-01,0.605,False
APU0000715212,2020-08-01,0.606,False
APU0000715212,2020-09-01,0.604,False
APU0000715212,2020-10-01,0.603,False
APU0000715212,2020-11-01,0.624,False
APU0000715212,2020-12-01,0.642,False
APU0000715212,2021-01-01,0.652,False
APU0000715212,2021-02-01,0.654,False
APU0000715212,2021-03-01,0.648,False
APU0000715212,2021-04-01,0.644,False
APU0000715212,2021-05-01,0.641,False
APU0000715212,2021-06-01,0.648,False
APU0000715212,2021-07-01,0.647,False
APU0000715212,2021-08-01,0.647,False
APU0000715212,2021-09-01,0.652,False
APU0000715212,2021-10-01,0.666,False
APU0000715212,2021-11-01,0.628,False
APU0000715212,2021-12-01,0.633,False
APU0000715212,2022-01-01,0.649,False
APU0000715212,2022-02-01,0.661,False
APU0000715212,2022-03-01,0.675,False
APU0000715212,2022-04-01,0.673,False
APU0000715212,2022-05-01,0.683,False
APU0000715212,2022-06-01,0.705,False
APU0000715212,2022-07-01,0.734,False
APU0000715212,2022-08-01,0.772,False
APU0000715212,2022-09-01,0.791,False
APU0000715212,2022-10-01,0.793,False
APU0000716116,2015-01-01,1.966,False
APU0000716116,2015-02-01,1.972,False
APU0000716116,2015-03-01,1.975,False
APU0000716116,2015-04-01,2.006,False
APU0000716116,2015-05-01,2.004,False
APU0000716116,2015-06-01,1.939,False
APU0000716116,2015-07-01,1.892,False
APU0000716116,2015-08-01,1.94,False
APU0000716116,2015-09-01,1.904,False
APU0000716116,2015-10-01,1.935,False
APU0000716116,2015-11-01,1.81,False
APU0000716116,2015-12-01,1.856,False
APU0000716116,2016-01-01,1.849,False
APU0000716116,2016-02-01,1.841,False
APU0000716116,2016-03-01,1.775,False
APU0000716116,2016-04-01,1.846,False
APU0000716116,2016-05-01,1.844,False
APU0000716116,2016-06-01,1.828,False
APU0000716116,2016-07-01,1.867,False
APU0000716116,2016-08-01,1.818,False
APU0000716116,2016-09-01,1.841,False
APU0000716116,2016-10-01,1.826,False
APU0000716116,2016-11-01,1.747,False
APU0000716116,2016-12-01,1.782,False
APU0000716116,2017-01-01,1.771,False
APU0000716116,2017-02-01,1.82,False
APU0000716116,2017-03-01,1.798,False
APU0000716116,2017-04-01,1.818,False
APU0000716116,2017-05-01,1.703,False
APU0000716116,2017-06-01,1.704,False
APU0000716116,2017-07-01,1.704,False
APU0000716116,2017-08-01,1.706,False
APU0000716116,2017-09-01,1.717,False
APU0000716116,2017-10-01,1.709,False
APU0000716116,2017-11-01,1.634,False
APU0000716116,2017-12-01,1.697,False
APU0000716116,2018-01-01,1.671,False
APU0000716116,2018-02-01,1.677,False
APU0000716116,2018-03-01,1.672,False
APU0000716116,2018-04-01,1.657,False
APU0000716116,2018-05-01,1.623,False
APU0000716116,2018-06-01,1.623,False
APU0000716116,2018-07-01,1.635,False
APU0000716116,2018-08-01,1.655,False
APU0000716116,2018-09-01,1.686,False
APU0000716116,2018-10-01,1.6,False
APU0000716116,2018-11-01,1.564,False
APU0000716116,2018-12-01,1.567,False
APU0000716116,2019-01-01,1.575,False
APU0000716116,2019-02-01,1.556,False
APU0000716116,2019-03-01,1.579,False
APU0000716116,2019-04-01,1.566,False
APU0000716116,2019-05-01,1.579,False
APU0000716116,2019-06-01,1.689,False
APU0000716116,2019-07-01,1.686,False
APU0000716116,2019-08-01,1.649,False
APU0000716116,2019-09-01,1.745,False
APU0000716116,2019-10-01,1.728,False
APU0000717311,2015-01-01,4.738,False
APU0000717311,2015-02-01,4.91,False
APU0000717311,2015-03-01,4.827,False
APU0000717311,2015-04-01,4.99,False
APU0000717311,2015-05-01,4.715,False
APU0000717311,2015-06-01,4.686,False
APU0000717311,2015-07-01,4.79,False
APU0000717311,2015-08-01,4.808,False
APU0000717311,2015-09-01,4.669,False
APU0000717311,2015-10-01,4.609,False
APU0000717311,2015-11-01,4.412,False
APU0000717311,2015-12-01,4.486,False
APU0000717311,2016-01-01,4.498,False
APU0000717311,2016-02-01,4.447,False
APU0000717311,2016-03-01,4.405,False
APU0000717311,2016-04-01,4.428,False
APU0000717311,2016-05-01,4.443,False
APU0000717311,2016-06-01,4.481,False
APU0000717311,2016-07-01,4.428,False
APU0000717311,2016-08-01,4.316,False
APU0000717311,2016-09-01,4.372,False
APU0000717311,2016-10-01,4.309,False
APU0000717311,2016-11-01,4.306,False
APU0000717311,2016-12-01,4.281,False
APU0000717311,2017-01-01,4.468,False
APU0000717311,2017-02-01,4.583,False
APU0000717311,2017-03-01,4.65,False
APU0000717311,2017-04-01,4.622,False
APU0000717311,2017-05-01,4.597,False
APU0000717311,2017-06-01,4.545,False
APU0000717311,2017-07-01,4.335,False
APU0000717311,2017-08-01,4.373,False
APU0000717311,2017-09-01,4.323,False
APU0000717311,2017-10-01,4.327,False
APU0000717311,2017-11-01,4.324,False
APU0000717311,2017-12-01,4.285,False
APU0000717311,2018-01-01,4.291,False
APU0000717311,2018-02-01,4.267,False
APU0000717311,2018-03-01,4.343,False
APU0000717311,2018-04-01,4.313,False
APU0000717311,2018-05-01,4.294,False
APU0000717311,2018-09-01,4.306,False
APU0000717311,2019-10-01,4.174,False
APU0000717311,2019-11-01,4.197,False
APU0000717311,2019-12-01,4.053,False
APU0000717311,2020-01-01,4.174,False
APU0000717311,2020-02-01,4.25,False
APU0000717311,2020-03-01,4.334,False
APU0000717311,2020-04-01,4.396,False
APU0000717311,2020-05-01,4.466,False
APU0000717311,2020-06-01,4.517,False
APU0000717311,2020-07-01,4.536,False
APU0000717311,2020-08-01,4.504,False
APU0000717311,2020-09-01,4.487,False
APU0000717311,2020-10-01,4.522,False
APU0000717311,2020-11-01,4.485,False
APU0000717311,2020-12-01,4.52,False
APU0000717311,2021-01-01,4.591,False
APU0000717311,2021-02-01,4.673,False
APU0000717311,2021-03-01,4.671,False
APU0000717311,2021-04-01,4.752,False
APU0000717311,2021-05-01,4.566,False
APU0000717311,2021-06-01,4.605,False
APU0000717311,2021-07-01,4.562,False
APU0000717311,2021-08-01,4.726,False
APU0000717311,2021-09-01,4.733,False
APU0000717311,2021-10-01,4.8,False
APU0000717311,2021-11-01,4.816,False
APU0000717311,2021-12-01,4.965,False
APU0000717311,2022-01-01,5.135,False
APU0000717311,2022-02-01,5.247,False
APU0000717311,2022-03-01,5.41,False
APU0000717311,2022-04-01,5.529,False
APU0000717311,2022-05-01,5.835,False
APU0000717311,2022-06-01,5.793,False
APU0000717311,2022-07-01,6.112,False
APU0000717311,2022-08-01,6.235,False
APU0000717311,2022-09-01,6.17,False
APU0000717311,2022-10-01,6.408,False
APU0000717311,2022-11-01,6.356,False
APU0000717311,2022-12-01,6.465,False
APU0000717311,2023-01-01,6.358,False
APU0000717311,2023-02-01,6.351,False
APU0000717311,2023-03-01,6.184,False
APU0000717311,2023-04-01,6.04,False
APU0000717311,2023-05-01,6.094,False
APU0000717311,2023-06-01,6.091,False
APU0000717311,2023-07-01,6.141,False
APU0000717311,2023-08-01,6.091,False
APU0000717311,2023-09-01,6.085,False
APU0000717311,2023-10-01,6.178,False
APU0000717311,2023-11-01,6.169,False
APU0000717311,2023-12-01,6.092,False
APU0000717311,2024-01-01,6.124,False
APU0000717311,2024-02-01,6.094,False
APU0000717311,2024-03-01,5.964,False
APU0000717311,2024-04-01,6.063,False
APU0000717311,2024-05-01,5.991,False
APU0000717311,2024-06-01,6.253,False
APU0000717311,2024-07-01,6.307,False
APU0000717311,2024-08-01,6.311,False
APU0000717311,2024-09-01,6.47,False
APU0000717311,2024-10-01,6.644,False
APU0000717311,2024-11-01,6.868,False
APU0000717311,2024-12-01,6.776,False
APU0000717311,2025-01-01,7.019,False
APU0000717311,2025-02-01,7.246,False
APU0000717311,2025-03-01,7.385,False
APU0000717311,2025-04-01,7.536,False
APU0000717311,2025-05-01,7.931,False
APU0000717311,2025-06-01,8.132,False
APU0000717311,2025-07-01,8.414,False
APU0000717311,2025-08-01,8.872,False
APU0000717311,2025-09-01,9.139,False
APU0000717311,2025-10-01,9.198,True
APU0000717311,2025-11-01,9.258,False
APU0000717311,2025-12-01,9.053,False
APU0000717311,2026-01-01,9.366,False
APU0000717311,2026-02-01,9.459,False
APU0000717311,2026-03-01,9.608,False
APU0000717311,2026-04-01,9.723,False
APU0000717311,2026-05-01,9.511,False
APU0000717311,2026-06-01,9.457,False
APU0000717311,2026-07-01,9.317,False
APU0000718311,2015-01-01,4.263,False
APU0000718311,2015-02-01,4.298,False
APU0000718311,2015-03-01,4.4,False
APU0000718311,2015-04-01,4.412,False
APU0000718311,2015-05-01,4.427,False
APU0000718311,2015-06-01,4.442,False
APU0000718311,2015-07-01,4.48,False
APU0000718311,2015-08-01,4.411,False
APU0000718311,2015-09-01,4.504,False
APU0000718311,2015-10-01,4.355,False
APU0000718311,2015-11-01,4.49,False
APU0000718311,2015-12-01,4.413,False
APU0000718311,2016-01-01,4.444,False
APU0000718311,2016-02-01,4.421,False
APU0000718311,2016-03-01,4.622,False
APU0000718311,2016-04-01,4.544,False
APU0000718311,2016-05-01,4.462,False
APU0000718311,2016-06-01,4.477,False
APU0000718311,2016-07-01,4.444,False
APU0000718311,2016-08-01,4.427,False
APU0000718311,2016-09-01,4.44,False
APU0000718311,2016-10-01,4.507,False
APU0000718311,2016-11-01,4.391,False
APU0000718311,2016-12-01,4.353,False
APU0000718311,2017-01-01,4.39,False
APU0000718311,2017-02-01,4.334,False
APU0000718311,2017-03-01,4.365,False
APU0000718311,2017-04-01,4.369,False
APU0000718311,2017-05-01,4.439,False
APU0000718311,2017-06-01,4.428,False
APU0000718311,2017-07-01,4.391,False
APU0000718311,2017-08-01,4.37,False
APU0000718311,2017-09-01,4.389,False
APU0000718311,2017-10-01,4.48,False
APU0000718311,2017-11-01,4.521,False
APU0000718311,2017-12-01,4.431,False
APU0000718311,2018-01-01,4.386,False
APU0000718311,2018-02-01,4.344,False
APU0000718311,2018-03-01,4.446,False
APU0000718311,2018-04-01,4.448,False
APU0000718311,2018-05-01,4.491,False
APU0000718311,2018-06-01,4.441,False
APU0000718311,2018-07-01,4.407,False
APU0000718311,2018-08-01,4.446,False
APU0000718311,2018-09-01,4.432,False
APU0000718311,2018-10-01,4.473,False
APU0000718311,2018-11-01,4.59,False
APU0000718311,2018-12-01,4.447,False
APU0000718311,2019-01-01,4.432,False
APU0000718311,2019-02-01,4.503,False
APU0000718311,2019-03-01,4.587,False
APU0000718311,2019-04-01,4.508,False
APU0000718311,2019-05-01,4.407,False
APU0000718311,2019-06-01,4.452,False
APU0000718311,2019-07-01,4.377,False
APU0000718311,2019-08-01,4.382,False
APU0000718311,2019-09-01,4.561,False
APU0000718311,2019-10-01,4.389,False
APU0000718311,2019-11-01,4.692,False
APU0000718311,2019-12-01,4.532,False
APU0000718311,2020-01-01,4.494,False
APU0000718311,2020-02-01,4.594,False
APU0000718311,2020-03-01,4.63,False
APU0000718311,2020-04-01,4.88,False
APU0000718311,2020-05-01,4.985,False
APU0000718311,2020-06-01,5.087,False
APU0000718311,2020-07-01,5.104,False
APU0000718311,2020-08-01,5.07,False
APU0000718311,2020-09-01,5.024,False
APU0000718311,2020-10-01,5.039,False
APU0000718311,2020-11-01,5.085,False
APU0000718311,2020-12-01,5.077,False
APU0000718311,2021-01-01,4.942,False
APU0000718311,2021-02-01,5.046,False
APU0000718311,2021-03-01,5.043,False
APU0000718311,2021-04-01,5.092,False
APU0000718311,2021-05-01,4.929,False
APU0000718311,2021-06-01,5.02,False
APU0000718311,2021-07-01,5.003,False
APU0000718311,2021-08-01,5.111,False
APU0000718311,2021-09-01,5.058,False
APU0000718311,2021-10-01,5.273,False
APU0000718311,2021-11-01,5.246,False
APU0000718311,2021-12-01,5.15,False
APU0000718311,2022-01-01,5.258,False
APU0000718311,2022-02-01,5.363,False
APU0000718311,2022-03-01,5.487,False
APU0000718311,2022-04-01,5.601,False
APU0000718311,2022-05-01,5.619,False
APU0000718311,2022-06-01,5.766,False
APU0000718311,2022-07-01,5.894,False
APU0000718311,2022-08-01,5.941,False
APU0000718311,2022-09-01,6.058,False
APU0000718311,2022-10-01,6.402,False
APU0000718311,2022-11-01,6.253,False
APU0000718311,2022-12-01,6.283,False
APU0000718311,2023-01-01,6.238,False
APU0000718311,2023-02-01,6.171,False
APU0000718311,2023-03-01,6.526,False
APU0000718311,2023-04-01,6.623,False
APU0000718311,2023-05-01,6.454,False
APU0000718311,2023-06-01,6.283,False
APU0000718311,2023-07-01,6.476,False
APU0000718311,2023-08-01,6.463,False
APU0000718311,2023-09-01,6.562,False
APU0000718311,2023-10-01,6.682,False
APU0000718311,2023-11-01,6.459,False
APU0000718311,2023-12-01,6.408,False
APU0000718311,2024-01-01,6.389,False
APU0000718311,2024-02-01,6.41,False
APU0000718311,2024-03-01,6.572,False
APU0000718311,2024-04-01,6.504,False
APU0000718311,2024-05-01,6.629,False
APU0000718311,2024-06-01,6.566,False
APU0000718311,2024-07-01,6.323,False
APU0000718311,2024-08-01,6.246,False
APU0000718311,2024-09-01,6.466,False
APU0000718311,2024-10-01,6.517,False
APU0000718311,2024-11-01,6.511,False
APU0000718311,2024-12-01,6.324,False
APU0000718311,2025-01-01,6.474,False
APU0000718311,2025-02-01,6.462,False
APU0000718311,2025-03-01,6.536,False
APU0000718311,2025-04-01,6.611,False
APU0000718311,2025-05-01,6.731,False
APU0000718311,2025-06-01,6.815,False
APU0000718311,2025-07-01,6.797,False
APU0000718311,2025-08-01,6.751,False
APU0000718311,2025-09-01,6.971,False
APU0000718311,2025-10-01,6.896,True
APU0000718311,2025-11-01,6.821,False
APU0000718311,2025-12-01,6.788,False
APU0000718311,2026-01-01,6.629,False
APU0000718311,2026-02-01,6.827,False
APU0000718311,2026-03-01,6.712,False
APU0000718311,2026-04-01,6.748,False
APU0000718311,2026-05-01,6.58,False
APU0000718311,2026-06-01,6.632,False
APU0000718311,2026-07-01,6.559,False
APU0000720111,2015-01-01,1.295,False
APU0000720111,2015-02-01,1.287,False
APU0000720111,2015-03-01,1.318,False
APU0000720111,2015-04-01,1.315,False
APU0000720111,2015-05-01,1.32,False
APU0000720111,2015-06-01,1.307,False
APU0000720111,2015-07-01,1.306,False
APU0000720111,2015-08-01,1.305,False
APU0000720111,2015-09-01,1.309,False
APU0000720111,2015-10-01,1.34,False
APU0000720111,2015-11-01,1.345,False
APU0000720111,2015-12-01,1.347,False
APU0000720111,2016-01-01,1.356,False
APU0000720111,2016-02-01,1.353,False
APU0000720111,2016-03-01,1.363,False
APU0000720111,2016-04-01,1.365,False
APU0000720111,2016-05-01,1.351,False
APU0000720111,2016-06-01,1.35,False
APU0000720111,2016-07-01,1.347,False
APU0000720111,2016-08-01,1.346,False
APU0000720111,2016-09-01,1.347,False
APU0000720111,2016-10-01,1.355,False
APU0000720111,2016-11-01,1.354,False
APU0000720111,2016-12-01,1.358,False
APU0000720111,2017-01-01,1.363,False
APU0000720111,2017-02-01,1.355,False
APU0000720111,2017-03-01,1.362,False
APU0000720111,2017-04-01,1.372,False
APU0000720111,2017-05-01,1.388,False
APU0000720111,2017-06-01,1.382,False
APU0000720111,2017-07-01,1.382,False
APU0000720111,2017-08-01,1.384,False
APU0000720111,2017-09-01,1.398,False
APU0000720111,2017-10-01,1.418,False
APU0000720111,2017-11-01,1.421,False
APU0000720111,2017-12-01,1.421,False
APU0000720111,2018-01-01,1.412,False
APU0000720111,2018-02-01,1.414,False
APU0000720111,2018-03-01,1.418,False
APU0000720111,2018-04-01,1.419,False
APU0000720111,2018-05-01,1.404,False
APU0000720111,2018-06-01,1.401,False
APU0000720111,2018-07-01,1.39,False
APU0000720111,2018-08-01,1.387,False
APU0000720111,2018-09-01,1.4,False
APU0000720111,2018-10-01,1.425,False
APU0000720111,2018-11-01,1.446,False
APU0000720111,2018-12-01,1.444,False
APU0000720111,2019-01-01,1.45,False
APU0000720111,2019-02-01,1.451,False
APU0000720111,2019-03-01,1.443,False
APU0000720111,2019-04-01,1.439,False
APU0000720111,2019-05-01,1.442,False
APU0000720111,2019-06-01,1.433,False
APU0000720111,2019-07-01,1.437,False
APU0000720111,2019-08-01,1.429,False
APU0000720111,2019-09-01,1.44,False
APU0000720111,2019-10-01,1.437,False
APU0000720111,2019-11-01,1.418,False
APU0000720111,2019-12-01,1.422,False
APU0000720111,2020-01-01,1.439,False
APU0000720111,2020-02-01,1.447,False
APU0000720111,2020-03-01,1.472,False
APU0000720111,2020-04-01,1.502,False
APU0000720111,2020-05-01,1.494,False
APU0000720111,2020-06-01,1.484,False
APU0000720111,2020-07-01,1.487,False
APU0000720111,2020-08-01,1.482,False
APU0000720111,2020-09-01,1.485,False
APU0000720111,2020-10-01,1.492,False
APU0000720111,2020-11-01,1.509,False
APU0000720111,2020-12-01,1.506,False
APU0000720111,2021-01-01,1.494,False
APU0000720111,2021-02-01,1.498,False
APU0000720111,2021-03-01,1.498,False
APU0000720111,2021-04-01,1.49,False
APU0000720111,2021-05-01,1.506,False
APU0000720111,2021-06-01,1.532,False
APU0000720111,2021-07-01,1.54,False
APU0000720111,2021-08-01,1.534,False
APU0000720111,2021-09-01,1.549,False
APU0000720111,2021-10-01,1.551,False
APU0000720111,2021-11-01,1.57,False
APU0000720111,2021-12-01,1.566,False
APU0000720111,2022-01-01,1.58,False
APU0000720111,2022-02-01,1.618,False
APU0000720111,2022-03-01,1.626,False
APU0000720111,2022-04-01,1.619,False
APU0000720111,2022-05-01,1.63,False
APU0000720111,2022-06-01,1.66,False
APU0000720111,2022-07-01,1.669,False
APU0000720111,2022-08-01,1.681,False
APU0000720111,2022-09-01,1.655,False
APU0000720111,2022-10-01,1.691,False
APU0000720111,2022-11-01,1.719,False
APU0000720111,2022-12-01,1.736,False
APU0000720111,2023-01-01,1.739,False
APU0000720111,2023-02-01,1.741,False
APU0000720111,2023-03-01,1.745,False
APU0000720111,2023-04-01,1.746,False
APU0000720111,2023-05-01,1.754,False
APU0000720111,2023-06-01,1.738,False
APU0000720111,2023-07-01,1.731,False
APU0000720111,2023-08-01,1.734,False
APU0000720111,2023-09-01,1.742,False
APU0000720111,2023-10-01,1.754,False
APU0000720111,2023-11-01,1.745,False
APU0000720111,2023-12-01,1.749,False
APU0000720111,2024-01-01,1.762,False
APU0000720111,2024-02-01,1.772,False
APU0000720111,2024-03-01,1.767,False
APU0000720111,2024-04-01,1.776,False
APU0000720111,2024-05-01,1.775,False
APU0000720111,2024-06-01,1.772,False
APU0000720111,2024-07-01,1.778,False
APU0000720111,2024-08-01,1.792,False
APU0000720111,2024-09-01,1.795,False
APU0000720111,2024-10-01,1.745,False
APU0000720111,2024-11-01,1.811,False
APU0000720111,2024-12-01,1.812,False
APU0000720111,2025-01-01,1.813,False
APU0000720111,2025-02-01,1.819,False
APU0000720111,2025-03-01,1.821,False
APU0000720111,2025-04-01,1.827,False
APU0000720111,2025-05-01,1.834,False
APU0000720111,2025-06-01,1.814,False
APU0000720111,2025-07-01,1.823,False
APU0000720111,2025-08-01,1.838,False
APU0000720111,2025-09-01,1.834,False
APU0000720111,2025-10-01,1.847,True
APU0000720111,2025-11-01,1.861,False
APU0000720111,2025-12-01,1.835,False
APU0000720111,2026-01-01,1.839,False
APU0000720111,2026-02-01,1.85,False
APU0000720111,2026-03-01,1.852,False
APU0000720111,2026-04-01,1.856,False
APU0000720111,2026-05-01,1.877,False
APU0000720111,2026-06-01,1.882,False
APU0000720111,2026-07-01,1.878,False
APU0000720311,2015-01-01,12.912,False
APU0000720311,2015-02-01,12.37,False
APU0000720311,2015-03-01,12.37,False
APU0000720311,2015-04-01,12.335,False
APU0000720311,2015-05-01,12.044,False
APU0000720311,2015-06-01,12.021,False
APU0000720311,2015-07-01,12.016,False
APU0000720311,2015-08-01,12.009,False
APU0000720311,2015-09-01,11.965,False
APU0000720311,2015-10-01,12.416,False
APU0000720311,2015-11-01,12.389,False
APU0000720311,2015-12-01,12.179,False
APU0000720311,2016-01-01,12.18,False
APU0000720311,2016-02-01,12.233,False
APU0000720311,2016-03-01,12.211,False
APU0000720311,2016-04-01,12.375,False
APU0000720311,2016-05-01,12.031,False
APU0000720311,2016-06-01,12.511,False
APU0000720311,2016-07-01,12.393,False
APU0000720311,2016-08-01,12.4,False
APU0000720311,2016-09-01,12.53,False
APU0000720311,2016-10-01,12.498,False
APU0000720311,2016-11-01,12.294,False
APU0000720311,2016-12-01,12.355,False
APU0000720311,2017-01-01,12.391,False
APU0000720311,2017-02-01,12.363,False
APU0000720311,2017-03-01,12.531,False
APU0000720311,2017-04-01,12.52,False
APU0000720311,2017-05-01,12.403,False
APU0000720311,2017-06-01,12.385,False
APU0000720311,2017-07-01,12.511,False
APU0000720311,2017-08-01,12.712,False
APU0000720311,2017-09-01,12.827,False
APU0000720311,2017-10-01,13.235,False
APU0000720311,2017-11-01,13.059,False
APU0000720311,2017-12-01,12.925,False
APU0000720311,2018-01-01,12.74,False
APU0000720311,2018-02-01,12.553,False
APU0000720311,2018-03-01,12.6,False
APU0000720311,2018-04-01,12.673,False
APU0000720311,2018-05-01,12.417,False
APU0000720311,2018-06-01,12.382,False
APU0000720311,2018-07-01,12.328,False
APU0000720311,2018-08-01,12.289,False
APU0000720311,2018-09-01,12.595,False
APU0000720311,2018-10-01,12.793,False
APU0000720311,2018-11-01,12.085,False
APU0000720311,2018-12-01,12.054,False
APU0000720311,2019-01-01,12.008,False
APU0000720311,2019-02-01,12.196,False
APU0000720311,2019-03-01,11.989,False
APU0000720311,2019-04-01,11.875,False
APU0000720311,2019-05-01,12.048,False
APU0000720311,2019-06-01,11.952,False
APU0000720311,2019-07-01,11.995,False
APU0000720311,2019-08-01,12.148,False
APU0000720311,2019-09-01,12.096,False
APU0000720311,2019-10-01,12.119,False
APU0000720311,2019-11-01,12.203,False
APU0000720311,2019-12-01,12.044,False
APU0000720311,2020-01-01,12.056,False
APU0000720311,2020-02-01,12.233,False
APU0000720311,2020-03-01,12.346,False
APU0000720311,2020-04-01,12.294,False
APU0000720311,2020-05-01,12.547,False
APU0000720311,2020-06-01,12.176,False
APU0000720311,2020-07-01,12.405,False
APU0000720311,2020-08-01,12.409,False
APU0000720311,2020-09-01,12.371,False
APU0000720311,2020-10-01,12.535,False
APU0000720311,2020-11-01,12.784,False
APU0000720311,2020-12-01,12.861,False
APU0000720311,2021-01-01,12.885,False
APU0000720311,2021-02-01,13.115,False
APU0000720311,2021-03-01,13.276,False
APU0000720311,2021-04-01,13.629,False
APU0000720311,2021-05-01,13.519,False
APU0000720311,2021-06-01,13.257,False
APU0000720311,2021-07-01,13.104,False
APU0000720311,2021-08-01,12.926,False
APU0000720311,2021-09-01,13.042,False
APU0000720311,2021-10-01,12.941,False
APU0000720311,2021-11-01,13.348,False
APU0000720311,2021-12-01,13.194,False
APU0000720311,2022-01-01,13.397,False
APU0000720311,2022-02-01,13.488,False
APU0000720311,2022-03-01,13.498,False
APU0000720311,2022-04-01,13.589,False
APU0000720311,2022-05-01,13.308,False
APU0000720311,2022-06-01,13.2,False
APU0000720311,2022-07-01,13.337,False
APU0000720311,2022-08-01,13.422,False
APU0000720311,2022-09-01,13.518,False
APU0000720311,2022-10-01,13.624,False
APU0000720311,2022-11-01,13.701,False
APU0000720311,2022-12-01,13.658,False
APU0000720311,2023-01-01,13.36,False
APU0000720311,2023-02-01,13.213,False
APU0000720311,2023-03-01,13.249,False
APU0000720311,2023-04-01,13.302,False
APU0000720311,2023-05-01,13.406,False
APU0000720311,2023-06-01,13.345,False
APU0000720311,2023-07-01,13.423,False
APU0000720311,2023-08-01,13.629,False
APU0000720311,2023-09-01,13.678,False
APU0000720311,2023-10-01,13.509,False
APU0000720311,2023-11-01,13.327,False
APU0000720311,2023-12-01,13.319,False
APU0000720311,2024-01-01,13.345,False
APU0000720311,2024-02-01,13.391,False
APU0000720311,2024-03-01,13.308,False
APU0000720311,2024-04-01,13.662,False
APU0000720311,2024-05-01,13.861,False
APU0000720311,2024-06-01,13.876,False
APU0000720311,2024-07-01,13.918,False
APU0000720311,2024-08-01,13.958,False
APU0000720311,2024-09-01,13.957,False
APU0000720311,2024-10-01,13.768,False
APU0000720311,2024-11-01,13.78,False
APU0000720311,2024-12-01,13.985,False
APU0000720311,2025-01-01,14.035,False
APU0000720311,2025-02-01,14.087,False
APU0000720311,2025-03-01,14.0,False
APU0000720311,2025-04-01,13.779,False
APU0000720311,2025-05-01,13.745,False
APU0000720311,2025-06-01,13.957,False
APU0000720311,2025-07-01,13.886,False
APU0000720311,2025-08-01,13.951,False
APU0000720311,2025-09-01,13.97,False
APU0000720311,2025-10-01,14.038,True
APU0000720311,2025-11-01,14.106,False
APU0000720311,2025-12-01,14.174,False
APU0000720311,2026-01-01,14.163,False
APU0000720311,2026-02-01,14.247,False
APU0000720311,2026-03-01,14.236,False
APU0000720311,2026-04-01,13.979,False
APU0000720311,2026-05-01,13.841,False
APU0000720311,2026-06-01,13.804,False
APU0000720311,2026-07-01,13.794,False
APU000072511,2015-01-01,2.811,False
APU000072511,2015-02-01,2.864,False
APU000072511,2015-03-01,3.019,False
APU000072511,2015-04-01,2.755,False
APU000072511,2015-05-01,2.788,False
APU000072511,2015-06-01,2.743,False
APU000072511,2015-07-01,2.651,False
APU000072511,2015-08-01,2.437,False
APU000072511,2015-09-01,2.376,False
APU000072511,2015-10-01,2.35,False
APU000072511,2015-11-01,2.302,False
APU000072511,2015-12-01,2.114,False
APU000072511,2016-01-01,1.97,False
APU000072511,2016-02-01,1.923,False
APU000072511,2016-03-01,1.947,False
APU000072511,2016-04-01,1.989,False
APU000072511,2016-05-01,2.097,False
APU000072511,2016-06-01,2.155,False
APU000072511,2016-07-01,2.13,False
APU000072511,2016-08-01,2.073,False
APU000072511,2016-09-01,2.122,False
APU000072511,2016-10-01,2.288,False
APU000072511,2016-11-01,2.256,False
APU000072511,2016-12-01,2.394,False
APU000072511,2017-01-01,2.482,False
APU000072511,2017-02-01,2.474,False
APU000072511,2017-03-01,2.449,False
APU000072511,2017-04-01,2.438,False
APU000072511,2017-05-01,2.378,False
APU000072511,2017-06-01,2.284,False
APU000072511,2017-07-01,2.215,False
APU000072511,2017-08-01,2.292,False
APU000072511,2017-09-01,2.481,False
APU000072511,2017-10-01,2.52,False
APU000072511,2017-11-01,2.633,False
APU000072511,2017-12-01,2.703,False
APU000072511,2018-01-01,2.902,False
APU000072511,2018-02-01,2.856,False
APU000072511,2018-03-01,2.827,False
APU000072511,2018-04-01,2.875,False
APU000072511,2018-05-01,3.132,False
APU000072511,2018-06-01,3.132,False
APU000072511,2018-07-01,3.22,False
APU000072511,2018-08-01,3.229,False
APU000072511,2018-09-01,3.279,False
APU000072511,2018-10-01,3.381,False
APU000072511,2018-11-01,3.286,False
APU000072511,2018-12-01,2.951,False
APU000072511,2019-01-01,2.934,False
APU000072511,2019-02-01,3.03,False
APU000072511,2019-03-01,3.05,False
APU000072511,2019-04-01,3.103,False
APU000072511,2019-05-01,3.03,False
APU000072511,2019-06-01,2.946,False
APU000072511,2019-07-01,2.932,False
APU000072511,2019-08-01,2.87,False
APU000072511,2019-09-01,2.894,False
APU000072511,2019-10-01,3.008,False
APU000072511,2019-11-01,2.984,False
APU000072511,2019-12-01,3.035,False
APU000072511,2020-01-01,3.052,False
APU000072511,2020-02-01,2.812,False
APU000072511,2020-03-01,2.405,False
APU000072511,2020-04-01,2.044,False
APU000072511,2020-05-01,1.905,False
APU000072511,2020-06-01,2.057,False
APU000072511,2020-07-01,2.134,False
APU000072511,2020-08-01,2.161,False
APU000072511,2020-09-01,2.123,False
APU000072511,2020-10-01,2.139,False
APU000072511,2020-11-01,2.208,False
APU000072511,2020-12-01,2.419,False
APU000072511,2021-01-01,2.549,False
APU000072511,2021-02-01,2.79,False
APU000072511,2021-03-01,2.873,False
APU000072511,2021-04-01,2.785,False
APU000072511,2021-05-01,2.825,False
APU000072511,2021-06-01,2.952,False
APU000072511,2021-07-01,2.98,False
APU000072511,2021-08-01,2.932,False
APU000072511,2021-09-01,2.999,False
APU000072511,2021-10-01,3.422,False
APU000072511,2021-11-01,3.512,False
APU000072511,2021-12-01,3.443,False
APU000072511,2022-01-01,3.776,False
APU000072511,2022-02-01,4.058,False
APU000072511,2022-03-01,4.928,False
APU000072511,2022-04-01,5.143,False
APU000072511,2022-05-01,5.973,False
APU000072511,2022-06-01,5.863,False
APU000072511,2022-07-01,5.256,False
APU000072511,2022-08-01,4.953,False
APU000072511,2022-09-01,4.815,False
APU000072511,2022-10-01,5.786,False
APU000072511,2022-11-01,5.24,False
APU000072511,2022-12-01,4.344,False
APU000072511,2023-01-01,4.313,False
APU000072511,2023-02-01,3.988,False
APU000072511,2023-03-01,3.866,False
APU000072511,2023-04-01,3.709,False
APU000072511,2023-05-01,3.423,False
APU000072511,2023-06-01,3.395,False
APU000072511,2023-07-01,3.472,False
APU000072511,2023-08-01,3.819,False
APU000072511,2023-09-01,4.151,False
APU000072511,2023-10-01,4.089,False
APU000072511,2023-11-01,4.011,False
APU000072511,2023-12-01,3.821,False
APU000072511,2024-01-01,3.766,False
APU000072511,2024-02-01,3.828,False
APU000072511,2024-03-01,3.774,False
APU000072511,2024-04-01,3.706,False
APU000072511,2024-05-01,3.694,False
APU000072511,2024-06-01,3.576,False
APU000072511,2024-07-01,3.683,False
APU000072511,2024-08-01,3.545,False
APU000072511,2024-09-01,3.394,False
APU000072511,2024-10-01,3.427,False
APU000072511,2024-11-01,3.41,False
APU000072511,2024-12-01,3.458,False
APU000072511,2025-01-01,3.793,False
APU000072511,2025-02-01,3.827,False
APU000072511,2025-03-01,3.625,False
APU000072511,2025-04-01,3.506,False
APU000072511,2025-05-01,3.433,False
APU000072511,2025-06-01,3.463,False
APU000072511,2025-07-01,3.627,False
APU000072511,2025-08-01,3.58,False
APU000072511,2025-09-01,3.592,False
APU000072511,2025-10-01,3.659,True
APU000072511,2025-11-01,3.727,False
APU000072511,2025-12-01,3.66,False
APU000072511,2026-01-01,3.579,False
APU000072511,2026-02-01,3.99,False
APU000072511,2026-03-01,5.045,False
APU000072511,2026-04-01,5.291,False
APU000072511,2026-05-01,5.293,False
APU000072511,2026-06-01,4.713,False
APU000072511,2026-07-01,4.799,False
APU000072610,2015-01-01,0.138,False
APU000072610,2015-02-01,0.138,False
APU000072610,2015-03-01,0.136,False
APU000072610,2015-04-01,0.137,False
APU000072610,2015-05-01,0.137,False
APU000072610,2015-06-01,0.143,False
APU000072610,2015-07-01,0.142,False
APU000072610,2015-08-01,0.142,False
APU000072610,2015-09-01,0.141,False
APU000072610,2015-10-01,0.136,False
APU000072610,2015-11-01,0.134,False
APU000072610,2015-12-01,0.133,False
APU000072610,2016-01-01,0.134,False
APU000072610,2016-02-01,0.134,False
APU000072610,2016-03-01,0.134,False
APU000072610,2016-04-01,0.134,False
APU000072610,2016-05-01,0.133,False
APU000072610,2016-06-01,0.138,False
APU000072610,2016-07-01,0.139,False
APU000072610,2016-08-01,0.139,False
APU000072610,2016-09-01,0.139,False
APU000072610,2016-10-01,0.134,False
APU000072610,2016-11-01,0.131,False
APU000072610,2016-12-01,0.133,False
APU000072610,2017-01-01,0.134,False
APU000072610,2017-02-01,0.135,False
APU000072610,2017-03-01,0.134,False
APU000072610,2017-04-01,0.135,False
APU000072610,2017-05-01,0.137,False
APU000072610,2017-06-01,0.142,False
APU000072610,2017-07-01,0.143,False
APU000072610,2017-08-01,0.142,False
APU000072610,2017-09-01,0.142,False
APU000072610,2017-10-01,0.137,False
APU000072610,2017-11-01,0.136,False
APU000072610,2017-12-01,0.136,False
APU000072610,2018-01-01,0.135,False
APU000072610,2018-02-01,0.135,False
APU000072610,2018-03-01,0.135,False
APU000072610,2018-04-01,0.134,False
APU000072610,2018-05-01,0.136,False
APU000072610,2018-06-01,0.139,False
APU000072610,2018-07-01,0.139,False
APU000072610,2018-08-01,0.139,False
APU000072610,2018-09-01,0.138,False
APU000072610,2018-10-01,0.136,False
APU000072610,2018-11-01,0.134,False
APU000072610,2018-12-01,0.135,False
APU000072610,2019-01-01,0.135,False
APU000072610,2019-02-01,0.136,False
APU000072610,2019-03-01,0.135,False
APU000072610,2019-04-01,0.135,False
APU000072610,2019-05-01,0.136,False
APU000072610,2019-06-01,0.139,False
APU000072610,2019-07-01,0.14,False
APU000072610,2019-08-01,0.139,False
APU000072610,2019-09-01,0.139,False
APU000072610,2019-10-01,0.136,False
APU000072610,2019-11-01,0.133,False
APU000072610,2019-12-01,0.133,False
APU000072610,2020-01-01,0.134,False
APU000072610,2020-02-01,0.134,False
APU000072610,2020-03-01,0.134,False
APU000072610,2020-04-01,0.133,False
APU000072610,2020-05-01,0.134,False
APU000072610,2020-06-01,0.137,False
APU000072610,2020-07-01,0.137,False
APU000072610,2020-08-01,0.137,False
APU000072610,2020-09-01,0.137,False
APU000072610,2020-10-01,0.135,False
APU000072610,2020-11-01,0.136,False
APU000072610,2020-12-01,0.136,False
APU000072610,2021-01-01,0.136,False
APU000072610,2021-02-01,0.137,False
APU000072610,2021-03-01,0.138,False
APU000072610,2021-04-01,0.139,False
APU000072610,2021-05-01,0.14,False
APU000072610,2021-06-01,0.142,False
APU000072610,2021-07-01,0.143,False
APU000072610,2021-08-01,0.144,False
APU000072610,2021-09-01,0.144,False
APU000072610,2021-10-01,0.142,False
APU000072610,2021-11-01,0.142,False
APU000072610,2021-12-01,0.142,False
APU000072610,2022-01-01,0.147,False
APU000072610,2022-02-01,0.148,False
APU000072610,2022-03-01,0.15,False
APU000072610,2022-04-01,0.151,False
APU000072610,2022-05-01,0.154,False
APU000072610,2022-06-01,0.16,False
APU000072610,2022-07-01,0.164,False
APU000072610,2022-08-01,0.167,False
APU000072610,2022-09-01,0.167,False
APU000072610,2022-10-01,0.166,False
APU000072610,2022-11-01,0.163,False
APU000072610,2022-12-01,0.165,False
APU000072610,2023-01-01,0.168,False
APU000072610,2023-02-01,0.168,False
APU000072610,2023-03-01,0.166,False
APU000072610,2023-04-01,0.165,False
APU000072610,2023-05-01,0.165,False
APU000072610,2023-06-01,0.17,False
APU000072610,2023-07-01,0.169,False
APU000072610,2023-08-01,0.17,False
APU000072610,2023-09-01,0.171,False
APU000072610,2023-10-01,0.169,False
APU000072610,2023-11-01,0.168,False
APU000072610,2023-12-01,0.169,False
APU000072610,2024-01-01,0.173,False
APU000072610,2024-02-01,0.173,False
APU000072610,2024-03-01,0.174,False
APU000072610,2024-04-01,0.173,False
APU000072610,2024-05-01,0.175,False
APU000072610,2024-06-01,0.178,False
APU000072610,2024-07-01,0.178,False
APU000072610,2024-08-01,0.177,False
APU000072610,2024-09-01,0.178,False
APU000072610,2024-10-01,0.177,False
APU000072610,2024-11-01,0.176,False
APU000072610,2024-12-01,0.176,False
APU000072610,2025-01-01,0.179,False
APU000072610,2025-02-01,0.179,False
APU000072610,2025-03-01,0.181,False
APU000072610,2025-04-01,0.181,False
APU000072610,2025-05-01,0.182,False
APU000072610,2025-06-01,0.19,False
APU000072610,2025-07-01,0.189,False
APU000072610,2025-08-01,0.19,False
APU000072610,2025-09-01,0.188,False
APU000072610,2025-10-01,0.188,True
APU000072610,2025-11-01,0.189,False
APU000072610,2025-12-01,0.189,False
APU000072610,2026-01-01,0.192,False
APU000072610,2026-02-01,0.189,False
APU000072610,2026-03-01,0.19,False
APU000072610,2026-04-01,0.194,False
APU000072610,2026-05-01,0.196,False
APU000072610,2026-06-01,0.198,False
APU000072610,2026-07-01,0.197,False
APU000072620,2015-01-01,1.036,False
APU000072620,2015-02-01,1.007,False
APU000072620,2015-03-01,0.985,False
APU000072620,2015-04-01,0.947,False
APU000072620,2015-05-01,0.93,False
APU000072620,2015-06-01,0.942,False
APU000072620,2015-07-01,0.933,False
APU000072620,2015-08-01,0.932,False
APU000072620,2015-09-01,0.921,False
APU000072620,2015-10-01,0.909,False
APU000072620,2015-11-01,0.903,False
APU000072620,2015-12-01,0.892,False
APU000072620,2016-01-01,0.898,False
APU000072620,2016-02-01,0.895,False
APU000072620,2016-03-01,0.884,False
APU000072620,2016-04-01,0.879,False
APU000072620,2016-05-01,0.877,False
APU000072620,2016-06-01,0.891,False
APU000072620,2016-07-01,0.931,False
APU000072620,2016-08-01,0.943,False
APU000072620,2016-09-01,0.954,False
APU000072620,2016-10-01,0.961,False
APU000072620,2016-11-01,0.97,False
APU000072620,2016-12-01,0.972,False
APU000072620,2017-01-01,1.0,False
APU000072620,2017-02-01,1.003,False
APU000072620,2017-03-01,0.989,False
APU000072620,2017-04-01,1.0,False
APU000072620,2017-05-01,1.036,False
APU000072620,2017-06-01,1.04,False
APU000072620,2017-07-01,1.031,False
APU000072620,2017-08-01,1.027,False
APU000072620,2017-09-01,1.018,False
APU000072620,2017-10-01,1.02,False
APU000072620,2017-11-01,1.028,False
APU000072620,2017-12-01,1.042,False
APU000072620,2018-01-01,1.048,False
APU000072620,2018-02-01,1.077,False
APU000072620,2018-03-01,1.054,False
APU000072620,2018-04-01,1.044,False
APU000072620,2018-05-01,1.05,False
APU000072620,2018-06-01,1.042,False
APU000072620,2018-07-01,1.038,False
APU000072620,2018-08-01,1.055,False
APU000072620,2018-09-01,1.03,False
APU000072620,2018-10-01,1.023,False
APU000072620,2018-11-01,1.02,False
APU000072620,2018-12-01,1.085,False
APU000072620,2019-01-01,1.082,False
APU000072620,2019-02-01,1.051,False
APU000072620,2019-03-01,1.048,False
APU000072620,2019-04-01,1.034,False
APU000072620,2019-05-01,1.035,False
APU000072620,2019-06-01,1.035,False
APU000072620,2019-07-01,1.029,False
APU000072620,2019-08-01,1.034,False
APU000072620,2019-09-01,1.019,False
APU000072620,2019-10-01,1.041,False
APU000072620,2019-11-01,1.058,False
APU000072620,2019-12-01,1.057,False
APU000072620,2020-01-01,1.066,False
APU000072620,2020-02-01,1.05,False
APU000072620,2020-03-01,1.034,False
APU000072620,2020-04-01,1.028,False
APU000072620,2020-05-01,1.037,False
APU000072620,2020-06-01,1.037,False
APU000072620,2020-07-01,1.027,False
APU000072620,2020-08-01,1.031,False
APU000072620,2020-09-01,1.064,False
APU000072620,2020-10-01,1.067,False
APU000072620,2020-11-01,1.104,False
APU000072620,2020-12-01,1.114,False
APU000072620,2021-01-01,1.119,False
APU000072620,2021-02-01,1.124,False
APU000072620,2021-03-01,1.144,False
APU000072620,2021-04-01,1.166,False
APU000072620,2021-05-01,1.201,False
APU000072620,2021-06-01,1.219,False
APU000072620,2021-07-01,1.241,False
APU000072620,2021-08-01,1.267,False
APU000072620,2021-09-01,1.302,False
APU000072620,2021-10-01,1.383,False
APU000072620,2021-11-01,1.401,False
APU000072620,2021-12-01,1.402,False
APU000072620,2022-01-01,1.409,False
APU000072620,2022-02-01,1.413,False
APU000072620,2022-03-01,1.411,False
APU000072620,2022-04-01,1.445,False
APU000072620,2022-05-01,1.565,False
APU000072620,2022-06-01,1.699,False
APU000072620,2022-07-01,1.629,False
APU000072620,2022-08-01,1.694,False
APU000072620,2022-09-01,1.739,False
APU000072620,2022-10-01,1.668,False
APU000072620,2022-11-01,1.616,False
APU000072620,2022-12-01,1.667,False
APU000072620,2023-01-01,1.819,False
APU000072620,2023-02-01,1.609,False
APU000072620,2023-03-01,1.493,False
APU000072620,2023-04-01,1.413,False
APU000072620,2023-05-01,1.385,False
APU000072620,2023-06-01,1.371,False
APU000072620,2023-07-01,1.395,False
APU000072620,2023-08-01,1.402,False
APU000072620,2023-09-01,1.377,False
APU000072620,2023-10-01,1.388,False
APU000072620,2023-11-01,1.442,False
APU000072620,2023-12-01,1.429,False
APU000072620,2024-01-01,1.452,False
APU000072620,2024-02-01,1.465,False
APU000072620,2024-03-01,1.429,False
APU000072620,2024-04-01,1.375,False
APU000072620,2024-05-01,1.369,False
APU000072620,2024-06-01,1.407,False
APU000072620,2024-07-01,1.408,False
APU000072620,2024-08-01,1.401,False
APU000072620,2024-09-01,1.399,False
APU000072620,2024-10-01,1.422,False
APU000072620,2024-11-01,1.487,False
APU000072620,2024-12-01,1.522,False
APU000072620,2025-01-01,1.552,False
APU000072620,2025-02-01,1.584,False
APU000072620,2025-03-01,1.596,False
APU000072620,2025-04-01,1.626,False
APU000072620,2025-05-01,1.626,False
APU000072620,2025-06-01,1.653,False
APU000072620,2025-07-01,1.642,False
APU000072620,2025-08-01,1.634,False
APU000072620,2025-09-01,1.613,False
APU000072620,2025-10-01,1.626,True
APU000072620,2025-11-01,1.639,False
APU000072620,2025-12-01,1.701,False
APU000072620,2026-01-01,1.704,False
APU000072620,2026-02-01,1.749,False
APU000072620,2026-03-01,1.688,False
APU000072620,2026-04-01,1.676,False
APU000072620,2026-05-01,1.677,False
APU000072620,2026-06-01,1.688,False
APU000072620,2026-07-01,1.704,False
APU000074714,2015-01-01,2.11,False
APU000074714,2015-02-01,2.249,False
APU000074714,2015-03-01,2.483,False
APU000074714,2015-04-01,2.485,False
APU000074714,2015-05-01,2.775,False
APU000074714,2015-06-01,2.832,False
APU000074714,2015-07-01,2.832,False
APU000074714,2015-08-01,2.679,False
APU000074714,2015-09-01,2.394,False
APU000074714,2015-10-01,2.289,False
APU000074714,2015-11-01,2.185,False
APU000074714,2015-12-01,2.06,False
APU000074714,2016-01-01,1.967,False
APU000074714,2016-02-01,1.767,False
APU000074714,2016-03-01,1.958,False
APU000074714,2016-04-01,2.134,False
APU000074714,2016-05-01,2.264,False
APU000074714,2016-06-01,2.363,False
APU000074714,2016-07-01,2.225,False
APU000074714,2016-08-01,2.155,False
APU000074714,2016-09-01,2.208,False
APU000074714,2016-10-01,2.243,False
APU000074714,2016-11-01,2.187,False
APU000074714,2016-12-01,2.23,False
APU000074714,2017-01-01,2.351,False
APU000074714,2017-02-01,2.299,False
APU000074714,2017-03-01,2.323,False
APU000074714,2017-04-01,2.418,False
APU000074714,2017-05-01,2.386,False
APU000074714,2017-06-01,2.337,False
APU000074714,2017-07-01,2.281,False
APU000074714,2017-08-01,2.374,False
APU000074714,2017-09-01,2.63,False
APU000074714,2017-10-01,2.484,False
APU000074714,2017-11-01,2.548,False
APU000074714,2017-12-01,2.459,False
APU000074714,2018-01-01,2.539,False
APU000074714,2018-02-01,2.575,False
APU000074714,2018-03-01,2.572,False
APU000074714,2018-04-01,2.737,False
APU000074714,2018-05-01,2.907,False
APU000074714,2018-06-01,2.914,False
APU000074714,2018-07-01,2.873,False
APU000074714,2018-08-01,2.862,False
APU000074714,2018-09-01,2.873,False
APU000074714,2018-10-01,2.887,False
APU000074714,2018-11-01,2.671,False
APU000074714,2018-12-01,2.414,False
APU000074714,2019-01-01,2.289,False
APU000074714,2019-02-01,2.353,False
APU000074714,2019-03-01,2.564,False
APU000074714,2019-04-01,2.835,False
APU000074714,2019-05-01,2.901,False
APU000074714,2019-06-01,2.752,False
APU000074714,2019-07-01,2.776,False
APU000074714,2019-08-01,2.655,False
APU000074714,2019-09-01,2.63,False
APU000074714,2019-10-01,2.673,False
APU000074714,2019-11-01,2.62,False
APU000074714,2019-12-01,2.587,False
APU000074714,2020-01-01,2.567,False
APU000074714,2020-02-01,2.465,False
APU000074714,2020-03-01,2.267,False
APU000074714,2020-04-01,1.876,False
APU000074714,2020-05-01,1.879,False
APU000074714,2020-06-01,2.076,False
APU000074714,2020-07-01,2.176,False
APU000074714,2020-08-01,2.177,False
APU000074714,2020-09-01,2.193,False
APU000074714,2020-10-01,2.159,False
APU000074714,2020-11-01,2.09,False
APU000074714,2020-12-01,2.168,False
APU000074714,2021-01-01,2.326,False
APU000074714,2021-02-01,2.496,False
APU000074714,2021-03-01,2.791,False
APU000074714,2021-04-01,2.839,False
APU000074714,2021-05-01,2.972,False
APU000074714,2021-06-01,3.154,False
APU000074714,2021-07-01,3.233,False
APU000074714,2021-08-01,3.255,False
APU000074714,2021-09-01,3.265,False
APU000074714,2021-10-01,3.385,False
APU000074714,2021-11-01,3.482,False
APU000074714,2021-12-01,3.408,False
APU000074714,2022-01-01,3.413,False
APU000074714,2022-02-01,3.592,False
APU000074714,2022-03-01,4.312,False
APU000074714,2022-04-01,4.271,False
APU000074714,2022-05-01,4.604,False
APU000074714,2022-06-01,5.058,False
APU000074714,2022-07-01,4.667,False
APU000074714,2022-08-01,4.101,False
APU000074714,2022-09-01,3.881,False
APU000074714,2022-10-01,4.016,False
APU000074714,2022-11-01,3.853,False
APU000074714,2022-12-01,3.356,False
APU000074714,2023-01-01,3.452,False
APU000074714,2023-02-01,3.514,False
APU000074714,2023-03-01,3.551,False
APU000074714,2023-04-01,3.735,False
APU000074714,2023-05-01,3.685,False
APU000074714,2023-06-01,3.712,False
APU000074714,2023-07-01,3.732,False
APU000074714,2023-08-01,3.955,False
APU000074714,2023-09-01,3.988,False
APU000074714,2023-10-01,3.782,False
APU000074714,2023-11-01,3.5,False
APU000074714,2023-12-01,3.289,False
APU000074714,2024-01-01,3.221,False
APU000074714,2024-02-01,3.359,False
APU000074714,2024-03-01,3.581,False
APU000074714,2024-04-01,3.776,False
APU000074714,2024-05-01,3.755,False
APU000074714,2024-06-01,3.601,False
APU000074714,2024-07-01,3.622,False
APU000074714,2024-08-01,3.521,False
APU000074714,2024-09-01,3.344,False
APU000074714,2024-10-01,3.279,False
APU000074714,2024-11-01,3.181,False
APU000074714,2024-12-01,3.145,False
APU000074714,2025-01-01,3.211,False
APU000074714,2025-02-01,3.261,False
APU000074714,2025-03-01,3.232,False
APU000074714,2025-04-01,3.33,False
APU000074714,2025-05-01,3.306,False
APU000074714,2025-06-01,3.306,False
APU000074714,2025-07-01,3.285,False
APU000074714,2025-08-01,3.295,False
APU000074714,2025-09-01,3.339,False
APU000074714,2025-10-01,3.239,False
APU000074714,2025-11-01,3.228,False
APU000074714,2025-12-01,3.05,False
APU000074714,2026-01-01,2.961,False
APU000074714,2026-02-01,3.065,False
APU000074714,2026-03-01,3.843,False
APU000074714,2026-04-01,4.263,False
APU000074714,2026-05-01,4.651,False
APU000074714,2026-06-01,4.195,False
APU000074714,2026-07-01,4.094,False
APU000074715,2015-01-01,2.34,False
APU000074715,2015-02-01,2.477,False
APU000074715,2015-03-01,2.72,False
APU000074715,2015-04-01,2.717,False
APU000074715,2015-05-01,2.968,False
APU000074715,2015-06-01,3.047,False
APU000074715,2015-07-01,3.058,False
APU000074715,2015-08-01,2.932,False
APU000074715,2015-09-01,2.661,False
APU000074715,2015-10-01,2.573,False
APU000074715,2015-11-01,2.453,False
APU000074715,2015-12-01,2.318,False
APU000074715,2016-01-01,2.229,False
APU000074715,2016-02-01,2.029,False
APU000074715,2016-03-01,2.232,False
APU000074715,2016-04-01,2.398,False
APU000074715,2016-05-01,2.508,False
APU000074715,2016-06-01,2.62,False
APU000074715,2016-07-01,2.48,False
APU000074715,2016-08-01,2.42,False
APU000074715,2016-09-01,2.455,False
APU000074715,2016-10-01,2.51,False
APU000074715,2016-11-01,2.43,False
APU000074715,2016-12-01,2.496,False
APU000074715,2017-01-01,2.616,False
APU000074715,2017-02-01,2.561,False
APU000074715,2017-03-01,2.595,False
APU000074715,2017-04-01,2.693,False
APU000074715,2017-05-01,2.659,False
APU000074715,2017-06-01,2.627,False
APU000074715,2017-07-01,2.58,False
APU000074715,2017-08-01,2.674,False
APU000074715,2017-09-01,2.886,False
APU000074715,2017-10-01,2.772,False
APU000074715,2017-11-01,2.869,False
APU000074715,2017-12-01,2.776,False
APU000074715,2018-01-01,2.852,False
APU000074715,2018-02-01,2.863,False
APU000074715,2018-03-01,2.874,False
APU000074715,2018-04-01,3.029,False
APU000074715,2018-05-01,3.186,False
APU000074715,2018-06-01,3.199,False
APU000074715,2018-07-01,3.166,False
APU000074715,2018-08-01,3.153,False
APU000074715,2018-09-01,3.165,False
APU000074715,2018-10-01,3.172,False
APU000074715,2018-11-01,2.975,False
APU000074715,2018-12-01,2.736,False
APU000074715,2019-01-01,2.6,False
APU000074715,2019-02-01,2.664,False
APU000074715,2019-03-01,2.864,False
APU000074715,2019-04-01,3.146,False
APU000074715,2019-05-01,3.22,False
APU000074715,2019-06-01,3.08,False
APU000074715,2019-07-01,3.111,False
APU000074715,2019-08-01,2.995,False
APU000074715,2019-09-01,2.98,False
APU000074715,2019-10-01,3.025,False
APU000074715,2019-11-01,2.955,False
APU000074715,2019-12-01,2.922,False
APU000074715,2020-01-01,2.901,False
APU000074715,2020-02-01,2.798,False
APU000074715,2020-03-01,2.606,False
APU000074715,2020-04-01,2.224,False
APU000074715,2020-05-01,2.222,False
APU000074715,2020-06-01,2.42,False
APU000074715,2020-07-01,2.52,False
APU000074715,2020-08-01,2.522,False
APU000074715,2020-09-01,2.531,False
APU000074715,2020-10-01,2.509,False
APU000074715,2020-11-01,2.44,False
APU000074715,2020-12-01,2.514,False
APU000074715,2021-01-01,2.662,False
APU000074715,2021-02-01,2.825,False
APU000074715,2021-03-01,3.112,False
APU000074715,2021-04-01,3.184,False
APU000074715,2021-05-01,3.315,False
APU000074715,2021-06-01,3.496,False
APU000074715,2021-07-01,3.582,False
APU000074715,2021-08-01,3.616,False
APU000074715,2021-09-01,3.626,False
APU000074715,2021-10-01,3.73,False
APU000074715,2021-11-01,3.834,False
APU000074715,2021-12-01,3.779,False
APU000074715,2022-01-01,3.721,False
APU000074715,2022-02-01,3.884,False
APU000074715,2022-03-01,4.614,False
APU000074715,2022-04-01,4.606,False
APU000074715,2022-05-01,4.906,False
APU000074715,2022-06-01,5.369,False
APU000074715,2022-07-01,5.031,False
APU000074715,2022-08-01,4.472,False
APU000074715,2022-09-01,4.247,False
APU000074715,2022-10-01,4.362,False
APU000074715,2022-11-01,4.2,False
APU000074715,2022-12-01,3.734,False
APU000074715,2023-01-01,3.835,False
APU000074715,2023-02-01,3.912,False
APU000074715,2023-03-01,3.953,False
APU000074715,2023-04-01,4.116,False
APU000074715,2023-05-01,4.082,False
APU000074715,2023-06-01,4.108,False
APU000074715,2023-07-01,4.136,False
APU000074715,2023-08-01,4.352,False
APU000074715,2023-09-01,4.418,False
APU000074715,2023-10-01,4.25,False
APU000074715,2023-11-01,3.957,False
APU000074715,2023-12-01,3.75,False
APU000074715,2024-01-01,3.654,False
APU000074715,2024-02-01,3.774,False
APU000074715,2024-03-01,3.987,False
APU000074715,2024-04-01,4.186,False
APU000074715,2024-05-01,4.168,False
APU000074715,2024-06-01,4.014,False
APU000074715,2024-07-01,4.029,False
APU000074715,2024-08-01,3.936,False
APU000074715,2024-09-01,3.785,False
APU000074715,2024-10-01,3.72,False
APU000074715,2024-11-01,3.627,False
APU000074715,2024-12-01,3.585,False
APU000074715,2025-01-01,3.643,False
APU000074715,2025-02-01,3.702,False
APU000074715,2025-03-01,3.674,False
APU000074715,2025-04-01,3.768,False
APU000074715,2025-05-01,3.752,False
APU000074715,2025-06-01,3.748,False
APU000074715,2025-07-01,3.738,False
APU000074715,2025-08-01,3.75,False
APU000074715,2025-09-01,3.802,False
APU000074715,2025-10-01,3.723,False
APU000074715,2025-11-01,3.707,False
APU000074715,2025-12-01,3.536,False
APU000074715,2026-01-01,3.444,False
APU000074715,2026-02-01,3.553,False
APU000074715,2026-03-01,4.308,False
APU000074715,2026-04-01,4.733,False
APU000074715,2026-05-01,5.098,False
APU000074715,2026-06-01,4.684,False
APU000074715,2026-07-01,4.583,False
APU000074716,2015-01-01,2.497,False
APU000074716,2015-02-01,2.621,False
APU000074716,2015-03-01,2.867,False
APU000074716,2015-04-01,2.868,False
APU000074716,2015-05-01,3.166,False
APU000074716,2015-06-01,3.218,False
APU000074716,2015-07-01,3.252,False
APU000074716,2015-08-01,3.12,False
APU000074716,2015-09-01,2.86,False
APU000074716,2015-10-01,2.749,False
APU000074716,2015-11-01,2.64,False
APU000074716,2015-12-01,2.532,False
APU000074716,2016-01-01,2.455,False
APU000074716,2016-02-01,2.248,False
APU000074716,2016-03-01,2.411,False
APU000074716,2016-04-01,2.585,False
APU000074716,2016-05-01,2.71,False
APU000074716,2016-06-01,2.807,False
APU000074716,2016-07-01,2.702,False
APU000074716,2016-08-01,2.629,False
APU000074716,2016-09-01,2.682,False
APU000074716,2016-10-01,2.719,False
APU000074716,2016-11-01,2.675,False
APU000074716,2016-12-01,2.698,False
APU000074716,2017-01-01,2.815,False
APU000074716,2017-02-01,2.793,False
APU000074716,2017-03-01,2.827,False
APU000074716,2017-04-01,2.909,False
APU000074716,2017-05-01,2.894,False
APU000074716,2017-06-01,2.859,False
APU000074716,2017-07-01,2.8,False
APU000074716,2017-08-01,2.883,False
APU000074716,2017-09-01,3.12,False
APU000074716,2017-10-01,2.996,False
APU000074716,2017-11-01,3.056,False
APU000074716,2017-12-01,2.985,False
APU000074716,2018-01-01,3.042,False
APU000074716,2018-02-01,3.091,False
APU000074716,2018-03-01,3.101,False
APU000074716,2018-04-01,3.258,False
APU000074716,2018-05-01,3.423,False
APU000074716,2018-06-01,3.44,False
APU000074716,2018-07-01,3.399,False
APU000074716,2018-08-01,3.384,False
APU000074716,2018-09-01,3.4,False
APU000074716,2018-10-01,3.431,False
APU000074716,2018-11-01,3.251,False
APU000074716,2018-12-01,3.015,False
APU000074716,2019-01-01,2.874,False
APU000074716,2019-02-01,2.901,False
APU000074716,2019-03-01,3.079,False
APU000074716,2019-04-01,3.382,False
APU000074716,2019-05-01,3.471,False
APU000074716,2019-06-01,3.328,False
APU000074716,2019-07-01,3.327,False
APU000074716,2019-08-01,3.222,False
APU000074716,2019-09-01,3.214,False
APU000074716,2019-10-01,3.297,False
APU000074716,2019-11-01,3.254,False
APU000074716,2019-12-01,3.19,False
APU000074716,2020-01-01,3.157,False
APU000074716,2020-02-01,3.071,False
APU000074716,2020-03-01,2.893,False
APU000074716,2020-04-01,2.527,False
APU000074716,2020-05-01,2.49,False
APU000074716,2020-06-01,2.673,False
APU000074716,2020-07-01,2.783,False
APU000074716,2020-08-01,2.795,False
APU000074716,2020-09-01,2.81,False
APU000074716,2020-10-01,2.782,False
APU000074716,2020-11-01,2.727,False
APU000074716,2020-12-01,2.778,False
APU000074716,2021-01-01,2.921,False
APU000074716,2021-02-01,3.073,False
APU000074716,2021-03-01,3.386,False
APU000074716,2021-04-01,3.455,False
APU000074716,2021-05-01,3.596,False
APU000074716,2021-06-01,3.802,False
APU000074716,2021-07-01,3.897,False
APU000074716,2021-08-01,3.938,False
APU000074716,2021-09-01,3.945,False
APU000074716,2021-10-01,4.04,False
APU000074716,2021-11-01,4.148,False
APU000074716,2021-12-01,4.1,False
APU000074716,2022-01-01,4.102,False
APU000074716,2022-02-01,4.244,False
APU000074716,2022-03-01,5.015,False
APU000074716,2022-04-01,5.037,False
APU000074716,2022-05-01,5.318,False
APU000074716,2022-06-01,5.774,False
APU000074716,2022-07-01,5.459,False
APU000074716,2022-08-01,4.916,False
APU000074716,2022-09-01,4.732,False
APU000074716,2022-10-01,4.914,False
APU000074716,2022-11-01,4.679,False
APU000074716,2022-12-01,4.167,False
APU000074716,2023-01-01,4.192,False
APU000074716,2023-02-01,4.287,False
APU000074716,2023-03-01,4.339,False
APU000074716,2023-04-01,4.485,False
APU000074716,2023-05-01,4.468,False
APU000074716,2023-06-01,4.497,False
APU000074716,2023-07-01,4.526,False
APU000074716,2023-08-01,4.74,False
APU000074716,2023-09-01,4.844,False
APU000074716,2023-10-01,4.701,False
APU000074716,2023-11-01,4.385,False
APU000074716,2023-12-01,4.162,False
APU000074716,2024-01-01,4.053,False
APU000074716,2024-02-01,4.162,False
APU000074716,2024-03-01,4.379,False
APU000074716,2024-04-01,4.604,False
APU000074716,2024-05-01,4.58,False
APU000074716,2024-06-01,4.413,False
APU000074716,2024-07-01,4.411,False
APU000074716,2024-08-01,4.322,False
APU000074716,2024-09-01,4.189,False
APU000074716,2024-10-01,4.122,False
APU000074716,2024-11-01,4.026,False
APU000074716,2024-12-01,3.98,False
APU000074716,2025-01-01,4.035,False
APU000074716,2025-02-01,4.11,False
APU000074716,2025-03-01,4.085,False
APU000074716,2025-04-01,4.184,False
APU000074716,2025-05-01,4.171,False
APU000074716,2025-06-01,4.164,False
APU000074716,2025-07-01,4.149,False
APU000074716,2025-08-01,4.163,False
APU000074716,2025-09-01,4.231,False
APU000074716,2025-10-01,4.157,False
APU000074716,2025-11-01,4.139,False
APU000074716,2025-12-01,3.958,False
APU000074716,2026-01-01,3.861,False
APU000074716,2026-02-01,3.983,False
APU000074716,2026-03-01,4.757,False
APU000074716,2026-04-01,5.19,False
APU000074716,2026-05-01,5.55,False
APU000074716,2026-06-01,5.15,False
APU000074716,2026-07-01,5.027,False
APU000074717,2015-01-01,2.964,False
APU000074717,2015-02-01,2.875,False
APU000074717,2015-03-01,2.933,False
APU000074717,2015-04-01,2.84,False
APU000074717,2015-05-01,2.906,False
APU000074717,2015-06-01,2.91,False
APU000074717,2015-07-01,2.85,False
APU000074717,2015-08-01,2.692,False
APU000074717,2015-09-01,2.566,False
APU000074717,2015-10-01,2.532,False
APU000074717,2015-11-01,2.493,False
APU000074717,2015-12-01,2.378,False
APU000074717,2016-01-01,2.193,False
APU000074717,2016-02-01,2.04,False
APU000074717,2016-03-01,2.088,False
APU000074717,2016-04-01,2.158,False
APU000074717,2016-05-01,2.274,False
APU000074717,2016-06-01,2.384,False
APU000074717,2016-07-01,2.361,False
APU000074717,2016-08-01,2.333,False
APU000074717,2016-09-01,2.37,False
APU000074717,2016-10-01,2.421,False
APU000074717,2016-11-01,2.421,False
APU000074717,2016-12-01,2.456,False
APU000074717,2017-01-01,2.547,False
APU000074717,2017-02-01,2.537,False
APU000074717,2017-03-01,2.541,False
APU000074717,2017-04-01,2.548,False
APU000074717,2017-05-01,2.537,False
APU000074717,2017-06-01,2.516,False
APU000074717,2017-07-01,2.477,False
APU000074717,2017-08-01,2.544,False
APU000074717,2017-09-01,2.742,False
APU000074717,2017-10-01,2.761,False
APU000074717,2017-11-01,2.873,False
APU000074717,2017-12-01,2.886,False
APU000074717,2018-01-01,2.965,False
APU000074717,2018-02-01,3.007,False
APU000074717,2018-03-01,2.973,False
APU000074717,2018-04-01,3.051,False
APU000074717,2018-05-01,3.197,False
APU000074717,2018-06-01,3.245,False
APU000074717,2018-07-01,3.226,False
APU000074717,2018-08-01,3.211,False
APU000074717,2018-09-01,3.243,False
APU000074717,2018-10-01,3.335,False
APU000074717,2018-11-01,3.292,False
APU000074717,2018-12-01,3.155,False
APU000074717,2019-01-01,3.015,False
APU000074717,2019-02-01,2.985,False
APU000074717,2019-03-01,3.063,False
APU000074717,2019-04-01,3.129,False
APU000074717,2019-05-01,3.189,False
APU000074717,2019-06-01,3.104,False
APU000074717,2019-07-01,3.078,False
APU000074717,2019-08-01,3.03,False
APU000074717,2019-09-01,3.033,False
APU000074717,2019-10-01,3.086,False
APU000074717,2019-11-01,3.09,False
APU000074717,2019-12-01,3.089,False
APU000074717,2020-01-01,3.078,False
APU000074717,2020-02-01,2.98,False
APU000074717,2020-03-01,2.818,False
APU000074717,2020-04-01,2.605,False
APU000074717,2020-05-01,2.515,False
APU000074717,2020-06-01,2.508,False
APU000074717,2020-07-01,2.514,False
APU000074717,2020-08-01,2.503,False
APU000074717,2020-09-01,2.496,False
APU000074717,2020-10-01,2.46,False
APU000074717,2020-11-01,2.441,False
APU000074717,2020-12-01,2.543,False
APU000074717,2021-01-01,2.661,False
APU000074717,2021-02-01,2.802,False
APU000074717,2021-03-01,3.076,False
APU000074717,2021-04-01,3.126,False
APU000074717,2021-05-01,3.2,False
APU000074717,2021-06-01,3.272,False
APU000074717,2021-07-01,3.324,False
APU000074717,2021-08-01,3.353,False
APU000074717,2021-09-01,3.366,False
APU000074717,2021-10-01,3.55,False
APU000074717,2021-11-01,3.695,False
APU000074717,2021-12-01,3.661,False
APU000074717,2022-01-01,3.675,False
APU000074717,2022-02-01,3.899,False
APU000074717,2022-03-01,4.818,False
APU000074717,2022-04-01,5.119,False
APU000074717,2022-05-01,5.517,False
APU000074717,2022-06-01,5.758,False
APU000074717,2022-07-01,5.637,False
APU000074717,2022-08-01,5.165,False
APU000074717,2022-09-01,5.046,False
APU000074717,2022-10-01,5.232,False
APU000074717,2022-11-01,5.349,False
APU000074717,2022-12-01,4.913,False
APU000074717,2023-01-01,4.684,False
APU000074717,2023-02-01,4.587,False
APU000074717,2023-03-01,4.359,False
APU000074717,2023-04-01,4.215,False
APU000074717,2023-05-01,4.074,False
APU000074717,2023-06-01,3.941,False
APU000074717,2023-07-01,3.91,False
APU000074717,2023-08-01,4.357,False
APU000074717,2023-09-01,4.617,False
APU000074717,2023-10-01,4.566,False
APU000074717,2023-11-01,4.397,False
APU000074717,2023-12-01,4.133,False
APU000074717,2024-01-01,3.975,False
APU000074717,2024-02-01,4.077,False
APU000074717,2024-03-01,4.085,False
APU000074717,2024-04-01,4.074,False
APU000074717,2024-05-01,3.943,False
APU000074717,2024-06-01,3.831,False
APU000074717,2024-07-01,3.86,False
APU000074717,2024-08-01,3.773,False
APU000074717,2024-09-01,3.64,False
APU000074717,2024-10-01,3.62,False
APU000074717,2024-11-01,3.549,False
APU000074717,2024-12-01,3.522,False
APU000074717,2025-01-01,3.605,False
APU000074717,2025-02-01,3.665,False
APU000074717,2025-03-01,3.616,False
APU000074717,2025-04-01,3.59,False
APU000074717,2025-05-01,3.538,False
APU000074717,2025-06-01,3.578,False
APU000074717,2025-07-01,3.746,False
APU000074717,2025-08-01,3.726,False
APU000074717,2025-09-01,3.73,False
APU000074717,2025-10-01,3.819,True
APU000074717,2025-11-01,3.911,False
APU000074717,2025-12-01,3.771,False
APU000074717,2026-01-01,3.61,False
APU000074717,2026-02-01,3.746,False
APU000074717,2026-03-01,4.919,False
APU000074717,2026-04-01,5.707,False
APU000074717,2026-05-01,5.78,False
APU000074717,2026-06-01,5.322,False
APU000074717,2026-07-01,5.077,False
APU00007471A,2015-01-01,2.17,False
APU00007471A,2015-02-01,2.308,False
APU00007471A,2015-03-01,2.544,False
APU00007471A,2015-04-01,2.545,False
APU00007471A,2015-05-01,2.832,False
APU00007471A,2015-06-01,2.889,False
APU00007471A,2015-07-01,2.893,False
APU00007471A,2015-08-01,2.745,False
APU00007471A,2015-09-01,2.463,False
APU00007471A,2015-10-01,2.357,False
APU00007471A,2015-11-01,2.249,False
APU00007471A,2015-12-01,2.125,False
APU00007471A,2016-01-01,2.034,False
APU00007471A,2016-02-01,1.833,False
APU00007471A,2016-03-01,2.021,False
APU00007471A,2016-04-01,2.196,False
APU00007471A,2016-05-01,2.324,False
APU00007471A,2016-06-01,2.422,False
APU00007471A,2016-07-01,2.287,False
APU00007471A,2016-08-01,2.218,False
APU00007471A,2016-09-01,2.269,False
APU00007471A,2016-10-01,2.304,False
APU00007471A,2016-11-01,2.246,False
APU00007471A,2016-12-01,2.289,False
APU00007471A,2017-01-01,2.409,False
APU00007471A,2017-02-01,2.36,False
APU00007471A,2017-03-01,2.386,False
APU00007471A,2017-04-01,2.479,False
APU00007471A,2017-05-01,2.448,False
APU00007471A,2017-06-01,2.4,False
APU00007471A,2017-07-01,2.344,False
APU00007471A,2017-08-01,2.436,False
APU00007471A,2017-09-01,2.688,False
APU00007471A,2017-10-01,2.545,False
APU00007471A,2017-11-01,2.608,False
APU00007471A,2017-12-01,2.521,False
APU00007471A,2018-01-01,2.596,False
APU00007471A,2018-02-01,2.632,False
APU00007471A,2018-03-01,2.631,False
APU00007471A,2018-04-01,2.795,False
APU00007471A,2018-05-01,2.963,False
APU00007471A,2018-06-01,2.97,False
APU00007471A,2018-07-01,2.93,False
APU00007471A,2018-08-01,2.919,False
APU00007471A,2018-09-01,2.93,False
APU00007471A,2018-10-01,2.945,False
APU00007471A,2018-11-01,2.733,False
APU00007471A,2018-12-01,2.479,False
APU00007471A,2019-01-01,2.352,False
APU00007471A,2019-02-01,2.412,False
APU00007471A,2019-03-01,2.62,False
APU00007471A,2019-04-01,2.894,False
APU00007471A,2019-05-01,2.963,False
APU00007471A,2019-06-01,2.814,False
APU00007471A,2019-07-01,2.836,False
APU00007471A,2019-08-01,2.716,False
APU00007471A,2019-09-01,2.694,False
APU00007471A,2019-10-01,2.741,False
APU00007471A,2019-11-01,2.687,False
APU00007471A,2019-12-01,2.652,False
APU00007471A,2020-01-01,2.631,False
APU00007471A,2020-02-01,2.53,False
APU00007471A,2020-03-01,2.334,False
APU00007471A,2020-04-01,1.946,False
APU00007471A,2020-05-01,1.946,False
APU00007471A,2020-06-01,2.141,False
APU00007471A,2020-07-01,2.243,False
APU00007471A,2020-08-01,2.245,False
APU00007471A,2020-09-01,2.26,False
APU00007471A,2020-10-01,2.228,False
APU00007471A,2020-11-01,2.159,False
APU00007471A,2020-12-01,2.235,False
APU00007471A,2021-01-01,2.391,False
APU00007471A,2021-02-01,2.559,False
APU00007471A,2021-03-01,2.856,False
APU00007471A,2021-04-01,2.907,False
APU00007471A,2021-05-01,3.041,False
APU00007471A,2021-06-01,3.245,False
APU00007471A,2021-07-01,3.326,False
APU00007471A,2021-08-01,3.351,False
APU00007471A,2021-09-01,3.361,False
APU00007471A,2021-10-01,3.477,False
APU00007471A,2021-11-01,3.576,False
APU00007471A,2021-12-01,3.505,False
APU00007471A,2022-01-01,3.5,False
APU00007471A,2022-02-01,3.675,False
APU00007471A,2022-03-01,4.401,False
APU00007471A,2022-04-01,4.369,False
APU00007471A,2022-05-01,4.695,False
APU00007471A,2022-06-01,5.149,False
APU00007471A,2022-07-01,4.768,False
APU00007471A,2022-08-01,4.205,False
APU00007471A,2022-09-01,3.99,False
APU00007471A,2022-10-01,4.13,False
APU00007471A,2022-11-01,3.958,False
APU00007471A,2022-12-01,3.459,False
APU00007471A,2023-01-01,3.555,False
APU00007471A,2023-02-01,3.622,False
APU00007471A,2023-03-01,3.66,False
APU00007471A,2023-04-01,3.839,False
APU00007471A,2023-05-01,3.794,False
APU00007471A,2023-06-01,3.821,False
APU00007471A,2023-07-01,3.842,False
APU00007471A,2023-08-01,4.064,False
APU00007471A,2023-09-01,4.107,False
APU00007471A,2023-10-01,3.91,False
APU00007471A,2023-11-01,3.623,False
APU00007471A,2023-12-01,3.411,False
APU00007471A,2024-01-01,3.353,False
APU00007471A,2024-02-01,3.486,False
APU00007471A,2024-03-01,3.707,False
APU00007471A,2024-04-01,3.907,False
APU00007471A,2024-05-01,3.885,False
APU00007471A,2024-06-01,3.729,False
APU00007471A,2024-07-01,3.747,False
APU00007471A,2024-08-01,3.648,False
APU00007471A,2024-09-01,3.478,False
APU00007471A,2024-10-01,3.412,False
APU00007471A,2024-11-01,3.315,False
APU00007471A,2024-12-01,3.277,False
APU00007471A,2025-01-01,3.342,False
APU00007471A,2025-02-01,3.396,False
APU00007471A,2025-03-01,3.368,False
APU00007471A,2025-04-01,3.465,False
APU00007471A,2025-05-01,3.443,False
APU00007471A,2025-06-01,3.442,False
APU00007471A,2025-07-01,3.422,False
APU00007471A,2025-08-01,3.433,False
APU00007471A,2025-09-01,3.481,False
APU00007471A,2025-10-01,3.427,True
APU00007471A,2025-11-01,3.373,False
APU00007471A,2025-12-01,3.195,False
APU00007471A,2026-01-01,3.104,False
APU00007471A,2026-02-01,3.211,False
APU00007471A,2026-03-01,3.988,False
APU00007471A,2026-04-01,4.409,False
APU00007471A,2026-05-01,4.793,False
APU00007471A,2026-06-01,4.346,False
APU00007471A,2026-07-01,4.242,False
APU0000FC1101,2015-01-01,4.675,False
APU0000FC1101,2015-02-01,4.708,False
APU0000FC1101,2015-03-01,4.677,False
APU0000FC1101,2015-04-01,4.681,False
APU0000FC1101,2015-05-01,4.653,False
APU0000FC1101,2015-06-01,4.676,False
APU0000FC1101,2015-07-01,4.637,False
APU0000FC1101,2015-08-01,4.618,False
APU0000FC1101,2015-09-01,4.604,False
APU0000FC1101,2015-10-01,4.572,False
APU0000FC1101,2015-11-01,4.551,False
APU0000FC1101,2015-12-01,4.485,False
APU0000FC1101,2016-01-01,4.396,False
APU0000FC1101,2016-02-01,4.379,False
APU0000FC1101,2016-03-01,4.371,False
APU0000FC1101,2016-04-01,4.327,False
APU0000FC1101,2016-05-01,4.298,False
APU0000FC1101,2016-06-01,4.263,False
APU0000FC1101,2016-07-01,4.234,False
APU0000FC1101,2016-08-01,4.25,False
APU0000FC1101,2016-09-01,4.22,False
APU0000FC1101,2016-10-01,4.158,False
APU0000FC1101,2016-11-01,4.091,False
APU0000FC1101,2016-12-01,4.043,False
APU0000FC1101,2017-01-01,4.057,False
APU0000FC1101,2017-02-01,4.029,False
APU0000FC1101,2017-03-01,4.067,False
APU0000FC1101,2017-04-01,4.078,False
APU0000FC1101,2017-05-01,4.078,False
APU0000FC1101,2017-06-01,4.16,False
APU0000FC1101,2017-07-01,4.212,False
APU0000FC1101,2017-08-01,4.207,False
APU0000FC1101,2017-09-01,4.207,False
APU0000FC1101,2017-10-01,4.1,False
APU0000FC1101,2017-11-01,4.102,False
APU0000FC1101,2017-12-01,4.128,False
APU0000FC1101,2018-01-01,4.068,False
APU0000FC1101,2018-02-01,4.07,False
APU0000FC1101,2018-03-01,4.099,False
APU0000FC1101,2018-04-01,4.155,False
APU0000FC1101,2018-05-01,4.079,False
APU0000FC1101,2018-06-01,4.115,False
APU0000FC1101,2018-07-01,4.149,False
APU0000FC1101,2018-08-01,4.155,False
APU0000FC1101,2018-09-01,4.12,False
APU0000FC1101,2018-10-01,4.091,False
APU0000FC1101,2018-11-01,4.166,False
APU0000FC1101,2018-12-01,4.139,False
APU0000FC1101,2019-01-01,4.173,False
APU0000FC1101,2019-02-01,4.169,False
APU0000FC1101,2019-03-01,4.138,False
APU0000FC1101,2019-04-01,4.198,False
APU0000FC1101,2019-05-01,4.277,False
APU0000FC1101,2019-06-01,4.231,False
APU0000FC1101,2019-07-01,4.258,False
APU0000FC1101,2019-08-01,4.249,False
APU0000FC1101,2019-09-01,4.209,False
APU0000FC1101,2019-10-01,4.262,False
APU0000FC1101,2019-11-01,4.241,False
APU0000FC1101,2019-12-01,4.3,False
APU0000FC1101,2020-01-01,4.343,False
APU0000FC1101,2020-02-01,4.298,False
APU0000FC1101,2020-03-01,4.355,False
APU0000FC1101,2020-04-01,4.556,False
APU0000FC1101,2020-05-01,4.931,False
APU0000FC1101,2020-06-01,5.291,False
APU0000FC1101,2020-07-01,4.84,False
APU0000FC1101,2020-08-01,4.64,False
APU0000FC1101,2020-09-01,4.547,False
APU0000FC1101,2020-10-01,4.552,False
APU0000FC1101,2020-11-01,4.596,False
APU0000FC1101,2020-12-01,4.555,False
APU0000FC1101,2021-01-01,4.543,False
APU0000FC1101,2021-02-01,4.556,False
APU0000FC1101,2021-03-01,4.648,False
APU0000FC1101,2021-04-01,4.656,False
APU0000FC1101,2021-05-01,4.703,False
APU0000FC1101,2021-06-01,4.869,False
APU0000FC1101,2021-07-01,4.846,False
APU0000FC1101,2021-08-01,4.964,False
APU0000FC1101,2021-09-01,5.051,False
APU0000FC1101,2021-10-01,5.237,False
APU0000FC1101,2021-11-01,5.261,False
APU0000FC1101,2021-12-01,5.174,False
APU0000FC1101,2022-01-01,5.17,False
APU0000FC1101,2022-02-01,5.199,False
APU0000FC1101,2022-03-01,5.342,False
APU0000FC1101,2022-04-01,5.414,False
APU0000FC1101,2022-05-01,5.332,False
APU0000FC1101,2022-06-01,5.402,False
APU0000FC1101,2022-07-01,5.426,False
APU0000FC1101,2022-08-01,5.456,False
APU0000FC1101,2022-09-01,5.332,False
APU0000FC1101,2022-10-01,5.298,False
APU0000FC1101,2022-11-01,5.206,False
APU0000FC1101,2022-12-01,5.186,False
APU0000FC1101,2023-01-01,5.171,False
APU0000FC1101,2023-02-01,5.207,False
APU0000FC1101,2023-03-01,5.194,False
APU0000FC1101,2023-04-01,5.247,False
APU0000FC1101,2023-05-01,5.355,False
APU0000FC1101,2023-06-01,5.435,False
APU0000FC1101,2023-07-01,5.537,False
APU0000FC1101,2023-08-01,5.554,False
APU0000FC1101,2023-09-01,5.57,False
APU0000FC1101,2023-10-01,5.666,False
APU0000FC1101,2023-11-01,5.643,False
APU0000FC1101,2023-12-01,5.566,False
APU0000FC1101,2024-01-01,5.475,False
APU0000FC1101,2024-02-01,5.479,False
APU0000FC1101,2024-03-01,5.522,False
APU0000FC1101,2024-04-01,5.561,False
APU0000FC1101,2024-05-01,5.603,False
APU0000FC1101,2024-06-01,5.712,False
APU0000FC1101,2024-07-01,5.799,False
APU0000FC1101,2024-08-01,5.867,False
APU0000FC1101,2024-09-01,5.917,False
APU0000FC1101,2024-10-01,5.887,False
APU0000FC1101,2024-11-01,5.874,False
APU0000FC1101,2024-12-01,5.863,False
APU0000FC1101,2025-01-01,5.82,False
APU0000FC1101,2025-02-01,5.961,False
APU0000FC1101,2025-03-01,6.137,False
APU0000FC1101,2025-04-01,6.142,False
APU0000FC1101,2025-05-01,6.245,False
APU0000FC1101,2025-06-01,6.342,False
APU0000FC1101,2025-07-01,6.504,False
APU0000FC1101,2025-08-01,6.631,False
APU0000FC1101,2025-09-01,6.643,False
APU0000FC1101,2025-10-01,6.712,True
APU0000FC1101,2025-11-01,6.781,False
APU0000FC1101,2025-12-01,6.821,False
APU0000FC1101,2026-01-01,6.868,False
APU0000FC1101,2026-02-01,6.895,False
APU0000FC1101,2026-03-01,6.863,False
APU0000FC1101,2026-04-01,7.056,False
APU0000FC1101,2026-05-01,7.064,False
APU0000FC1101,2026-06-01,7.141,False
APU0000FC1101,2026-07-01,7.116,False
APU0000FC2101,2015-01-01,5.838,False
APU0000FC2101,2015-02-01,5.844,False
APU0000FC2101,2015-03-01,5.872,False
APU0000FC2101,2015-04-01,5.864,False
APU0000FC2101,2015-05-01,5.915,False
APU0000FC2101,2015-06-01,5.927,False
APU0000FC2101,2015-07-01,5.905,False
APU0000FC2101,2015-08-01,5.871,False
APU0000FC2101,2015-09-01,5.785,False
APU0000FC2101,2015-10-01,5.762,False
APU0000FC2101,2015-11-01,5.718,False
APU0000FC2101,2015-12-01,5.482,False
APU0000FC2101,2016-01-01,5.421,False
APU0000FC2101,2016-02-01,5.526,False
APU0000FC2101,2016-03-01,5.662,False
APU0000FC2101,2016-04-01,5.576,False
APU0000FC2101,2016-05-01,5.687,False
APU0000FC2101,2016-06-01,5.601,False
APU0000FC2101,2016-07-01,5.504,False
APU0000FC2101,2016-08-01,5.451,False
APU0000FC2101,2016-09-01,5.315,False
APU0000FC2101,2016-10-01,5.277,False
APU0000FC2101,2016-11-01,5.301,False
APU0000FC2101,2016-12-01,5.159,False
APU0000FC2101,2017-01-01,5.138,False
APU0000FC2101,2017-02-01,5.208,False
APU0000FC2101,2017-03-01,5.264,False
APU0000FC2101,2017-04-01,5.315,False
APU0000FC2101,2017-05-01,5.354,False
APU0000FC2101,2017-06-01,5.498,False
APU0000FC2101,2017-07-01,5.453,False
APU0000FC2101,2017-08-01,5.349,False
APU0000FC2101,2017-09-01,5.329,False
APU0000FC2101,2017-10-01,5.156,False
APU0000FC2101,2017-11-01,5.163,False
APU0000FC2101,2017-12-01,5.207,False
APU0000FC2101,2018-01-01,5.109,False
APU0000FC2101,2018-02-01,5.184,False
APU0000FC2101,2018-03-01,5.259,False
APU0000FC2101,2018-04-01,5.378,False
APU0000FC2101,2018-05-01,5.369,False
APU0000FC2101,2018-06-01,5.481,False
APU0000FC2101,2018-07-01,5.508,False
APU0000FC2101,2018-08-01,5.506,False
APU0000FC2101,2018-09-01,5.386,False
APU0000FC2101,2018-10-01,5.203,False
APU0000FC2101,2018-11-01,5.17,False
APU0000FC2101,2018-12-01,5.202,False
APU0000FC2101,2019-01-01,5.283,False
APU0000FC2101,2019-02-01,5.319,False
APU0000FC2101,2019-03-01,5.439,False
APU0000FC2101,2019-04-01,5.445,False
APU0000FC2101,2019-05-01,5.521,False
APU0000FC2101,2019-06-01,5.627,False
APU0000FC2101,2019-07-01,5.609,False
APU0000FC2101,2019-08-01,5.471,False
APU0000FC2101,2019-09-01,5.43,False
APU0000FC2101,2019-10-01,5.277,False
APU0000FC2101,2019-11-01,5.376,False
APU0000FC2101,2019-12-01,5.537,False
APU0000FC2101,2020-01-01,5.515,False
APU0000FC2101,2020-02-01,5.532,False
APU0000FC2101,2020-03-01,5.535,False
APU0000FC2101,2020-04-01,5.896,False
APU0000FC2101,2020-05-01,7.068,False
APU0000FC2101,2020-06-01,7.057,False
APU0000FC2101,2020-07-01,6.461,False
APU0000FC2101,2020-08-01,6.059,False
APU0000FC2101,2020-09-01,6.035,False
APU0000FC2101,2020-10-01,5.841,False
APU0000FC2101,2020-11-01,5.883,False
APU0000FC2101,2020-12-01,5.868,False
APU0000FC2101,2021-01-01,5.861,False
APU0000FC2101,2021-02-01,6.063,False
APU0000FC2101,2021-03-01,6.229,False
APU0000FC2101,2021-04-01,6.216,False
APU0000FC2101,2021-05-01,6.512,False
APU0000FC2101,2021-06-01,6.824,False
APU0000FC2101,2021-07-01,6.749,False
APU0000FC2101,2021-08-01,6.727,False
APU0000FC2101,2021-09-01,7.133,False
APU0000FC2101,2021-10-01,7.127,False
APU0000FC2101,2021-11-01,7.161,False
APU0000FC2101,2021-12-01,6.948,False
APU0000FC2101,2022-01-01,6.845,False
APU0000FC2101,2022-02-01,6.898,False
APU0000FC2101,2022-03-01,6.971,False
APU0000FC2101,2022-04-01,6.927,False
APU0000FC2101,2022-05-01,6.934,False
APU0000FC2101,2022-06-01,6.783,False
APU0000FC2101,2022-07-01,6.742,False
APU0000FC2101,2022-08-01,6.827,False
APU0000FC2101,2022-09-01,6.832,False
APU0000FC2101,2022-10-01,6.69,False
APU0000FC2101,2022-11-01,6.667,False
APU0000FC2101,2022-12-01,6.724,False
APU0000FC2101,2023-01-01,6.765,False
APU0000FC2101,2023-02-01,6.817,False
APU0000FC2101,2023-03-01,6.765,False
APU0000FC2101,2023-04-01,6.803,False
APU0000FC2101,2023-05-01,7.064,False
APU0000FC2101,2023-06-01,7.02,False
APU0000FC2101,2023-07-01,7.203,False
APU0000FC2101,2023-08-01,7.285,False
APU0000FC2101,2023-09-01,7.251,False
APU0000FC2101,2023-10-01,7.321,False
APU0000FC2101,2023-11-01,7.482,False
APU0000FC2101,2023-12-01,7.348,False
APU0000FC2101,2024-01-01,7.268,False
APU0000FC2101,2024-02-01,7.351,False
APU0000FC2101,2024-03-01,7.395,False
APU0000FC2101,2024-04-01,7.47,False
APU0000FC2101,2024-05-01,7.47,False
APU0000FC2101,2024-06-01,7.472,False
APU0000FC2101,2024-07-01,7.638,False
APU0000FC2101,2024-08-01,7.63,False
APU0000FC2101,2024-09-01,7.582,False
APU0000FC2101,2024-10-01,7.368,False
APU0000FC2101,2024-11-01,7.598,False
APU0000FC2101,2024-12-01,7.719,False
APU0000FC2101,2025-01-01,7.718,False
APU0000FC2101,2025-02-01,7.995,False
APU0000FC2101,2025-03-01,7.992,False
APU0000FC2101,2025-04-01,7.995,False
APU0000FC2101,2025-05-01,7.939,False
APU0000FC2101,2025-06-01,8.203,False
APU0000FC2101,2025-07-01,8.397,False
APU0000FC2101,2025-08-01,8.723,False
APU0000FC2101,2025-09-01,9.04,False
APU0000FC2101,2025-10-01,9.164,True
APU0000FC2101,2025-11-01,9.29,False
APU0000FC2101,2025-12-01,9.033,False
APU0000FC2101,2026-01-01,8.824,False
APU0000FC2101,2026-02-01,8.926,False
APU0000FC2101,2026-03-01,8.857,False
APU0000FC2101,2026-04-01,9.408,False
APU0000FC2101,2026-05-01,9.286,False
APU0000FC2101,2026-06-01,9.434,False
APU0000FC2101,2026-07-01,9.571,False
APU0000FC3101,2015-01-01,7.53,False
APU0000FC3101,2015-02-01,7.569,False
APU0000FC3101,2015-03-01,7.661,False
APU0000FC3101,2015-04-01,7.684,False
APU0000FC3101,2015-05-01,7.773,False
APU0000FC3101,2015-06-01,7.917,False
APU0000FC3101,2015-07-01,7.962,False
APU0000FC3101,2015-08-01,7.91,False
APU0000FC3101,2015-09-01,7.89,False
APU0000FC3101,2015-10-01,7.836,False
APU0000FC3101,2015-11-01,7.788,False
APU0000FC3101,2015-12-01,7.509,False
APU0000FC3101,2016-01-01,7.468,False
APU0000FC3101,2016-02-01,7.502,False
APU0000FC3101,2016-03-01,7.686,False
APU0000FC3101,2016-04-01,7.756,False
APU0000FC3101,2016-05-01,7.759,False
APU0000FC3101,2016-06-01,7.681,False
APU0000FC3101,2016-07-01,7.546,False
APU0000FC3101,2016-08-01,7.569,False
APU0000FC3101,2016-09-01,7.51,False
APU0000FC3101,2016-10-01,7.413,False
APU0000FC3101,2016-11-01,7.217,False
APU0000FC3101,2016-12-01,7.121,False
APU0000FC3101,2017-01-01,7.094,False
APU0000FC3101,2017-02-01,7.154,False
APU0000FC3101,2017-03-01,7.176,False
APU0000FC3101,2017-04-01,7.277,False
APU0000FC3101,2017-05-01,7.315,False
APU0000FC3101,2017-06-01,7.525,False
APU0000FC3101,2017-07-01,7.606,False
APU0000FC3101,2017-08-01,7.479,False
APU0000FC3101,2017-09-01,7.363,False
APU0000FC3101,2017-10-01,7.388,False
APU0000FC3101,2017-11-01,7.352,False
APU0000FC3101,2017-12-01,7.364,False
APU0000FC3101,2018-01-01,7.415,False
APU0000FC3101,2018-02-01,7.392,False
APU0000FC3101,2018-03-01,7.507,False
APU0000FC3101,2018-04-01,7.703,False
APU0000FC3101,2018-05-01,7.64,False
APU0000FC3101,2018-06-01,7.673,False
APU0000FC3101,2018-07-01,7.725,False
APU0000FC3101,2018-08-01,7.724,False
APU0000FC3101,2018-09-01,7.678,False
APU0000FC3101,2018-10-01,7.595,False
APU0000FC3101,2018-11-01,7.572,False
APU0000FC3101,2018-12-01,7.579,False
APU0000FC3101,2019-01-01,7.598,False
APU0000FC3101,2019-02-01,7.597,False
APU0000FC3101,2019-03-01,7.74,False
APU0000FC3101,2019-04-01,7.755,False
APU0000FC3101,2019-05-01,7.798,False
APU0000FC3101,2019-06-01,7.679,False
APU0000FC3101,2019-07-01,7.716,False
APU0000FC3101,2019-08-01,7.652,False
APU0000FC3101,2019-09-01,7.658,False
APU0000FC3101,2019-10-01,7.667,False
APU0000FC3101,2019-11-01,7.535,False
APU0000FC3101,2019-12-01,7.709,False
APU0000FC3101,2020-01-01,7.653,False
APU0000FC3101,2020-02-01,7.642,False
APU0000FC3101,2020-03-01,7.676,False
APU0000FC3101,2020-04-01,7.951,False
APU0000FC3101,2020-05-01,8.957,False
APU0000FC3101,2020-06-01,9.518,False
APU0000FC3101,2020-07-01,8.698,False
APU0000FC3101,2020-08-01,8.213,False
APU0000FC3101,2020-09-01,8.133,False
APU0000FC3101,2020-10-01,8.154,False
APU0000FC3101,2020-11-01,8.081,False
APU0000FC3101,2020-12-01,8.085,False
APU0000FC3101,2021-01-01,8.25,False
APU0000FC3101,2021-02-01,8.281,False
APU0000FC3101,2021-03-01,8.383,False
APU0000FC3101,2021-04-01,8.656,False
APU0000FC3101,2021-05-01,9.12,False
APU0000FC3101,2021-06-01,9.747,False
APU0000FC3101,2021-07-01,9.67,False
APU0000FC3101,2021-08-01,9.652,False
APU0000FC3101,2021-09-01,9.912,False
APU0000FC3101,2021-10-01,10.209,False
APU0000FC3101,2021-11-01,10.228,False
APU0000FC3101,2021-12-01,9.933,False
APU0000FC3101,2022-01-01,9.825,False
APU0000FC3101,2022-02-01,9.753,False
APU0000FC3101,2022-03-01,9.786,False
APU0000FC3101,2022-04-01,9.701,False
APU0000FC3101,2022-05-01,9.69,False
APU0000FC3101,2022-06-01,9.83,False
APU0000FC3101,2022-07-01,9.709,False
APU0000FC3101,2022-08-01,9.535,False
APU0000FC3101,2022-09-01,9.592,False
APU0000FC3101,2022-10-01,9.712,False
APU0000FC3101,2022-11-01,9.541,False
APU0000FC3101,2022-12-01,9.46,False
APU0000FC3101,2023-01-01,9.582,False
APU0000FC3101,2023-02-01,9.68,False
APU0000FC3101,2023-03-01,9.81,False
APU0000FC3101,2023-04-01,9.957,False
APU0000FC3101,2023-05-01,10.223,False
APU0000FC3101,2023-06-01,10.359,False
APU0000FC3101,2023-07-01,10.633,False
APU0000FC3101,2023-08-01,10.75,False
APU0000FC3101,2023-09-01,10.771,False
APU0000FC3101,2023-10-01,10.834,False
APU0000FC3101,2023-11-01,10.482,False
APU0000FC3101,2023-12-01,10.646,False
APU0000FC3101,2024-01-01,10.686,False
APU0000FC3101,2024-02-01,10.53,False
APU0000FC3101,2024-03-01,10.594,False
APU0000FC3101,2024-04-01,10.745,False
APU0000FC3101,2024-05-01,10.734,False
APU0000FC3101,2024-06-01,10.635,False
APU0000FC3101,2024-07-01,10.856,False
APU0000FC3101,2024-08-01,10.875,False
APU0000FC3101,2024-09-01,10.882,False
APU0000FC3101,2024-10-01,10.565,False
APU0000FC3101,2024-11-01,10.673,False
APU0000FC3101,2024-12-01,10.626,False
APU0000FC3101,2025-01-01,10.905,False
APU0000FC3101,2025-02-01,10.868,False
APU0000FC3101,2025-03-01,10.98,False
APU0000FC3101,2025-04-01,11.12,False
APU0000FC3101,2025-05-01,11.032,False
APU0000FC3101,2025-06-01,11.491,False
APU0000FC3101,2025-07-01,11.875,False
APU0000FC3101,2025-08-01,12.222,False
APU0000FC3101,2025-09-01,12.262,False
APU0000FC3101,2025-10-01,12.273,True
APU0000FC3101,2025-11-01,12.285,False
APU0000FC3101,2025-12-01,12.512,False
APU0000FC3101,2026-01-01,12.302,False
APU0000FC3101,2026-02-01,12.739,False
APU0000FC3101,2026-03-01,12.732,False
APU0000FC3101,2026-04-01,13.024,False
APU0000FC3101,2026-05-01,12.802,False
APU0000FC3101,2026-06-01,12.879,False
APU0000FC3101,2026-07-01,13.064,False
APU0000FC4101,2015-01-01,4.734,False
APU0000FC4101,2015-02-01,4.684,False
APU0000FC4101,2015-03-01,4.709,False
APU0000FC4101,2015-04-01,4.702,False
APU0000FC4101,2015-05-01,4.59,False
APU0000FC4101,2015-06-01,4.696,False
APU0000FC4101,2015-07-01,4.738,False
APU0000FC4101,2015-08-01,4.7,False
APU0000FC4101,2015-09-01,4.684,False
APU0000FC4101,2015-10-01,4.648,False
APU0000FC4101,2015-11-01,4.541,False
APU0000FC4101,2015-12-01,4.505,False
APU0000FC4101,2016-01-01,4.437,False
APU0000FC4101,2016-02-01,4.539,False
APU0000FC4101,2016-03-01,4.503,False
APU0000FC4101,2016-04-01,4.53,False
APU0000FC4101,2016-05-01,4.451,False
APU0000FC4101,2016-06-01,4.517,False
APU0000FC4101,2016-07-01,4.521,False
APU0000FC4101,2016-08-01,4.508,False
APU0000FC4101,2016-09-01,4.503,False
APU0000FC4101,2016-10-01,4.497,False
APU0000FC4101,2016-11-01,4.451,False
APU0000FC4101,2016-12-01,4.517,False
APU0000FC4101,2017-01-01,4.447,False
APU0000FC4101,2017-02-01,4.472,False
APU0000FC4101,2017-03-01,4.406,False
APU0000FC4101,2017-04-01,4.497,False
APU0000FC4101,2017-05-01,4.567,False
APU0000FC4101,2017-06-01,4.716,False
APU0000FC4101,2017-07-01,4.733,False
APU0000FC4101,2017-08-01,4.782,False
APU0000FC4101,2017-09-01,4.672,False
APU0000FC4101,2017-10-01,4.549,False
APU0000FC4101,2017-11-01,4.622,False
APU0000FC4101,2017-12-01,4.653,False
APU0000FC4101,2018-01-01,4.431,False
APU0000FC4101,2018-02-01,4.483,False
APU0000FC4101,2018-03-01,4.524,False
APU0000FC4101,2018-04-01,4.451,False
APU0000FC4101,2018-05-01,4.579,False
APU0000FC4101,2018-06-01,4.8,False
APU0000FC4101,2018-07-01,4.764,False
APU0000FC4101,2018-08-01,4.789,False
APU0000FC4101,2018-09-01,4.745,False
APU0000FC4101,2018-10-01,4.78,False
APU0000FC4101,2018-11-01,4.835,False
APU0000FC4101,2018-12-01,4.73,False
APU0000FC4101,2019-01-01,4.778,False
APU0000FC4101,2019-02-01,4.797,False
APU0000FC4101,2019-03-01,4.875,False
APU0000FC4101,2019-04-01,4.931,False
APU0000FC4101,2019-05-01,4.905,False
APU0000FC4101,2019-06-01,4.976,False
APU0000FC4101,2019-07-01,4.998,False
APU0000FC4101,2019-08-01,5.0,False
APU0000FC4101,2019-09-01,5.018,False
APU0000FC4101,2019-10-01,4.941,False
APU0000FC4101,2019-11-01,5.032,False
APU0000FC4101,2019-12-01,5.053,False
APU0000FC4101,2020-01-01,5.046,False
APU0000FC4101,2020-02-01,5.148,False
APU0000FC4101,2020-03-01,5.079,False
APU0000FC4101,2020-04-01,5.376,True
APU0000FC4101,2020-05-01,5.691,False
APU0000FC4101,2020-06-01,6.071,False
APU0000FC4101,2020-07-01,5.672,False
APU0000FC4101,2020-08-01,5.448,False
APU0000FC4101,2020-09-01,5.442,False
APU0000FC4101,2020-10-01,5.375,False
APU0000FC4101,2020-11-01,5.482,False
APU0000FC4101,2020-12-01,5.552,False
APU0000FC4101,2021-01-01,5.632,False
APU0000FC4101,2021-02-01,5.664,False
APU0000FC4101,2021-03-01,5.57,False
APU0000FC4101,2021-04-01,5.703,False
APU0000FC4101,2021-05-01,5.954,False
APU0000FC4101,2021-06-01,6.317,False
APU0000FC4101,2021-07-01,6.37,False
APU0000FC4101,2021-08-01,6.38,False
APU0000FC4101,2021-09-01,6.64,False
APU0000FC4101,2021-10-01,6.751,False
APU0000FC4101,2021-11-01,7.011,False
APU0000FC4101,2021-12-01,7.011,False
APU0000FC4101,2022-01-01,6.771,False
APU0000FC4101,2022-02-01,6.949,False
APU0000FC4101,2022-03-01,6.987,False
APU0000FC4101,2022-04-01,6.876,False
APU0000FC4101,2022-05-01,6.605,False
APU0000FC4101,2022-06-01,6.658,False
APU0000FC4101,2022-07-01,6.805,False
APU0000FC4101,2022-08-01,6.781,False
APU0000FC4101,2022-09-01,6.773,False
APU0000FC4101,2022-10-01,6.609,False
APU0000FC4101,2022-11-01,6.505,False
APU0000FC4101,2022-12-01,6.587,False
APU0000FC4101,2023-01-01,6.596,False
APU0000FC4101,2023-02-01,6.519,False
APU0000FC4101,2023-03-01,6.477,False
APU0000FC4101,2023-04-01,6.564,False
APU0000FC4101,2023-05-01,6.473,False
APU0000FC4101,2023-06-01,6.507,False
APU0000FC4101,2023-07-01,6.769,False
APU0000FC4101,2023-08-01,6.818,False
APU0000FC4101,2023-09-01,6.831,False
APU0000FC4101,2023-10-01,6.787,False
APU0000FC4101,2023-11-01,6.999,False
APU0000FC4101,2023-12-01,6.905,False
APU0000FC4101,2024-01-01,6.918,False
APU0000FC4101,2024-02-01,6.969,False
APU0000FC4101,2024-03-01,7.041,False
APU0000FC4101,2024-04-01,7.244,False
APU0000FC4101,2024-05-01,7.026,False
APU0000FC4101,2024-06-01,7.281,False
APU0000FC4101,2024-07-01,7.216,False
APU0000FC4101,2024-08-01,7.355,False
APU0000FC4101,2024-09-01,7.359,False
APU0000FC4101,2024-10-01,7.109,False
APU0000FC4101,2024-11-01,7.088,False
APU0000FC4101,2024-12-01,6.945,False
APU0000FC4101,2025-01-01,6.926,False
APU0000FC4101,2025-02-01,7.165,False
APU0000FC4101,2025-03-01,7.204,False
APU0000FC4101,2025-04-01,7.323,False
APU0000FC4101,2025-05-01,7.35,False
APU0000FC4101,2025-06-01,7.469,False
APU0000FC4101,2025-07-01,7.621,False
APU0000FC4101,2025-08-01,7.875,False
APU0000FC4101,2025-09-01,7.883,False
APU0000FC4101,2025-10-01,8.042,True
APU0000FC4101,2025-11-01,8.204,False
APU0000FC4101,2025-12-01,8.11,False
APU0000FC4101,2026-01-01,7.849,False
APU0000FC4101,2026-02-01,7.713,False
APU0000FC4101,2026-03-01,7.675,False
APU0000FC4101,2026-04-01,7.916,False
APU0000FC4101,2026-05-01,8.013,False
APU0000FC4101,2026-06-01,8.222,False
APU0000FC4101,2026-07-01,8.009,False
APU0000FD2101,2015-01-01,3.211,False
APU0000FD2101,2015-02-01,3.221,False
APU0000FD2101,2015-03-01,3.176,False
APU0000FD2101,2015-04-01,2.971,False
APU0000FD2101,2015-05-01,3.045,False
APU0000FD2101,2015-06-01,3.02,False
APU0000FD2101,2015-07-01,3.031,False
APU0000FD2101,2015-08-01,3.103,False
APU0000FD2101,2015-09-01,3.124,False
APU0000FD2101,2015-10-01,3.155,False
APU0000FD2101,2015-11-01,3.015,False
APU0000FD2101,2015-12-01,2.901,False
APU0000FD2101,2016-01-01,2.937,False
APU0000FD2101,2016-02-01,2.928,False
APU0000FD2101,2016-03-01,2.95,False
APU0000FD2101,2016-04-01,2.882,False
APU0000FD2101,2016-05-01,2.909,False
APU0000FD2101,2016-06-01,3.076,False
APU0000FD2101,2016-07-01,3.072,False
APU0000FD2101,2016-08-01,3.098,False
APU0000FD2101,2016-09-01,3.135,False
APU0000FD2101,2016-10-01,3.105,False
APU0000FD2101,2016-11-01,3.037,False
APU0000FD2101,2016-12-01,2.906,False
APU0000FD2101,2017-01-01,2.822,False
APU0000FD2101,2017-02-01,2.863,False
APU0000FD2101,2017-03-01,2.994,False
APU0000FD2101,2017-04-01,2.859,False
APU0000FD2101,2017-05-01,2.864,False
APU0000FD2101,2017-06-01,3.093,False
APU0000FD2101,2017-07-01,3.155,False
APU0000FD2101,2017-08-01,3.142,False
APU0000FD2101,2017-09-01,3.108,False
APU0000FD2101,2017-10-01,3.224,False
APU0000FD2101,2017-11-01,2.972,False
APU0000FD2101,2017-12-01,2.914,False
APU0000FD2101,2018-01-01,2.86,False
APU0000FD2101,2018-02-01,2.888,False
APU0000FD2101,2018-03-01,3.008,False
APU0000FD2101,2018-04-01,2.935,False
APU0000FD2101,2018-05-01,3.135,False
APU0000FD2101,2018-06-01,3.13,False
APU0000FD2101,2018-07-01,3.174,False
APU0000FD2101,2018-08-01,3.194,False
APU0000FD2101,2018-09-01,3.219,False
APU0000FD2101,2018-10-01,3.077,False
APU0000FD2101,2018-11-01,3.01,False
APU0000FD2101,2018-12-01,2.902,False
APU0000FD2101,2019-01-01,2.918,False
APU0000FD2101,2019-02-01,2.878,False
APU0000FD2101,2019-03-01,3.131,False
APU0000FD2101,2019-04-01,3.063,False
APU0000FD2101,2019-05-01,3.095,False
APU0000FD2101,2019-06-01,3.13,False
APU0000FD2101,2019-07-01,3.238,False
APU0000FD2101,2019-08-01,3.32,False
APU0000FD2101,2019-09-01,3.343,False
APU0000FD2101,2019-10-01,3.431,False
APU0000FD2101,2019-11-01,3.18,False
APU0000FD2101,2019-12-01,3.035,False
APU0000FD2101,2020-01-01,3.11,False
APU0000FD2101,2020-02-01,3.13,False
APU0000FD2101,2020-03-01,3.376,False
APU0000FD2101,2020-10-01,3.476,False
APU0000FD2101,2020-11-01,3.344,False
APU0000FD2101,2020-12-01,3.261,False
APU0000FD2101,2021-01-01,3.441,False
APU0000FD2101,2021-02-01,3.683,False
APU0000FD2101,2021-03-01,3.511,False
APU0000FD2101,2021-04-01,3.548,False
APU0000FD2101,2021-05-01,3.638,False
APU0000FD2101,2021-06-01,3.773,False
APU0000FD2101,2021-07-01,3.711,False
APU0000FD2101,2021-08-01,3.747,False
APU0000FD2101,2021-09-01,3.831,False
APU0000FD2101,2021-10-01,3.921,False
APU0000FD2101,2021-11-01,3.853,False
APU0000FD2101,2021-12-01,3.707,False
APU0000FD2101,2022-01-01,3.891,False
APU0000FD2101,2022-02-01,4.06,False
APU0000FD2101,2022-03-01,4.055,False
APU0000FD2101,2022-04-01,3.924,False
APU0000FD2101,2022-05-01,3.938,False
APU0000FD2101,2022-06-01,4.117,False
APU0000FD2101,2022-07-01,4.083,False
APU0000FD2101,2022-08-01,4.213,False
APU0000FD2101,2022-09-01,4.339,False
APU0000FD2101,2022-10-01,4.437,False
APU0000FD2101,2022-11-01,4.278,False
APU0000FD2101,2022-12-01,4.048,False
APU0000FD2101,2023-01-01,4.298,False
APU0000FD2101,2023-02-01,4.37,False
APU0000FD2101,2023-03-01,4.34,False
APU0000FD2101,2023-04-01,4.21,False
APU0000FD2101,2023-05-01,4.396,False
APU0000FD2101,2023-06-01,4.444,False
APU0000FD2101,2023-07-01,4.531,False
APU0000FD2101,2023-08-01,4.569,False
APU0000FD2101,2023-09-01,4.563,False
APU0000FD2101,2023-10-01,4.662,False
APU0000FD2101,2023-11-01,4.522,False
APU0000FD2101,2023-12-01,4.4,False
APU0000FD2101,2024-01-01,4.412,False
APU0000FD2101,2024-02-01,4.517,False
APU0000FD2101,2024-03-01,4.475,False
APU0000FD2101,2024-04-01,4.487,False
APU0000FD2101,2024-05-01,4.575,False
APU0000FD2101,2024-06-01,4.562,False
APU0000FD2101,2024-07-01,4.71,False
APU0000FD2101,2024-08-01,4.691,False
APU0000FD2101,2024-09-01,4.595,False
APU0000FD2101,2024-10-01,4.66,False
APU0000FD2101,2024-11-01,4.56,False
APU0000FD2101,2024-12-01,4.406,False
APU0000FD2101,2025-01-01,4.411,False
APU0000FD2101,2025-02-01,4.428,False
APU0000FD2101,2025-03-01,4.496,False
APU0000FD2101,2025-04-01,4.451,False
APU0000FD2101,2025-05-01,4.451,False
APU0000FD2101,2025-06-01,4.401,False
APU0000FD2101,2025-07-01,4.66,False
APU0000FD2101,2025-08-01,4.501,False
APU0000FD2101,2025-09-01,4.533,False
APU0000FD2101,2025-10-01,4.463,True
APU0000FD2101,2025-11-01,4.394,False
APU0000FD2101,2025-12-01,4.309,False
APU0000FD2101,2026-01-01,4.434,False
APU0000FD2101,2026-02-01,4.481,False
APU0000FD2101,2026-03-01,4.439,False
APU0000FD2101,2026-04-01,4.348,False
APU0000FD2101,2026-05-01,4.448,False
APU0000FD2101,2026-06-01,4.461,False
APU0000FD2101,2026-07-01,4.489,False
APU0000FD3101,2015-01-01,3.988,False
APU0000FD3101,2015-02-01,3.962,False
APU0000FD3101,2015-03-01,3.867,False
APU0000FD3101,2015-04-01,3.813,False
APU0000FD3101,2015-05-01,3.786,False
APU0000FD3101,2015-06-01,3.824,False
APU0000FD3101,2015-07-01,3.917,False
APU0000FD3101,2015-08-01,3.863,False
APU0000FD3101,2015-09-01,3.88,False
APU0000FD3101,2015-10-01,3.875,False
APU0000FD3101,2015-11-01,3.797,False
APU0000FD3101,2015-12-01,3.807,False
APU0000FD3101,2016-01-01,3.656,False
APU0000FD3101,2016-02-01,3.658,False
APU0000FD3101,2016-03-01,3.693,False
APU0000FD3101,2016-04-01,3.707,False
APU0000FD3101,2016-05-01,3.72,False
APU0000FD3101,2016-06-01,3.752,False
APU0000FD3101,2016-07-01,3.832,False
APU0000FD3101,2016-08-01,3.76,False
APU0000FD3101,2016-09-01,3.662,False
APU0000FD3101,2016-10-01,3.632,False
APU0000FD3101,2016-11-01,3.512,False
APU0000FD3101,2016-12-01,3.462,False
APU0000FD3101,2017-01-01,3.354,False
APU0000FD3101,2017-02-01,3.45,False
APU0000FD3101,2017-03-01,3.443,False
APU0000FD3101,2017-04-01,3.441,False
APU0000FD3101,2017-05-01,3.425,False
APU0000FD3101,2017-06-01,3.42,False
APU0000FD3101,2017-07-01,3.417,False
APU0000FD3101,2017-08-01,3.482,False
APU0000FD3101,2017-09-01,3.481,False
APU0000FD3101,2017-10-01,3.378,False
APU0000FD3101,2017-11-01,3.366,False
APU0000FD3101,2017-12-01,3.302,False
APU0000FD3101,2018-01-01,3.224,False
APU0000FD3101,2018-02-01,3.186,False
APU0000FD3101,2018-03-01,3.207,False
APU0000FD3101,2018-04-01,3.293,False
APU0000FD3101,2018-05-01,3.284,False
APU0000FD3101,2018-06-01,3.272,False
APU0000FD3101,2018-07-01,3.262,False
APU0000FD3101,2018-08-01,3.338,False
APU0000FD3101,2018-09-01,3.289,False
APU0000FD3101,2018-10-01,3.367,False
APU0000FD3101,2018-11-01,3.306,False
APU0000FD3101,2018-12-01,3.361,False
APU0000FD3101,2019-01-01,3.199,False
APU0000FD3101,2019-02-01,3.298,False
APU0000FD3101,2019-03-01,3.311,False
APU0000FD3101,2019-04-01,3.354,False
APU0000FD3101,2019-05-01,3.441,False
APU0000FD3101,2019-06-01,3.312,False
APU0000FD3101,2019-07-01,3.411,False
APU0000FD3101,2019-08-01,3.379,False
APU0000FD3101,2019-09-01,3.335,False
APU0000FD3101,2019-10-01,3.238,False
APU0000FD3101,2019-11-01,3.399,False
APU0000FD3101,2019-12-01,3.391,False
APU0000FD3101,2020-01-01,3.368,False
APU0000FD3101,2020-02-01,3.419,False
APU0000FD3101,2020-03-01,3.415,False
APU0000FD3101,2020-04-01,3.673,False
APU0000FD3101,2020-05-01,3.972,False
APU0000FD3101,2020-06-01,4.189,False
APU0000FD3101,2020-07-01,3.91,False
APU0000FD3101,2020-08-01,3.788,False
APU0000FD3101,2020-09-01,3.799,False
APU0000FD3101,2020-10-01,3.632,False
APU0000FD3101,2020-11-01,3.737,False
APU0000FD3101,2020-12-01,3.741,False
APU0000FD3101,2021-01-01,3.694,False
APU0000FD3101,2021-02-01,3.676,False
APU0000FD3101,2021-03-01,3.765,False
APU0000FD3101,2021-04-01,3.844,False
APU0000FD3101,2021-05-01,3.875,False
APU0000FD3101,2021-06-01,4.089,False
APU0000FD3101,2021-07-01,4.081,False
APU0000FD3101,2021-08-01,4.057,False
APU0000FD3101,2021-09-01,4.051,False
APU0000FD3101,2021-10-01,4.147,False
APU0000FD3101,2021-11-01,4.072,False
APU0000FD3101,2021-12-01,4.023,False
APU0000FD3101,2022-01-01,4.019,False
APU0000FD3101,2022-02-01,4.031,False
APU0000FD3101,2022-03-01,4.126,False
APU0000FD3101,2022-04-01,4.178,False
APU0000FD3101,2022-05-01,4.13,False
APU0000FD3101,2022-06-01,4.068,False
APU0000FD3101,2022-07-01,4.174,False
APU0000FD3101,2022-08-01,4.248,False
APU0000FD3101,2022-09-01,4.187,False
APU0000FD3101,2022-10-01,4.273,False
APU0000FD3101,2022-11-01,4.163,False
APU0000FD3101,2022-12-01,4.314,False
APU0000FD3101,2023-01-01,4.14,False
APU0000FD3101,2023-02-01,4.256,False
APU0000FD3101,2023-03-01,4.165,False
APU0000FD3101,2023-04-01,4.099,False
APU0000FD3101,2023-05-01,4.189,False
APU0000FD3101,2023-06-01,4.241,False
APU0000FD3101,2023-07-01,4.238,False
APU0000FD3101,2023-08-01,4.359,False
APU0000FD3101,2023-09-01,4.327,False
APU0000FD3101,2023-10-01,4.452,False
APU0000FD3101,2023-11-01,4.343,False
APU0000FD3101,2023-12-01,4.256,False
APU0000FD3101,2024-01-01,4.236,False
APU0000FD3101,2024-02-01,4.157,False
APU0000FD3101,2024-03-01,4.256,False
APU0000FD3101,2024-04-01,4.235,False
APU0000FD3101,2024-05-01,4.391,False
APU0000FD3101,2024-06-01,4.397,False
APU0000FD3101,2024-07-01,4.409,False
APU0000FD3101,2024-08-01,4.403,False
APU0000FD3101,2024-09-01,4.328,False
APU0000FD3101,2024-10-01,4.273,False
APU0000FD3101,2024-11-01,4.43,False
APU0000FD3101,2024-12-01,4.308,False
APU0000FD3101,2025-01-01,4.249,False
APU0000FD3101,2025-02-01,4.226,False
APU0000FD3101,2025-03-01,4.341,False
APU0000FD3101,2025-04-01,4.244,False
APU0000FD3101,2025-05-01,4.22,False
APU0000FD3101,2025-06-01,4.264,False
APU0000FD3101,2025-07-01,4.333,False
APU0000FD3101,2025-08-01,4.299,False
APU0000FD3101,2025-09-01,4.349,False
APU0000FD3101,2025-10-01,4.221,True
APU0000FD3101,2025-11-01,4.097,False
APU0000FD3101,2025-12-01,4.298,False
APU0000FD3101,2026-01-01,4.15,False
APU0000FD3101,2026-02-01,4.191,False
APU0000FD3101,2026-03-01,4.181,False
APU0000FD3101,2026-04-01,4.331,False
APU0000FD3101,2026-05-01,4.389,False
APU0000FD3101,2026-06-01,4.336,False
APU0000FD3101,2026-07-01,4.244,False
APU0000FD4101,2015-01-01,2.991,False
APU0000FD4101,2015-02-01,2.928,False
APU0000FD4101,2015-03-01,2.904,False
APU0000FD4101,2015-04-01,2.836,False
APU0000FD4101,2015-05-01,2.804,False
APU0000FD4101,2015-06-01,2.784,False
APU0000FD4101,2015-07-01,2.833,False
APU0000FD4101,2015-08-01,2.841,False
APU0000FD4101,2015-09-01,2.819,False
APU0000FD4101,2015-10-01,2.803,False
APU0000FD4101,2015-11-01,2.778,False
APU0000FD4101,2015-12-01,2.716,False
APU0000FD4101,2016-01-01,2.695,False
APU0000FD4101,2016-02-01,2.697,False
APU0000FD4101,2016-03-01,2.657,False
APU0000FD4101,2016-04-01,2.688,False
APU0000FD4101,2016-05-01,2.668,False
APU0000FD4101,2016-06-01,2.69,False
APU0000FD4101,2016-07-01,2.693,False
APU0000FD4101,2016-08-01,2.767,False
APU0000FD4101,2016-09-01,2.694,False
APU0000FD4101,2016-10-01,2.665,False
APU0000FD4101,2016-11-01,2.663,False
APU0000FD4101,2016-12-01,2.579,False
APU0000FD4101,2017-01-01,2.55,False
APU0000FD4101,2017-02-01,2.627,False
APU0000FD4101,2017-03-01,2.633,False
APU0000FD4101,2017-04-01,2.592,False
APU0000FD4101,2017-05-01,2.554,False
APU0000FD4101,2017-06-01,2.6,False
APU0000FD4101,2017-07-01,2.614,False
APU0000FD4101,2017-08-01,2.593,False
APU0000FD4101,2017-09-01,2.635,False
APU0000FD4101,2017-10-01,2.654,False
APU0000FD4101,2017-11-01,2.623,False
APU0000FD4101,2017-12-01,2.596,False
APU0000FD4101,2018-01-01,2.621,False
APU0000FD4101,2018-02-01,2.631,False
APU0000FD4101,2018-03-01,2.642,False
APU0000FD4101,2018-04-01,2.614,False
APU0000FD4101,2018-05-01,2.546,False
APU0000FD4101,2018-06-01,2.516,False
APU0000FD4101,2018-07-01,2.553,False
APU0000FD4101,2018-08-01,2.605,False
APU0000FD4101,2018-09-01,2.596,False
APU0000FD4101,2018-10-01,2.573,False
APU0000FD4101,2018-11-01,2.614,False
APU0000FD4101,2018-12-01,2.601,False
APU0000FD4101,2019-01-01,2.615,False
APU0000FD4101,2019-02-01,2.558,False
APU0000FD4101,2019-03-01,2.582,False
APU0000FD4101,2019-04-01,2.562,False
APU0000FD4101,2019-05-01,2.651,False
APU0000FD4101,2019-06-01,2.718,False
APU0000FD4101,2019-07-01,2.722,False
APU0000FD4101,2019-08-01,2.687,False
APU0000FD4101,2019-09-01,2.687,False
APU0000FD4101,2019-10-01,2.716,False
APU0000FD4101,2019-11-01,2.74,False
APU0000FD4101,2019-12-01,2.761,False
APU0000FD4101,2020-01-01,2.722,False
APU0000FD4101,2020-02-01,2.775,False
APU0000FD4101,2020-03-01,2.762,False
APU0000FD4101,2020-04-01,2.919,True
APU0000FD4101,2020-05-01,3.085,False
APU0000FD4101,2020-06-01,3.152,False
APU0000FD4101,2020-07-01,3.099,False
APU0000FD4101,2020-08-01,3.045,False
APU0000FD4101,2020-09-01,2.891,False
APU0000FD4101,2020-10-01,2.989,False
APU0000FD4101,2020-11-01,2.974,False
APU0000FD4101,2020-12-01,2.991,False
APU0000FD4101,2021-01-01,3.02,False
APU0000FD4101,2021-02-01,3.001,False
APU0000FD4101,2021-03-01,2.997,False
APU0000FD4101,2021-04-01,3.176,False
APU0000FD4101,2021-05-01,3.217,False
APU0000FD4101,2021-06-01,3.381,False
APU0000FD4101,2021-07-01,3.564,False
APU0000FD4101,2021-08-01,3.474,False
APU0000FD4101,2021-09-01,3.497,False
APU0000FD4101,2021-10-01,3.565,False
APU0000FD4101,2021-11-01,3.665,False
APU0000FD4101,2021-12-01,3.494,False
APU0000FD4101,2022-01-01,3.451,False
APU0000FD4101,2022-02-01,3.479,False
APU0000FD4101,2022-03-01,3.519,False
APU0000FD4101,2022-04-01,3.578,False
APU0000FD4101,2022-05-01,3.609,False
APU0000FD4101,2022-06-01,3.683,False
APU0000FD4101,2022-07-01,3.645,False
APU0000FD4101,2022-08-01,3.633,False
APU0000FD4101,2022-09-01,3.714,False
APU0000FD4101,2022-10-01,3.642,False
APU0000FD4101,2022-11-01,3.692,False
APU0000FD4101,2022-12-01,3.64,False
APU0000FD4101,2023-01-01,3.608,False
APU0000FD4101,2023-02-01,3.588,False
APU0000FD4101,2023-03-01,3.525,False
APU0000FD4101,2023-04-01,3.582,False
APU0000FD4101,2023-05-01,3.598,False
APU0000FD4101,2023-06-01,3.458,False
APU0000FD4101,2023-07-01,3.556,False
APU0000FD4101,2023-08-01,3.63,False
APU0000FD4101,2023-09-01,3.627,False
APU0000FD4101,2023-10-01,3.743,False
APU0000FD4101,2023-11-01,3.711,False
APU0000FD4101,2023-12-01,3.64,False
APU0000FD4101,2024-01-01,3.606,False
APU0000FD4101,2024-02-01,3.564,False
APU0000FD4101,2024-03-01,3.679,False
APU0000FD4101,2024-04-01,3.712,False
APU0000FD4101,2024-05-01,3.764,False
APU0000FD4101,2024-06-01,3.645,False
APU0000FD4101,2024-07-01,3.621,False
APU0000FD4101,2024-08-01,3.693,False
APU0000FD4101,2024-09-01,3.719,False
APU0000FD4101,2024-10-01,3.703,False
APU0000FD4101,2024-11-01,3.765,False
APU0000FD4101,2024-12-01,3.656,False
APU0000FD4101,2025-01-01,3.704,False
APU0000FD4101,2025-02-01,3.632,False
APU0000FD4101,2025-03-01,3.73,False
APU0000FD4101,2025-04-01,3.675,False
APU0000FD4101,2025-05-01,3.66,False
APU0000FD4101,2025-06-01,3.616,False
APU0000FD4101,2025-07-01,3.627,False
APU0000FD4101,2025-08-01,3.695,False
APU0000FD4101,2025-09-01,3.825,False
APU0000FD4101,2025-10-01,3.802,True
APU0000FD4101,2025-11-01,3.779,False
APU0000FD4101,2025-12-01,3.625,False
APU0000FD4101,2026-01-01,3.767,False
APU0000FD4101,2026-02-01,3.522,False
APU0000FD4101,2026-03-01,3.628,False
APU0000FD4101,2026-04-01,3.669,False
APU0000FD4101,2026-05-01,3.755,False
APU0000FD4101,2026-06-01,3.771,False
APU0000FD4101,2026-07-01,3.671,False
APU0000FF1101,2015-01-01,3.438,False
APU0000FF1101,2015-02-01,3.511,False
APU0000FF1101,2015-03-01,3.522,False
APU0000FF1101,2015-04-01,3.504,False
APU0000FF1101,2015-05-01,3.408,False
APU0000FF1101,2015-06-01,3.388,False
APU0000FF1101,2015-07-01,3.378,False
APU0000FF1101,2015-08-01,3.406,False
APU0000FF1101,2015-09-01,3.377,False
APU0000FF1101,2015-10-01,3.356,False
APU0000FF1101,2015-11-01,3.35,False
APU0000FF1101,2015-12-01,3.282,False
APU0000FF1101,2016-01-01,3.251,False
APU0000FF1101,2016-02-01,3.302,False
APU0000FF1101,2016-03-01,3.271,False
APU0000FF1101,2016-04-01,3.251,False
APU0000FF1101,2016-05-01,3.25,False
APU0000FF1101,2016-06-01,3.228,False
APU0000FF1101,2016-07-01,3.21,False
APU0000FF1101,2016-08-01,3.218,False
APU0000FF1101,2016-09-01,3.244,False
APU0000FF1101,2016-10-01,3.305,False
APU0000FF1101,2016-11-01,3.263,False
APU0000FF1101,2016-12-01,3.2,False
APU0000FF1101,2017-01-01,3.218,False
APU0000FF1101,2017-02-01,3.195,False
APU0000FF1101,2017-03-01,3.291,False
APU0000FF1101,2017-04-01,3.289,False
APU0000FF1101,2017-05-01,3.208,False
APU0000FF1101,2017-06-01,3.215,False
APU0000FF1101,2017-07-01,3.189,False
APU0000FF1101,2017-08-01,3.194,False
APU0000FF1101,2017-09-01,3.185,False
APU0000FF1101,2017-10-01,3.141,False
APU0000FF1101,2017-11-01,3.13,False
APU0000FF1101,2017-12-01,3.192,False
APU0000FF1101,2018-01-01,3.073,False
APU0000FF1101,2018-02-01,3.119,False
APU0000FF1101,2018-03-01,3.142,False
APU0000FF1101,2018-04-01,3.238,False
APU0000FF1101,2018-05-01,3.076,False
APU0000FF1101,2018-06-01,3.094,False
APU0000FF1101,2018-07-01,3.116,False
APU0000FF1101,2018-08-01,2.939,False
APU0000FF1101,2018-09-01,2.896,False
APU0000FF1101,2018-10-01,3.047,False
APU0000FF1101,2018-11-01,3.052,False
APU0000FF1101,2018-12-01,3.112,False
APU0000FF1101,2019-01-01,3.063,False
APU0000FF1101,2019-02-01,3.062,False
APU0000FF1101,2019-03-01,3.048,False
APU0000FF1101,2019-04-01,3.014,False
APU0000FF1101,2019-05-01,3.092,False
APU0000FF1101,2019-06-01,3.051,False
APU0000FF1101,2019-07-01,2.975,False
APU0000FF1101,2019-08-01,2.96,False
APU0000FF1101,2019-09-01,2.93,False
APU0000FF1101,2019-10-01,2.948,False
APU0000FF1101,2019-11-01,2.94,False
APU0000FF1101,2019-12-01,3.113,False
APU0000FF1101,2020-01-01,3.059,False
APU0000FF1101,2020-02-01,3.013,False
APU0000FF1101,2020-03-01,2.956,False
APU0000FF1101,2020-04-01,3.158,False
APU0000FF1101,2020-05-01,3.348,False
APU0000FF1101,2020-06-01,3.349,False
APU0000FF1101,2020-07-01,3.221,False
APU0000FF1101,2020-08-01,3.276,False
APU0000FF1101,2020-09-01,3.302,False
APU0000FF1101,2020-10-01,3.29,False
APU0000FF1101,2020-11-01,3.412,False
APU0000FF1101,2020-12-01,3.293,False
APU0000FF1101,2021-01-01,3.26,False
APU0000FF1101,2021-02-01,3.239,False
APU0000FF1101,2021-03-01,3.291,False
APU0000FF1101,2021-04-01,3.406,False
APU0000FF1101,2021-05-01,3.371,False
APU0000FF1101,2021-06-01,3.353,False
APU0000FF1101,2021-07-01,3.5,False
APU0000FF1101,2021-08-01,3.536,False
APU0000FF1101,2021-09-01,3.517,False
APU0000FF1101,2021-10-01,3.589,False
APU0000FF1101,2021-11-01,3.618,False
APU0000FF1101,2021-12-01,3.725,False
APU0000FF1101,2022-01-01,3.726,False
APU0000FF1101,2022-02-01,3.815,False
APU0000FF1101,2022-03-01,3.87,False
APU0000FF1101,2022-04-01,4.096,False
APU0000FF1101,2022-05-01,4.31,False
APU0000FF1101,2022-06-01,4.568,False
APU0000FF1101,2022-07-01,4.608,False
APU0000FF1101,2022-08-01,4.706,False
APU0000FF1101,2022-09-01,4.746,False
APU0000FF1101,2022-10-01,4.67,False
APU0000FF1101,2022-11-01,4.42,False
APU0000FF1101,2022-12-01,4.348,False
APU0000FF1101,2023-01-01,4.315,False
APU0000FF1101,2023-02-01,4.365,False
APU0000FF1101,2023-03-01,4.324,False
APU0000FF1101,2023-04-01,4.405,False
APU0000FF1101,2023-05-01,4.236,False
APU0000FF1101,2023-06-01,4.193,False
APU0000FF1101,2023-07-01,4.141,False
APU0000FF1101,2023-08-01,4.179,False
APU0000FF1101,2023-09-01,4.229,False
APU0000FF1101,2023-10-01,4.222,False
APU0000FF1101,2023-11-01,4.06,False
APU0000FF1101,2023-12-01,4.082,False
APU0000FF1101,2024-01-01,4.086,False
APU0000FF1101,2024-02-01,4.105,False
APU0000FF1101,2024-03-01,4.106,False
APU0000FF1101,2024-04-01,4.061,False
APU0000FF1101,2024-05-01,4.118,False
APU0000FF1101,2024-06-01,4.046,False
APU0000FF1101,2024-07-01,3.946,False
APU0000FF1101,2024-08-01,3.952,False
APU0000FF1101,2024-09-01,3.974,False
APU0000FF1101,2024-10-01,4.037,False
APU0000FF1101,2024-11-01,4.011,False
APU0000FF1101,2024-12-01,4.104,False
APU0000FF1101,2025-01-01,3.969,False
APU0000FF1101,2025-02-01,4.079,False
APU0000FF1101,2025-03-01,4.16,False
APU0000FF1101,2025-04-01,4.18,False
APU0000FF1101,2025-05-01,4.216,False
APU0000FF1101,2025-06-01,4.239,False
APU0000FF1101,2025-07-01,4.204,False
APU0000FF1101,2025-08-01,4.212,False
APU0000FF1101,2025-09-01,4.172,False
APU0000FF1101,2025-10-01,4.161,True
APU0000FF1101,2025-11-01,4.15,False
APU0000FF1101,2025-12-01,4.153,False
APU0000FF1101,2026-01-01,4.165,False
APU0000FF1101,2026-02-01,4.142,False
APU0000FF1101,2026-03-01,4.172,False
APU0000FF1101,2026-04-01,4.168,False
APU0000FF1101,2026-05-01,4.171,False
APU0000FF1101,2026-06-01,4.181,False
APU0000FF1101,2026-07-01,4.153,False
APU0000FJ1101,2018-04-01,2.658,False
APU0000FJ1101,2018-05-01,2.616,False
APU0000FJ1101,2018-06-01,2.627,False
APU0000FJ1101,2018-07-01,2.567,False
APU0000FJ1101,2018-08-01,2.588,False
APU0000FJ1101,2018-09-01,2.573,False
APU0000FJ1101,2018-10-01,2.625,False
APU0000FJ1101,2018-11-01,2.648,False
APU0000FJ1101,2018-12-01,2.629,False
APU0000FJ1101,2019-01-01,2.631,False
APU0000FJ1101,2019-02-01,2.656,False
APU0000FJ1101,2019-03-01,2.67,False
APU0000FJ1101,2019-04-01,2.694,False
APU0000FJ1101,2019-05-01,2.683,False
APU0000FJ1101,2019-06-01,2.672,False
APU0000FJ1101,2019-07-01,2.674,False
APU0000FJ1101,2019-08-01,2.702,False
APU0000FJ1101,2019-09-01,2.742,False
APU0000FJ1101,2019-10-01,2.818,False
APU0000FJ1101,2019-11-01,2.818,False
APU0000FJ1101,2019-12-01,2.872,False
APU0000FJ1101,2020-01-01,2.953,False
APU0000FJ1101,2020-02-01,2.882,False
APU0000FJ1101,2020-03-01,2.913,False
APU0000FJ1101,2020-04-01,2.901,False
APU0000FJ1101,2020-05-01,2.877,False
APU0000FJ1101,2020-06-01,2.811,False
APU0000FJ1101,2020-07-01,2.826,False
APU0000FJ1101,2020-08-01,3.038,False
APU0000FJ1101,2020-09-01,3.017,False
APU0000FJ1101,2020-10-01,2.928,False
APU0000FJ1101,2020-11-01,3.002,False
APU0000FJ1101,2020-12-01,3.118,False
APU0000FJ1101,2021-01-01,3.045,False
APU0000FJ1101,2021-02-01,3.008,False
APU0000FJ1101,2021-03-01,2.966,False
APU0000FJ1101,2021-04-01,3.045,False
APU0000FJ1101,2021-05-01,3.078,False
APU0000FJ1101,2021-06-01,3.165,False
APU0000FJ1101,2021-07-01,3.168,False
APU0000FJ1101,2021-08-01,3.172,False
APU0000FJ1101,2021-09-01,3.165,False
APU0000FJ1101,2021-10-01,3.187,False
APU0000FJ1101,2021-11-01,3.288,False
APU0000FJ1101,2021-12-01,3.359,False
APU0000FJ1101,2022-01-01,3.393,False
APU0000FJ1101,2022-02-01,3.514,False
APU0000FJ1101,2022-03-01,3.584,False
APU0000FJ1101,2022-04-01,3.682,False
APU0000FJ1101,2022-05-01,3.827,False
APU0000FJ1101,2022-06-01,3.869,False
APU0000FJ1101,2022-07-01,3.874,False
APU0000FJ1101,2022-08-01,3.888,False
APU0000FJ1101,2022-09-01,3.808,False
APU0000FJ1101,2022-10-01,3.836,False
APU0000FJ1101,2022-11-01,3.842,False
APU0000FJ1101,2022-12-01,3.845,False
APU0000FJ1101,2023-01-01,3.817,False
APU0000FJ1101,2023-02-01,3.819,False
APU0000FJ1101,2023-03-01,3.748,False
APU0000FJ1101,2023-04-01,3.7,False
APU0000FJ1101,2023-05-01,3.715,False
APU0000FJ1101,2023-06-01,3.682,False
APU0000FJ1101,2023-07-01,3.633,False
APU0000FJ1101,2023-08-01,3.596,False
APU0000FJ1101,2023-09-01,3.639,False
APU0000FJ1101,2023-10-01,3.673,False
APU0000FJ1101,2023-11-01,3.692,False
APU0000FJ1101,2023-12-01,3.678,False
APU0000FJ1101,2024-01-01,3.65,False
APU0000FJ1101,2024-02-01,3.634,False
APU0000FJ1101,2024-03-01,3.597,False
APU0000FJ1101,2024-04-01,3.622,False
APU0000FJ1101,2024-05-01,3.543,False
APU0000FJ1101,2024-06-01,3.703,False
APU0000FJ1101,2024-07-01,3.748,False
APU0000FJ1101,2024-08-01,3.765,False
APU0000FJ1101,2024-09-01,3.768,False
APU0000FJ1101,2024-10-01,3.772,False
APU0000FJ1101,2024-11-01,3.866,False
APU0000FJ1101,2024-12-01,3.868,False
APU0000FJ1101,2025-01-01,3.784,False
APU0000FJ1101,2025-02-01,3.798,False
APU0000FJ1101,2025-03-01,3.851,False
APU0000FJ1101,2025-04-01,3.85,False
APU0000FJ1101,2025-05-01,3.777,False
APU0000FJ1101,2025-06-01,3.592,False
APU0000FJ1101,2025-07-01,3.662,False
APU0000FJ1101,2025-08-01,3.663,False
APU0000FJ1101,2025-09-01,3.648,False
APU0000FJ1101,2025-10-01,3.527,True
APU0000FJ1101,2025-11-01,3.41,False
APU0000FJ1101,2025-12-01,3.372,False
APU0000FJ1101,2026-01-01,3.426,False
APU0000FJ1101,2026-02-01,3.409,False
APU0000FJ1101,2026-03-01,3.404,False
APU0000FJ1101,2026-04-01,3.52,False
APU0000FJ1101,2026-05-01,3.633,False
APU0000FJ1101,2026-06-01,3.75,False
APU0000FJ1101,2026-07-01,3.8,False
APU0000FJ4101,2018-04-01,1.057,False
APU0000FJ4101,2018-05-01,1.059,False
APU0000FJ4101,2018-06-01,1.061,False
APU0000FJ4101,2018-07-01,1.074,False
APU0000FJ4101,2018-08-01,1.073,False
APU0000FJ4101,2018-09-01,1.066,False
APU0000FJ4101,2018-10-01,1.043,False
APU0000FJ4101,2018-11-01,1.062,False
APU0000FJ4101,2018-12-01,1.077,False
APU0000FJ4101,2019-01-01,1.07,False
APU0000FJ4101,2019-02-01,1.062,False
APU0000FJ4101,2019-03-01,1.102,False
APU0000FJ4101,2019-04-01,1.087,False
APU0000FJ4101,2019-05-01,1.114,False
APU0000FJ4101,2019-06-01,1.126,False
APU0000FJ4101,2019-07-01,1.144,False
APU0000FJ4101,2019-08-01,1.137,False
APU0000FJ4101,2019-09-01,1.15,False
APU0000FJ4101,2019-10-01,1.109,False
APU0000FJ4101,2019-11-01,1.135,False
APU0000FJ4101,2019-12-01,1.148,False
APU0000FJ4101,2020-01-01,1.108,False
APU0000FJ4101,2020-02-01,1.169,False
APU0000FJ4101,2020-03-01,1.176,False
APU0000FJ4101,2020-04-01,1.197,False
APU0000FJ4101,2020-05-01,1.232,False
APU0000FJ4101,2020-06-01,1.237,False
APU0000FJ4101,2020-07-01,1.216,False
APU0000FJ4101,2020-08-01,1.225,False
APU0000FJ4101,2020-09-01,1.2,False
APU0000FJ4101,2020-10-01,1.215,False
APU0000FJ4101,2020-11-01,1.235,False
APU0000FJ4101,2020-12-01,1.254,False
APU0000FJ4101,2021-01-01,1.224,False
APU0000FJ4101,2021-02-01,1.228,False
APU0000FJ4101,2021-03-01,1.197,False
APU0000FJ4101,2021-04-01,1.182,False
APU0000FJ4101,2021-05-01,1.215,False
APU0000FJ4101,2021-06-01,1.209,False
APU0000FJ4101,2021-07-01,1.251,False
APU0000FJ4101,2021-08-01,1.212,False
APU0000FJ4101,2021-09-01,1.228,False
APU0000FJ4101,2021-10-01,1.223,False
APU0000FJ4101,2021-11-01,1.25,False
APU0000FJ4101,2021-12-01,1.265,False
APU0000FJ4101,2022-01-01,1.281,False
APU0000FJ4101,2022-02-01,1.303,False
APU0000FJ4101,2022-03-01,1.35,False
APU0000FJ4101,2022-04-01,1.35,False
APU0000FJ4101,2022-05-01,1.4,False
APU0000FJ4101,2022-06-01,1.366,False
APU0000FJ4101,2022-07-01,1.44,False
APU0000FJ4101,2022-08-01,1.407,False
APU0000FJ4101,2022-09-01,1.441,False
APU0000FJ4101,2022-10-01,1.42,False
APU0000FJ4101,2022-11-01,1.489,False
APU0000FJ4101,2022-12-01,1.472,False
APU0000FJ4101,2023-01-01,1.476,False
APU0000FJ4101,2023-02-01,1.502,False
APU0000FJ4101,2023-03-01,1.526,False
APU0000FJ4101,2023-04-01,1.553,False
APU0000FJ4101,2023-05-01,1.529,False
APU0000FJ4101,2023-06-01,1.516,False
APU0000FJ4101,2023-07-01,1.57,False
APU0000FJ4101,2023-08-01,1.576,False
APU0000FJ4101,2023-09-01,1.555,False
APU0000FJ4101,2023-10-01,1.571,False
APU0000FJ4101,2023-11-01,1.634,False
APU0000FJ4101,2023-12-01,1.629,False
APU0000FJ4101,2024-01-01,1.56,False
APU0000FJ4101,2024-02-01,1.623,False
APU0000FJ4101,2024-03-01,1.611,False
APU0000FJ4101,2024-04-01,1.641,False
APU0000FJ4101,2024-05-01,1.656,False
APU0000FJ4101,2024-06-01,1.671,False
APU0000FJ4101,2024-07-01,1.682,False
APU0000FJ4101,2024-08-01,1.694,False
APU0000FJ4101,2024-09-01,1.7,False
APU0000FJ4101,2024-10-01,1.618,False
APU0000FJ4101,2024-11-01,1.512,False
APU0000FJ4101,2024-12-01,1.548,False
APU0000FJ4101,2025-01-01,1.489,False
APU0000FJ4101,2025-02-01,1.515,False
APU0000FJ4101,2025-03-01,1.52,False
APU0000FJ4101,2025-04-01,1.538,False
APU0000FJ4101,2025-05-01,1.577,False
APU0000FJ4101,2025-06-01,1.494,False
APU0000FJ4101,2025-07-01,1.556,False
APU0000FJ4101,2025-08-01,1.495,False
APU0000FJ4101,2025-09-01,1.533,False
APU0000FJ4101,2025-10-01,1.544,True
APU0000FJ4101,2025-11-01,1.556,False
APU0000FJ4101,2025-12-01,1.518,False
APU0000FJ4101,2026-01-01,1.564,False
APU0000FJ4101,2026-02-01,1.498,False
APU0000FJ4101,2026-03-01,1.56,False
APU0000FJ4101,2026-04-01,1.509,False
APU0000FJ4101,2026-05-01,1.537,False
APU0000FJ4101,2026-06-01,1.587,False
APU0000FJ4101,2026-07-01,1.553,False
APU0000FL2101,2015-01-01,2.047,False
APU0000FL2101,2015-02-01,2.195,False
APU0000FL2101,2015-03-01,2.007,False
APU0000FL2101,2015-04-01,1.868,False
APU0000FL2101,2015-05-01,1.904,False
APU0000FL2101,2015-06-01,1.977,False
APU0000FL2101,2015-07-01,1.848,False
APU0000FL2101,2015-08-01,1.79,False
APU0000FL2101,2015-09-01,1.926,False
APU0000FL2101,2015-10-01,1.953,False
APU0000FL2101,2015-11-01,2.116,False
APU0000FL2101,2015-12-01,2.205,False
APU0000FL2101,2016-01-01,2.06,False
APU0000FL2101,2016-02-01,2.03,False
APU0000FL2101,2016-03-01,1.894,False
APU0000FL2101,2016-04-01,1.887,False
APU0000FL2101,2016-05-01,1.992,False
APU0000FL2101,2016-06-01,2.029,False
APU0000FL2101,2016-07-01,1.953,False
APU0000FL2101,2016-08-01,1.862,False
APU0000FL2101,2016-09-01,1.81,False
APU0000FL2101,2016-10-01,1.794,False
APU0000FL2101,2016-11-01,1.901,False
APU0000FL2101,2016-12-01,1.873,False
APU0000FL2101,2017-01-01,1.802,False
APU0000FL2101,2017-02-01,1.944,False
APU0000FL2101,2017-03-01,2.038,False
APU0000FL2101,2017-04-01,2.439,False
APU0000FL2101,2017-05-01,2.325,False
APU0000FL2101,2017-06-01,2.179,False
APU0000FL2101,2017-07-01,2.027,False
APU0000FL2101,2017-08-01,2.088,False
APU0000FL2101,2017-09-01,2.036,False
APU0000FL2101,2017-10-01,2.125,False
APU0000FL2101,2017-11-01,2.148,False
APU0000FL2101,2017-12-01,2.159,False
APU0000FL2101,2018-01-01,2.127,False
APU0000FL2101,2018-02-01,2.072,False
APU0000FL2101,2018-03-01,2.064,False
APU0000FL2101,2018-04-01,2.129,False
APU0000FL2101,2018-05-01,2.039,False
APU0000FL2101,2018-06-01,1.937,False
APU0000FL2101,2018-07-01,2.056,False
APU0000FL2101,2018-08-01,2.043,False
APU0000FL2101,2018-09-01,2.058,False
APU0000FL2101,2018-10-01,2.132,False
APU0000FL2101,2018-11-01,2.17,False
APU0000FL2101,2018-12-01,2.352,False
APU0000FL2101,2019-01-01,2.177,False
APU0000FL2101,2019-02-01,2.3,False
APU0000FL2101,2019-03-01,2.356,False
APU0000FL2101,2019-04-01,2.3,False
APU0000FL2101,2019-05-01,2.19,False
APU0000FL2101,2019-06-01,2.115,False
APU0000FL2101,2019-07-01,2.207,False
APU0000FL2101,2019-08-01,2.162,False
APU0000FL2101,2019-09-01,2.059,False
APU0000FL2101,2019-10-01,2.203,False
APU0000FL2101,2019-11-01,2.214,False
APU0000FL2101,2019-12-01,2.176,False
APU0000FL2101,2020-01-01,2.16,False
APU0000FL2101,2020-02-01,2.029,False
APU0000FL2101,2021-12-01,3.269,False
APU0000FL2101,2022-01-01,3.178,False
APU0000FL2101,2022-02-01,3.182,False
APU0000FL2101,2022-03-01,3.154,False
APU0000FL2101,2022-04-01,3.187,False
APU0000FL2101,2022-05-01,2.993,False
APU0000FL2101,2022-06-01,2.973,False
APU0000FL2101,2022-07-01,2.927,False
APU0000FL2101,2022-08-01,2.841,False
APU0000FL2101,2022-09-01,3.003,False
APU0000FL2101,2022-10-01,3.138,False
APU0000FL2101,2022-11-01,3.487,False
APU0000FL2101,2022-12-01,3.568,False
APU0000FL2101,2023-01-01,3.058,False
APU0000FL2101,2023-02-01,2.865,False
APU0000FL2101,2023-03-01,2.805,False
APU0000FL2101,2023-04-01,2.781,False
APU0000FL2101,2023-05-01,2.833,False
APU0000FL2101,2023-06-01,2.729,False
APU0000FL2101,2023-07-01,2.67,False
APU0000FL2101,2023-08-01,2.552,False
APU0000FL2101,2023-09-01,2.679,False
APU0000FL2101,2023-10-01,2.719,False
APU0000FL2101,2023-11-01,2.826,False
APU0000FL2101,2023-12-01,2.683,False
APU0000FL2101,2024-01-01,2.592,False
APU0000FL2101,2024-02-01,2.568,False
APU0000FL2101,2024-03-01,2.729,False
APU0000FL2101,2024-04-01,2.845,False
APU0000FL2101,2024-05-01,2.832,False
APU0000FL2101,2024-06-01,2.885,False
APU0000FL2101,2024-07-01,2.874,False
APU0000FL2101,2024-08-01,2.964,False
APU0000FL2101,2024-09-01,2.888,False
APU0000FL2101,2024-10-01,2.933,False
APU0000FL2101,2024-11-01,3.027,False
APU0000FL2101,2024-12-01,2.967,False
APU0000FL2101,2025-01-01,2.831,False
APU0000FL2101,2025-02-01,2.865,False
APU0000FL2101,2025-03-01,2.923,False
APU0000FL2101,2025-04-01,2.915,False
APU0000FL2101,2025-05-01,2.994,False
APU0000FL2101,2025-06-01,2.951,False
APU0000FL2101,2025-07-01,3.006,False
APU0000FL2101,2025-11-01,3.399,False
APU0000FL2101,2025-12-01,3.466,False
APU0000FL2101,2026-01-01,3.379,False
APU0000FL2101,2026-02-01,3.56,False
APU0000FL2101,2026-03-01,3.607,False
APU0000FL2101,2026-04-01,3.195,False
APU0000FL2101,2026-05-01,3.624,False
APU0000FL2101,2026-06-01,4.021,False
APU0000FL2101,2026-07-01,3.469,False
APU0000FN1101,2018-04-01,1.443,False
APU0000FN1101,2018-05-01,1.473,False
APU0000FN1101,2018-06-01,1.477,False
APU0000FN1101,2018-07-01,1.466,False
APU0000FN1101,2018-08-01,1.492,False
APU0000FN1101,2018-09-01,1.452,False
APU0000FN1101,2018-10-01,1.439,False
APU0000FN1101,2018-11-01,1.428,False
APU0000FN1101,2018-12-01,1.466,False
APU0000FN1101,2019-01-01,1.548,False
APU0000FN1101,2019-02-01,1.582,False
APU0000FN1101,2019-03-01,1.568,False
APU0000FN1101,2019-04-01,1.535,False
APU0000FN1101,2019-05-01,1.538,False
APU0000FN1101,2019-06-01,1.579,False
APU0000FN1101,2019-07-01,1.566,False
APU0000FN1101,2019-08-01,1.585,False
APU0000FN1101,2019-09-01,1.603,False
APU0000FN1101,2019-10-01,1.567,False
APU0000FN1101,2019-11-01,1.546,False
APU0000FN1101,2019-12-01,1.483,False
APU0000FN1101,2020-01-01,1.585,False
APU0000FN1101,2020-02-01,1.611,False
APU0000FN1101,2020-03-01,1.649,False
APU0000FN1101,2020-04-01,1.717,False
APU0000FN1101,2020-05-01,1.703,False
APU0000FN1101,2020-06-01,1.685,False
APU0000FN1101,2020-07-01,1.721,False
APU0000FN1101,2020-08-01,1.692,False
APU0000FN1101,2020-09-01,1.621,False
APU0000FN1101,2020-10-01,1.716,False
APU0000FN1101,2020-11-01,1.469,False
APU0000FN1101,2020-12-01,1.611,False
APU0000FN1101,2021-01-01,1.677,False
APU0000FN1101,2021-02-01,1.668,False
APU0000FN1101,2021-03-01,1.714,False
APU0000FN1101,2021-04-01,1.685,False
APU0000FN1101,2021-05-01,1.626,False
APU0000FN1101,2021-06-01,1.646,False
APU0000FN1101,2021-07-01,1.674,False
APU0000FN1101,2021-08-01,1.676,False
APU0000FN1101,2021-09-01,1.78,False
APU0000FN1101,2021-10-01,1.763,False
APU0000FN1101,2021-11-01,1.717,False
APU0000FN1101,2021-12-01,1.706,False
APU0000FN1101,2022-01-01,1.762,False
APU0000FN1101,2022-02-01,1.801,False
APU0000FN1101,2022-03-01,1.82,False
APU0000FN1101,2022-04-01,1.82,False
APU0000FN1101,2022-05-01,1.902,False
APU0000FN1101,2022-06-01,1.949,False
APU0000FN1101,2022-07-01,1.964,False
APU0000FN1101,2022-08-01,2.028,False
APU0000FN1101,2022-09-01,2.171,False
APU0000FN1101,2022-10-01,2.247,False
APU0000FN1101,2022-11-01,2.151,False
APU0000FN1101,2022-12-01,2.129,False
APU0000FN1101,2023-01-01,2.244,False
APU0000FN1101,2023-02-01,2.305,False
APU0000FN1101,2023-03-01,2.345,False
APU0000FN1101,2023-04-01,2.398,False
APU0000FN1101,2023-05-01,2.391,False
APU0000FN1101,2023-06-01,2.334,False
APU0000FN1101,2023-07-01,2.313,False
APU0000FN1101,2023-08-01,2.305,False
APU0000FN1101,2023-09-01,2.364,False
APU0000FN1101,2023-10-01,2.357,False
APU0000FN1101,2023-11-01,2.126,False
APU0000FN1101,2023-12-01,2.111,False
APU0000FN1101,2024-01-01,2.214,False
APU0000FN1101,2024-02-01,2.245,False
APU0000FN1101,2024-03-01,2.282,False
APU0000FN1101,2024-04-01,2.277,False
APU0000FN1101,2024-05-01,2.236,False
APU0000FN1101,2024-06-01,2.021,False
APU0000FN1101,2024-07-01,2.087,False
APU0000FN1101,2024-08-01,2.056,False
APU0000FN1101,2024-09-01,1.998,False
APU0000FN1101,2024-10-01,2.032,False
APU0000FN1101,2024-11-01,1.982,False
APU0000FN1101,2024-12-01,1.845,False
APU0000FN1101,2025-01-01,2.093,False
APU0000FN1101,2025-02-01,2.101,False
APU0000FN1101,2025-03-01,2.103,False
APU0000FN1101,2025-04-01,2.104,False
APU0000FN1101,2025-05-01,2.129,False
APU0000FN1101,2025-06-01,2.183,False
APU0000FN1101,2025-07-01,2.199,False
APU0000FN1101,2025-08-01,2.208,False
APU0000FN1101,2025-09-01,2.234,False
APU0000FN1101,2025-10-01,2.162,True
APU0000FN1101,2025-11-01,2.093,False
APU0000FN1101,2025-12-01,1.975,False
APU0000FN1101,2026-01-01,2.115,False
APU0000FN1101,2026-02-01,2.215,False
APU0000FN1101,2026-03-01,2.204,False
APU0000FN1101,2026-04-01,2.246,False
APU0000FN1101,2026-05-01,2.195,False
APU0000FN1101,2026-06-01,2.196,False
APU0000FN1101,2026-07-01,2.265,False
APU0000FN1102,2018-04-01,0.336,False
APU0000FN1102,2018-05-01,0.326,False
APU0000FN1102,2018-06-01,0.327,False
APU0000FN1102,2018-07-01,0.334,False
APU0000FN1102,2018-08-01,0.343,False
APU0000FN1102,2018-09-01,0.352,False
APU0000FN1102,2018-10-01,0.366,False
APU0000FN1102,2018-11-01,0.349,False
APU0000FN1102,2018-12-01,0.333,False
APU0000FN1102,2019-01-01,0.347,False
APU0000FN1102,2019-02-01,0.354,False
APU0000FN1102,2019-03-01,0.363,False
APU0000FN1102,2019-04-01,0.349,False
APU0000FN1102,2019-05-01,0.351,False
APU0000FN1102,2019-06-01,0.341,False
APU0000FN1102,2019-07-01,0.336,False
APU0000FN1102,2019-08-01,0.338,False
APU0000FN1102,2019-09-01,0.345,False
APU0000FN1102,2019-10-01,0.347,False
APU0000FN1102,2019-11-01,0.344,False
APU0000FN1102,2019-12-01,0.345,False
APU0000FN1102,2020-01-01,0.361,False
APU0000FN1102,2020-02-01,0.361,False
APU0000FN1102,2020-03-01,0.373,False
APU0000FN1102,2020-04-01,0.381,False
APU0000FN1102,2020-05-01,0.373,False
APU0000FN1102,2020-06-01,0.398,False
APU0000FN1102,2020-07-01,0.385,False
APU0000FN1102,2020-08-01,0.392,False
APU0000FN1102,2020-09-01,0.397,False
APU0000FN1102,2020-10-01,0.4,False
APU0000FN1102,2020-11-01,0.394,False
APU0000FN1102,2020-12-01,0.394,False
APU0000FN1102,2021-01-01,0.411,False
APU0000FN1102,2021-02-01,0.402,False
APU0000FN1102,2021-03-01,0.407,False
APU0000FN1102,2021-04-01,0.397,False
APU0000FN1102,2021-05-01,0.387,False
APU0000FN1102,2021-06-01,0.396,False
APU0000FN1102,2021-07-01,0.399,False
APU0000FN1102,2021-08-01,0.404,False
APU0000FN1102,2021-09-01,0.419,False
APU0000FN1102,2021-10-01,0.436,False
APU0000FN1102,2021-11-01,0.431,False
APU0000FN1102,2021-12-01,0.44,False
APU0000FN1102,2022-01-01,0.449,False
APU0000FN1102,2022-02-01,0.456,False
APU0000FN1102,2022-03-01,0.478,False
APU0000FN1102,2022-04-01,0.477,False
APU0000FN1102,2022-05-01,0.473,False
APU0000FN1102,2022-06-01,0.489,False
APU0000FN1102,2022-07-01,0.506,False
APU0000FN1102,2022-08-01,0.531,False
APU0000FN1102,2022-09-01,0.514,False
APU0000FN1102,2022-10-01,0.529,False
APU0000FN1102,2022-11-01,0.526,False
APU0000FN1102,2022-12-01,0.541,False
APU0000FN1102,2023-01-01,0.544,False
APU0000FN1102,2023-02-01,0.537,False
APU0000FN1102,2023-03-01,0.559,False
APU0000FN1102,2023-04-01,0.551,False
APU0000FN1102,2023-05-01,0.537,False
APU0000FN1102,2023-06-01,0.55,False
APU0000FN1102,2023-07-01,0.551,False
APU0000FN1102,2023-08-01,0.573,False
APU0000FN1102,2023-09-01,0.554,False
APU0000FN1102,2023-10-01,0.564,False
APU0000FN1102,2023-11-01,0.551,False
APU0000FN1102,2023-12-01,0.567,False
APU0000FN1102,2024-01-01,0.613,False
APU0000FN1102,2024-02-01,0.581,False
APU0000FN1102,2024-03-01,0.573,False
APU0000FN1102,2024-04-01,0.593,False
APU0000FN1102,2024-05-01,0.563,False
APU0000FN1102,2024-06-01,0.564,False
APU0000FN1102,2024-07-01,0.577,False
APU0000FN1102,2024-08-01,0.583,False
APU0000FN1102,2024-09-01,0.576,False
APU0000FN1102,2024-10-01,0.567,False
APU0000FN1102,2024-11-01,0.551,False
APU0000FN1102,2024-12-01,0.541,False
APU0000FN1102,2025-01-01,0.582,False
APU0000FN1102,2025-02-01,0.572,False
APU0000FN1102,2025-03-01,0.583,False
APU0000FN1102,2025-04-01,0.581,False
APU0000FN1102,2025-05-01,0.558,False
APU0000FN1102,2025-06-01,0.579,False
APU0000FN1102,2025-07-01,0.565,False
APU0000FN1102,2025-08-01,0.567,False
APU0000FN1102,2025-09-01,0.569,False
APU0000FN1102,2025-10-01,0.559,True
APU0000FN1102,2025-11-01,0.549,False
APU0000FN1102,2025-12-01,0.548,False
APU0000FN1102,2026-01-01,0.611,False
APU0000FN1102,2026-02-01,0.593,False
APU0000FN1102,2026-03-01,0.603,False
APU0000FN1102,2026-04-01,0.59,False
APU0000FN1102,2026-05-01,0.574,False
APU0000FN1102,2026-06-01,0.612,False
APU0000FN1102,2026-07-01,0.606,False
APU0000FS1101,2018-04-01,4.153,False
APU0000FS1101,2018-05-01,4.112,False
APU0000FS1101,2018-06-01,4.064,False
APU0000FS1101,2018-07-01,4.11,False
APU0000FS1101,2018-08-01,4.085,False
APU0000FS1101,2018-09-01,4.119,False
APU0000FS1101,2018-10-01,4.111,False
APU0000FS1101,2018-11-01,3.953,False
APU0000FS1101,2018-12-01,3.931,False
APU0000FS1101,2019-01-01,4.055,False
APU0000FS1101,2019-02-01,4.154,False
APU0000FS1101,2019-03-01,4.261,False
APU0000FS1101,2019-04-01,4.019,False
APU0000FS1101,2019-05-01,4.111,False
APU0000FS1101,2019-06-01,3.921,False
APU0000FS1101,2019-07-01,3.977,False
APU0000FS1101,2019-08-01,4.036,False
APU0000FS1101,2019-09-01,3.954,False
APU0000FS1101,2019-10-01,3.979,False
APU0000FS1101,2019-11-01,3.713,False
APU0000FS1101,2019-12-01,3.624,False
APU0000FS1101,2020-01-01,3.864,False
APU0000FS1101,2020-02-01,3.762,False
APU0000FS1101,2020-03-01,3.857,False
APU0000FS1101,2020-04-01,3.725,False
APU0000FS1101,2020-05-01,3.535,False
APU0000FS1101,2020-06-01,3.491,False
APU0000FS1101,2020-07-01,3.572,False
APU0000FS1101,2020-08-01,3.623,False
APU0000FS1101,2020-09-01,3.57,False
APU0000FS1101,2020-10-01,3.586,False
APU0000FS1101,2020-11-01,3.325,False
APU0000FS1101,2020-12-01,3.533,False
APU0000FS1101,2021-01-01,3.644,False
APU0000FS1101,2021-02-01,3.661,False
APU0000FS1101,2021-03-01,3.643,False
APU0000FS1101,2021-04-01,3.521,False
APU0000FS1101,2021-05-01,3.561,False
APU0000FS1101,2021-06-01,3.585,False
APU0000FS1101,2021-07-01,3.599,False
APU0000FS1101,2021-08-01,3.634,False
APU0000FS1101,2021-09-01,3.568,False
APU0000FS1101,2021-10-01,3.652,False
APU0000FS1101,2021-11-01,3.477,False
APU0000FS1101,2021-12-01,3.474,False
APU0000FS1101,2022-01-01,3.672,False
APU0000FS1101,2022-02-01,3.774,False
APU0000FS1101,2022-03-01,4.076,False
APU0000FS1101,2022-04-01,4.15,False
APU0000FS1101,2022-05-01,4.285,False
APU0000FS1101,2022-06-01,4.386,False
APU0000FS1101,2022-07-01,4.552,False
APU0000FS1101,2022-08-01,4.699,False
APU0000FS1101,2022-09-01,4.718,False
APU0000FS1101,2022-10-01,4.847,False
APU0000FS1101,2022-11-01,4.639,False
APU0000FS1101,2022-12-01,4.811,False
APU0000FS1101,2023-01-01,4.882,False
APU0000FS1101,2023-02-01,4.869,False
APU0000FS1101,2023-03-01,4.663,False
APU0000FS1101,2023-04-01,4.452,False
APU0000FS1101,2023-05-01,4.549,False
APU0000FS1101,2023-06-01,4.452,False
APU0000FS1101,2023-07-01,4.465,False
APU0000FS1101,2023-08-01,4.411,False
APU0000FS1101,2023-09-01,4.407,False
APU0000FS1101,2023-10-01,4.55,False
APU0000FS1101,2023-11-01,4.52,False
APU0000FS1101,2023-12-01,4.505,False
APU0000FS1101,2024-01-01,4.659,False
APU0000FS1101,2024-02-01,4.634,False
APU0000FS1101,2024-03-01,4.484,False
APU0000FS1101,2024-04-01,4.629,False
APU0000FS1101,2024-05-01,4.589,False
APU0000FS1101,2024-06-01,4.696,False
APU0000FS1101,2024-07-01,4.897,False
APU0000FS1101,2024-08-01,4.796,False
APU0000FS1101,2024-09-01,5.004,False
APU0000FS1101,2024-10-01,4.937,False
APU0000FS1101,2024-11-01,4.794,False
APU0000FS1101,2024-12-01,4.728,False
APU0000FS1101,2025-01-01,4.912,False
APU0000FS1101,2025-02-01,4.869,False
APU0000FS1101,2025-03-01,4.816,False
APU0000FS1101,2025-04-01,4.78,False
APU0000FS1101,2025-05-01,4.952,False
APU0000FS1101,2025-06-01,4.872,False
APU0000FS1101,2025-07-01,4.797,False
APU0000FS1101,2025-08-01,4.828,False
APU0000FS1101,2025-09-01,4.787,False
APU0000FS1101,2025-10-01,4.542,True
APU0000FS1101,2025-11-01,4.31,False
APU0000FS1101,2025-12-01,4.408,False
APU0000FS1101,2026-01-01,4.383,False
APU0000FS1101,2026-02-01,4.314,False
APU0000FS1101,2026-03-01,4.258,False
APU0000FS1101,2026-04-01,4.216,False
APU0000FS1101,2026-05-01,3.929,False
APU0000FS1101,2026-06-01,3.816,False
APU0000FS1101,2026-07-01,3.922,False
